case_id,from_tier,to_tier,ts,outcome
CAS-CSE-BANK-01-0000006,Tier-1,Tier-2,2026-03-01T04:40:32.930383,investigated_and_resolved
CAS-CSE-BANK-01-0000008,Tier-1,Tier-2,2026-03-01T05:04:40.317592,investigated_and_resolved
CAS-CSE-BANK-01-0000009,Tier-1,Tier-2,2026-03-01T10:19:09.560976,investigated_and_resolved
CAS-CSE-BANK-01-0000013,Tier-1,Tier-2,2026-03-01T11:58:23.679957,investigated_and_resolved
CAS-CSE-BANK-01-0000016,Tier-1,Tier-2,2026-03-01T16:16:23.666210,investigated_and_resolved
CAS-CSE-BANK-01-0000017,Tier-1,Tier-2,2026-03-01T19:48:55.152240,investigated_and_resolved
CAS-CSE-BANK-01-0000022,Tier-1,Tier-2,2026-03-01T19:30:29.075521,investigated_and_resolved
CAS-CSE-BANK-01-0000031,Tier-1,Tier-2,2026-03-02T05:20:43.974152,investigated_and_resolved
CAS-CSE-BANK-01-0000034,Tier-1,Tier-2,2026-03-02T08:26:53.582436,investigated_and_resolved
CAS-CSE-BANK-01-0000038,Tier-1,Tier-2,2026-03-02T16:29:21.169567,investigated_and_resolved
CAS-CSE-BANK-01-0000048,Tier-1,Tier-2,2026-03-03T06:20:11.559842,investigated_and_resolved
CAS-CSE-BANK-01-0000050,Tier-1,Tier-2,2026-03-03T05:16:43.936000,investigated_and_resolved
CAS-CSE-BANK-01-0000051,Tier-1,Tier-2,2026-03-03T05:54:06.379247,investigated_and_resolved
CAS-CSE-BANK-01-0000053,Tier-1,Tier-2,2026-03-03T09:41:14.828756,investigated_and_resolved
CAS-CSE-BANK-01-0000061,Tier-1,Tier-2,2026-03-03T19:44:20.452924,investigated_and_resolved
CAS-CSE-BANK-01-0000063,Tier-1,Tier-2,2026-03-03T21:09:32.764439,investigated_and_resolved
CAS-CSE-BANK-01-0000064,Tier-1,Tier-2,2026-03-03T23:35:33.632421,investigated_and_resolved
CAS-CSE-BANK-01-0000081,Tier-1,Tier-2,2026-03-04T18:09:29.212464,investigated_and_resolved
CAS-CSE-BANK-01-0000084,Tier-1,Tier-2,2026-03-05T06:38:05.811545,investigated_and_resolved
CAS-CSE-BANK-01-0000096,Tier-1,Tier-2,2026-03-05T16:55:48.555302,investigated_and_resolved
CAS-CSE-BANK-01-0000100,Tier-1,Tier-2,2026-03-05T19:38:51.996292,investigated_and_resolved
CAS-CSE-BANK-01-0000103,Tier-1,Tier-2,2026-03-05T23:18:05.605452,investigated_and_resolved
CAS-CSE-BANK-01-0000112,Tier-1,Tier-2,2026-03-06T13:57:33.529549,investigated_and_resolved
CAS-CSE-BANK-01-0000125,Tier-1,Tier-2,2026-03-07T01:30:30.231132,investigated_and_resolved
CAS-CSE-BANK-01-0000128,Tier-1,Tier-2,2026-03-07T02:42:15.732351,investigated_and_resolved
CAS-CSE-BANK-01-0000131,Tier-1,Tier-2,2026-03-07T07:47:13.958004,investigated_and_resolved
CAS-CSE-BANK-01-0000134,Tier-1,Tier-2,2026-03-07T12:57:52.601778,investigated_and_resolved
CAS-CSE-BANK-01-0000144,Tier-1,Tier-2,2026-03-08T00:12:45.646082,investigated_and_resolved
CAS-CSE-BANK-01-0000145,Tier-1,Tier-2,2026-03-08T00:40:56.204428,investigated_and_resolved
CAS-CSE-BANK-01-0000150,Tier-1,Tier-2,2026-03-08T08:13:35.246705,investigated_and_resolved
CAS-CSE-BANK-01-0000152,Tier-1,Tier-2,2026-03-08T07:35:51.390914,investigated_and_resolved
CAS-CSE-BANK-01-0000153,Tier-1,Tier-2,2026-03-08T08:12:52.445064,investigated_and_resolved
CAS-CSE-BANK-01-0000174,Tier-1,Tier-2,2026-03-09T07:43:37.766750,investigated_and_resolved
CAS-CSE-BANK-01-0000182,Tier-1,Tier-2,2026-03-09T13:23:12.044030,investigated_and_resolved
CAS-CSE-BANK-01-0000189,Tier-1,Tier-2,2026-03-09T19:25:37.225737,investigated_and_resolved
CAS-CSE-BANK-01-0000190,Tier-1,Tier-2,2026-03-09T21:15:15.645525,investigated_and_resolved
CAS-CSE-BANK-01-0000193,Tier-1,Tier-2,2026-03-10T04:08:24.352092,investigated_and_resolved
CAS-CSE-BANK-01-0000194,Tier-1,Tier-2,2026-03-10T05:02:37.082514,investigated_and_resolved
CAS-CSE-BANK-01-0000196,Tier-1,Tier-2,2026-03-10T09:46:35.430819,investigated_and_resolved
CAS-CSE-BANK-01-0000198,Tier-1,Tier-2,2026-03-10T09:33:48.557320,investigated_and_resolved
CAS-CSE-BANK-01-0000200,Tier-1,Tier-2,2026-03-10T09:10:47.802284,investigated_and_resolved
CAS-CSE-BANK-01-0000214,Tier-1,Tier-2,2026-03-10T23:58:06.501404,investigated_and_resolved
CAS-CSE-BANK-01-0000222,Tier-1,Tier-2,2026-03-11T10:55:34.774605,investigated_and_resolved
CAS-CSE-BANK-01-0000223,Tier-1,Tier-2,2026-03-11T14:28:10.559574,investigated_and_resolved
CAS-CSE-BANK-01-0000228,Tier-1,Tier-2,2026-03-11T15:35:17.462327,investigated_and_resolved
CAS-CSE-BANK-01-0000230,Tier-1,Tier-2,2026-03-11T15:17:54.962986,investigated_and_resolved
CAS-CSE-BANK-01-0000231,Tier-1,Tier-2,2026-03-11T15:46:46.625453,investigated_and_resolved
CAS-CSE-BANK-01-0000234,Tier-1,Tier-2,2026-03-11T23:33:10.980767,investigated_and_resolved
CAS-CSE-BANK-01-0000238,Tier-1,Tier-2,2026-03-12T03:24:16.037763,investigated_and_resolved
CAS-CSE-BANK-01-0000244,Tier-1,Tier-2,2026-03-12T07:09:10.748943,investigated_and_resolved
CAS-CSE-BANK-01-0000247,Tier-1,Tier-2,2026-03-12T10:17:57.488654,investigated_and_resolved
CAS-CSE-BANK-01-0000249,Tier-1,Tier-2,2026-03-12T11:26:33.563283,investigated_and_resolved
CAS-CSE-BANK-01-0000252,Tier-1,Tier-2,2026-03-12T14:28:36.046735,investigated_and_resolved
CAS-CSE-BANK-01-0000255,Tier-1,Tier-2,2026-03-12T17:25:50.924374,investigated_and_resolved
CAS-CSE-BANK-01-0000278,Tier-1,Tier-2,2026-03-13T13:05:18.066719,investigated_and_resolved
CAS-CSE-BANK-01-0000282,Tier-1,Tier-2,2026-03-13T16:23:45.098048,investigated_and_resolved
CAS-CSE-BANK-01-0000283,Tier-1,Tier-2,2026-03-13T16:13:25.422512,investigated_and_resolved
CAS-CSE-BANK-01-0000285,Tier-1,Tier-2,2026-03-13T17:59:51.387684,investigated_and_resolved
CAS-CSE-BANK-01-0000291,Tier-1,Tier-2,2026-03-13T22:59:44.065280,investigated_and_resolved
CAS-CSE-BANK-01-0000296,Tier-1,Tier-2,2026-03-14T04:07:01.473740,investigated_and_resolved
CAS-CSE-BANK-01-0000298,Tier-1,Tier-2,2026-03-14T05:55:28.413086,investigated_and_resolved
CAS-CSE-BANK-01-0000302,Tier-1,Tier-2,2026-03-14T10:57:46.784273,investigated_and_resolved
CAS-CSE-BANK-01-0000304,Tier-1,Tier-2,2026-03-14T12:58:16.235696,investigated_and_resolved
CAS-CSE-BANK-01-0000312,Tier-1,Tier-2,2026-03-14T21:08:29.246182,investigated_and_resolved
CAS-CSE-BANK-01-0000314,Tier-1,Tier-2,2026-03-14T23:51:02.825807,investigated_and_resolved
CAS-CSE-BANK-01-0000339,Tier-1,Tier-2,2026-03-16T08:00:30.485502,investigated_and_resolved
CAS-CSE-BANK-01-0000345,Tier-1,Tier-2,2026-03-16T13:48:37.694024,investigated_and_resolved
CAS-CSE-BANK-01-0000349,Tier-1,Tier-2,2026-03-16T18:34:18.836515,investigated_and_resolved
CAS-CSE-BANK-01-0000353,Tier-1,Tier-2,2026-03-16T22:09:43.419319,investigated_and_resolved
CAS-CSE-BANK-01-0000361,Tier-1,Tier-2,2026-03-17T07:24:20.992332,investigated_and_resolved
CAS-CSE-BANK-01-0000364,Tier-1,Tier-2,2026-03-17T13:52:17.114069,investigated_and_resolved
CAS-CSE-BANK-01-0000367,Tier-1,Tier-2,2026-03-17T19:30:47.773472,investigated_and_resolved
CAS-CSE-BANK-01-0000369,Tier-1,Tier-2,2026-03-17T20:33:44.766965,investigated_and_resolved
CAS-CSE-BANK-01-0000370,Tier-1,Tier-2,2026-03-17T23:17:27.207239,investigated_and_resolved
CAS-CSE-BANK-01-0000372,Tier-1,Tier-2,2026-03-18T01:23:25.531078,investigated_and_resolved
CAS-CSE-BANK-01-0000376,Tier-1,Tier-2,2026-03-18T06:30:52.452886,investigated_and_resolved
CAS-CSE-BANK-01-0000383,Tier-1,Tier-2,2026-03-18T10:54:19.072636,investigated_and_resolved
CAS-CSE-BANK-01-0000385,Tier-1,Tier-2,2026-03-18T13:32:44.409482,investigated_and_resolved
CAS-CSE-BANK-01-0000395,Tier-1,Tier-2,2026-03-19T03:32:21.894818,investigated_and_resolved
CAS-CSE-BANK-01-0000401,Tier-1,Tier-2,2026-03-19T07:00:30.723836,investigated_and_resolved
CAS-CSE-BANK-01-0000405,Tier-1,Tier-2,2026-03-19T13:08:43.813385,investigated_and_resolved
CAS-CSE-BANK-01-0000411,Tier-1,Tier-2,2026-03-19T16:38:09.373173,investigated_and_resolved
CAS-CSE-BANK-01-0000416,Tier-1,Tier-2,2026-03-19T22:58:26.345982,investigated_and_resolved
CAS-CSE-BANK-01-0000423,Tier-1,Tier-2,2026-03-20T04:01:21.230167,investigated_and_resolved
CAS-CSE-BANK-01-0000433,Tier-1,Tier-2,2026-03-20T16:14:41.406085,investigated_and_resolved
CAS-CSE-BANK-01-0000441,Tier-1,Tier-2,2026-03-20T23:00:59.446878,investigated_and_resolved
CAS-CSE-BANK-01-0000443,Tier-1,Tier-2,2026-03-21T03:17:24.045220,investigated_and_resolved
CAS-CSE-BANK-01-0000444,Tier-1,Tier-2,2026-03-21T04:15:32.038611,investigated_and_resolved
CAS-CSE-BANK-01-0000445,Tier-1,Tier-2,2026-03-21T04:55:44.879148,investigated_and_resolved
CAS-CSE-BANK-01-0000449,Tier-1,Tier-2,2026-03-21T10:17:28.621871,investigated_and_resolved
CAS-CSE-BANK-01-0000451,Tier-1,Tier-2,2026-03-21T12:22:36.482187,investigated_and_resolved
CAS-CSE-BANK-01-0000453,Tier-1,Tier-2,2026-03-21T15:46:32.649983,investigated_and_resolved
CAS-CSE-BANK-01-0000466,Tier-1,Tier-2,2026-03-22T09:26:43.461353,investigated_and_resolved
CAS-CSE-BANK-01-0000471,Tier-1,Tier-2,2026-03-22T13:07:15.673895,investigated_and_resolved
CAS-CSE-BANK-01-0000472,Tier-1,Tier-2,2026-03-22T12:36:51.532227,investigated_and_resolved
CAS-CSE-BANK-01-0000475,Tier-1,Tier-2,2026-03-22T16:58:37.030419,investigated_and_resolved
CAS-CSE-BANK-01-0000479,Tier-1,Tier-2,2026-03-23T01:45:04.860301,investigated_and_resolved
CAS-CSE-BANK-01-0000483,Tier-1,Tier-2,2026-03-23T06:56:20.668349,investigated_and_resolved
CAS-CSE-BANK-01-0000484,Tier-1,Tier-2,2026-03-23T07:16:02.200947,investigated_and_resolved
CAS-CSE-BANK-01-0000495,Tier-1,Tier-2,2026-03-23T15:13:17.843911,investigated_and_resolved
CAS-CSE-BANK-01-0000496,Tier-1,Tier-2,2026-03-23T17:06:10.369097,investigated_and_resolved
CAS-CSE-BANK-01-0000498,Tier-1,Tier-2,2026-03-23T21:28:44.890236,investigated_and_resolved
CAS-CSE-BANK-01-0000502,Tier-1,Tier-2,2026-03-24T02:47:01.318657,investigated_and_resolved
CAS-CSE-BANK-01-0000504,Tier-1,Tier-2,2026-03-24T05:14:22.683009,investigated_and_resolved
CAS-CSE-BANK-01-0000509,Tier-1,Tier-2,2026-03-24T07:38:11.267216,investigated_and_resolved
CAS-CSE-BANK-01-0000511,Tier-1,Tier-2,2026-03-24T08:36:02.960567,investigated_and_resolved
CAS-CSE-BANK-01-0000512,Tier-1,Tier-2,2026-03-24T08:50:33.324305,investigated_and_resolved
CAS-CSE-BANK-01-0000514,Tier-1,Tier-2,2026-03-24T10:00:37.321404,investigated_and_resolved
CAS-CSE-BANK-01-0000517,Tier-1,Tier-2,2026-03-24T18:15:05.418970,investigated_and_resolved
CAS-CSE-BANK-01-0000520,Tier-1,Tier-2,2026-03-24T20:53:41.355468,investigated_and_resolved
CAS-CSE-BANK-01-0000523,Tier-1,Tier-2,2026-03-25T02:53:01.498239,investigated_and_resolved
CAS-CSE-BANK-01-0000524,Tier-1,Tier-2,2026-03-25T01:59:15.599876,investigated_and_resolved
CAS-CSE-BANK-01-0000525,Tier-1,Tier-2,2026-03-25T04:25:08.878958,investigated_and_resolved
CAS-CSE-BANK-01-0000528,Tier-1,Tier-2,2026-03-25T05:07:39.076679,investigated_and_resolved
CAS-CSE-BANK-01-0000542,Tier-1,Tier-2,2026-03-25T22:46:48.481329,investigated_and_resolved
CAS-CSE-BANK-01-0000543,Tier-1,Tier-2,2026-03-25T22:14:23.239087,investigated_and_resolved
CAS-CSE-BANK-01-0000547,Tier-1,Tier-2,2026-03-26T02:06:25.880787,investigated_and_resolved
CAS-CSE-BANK-01-0000553,Tier-1,Tier-2,2026-03-26T10:51:51.583144,investigated_and_resolved
CAS-CSE-BANK-01-0000563,Tier-1,Tier-2,2026-03-26T19:04:11.011586,investigated_and_resolved
CAS-CSE-BANK-01-0000573,Tier-1,Tier-2,2026-03-27T06:10:41.195999,investigated_and_resolved
CAS-CSE-BANK-01-0000576,Tier-1,Tier-2,2026-03-27T09:40:16.623923,investigated_and_resolved
CAS-CSE-BANK-01-0000579,Tier-1,Tier-2,2026-03-27T15:58:31.507939,investigated_and_resolved
CAS-CSE-BANK-01-0000580,Tier-1,Tier-2,2026-03-27T15:36:57.342867,investigated_and_resolved
CAS-CSE-BANK-01-0000581,Tier-1,Tier-2,2026-03-27T15:30:32.153746,investigated_and_resolved
CAS-CSE-BANK-01-0000587,Tier-1,Tier-2,2026-03-27T21:43:25.360414,investigated_and_resolved
CAS-CSE-BANK-01-0000592,Tier-1,Tier-2,2026-03-28T00:44:23.535093,investigated_and_resolved
CAS-CSE-BANK-01-0000604,Tier-1,Tier-2,2026-03-28T15:46:17.635861,investigated_and_resolved
CAS-CSE-BANK-01-0000605,Tier-1,Tier-2,2026-03-28T15:27:18.463244,investigated_and_resolved
CAS-CSE-BANK-01-0000610,Tier-1,Tier-2,2026-03-28T19:16:38.857157,investigated_and_resolved
CAS-CSE-BANK-01-0000613,Tier-1,Tier-2,2026-03-28T20:27:47.577881,investigated_and_resolved
CAS-CSE-BANK-01-0000624,Tier-1,Tier-2,2026-03-29T03:25:57.298384,investigated_and_resolved
CAS-CSE-BANK-01-0000629,Tier-1,Tier-2,2026-03-29T06:41:20.550714,investigated_and_resolved
CAS-CSE-BANK-01-0000630,Tier-1,Tier-2,2026-03-29T11:34:24.933480,investigated_and_resolved
CAS-CSE-BANK-01-0000633,Tier-1,Tier-2,2026-03-29T11:37:02.060924,investigated_and_resolved
CAS-CSE-BANK-01-0000641,Tier-1,Tier-2,2026-03-29T20:35:37.460626,investigated_and_resolved
CAS-CSE-BANK-01-0000644,Tier-1,Tier-2,2026-03-29T21:06:02.490628,investigated_and_resolved
CAS-CSE-BANK-01-0000645,Tier-1,Tier-2,2026-03-29T21:09:57.836507,investigated_and_resolved
CAS-CSE-BANK-01-0000648,Tier-1,Tier-2,2026-03-30T02:00:12.049987,investigated_and_resolved
CAS-CSE-BANK-01-0000654,Tier-1,Tier-2,2026-03-30T03:41:27.705520,investigated_and_resolved
CAS-CSE-BANK-01-0000657,Tier-1,Tier-2,2026-03-30T09:42:49.565498,investigated_and_resolved
CAS-CSE-BANK-01-0000674,Tier-1,Tier-2,2026-03-31T03:04:59.251248,investigated_and_resolved
CAS-CSE-BANK-01-0000678,Tier-1,Tier-2,2026-03-31T09:50:50.478548,investigated_and_resolved
CAS-CSE-BANK-01-0000696,Tier-1,Tier-2,2026-04-01T05:22:29.336524,investigated_and_resolved
CAS-CSE-BANK-01-0000697,Tier-1,Tier-2,2026-04-01T07:38:40.013914,investigated_and_resolved
CAS-CSE-BANK-01-0000698,Tier-1,Tier-2,2026-04-01T07:29:08.792037,investigated_and_resolved
CAS-CSE-BANK-01-0000703,Tier-1,Tier-2,2026-04-01T12:01:53.522602,investigated_and_resolved
CAS-CSE-BANK-01-0000708,Tier-1,Tier-2,2026-04-01T14:11:24.340113,investigated_and_resolved
CAS-CSE-BANK-01-0000709,Tier-1,Tier-2,2026-04-01T18:13:41.109388,investigated_and_resolved
CAS-CSE-BANK-01-0000716,Tier-1,Tier-2,2026-04-02T02:44:00.372992,investigated_and_resolved
CAS-CSE-BANK-01-0000718,Tier-1,Tier-2,2026-04-02T05:01:19.430198,investigated_and_resolved
CAS-CSE-BANK-01-0000722,Tier-1,Tier-2,2026-04-02T10:42:40.959308,investigated_and_resolved
CAS-CSE-BANK-01-0000723,Tier-1,Tier-2,2026-04-02T11:31:39.103265,investigated_and_resolved
CAS-CSE-BANK-01-0000724,Tier-1,Tier-2,2026-04-02T14:21:12.503048,investigated_and_resolved
CAS-CSE-BANK-01-0000726,Tier-1,Tier-2,2026-04-02T15:03:15.049661,investigated_and_resolved
CAS-CSE-BANK-01-0000728,Tier-1,Tier-2,2026-04-02T18:43:08.183947,investigated_and_resolved
CAS-CSE-BANK-01-0000738,Tier-1,Tier-2,2026-04-03T02:38:01.298015,investigated_and_resolved
CAS-CSE-BANK-01-0000741,Tier-1,Tier-2,2026-04-03T05:21:17.112349,investigated_and_resolved
CAS-CSE-BANK-01-0000742,Tier-1,Tier-2,2026-04-03T04:16:34.339520,investigated_and_resolved
CAS-CSE-BANK-01-0000745,Tier-1,Tier-2,2026-04-03T06:55:03.394427,investigated_and_resolved
CAS-CSE-BANK-01-0000748,Tier-1,Tier-2,2026-04-03T13:37:31.739540,investigated_and_resolved
CAS-CSE-BANK-01-0000750,Tier-1,Tier-2,2026-04-03T15:34:22.780003,investigated_and_resolved
CAS-CSE-BANK-01-0000757,Tier-1,Tier-2,2026-04-03T19:38:08.564851,investigated_and_resolved
CAS-CSE-BANK-01-0000760,Tier-1,Tier-2,2026-04-04T00:57:12.666244,investigated_and_resolved
CAS-CSE-BANK-01-0000777,Tier-1,Tier-2,2026-04-04T14:11:04.222641,investigated_and_resolved
CAS-CSE-BANK-01-0000796,Tier-1,Tier-2,2026-04-05T10:54:24.541389,investigated_and_resolved
CAS-CSE-BANK-01-0000797,Tier-1,Tier-2,2026-04-05T11:22:08.950198,investigated_and_resolved
CAS-CSE-BANK-01-0000806,Tier-1,Tier-2,2026-04-05T17:44:11.639879,investigated_and_resolved
CAS-CSE-BANK-01-0000821,Tier-1,Tier-2,2026-04-06T11:56:12.701894,investigated_and_resolved
CAS-CSE-BANK-01-0000825,Tier-1,Tier-2,2026-04-06T16:45:08.519185,investigated_and_resolved
CAS-CSE-BANK-01-0000826,Tier-1,Tier-2,2026-04-06T18:04:56.713958,investigated_and_resolved
CAS-CSE-BANK-01-0000829,Tier-1,Tier-2,2026-04-06T19:10:09.693679,investigated_and_resolved
CAS-CSE-BANK-01-0000832,Tier-1,Tier-2,2026-04-07T03:38:21.027531,investigated_and_resolved
CAS-CSE-BANK-01-0000835,Tier-1,Tier-2,2026-04-07T08:31:17.241726,investigated_and_resolved
CAS-CSE-BANK-01-0000836,Tier-1,Tier-2,2026-04-07T09:29:44.662192,investigated_and_resolved
CAS-CSE-BANK-01-0000842,Tier-1,Tier-2,2026-04-07T17:49:52.426465,investigated_and_resolved
CAS-CSE-BANK-01-0000843,Tier-1,Tier-2,2026-04-07T16:57:28.097711,investigated_and_resolved
CAS-CSE-BANK-01-0000844,Tier-1,Tier-2,2026-04-07T17:27:12.156281,investigated_and_resolved
CAS-CSE-BANK-01-0000845,Tier-1,Tier-2,2026-04-07T19:33:47.440884,investigated_and_resolved
CAS-CSE-BANK-01-0000856,Tier-1,Tier-2,2026-04-08T13:13:54.488452,investigated_and_resolved
CAS-CSE-BANK-01-0000866,Tier-1,Tier-2,2026-04-09T01:30:26.504583,investigated_and_resolved
CAS-CSE-BANK-01-0000871,Tier-1,Tier-2,2026-04-09T06:04:31.592650,investigated_and_resolved
CAS-CSE-BANK-01-0000880,Tier-1,Tier-2,2026-04-09T15:44:51.762557,investigated_and_resolved
CAS-CSE-BANK-01-0000881,Tier-1,Tier-2,2026-04-09T16:45:37.483372,investigated_and_resolved
CAS-CSE-BANK-01-0000882,Tier-1,Tier-2,2026-04-09T15:27:25.686362,investigated_and_resolved
CAS-CSE-BANK-01-0000883,Tier-1,Tier-2,2026-04-09T20:00:58.649245,investigated_and_resolved
CAS-CSE-BANK-01-0000889,Tier-1,Tier-2,2026-04-09T22:34:06.140145,investigated_and_resolved
CAS-CSE-BANK-01-0000890,Tier-1,Tier-2,2026-04-10T00:13:21.922650,investigated_and_resolved
CAS-CSE-BANK-01-0000891,Tier-1,Tier-2,2026-04-10T00:14:40.645909,investigated_and_resolved
CAS-CSE-BANK-01-0000896,Tier-1,Tier-2,2026-04-10T06:43:43.725788,investigated_and_resolved
CAS-CSE-BANK-01-0000906,Tier-1,Tier-2,2026-04-10T14:59:35.336584,investigated_and_resolved
CAS-CSE-BANK-01-0000908,Tier-1,Tier-2,2026-04-10T15:42:16.947090,investigated_and_resolved
CAS-CSE-BANK-01-0000923,Tier-1,Tier-2,2026-04-11T08:37:44.157843,investigated_and_resolved
CAS-CSE-BANK-01-0000925,Tier-1,Tier-2,2026-04-11T10:58:56.945562,investigated_and_resolved
CAS-CSE-BANK-01-0000932,Tier-1,Tier-2,2026-04-12T05:03:14.273890,investigated_and_resolved
CAS-CSE-BANK-01-0000938,Tier-1,Tier-2,2026-04-12T09:34:57.848767,investigated_and_resolved
CAS-CSE-BANK-01-0000939,Tier-1,Tier-2,2026-04-12T10:16:26.878340,investigated_and_resolved
CAS-CSE-BANK-01-0000940,Tier-1,Tier-2,2026-04-12T13:01:57.212044,investigated_and_resolved
CAS-CSE-BANK-01-0000942,Tier-1,Tier-2,2026-04-12T13:30:36.495431,investigated_and_resolved
CAS-CSE-BANK-01-0000954,Tier-1,Tier-2,2026-04-12T20:42:23.710111,investigated_and_resolved
CAS-CSE-BANK-01-0000975,Tier-1,Tier-2,2026-04-13T23:07:02.783723,investigated_and_resolved
CAS-CSE-BANK-01-0000976,Tier-1,Tier-2,2026-04-14T02:24:48.179814,investigated_and_resolved
CAS-CSE-BANK-01-0000977,Tier-1,Tier-2,2026-04-14T00:16:14.262460,investigated_and_resolved
CAS-CSE-BANK-01-0000979,Tier-1,Tier-2,2026-04-14T00:44:03.673861,investigated_and_resolved
CAS-CSE-BANK-01-0000981,Tier-1,Tier-2,2026-04-14T02:41:39.706184,investigated_and_resolved
CAS-CSE-BANK-01-0000987,Tier-1,Tier-2,2026-04-14T06:08:17.564245,investigated_and_resolved
CAS-CSE-BANK-01-0000992,Tier-1,Tier-2,2026-04-14T11:19:58.230841,investigated_and_resolved
CAS-CSE-BANK-01-0001000,Tier-1,Tier-2,2026-04-14T17:27:28.880109,investigated_and_resolved
CAS-CSE-BANK-01-0001013,Tier-1,Tier-2,2026-04-15T02:25:46.130038,investigated_and_resolved
CAS-CSE-BANK-01-0001019,Tier-1,Tier-2,2026-04-15T07:40:33.814455,investigated_and_resolved
CAS-CSE-BANK-01-0001023,Tier-1,Tier-2,2026-04-15T21:27:01.100437,investigated_and_resolved
CAS-CSE-BANK-01-0001028,Tier-1,Tier-2,2026-04-16T00:04:02.263999,investigated_and_resolved
CAS-CSE-BANK-01-0001030,Tier-1,Tier-2,2026-04-16T02:04:56.500012,investigated_and_resolved
CAS-CSE-BANK-01-0001034,Tier-1,Tier-2,2026-04-16T07:19:58.100665,investigated_and_resolved
CAS-CSE-BANK-01-0001044,Tier-1,Tier-2,2026-04-16T18:52:38.934994,investigated_and_resolved
CAS-CSE-BANK-01-0001046,Tier-1,Tier-2,2026-04-16T21:56:16.984248,investigated_and_resolved
CAS-CSE-BANK-01-0001047,Tier-1,Tier-2,2026-04-17T00:49:22.764705,investigated_and_resolved
CAS-CSE-BANK-01-0001051,Tier-1,Tier-2,2026-04-17T05:59:06.550730,investigated_and_resolved
CAS-CSE-BANK-01-0001056,Tier-1,Tier-2,2026-04-17T11:57:02.498489,investigated_and_resolved
CAS-CSE-BANK-01-0001058,Tier-1,Tier-2,2026-04-17T12:25:40.023445,investigated_and_resolved
CAS-CSE-BANK-01-0001059,Tier-1,Tier-2,2026-04-17T12:47:19.247668,investigated_and_resolved
CAS-CSE-BANK-01-0001063,Tier-1,Tier-2,2026-04-17T17:37:34.916564,investigated_and_resolved
CAS-CSE-BANK-01-0001068,Tier-1,Tier-2,2026-04-18T03:52:59.047580,investigated_and_resolved
CAS-CSE-BANK-01-0001075,Tier-1,Tier-2,2026-04-18T16:48:31.370384,investigated_and_resolved
CAS-CSE-BANK-01-0001080,Tier-1,Tier-2,2026-04-18T19:44:44.098343,investigated_and_resolved
CAS-CSE-BANK-01-0001086,Tier-1,Tier-2,2026-04-19T01:44:32.157936,investigated_and_resolved
CAS-CSE-BANK-01-0001101,Tier-1,Tier-2,2026-04-19T10:57:04.174657,investigated_and_resolved
CAS-CSE-BANK-01-0001114,Tier-1,Tier-2,2026-04-19T23:34:30.331716,investigated_and_resolved
CAS-CSE-BANK-01-0001121,Tier-1,Tier-2,2026-04-20T03:54:25.613159,investigated_and_resolved
CAS-CSE-BANK-01-0001127,Tier-1,Tier-2,2026-04-20T12:45:56.897334,investigated_and_resolved
CAS-CSE-BANK-01-0001130,Tier-1,Tier-2,2026-04-20T16:00:35.212103,investigated_and_resolved
CAS-CSE-BANK-01-0001140,Tier-1,Tier-2,2026-04-21T02:22:40.214505,investigated_and_resolved
CAS-CSE-BANK-01-0001147,Tier-1,Tier-2,2026-04-21T10:59:26.204825,investigated_and_resolved
CAS-CSE-BANK-01-0001148,Tier-1,Tier-2,2026-04-21T14:03:43.649180,investigated_and_resolved
CAS-CSE-BANK-01-0001160,Tier-1,Tier-2,2026-04-21T23:43:33.389712,investigated_and_resolved
CAS-CSE-BANK-01-0001169,Tier-1,Tier-2,2026-04-22T05:15:44.648203,investigated_and_resolved
CAS-CSE-BANK-01-0001171,Tier-1,Tier-2,2026-04-22T07:12:41.226293,investigated_and_resolved
CAS-CSE-BANK-01-0001182,Tier-1,Tier-2,2026-04-22T18:03:55.824145,investigated_and_resolved
CAS-CSE-BANK-01-0001191,Tier-1,Tier-2,2026-04-23T03:05:25.317508,investigated_and_resolved
CAS-CSE-BANK-01-0001194,Tier-1,Tier-2,2026-04-23T05:59:20.517548,investigated_and_resolved
CAS-CSE-BANK-01-0001220,Tier-1,Tier-2,2026-04-24T12:27:52.369008,investigated_and_resolved
CAS-CSE-BANK-01-0001221,Tier-1,Tier-2,2026-04-24T13:40:37.177592,investigated_and_resolved
CAS-CSE-BANK-01-0001228,Tier-1,Tier-2,2026-04-24T21:29:30.573810,investigated_and_resolved
CAS-CSE-BANK-01-0001229,Tier-1,Tier-2,2026-04-24T21:40:19.442917,investigated_and_resolved
CAS-CSE-BANK-01-0001230,Tier-1,Tier-2,2026-04-25T00:34:36.033119,investigated_and_resolved
CAS-CSE-BANK-01-0001235,Tier-1,Tier-2,2026-04-25T04:57:49.044300,investigated_and_resolved
CAS-CSE-BANK-01-0001236,Tier-1,Tier-2,2026-04-25T05:59:21.537395,investigated_and_resolved
CAS-CSE-BANK-01-0001238,Tier-1,Tier-2,2026-04-25T07:22:56.145830,investigated_and_resolved
CAS-CSE-BANK-01-0001240,Tier-1,Tier-2,2026-04-25T08:23:25.381061,investigated_and_resolved
CAS-CSE-BANK-01-0001247,Tier-1,Tier-2,2026-04-25T17:24:07.088502,investigated_and_resolved
CAS-CSE-BANK-01-0001250,Tier-1,Tier-2,2026-04-25T21:04:33.366224,investigated_and_resolved
CAS-CSE-BANK-01-0001255,Tier-1,Tier-2,2026-04-26T01:44:04.737663,investigated_and_resolved
CAS-CSE-BANK-01-0001258,Tier-1,Tier-2,2026-04-26T07:11:05.895630,investigated_and_resolved
CAS-CSE-BANK-01-0001260,Tier-1,Tier-2,2026-04-26T07:18:27.084496,investigated_and_resolved
CAS-CSE-BANK-01-0001266,Tier-1,Tier-2,2026-04-26T15:40:37.778893,investigated_and_resolved
CAS-CSE-BANK-01-0001267,Tier-1,Tier-2,2026-04-26T16:42:43.113815,investigated_and_resolved
CAS-CSE-BANK-01-0001272,Tier-1,Tier-2,2026-04-26T23:09:40.265500,investigated_and_resolved
CAS-CSE-BANK-01-0001275,Tier-1,Tier-2,2026-04-27T02:21:43.026140,investigated_and_resolved
CAS-CSE-BANK-01-0001280,Tier-1,Tier-2,2026-04-27T07:36:02.814418,investigated_and_resolved
CAS-CSE-BANK-01-0001282,Tier-1,Tier-2,2026-04-27T08:36:01.794818,investigated_and_resolved
CAS-CSE-BANK-01-0001287,Tier-1,Tier-2,2026-04-27T15:11:29.032076,investigated_and_resolved
CAS-CSE-BANK-01-0001289,Tier-1,Tier-2,2026-04-27T17:25:11.831681,investigated_and_resolved
CAS-CSE-BANK-01-0001291,Tier-1,Tier-2,2026-04-27T21:48:49.431004,investigated_and_resolved
CAS-CSE-BANK-01-0001292,Tier-1,Tier-2,2026-04-27T22:43:15.663494,investigated_and_resolved
CAS-CSE-BANK-01-0001293,Tier-1,Tier-2,2026-04-27T21:58:31.202892,investigated_and_resolved
CAS-CSE-BANK-01-0001297,Tier-1,Tier-2,2026-04-28T01:30:06.716231,investigated_and_resolved
CAS-CSE-BANK-01-0001301,Tier-1,Tier-2,2026-04-28T02:34:13.661367,investigated_and_resolved
CAS-CSE-BANK-01-0001302,Tier-1,Tier-2,2026-04-28T04:05:35.405030,investigated_and_resolved
CAS-CSE-BANK-01-0001305,Tier-1,Tier-2,2026-04-28T06:02:29.937603,investigated_and_resolved
CAS-CSE-BANK-01-0001310,Tier-1,Tier-2,2026-04-28T11:26:15.109485,investigated_and_resolved
CAS-CSE-BANK-01-0001314,Tier-1,Tier-2,2026-04-28T17:29:40.662850,investigated_and_resolved
CAS-CSE-BANK-01-0001319,Tier-1,Tier-2,2026-04-28T21:23:05.134827,investigated_and_resolved
CAS-CSE-BANK-01-0001321,Tier-1,Tier-2,2026-04-28T22:38:41.562999,investigated_and_resolved
CAS-CSE-BANK-01-0001334,Tier-1,Tier-2,2026-04-29T09:52:23.440722,investigated_and_resolved
CAS-CSE-BANK-01-0001336,Tier-1,Tier-2,2026-04-29T15:20:54.465310,investigated_and_resolved
CAS-CSE-BANK-01-0001338,Tier-1,Tier-2,2026-04-29T15:37:51.822606,investigated_and_resolved
CAS-CSE-BANK-01-0001339,Tier-1,Tier-2,2026-04-29T15:03:37.949653,investigated_and_resolved
CAS-CSE-BANK-01-0001344,Tier-1,Tier-2,2026-04-29T17:30:45.997516,investigated_and_resolved
CAS-CSE-BANK-01-0001354,Tier-1,Tier-2,2026-04-29T22:46:48.765166,investigated_and_resolved
CAS-CSE-BANK-01-0001355,Tier-1,Tier-2,2026-04-30T04:02:25.435262,investigated_and_resolved
CAS-CSE-BANK-01-0001356,Tier-1,Tier-2,2026-04-30T04:17:13.095794,investigated_and_resolved
CAS-CSE-BANK-01-0001360,Tier-1,Tier-2,2026-04-30T13:32:38.034553,investigated_and_resolved
CAS-CSE-BANK-01-0001369,Tier-1,Tier-2,2026-05-01T04:27:50.159771,investigated_and_resolved
CAS-CSE-BANK-01-0001370,Tier-1,Tier-2,2026-05-01T05:17:23.567383,investigated_and_resolved
CAS-CSE-BANK-01-0001378,Tier-1,Tier-2,2026-05-01T12:10:44.964724,investigated_and_resolved
CAS-CSE-BANK-01-0001383,Tier-1,Tier-2,2026-05-01T16:53:26.102001,investigated_and_resolved
CAS-CSE-BANK-01-0001384,Tier-1,Tier-2,2026-05-01T19:46:56.914283,investigated_and_resolved
CAS-CSE-BANK-01-0001388,Tier-1,Tier-2,2026-05-01T23:00:40.226539,investigated_and_resolved
CAS-CSE-BANK-01-0001389,Tier-1,Tier-2,2026-05-01T21:45:54.201431,investigated_and_resolved
CAS-CSE-BANK-01-0001406,Tier-1,Tier-2,2026-05-02T16:22:39.067641,investigated_and_resolved
CAS-CSE-BANK-01-0001409,Tier-1,Tier-2,2026-05-02T20:05:02.723998,investigated_and_resolved
CAS-CSE-BANK-01-0001414,Tier-1,Tier-2,2026-05-03T01:45:58.653574,investigated_and_resolved
CAS-CSE-BANK-01-0001418,Tier-1,Tier-2,2026-05-03T06:42:38.821239,investigated_and_resolved
CAS-CSE-BANK-01-0001421,Tier-1,Tier-2,2026-05-03T09:07:38.676537,investigated_and_resolved
CAS-CSE-BANK-01-0001422,Tier-1,Tier-2,2026-05-03T13:05:14.903760,investigated_and_resolved
CAS-CSE-BANK-01-0001427,Tier-1,Tier-2,2026-05-03T20:16:53.791723,investigated_and_resolved
CAS-CSE-BANK-01-0001432,Tier-1,Tier-2,2026-05-04T01:08:53.327648,investigated_and_resolved
CAS-CSE-BANK-01-0001433,Tier-1,Tier-2,2026-05-04T00:49:43.102904,investigated_and_resolved
CAS-CSE-BANK-01-0001451,Tier-1,Tier-2,2026-05-04T23:53:10.575843,investigated_and_resolved
CAS-CSE-BANK-01-0001458,Tier-1,Tier-2,2026-05-05T15:16:57.840395,investigated_and_resolved
CAS-CSE-BANK-01-0001461,Tier-1,Tier-2,2026-05-05T14:50:06.692222,investigated_and_resolved
CAS-CSE-BANK-01-0001462,Tier-1,Tier-2,2026-05-05T15:25:28.051637,investigated_and_resolved
CAS-CSE-BANK-01-0001467,Tier-1,Tier-2,2026-05-05T21:50:06.498505,investigated_and_resolved
CAS-CSE-BANK-01-0001472,Tier-1,Tier-2,2026-05-05T23:55:22.312061,investigated_and_resolved
CAS-CSE-BANK-01-0001484,Tier-1,Tier-2,2026-05-06T15:44:02.223566,investigated_and_resolved
CAS-CSE-BANK-01-0001487,Tier-1,Tier-2,2026-05-06T18:36:15.278129,investigated_and_resolved
CAS-CSE-BANK-01-0001491,Tier-1,Tier-2,2026-05-06T23:55:10.021431,investigated_and_resolved
CAS-CSE-BANK-01-0001503,Tier-1,Tier-2,2026-05-07T18:59:07.319323,investigated_and_resolved
CAS-CSE-BANK-01-0001517,Tier-1,Tier-2,2026-05-08T13:17:52.895713,investigated_and_resolved
CAS-CSE-BANK-01-0001520,Tier-1,Tier-2,2026-05-08T15:58:00.728316,investigated_and_resolved
CAS-CSE-BANK-01-0001522,Tier-1,Tier-2,2026-05-08T21:08:33.378770,investigated_and_resolved
CAS-CSE-BANK-01-0001527,Tier-1,Tier-2,2026-05-09T03:01:13.764230,investigated_and_resolved
CAS-CSE-BANK-01-0001535,Tier-1,Tier-2,2026-05-09T11:22:24.769670,investigated_and_resolved
CAS-CSE-BANK-01-0001536,Tier-1,Tier-2,2026-05-09T13:49:02.293759,investigated_and_resolved
CAS-CSE-BANK-01-0001540,Tier-1,Tier-2,2026-05-09T18:33:48.494857,investigated_and_resolved
CAS-CSE-BANK-01-0001542,Tier-1,Tier-2,2026-05-09T19:52:03.024948,investigated_and_resolved
CAS-CSE-BANK-01-0001544,Tier-1,Tier-2,2026-05-09T21:35:59.504558,investigated_and_resolved
CAS-CSE-BANK-01-0001548,Tier-1,Tier-2,2026-05-10T06:34:07.284746,investigated_and_resolved
CAS-CSE-BANK-01-0001549,Tier-1,Tier-2,2026-05-10T07:45:45.973325,investigated_and_resolved
CAS-CSE-BANK-01-0001556,Tier-1,Tier-2,2026-05-10T18:55:01.086525,investigated_and_resolved
CAS-CSE-BANK-01-0001557,Tier-1,Tier-2,2026-05-10T17:58:19.184698,investigated_and_resolved
CAS-CSE-BANK-01-0001563,Tier-1,Tier-2,2026-05-10T23:11:53.202454,investigated_and_resolved
CAS-CSE-BANK-01-0001564,Tier-1,Tier-2,2026-05-11T00:23:56.416019,investigated_and_resolved
CAS-CSE-BANK-01-0001566,Tier-1,Tier-2,2026-05-11T03:50:51.736895,investigated_and_resolved
CAS-CSE-BANK-01-0001572,Tier-1,Tier-2,2026-05-11T08:43:17.249038,investigated_and_resolved
CAS-CSE-BANK-01-0001573,Tier-1,Tier-2,2026-05-11T09:29:09.740796,investigated_and_resolved
CAS-CSE-BANK-01-0001577,Tier-1,Tier-2,2026-05-11T13:32:45.017062,investigated_and_resolved
CAS-CSE-BANK-01-0001578,Tier-1,Tier-2,2026-05-11T15:25:52.712501,investigated_and_resolved
CAS-CSE-BANK-01-0001585,Tier-1,Tier-2,2026-05-12T06:54:34.772267,investigated_and_resolved
CAS-CSE-BANK-01-0001588,Tier-1,Tier-2,2026-05-12T11:29:59.927384,investigated_and_resolved
CAS-CSE-BANK-01-0001590,Tier-1,Tier-2,2026-05-12T11:53:38.537876,investigated_and_resolved
CAS-CSE-BANK-01-0001591,Tier-1,Tier-2,2026-05-12T13:51:24.291869,investigated_and_resolved
CAS-CSE-BANK-01-0001597,Tier-1,Tier-2,2026-05-12T20:43:31.363352,investigated_and_resolved
CAS-CSE-BANK-01-0001612,Tier-1,Tier-2,2026-05-13T21:35:49.874169,investigated_and_resolved
CAS-CSE-BANK-01-0001616,Tier-1,Tier-2,2026-05-14T02:42:34.373401,investigated_and_resolved
CAS-CSE-BANK-01-0001618,Tier-1,Tier-2,2026-05-14T04:15:30.591666,investigated_and_resolved
CAS-CSE-BANK-01-0001625,Tier-1,Tier-2,2026-05-14T13:23:34.360717,investigated_and_resolved
CAS-CSE-BANK-01-0001631,Tier-1,Tier-2,2026-05-14T14:43:49.829936,investigated_and_resolved
CAS-CSE-BANK-01-0001632,Tier-1,Tier-2,2026-05-14T16:28:06.703956,investigated_and_resolved
CAS-CSE-BANK-01-0001633,Tier-1,Tier-2,2026-05-14T16:13:42.765431,investigated_and_resolved
CAS-CSE-BANK-01-0001643,Tier-1,Tier-2,2026-05-15T02:12:29.483004,investigated_and_resolved
CAS-CSE-BANK-01-0001647,Tier-1,Tier-2,2026-05-15T08:42:15.547695,investigated_and_resolved
CAS-CSE-BANK-01-0001649,Tier-1,Tier-2,2026-05-15T09:12:40.621859,investigated_and_resolved
CAS-CSE-BANK-01-0001650,Tier-1,Tier-2,2026-05-15T09:07:42.036810,investigated_and_resolved
CAS-CSE-BANK-01-0001651,Tier-1,Tier-2,2026-05-15T14:30:15.637873,investigated_and_resolved
CAS-CSE-BANK-01-0001658,Tier-1,Tier-2,2026-05-15T19:36:09.498340,investigated_and_resolved
CAS-CSE-BANK-01-0001672,Tier-1,Tier-2,2026-05-16T16:06:15.837870,investigated_and_resolved
CAS-CSE-BANK-01-0001673,Tier-1,Tier-2,2026-05-16T17:39:10.475746,investigated_and_resolved
CAS-CSE-BANK-01-0001676,Tier-1,Tier-2,2026-05-16T19:55:13.449451,investigated_and_resolved
CAS-CSE-BANK-01-0001679,Tier-1,Tier-2,2026-05-16T22:57:12.392443,investigated_and_resolved
CAS-CSE-BANK-01-0001683,Tier-1,Tier-2,2026-05-17T03:50:34.470020,investigated_and_resolved
CAS-CSE-BANK-01-0001685,Tier-1,Tier-2,2026-05-17T04:45:37.645764,investigated_and_resolved
CAS-CSE-BANK-01-0001688,Tier-1,Tier-2,2026-05-17T07:43:09.982501,investigated_and_resolved
CAS-CSE-BANK-01-0001704,Tier-1,Tier-2,2026-05-17T20:03:53.591059,investigated_and_resolved
CAS-CSE-BANK-01-0001713,Tier-1,Tier-2,2026-05-18T06:56:09.967490,investigated_and_resolved
CAS-CSE-BANK-01-0001714,Tier-1,Tier-2,2026-05-18T09:33:28.239052,investigated_and_resolved
CAS-CSE-BANK-01-0001716,Tier-1,Tier-2,2026-05-18T15:53:43.585429,investigated_and_resolved
CAS-CSE-BANK-01-0001726,Tier-1,Tier-2,2026-05-19T00:04:14.322438,investigated_and_resolved
CAS-CSE-BANK-01-0001732,Tier-1,Tier-2,2026-05-19T03:15:18.103791,investigated_and_resolved
CAS-CSE-BANK-01-0001733,Tier-1,Tier-2,2026-05-19T03:22:10.836900,investigated_and_resolved
CAS-CSE-BANK-01-0001747,Tier-1,Tier-2,2026-05-19T18:24:05.749017,investigated_and_resolved
CAS-CSE-BANK-01-0001759,Tier-1,Tier-2,2026-05-20T09:01:40.171634,investigated_and_resolved
CAS-CSE-BANK-01-0001765,Tier-1,Tier-2,2026-05-20T12:53:38.560519,investigated_and_resolved
CAS-CSE-BANK-01-0001777,Tier-1,Tier-2,2026-05-21T05:45:09.029450,investigated_and_resolved
CAS-CSE-BANK-01-0001779,Tier-1,Tier-2,2026-05-21T05:34:19.751980,investigated_and_resolved
CAS-CSE-BANK-01-0001782,Tier-1,Tier-2,2026-05-21T06:02:56.877171,investigated_and_resolved
CAS-CSE-BANK-01-0001788,Tier-1,Tier-2,2026-05-21T14:31:04.216710,investigated_and_resolved
CAS-CSE-BANK-01-0001789,Tier-1,Tier-2,2026-05-21T14:42:04.463560,investigated_and_resolved
CAS-CSE-BANK-01-0001792,Tier-1,Tier-2,2026-05-21T21:54:32.823902,investigated_and_resolved
CAS-CSE-BANK-01-0001800,Tier-1,Tier-2,2026-05-22T02:00:42.517400,investigated_and_resolved
CAS-CSE-BANK-01-0001804,Tier-1,Tier-2,2026-05-22T11:57:03.328574,investigated_and_resolved
CAS-CSE-BANK-01-0001811,Tier-1,Tier-2,2026-05-22T21:12:57.983994,investigated_and_resolved
CAS-CSE-BANK-01-0001813,Tier-1,Tier-2,2026-05-23T00:36:02.330924,investigated_and_resolved
CAS-CSE-BANK-01-0001814,Tier-1,Tier-2,2026-05-23T05:09:22.412700,investigated_and_resolved
CAS-CSE-BANK-01-0001817,Tier-1,Tier-2,2026-05-23T06:47:21.176503,investigated_and_resolved
CAS-CSE-BANK-01-0001820,Tier-1,Tier-2,2026-05-23T08:53:36.280439,investigated_and_resolved
CAS-CSE-BANK-01-0001825,Tier-1,Tier-2,2026-05-23T16:25:11.240823,investigated_and_resolved
CAS-CSE-BANK-01-0001836,Tier-1,Tier-2,2026-05-24T02:15:10.402632,investigated_and_resolved
CAS-CSE-BANK-01-0001837,Tier-1,Tier-2,2026-05-24T03:22:40.344744,investigated_and_resolved
CAS-CSE-BANK-01-0001840,Tier-1,Tier-2,2026-05-24T08:41:26.013254,investigated_and_resolved
CAS-CSE-BANK-01-0001853,Tier-1,Tier-2,2026-05-25T00:34:14.691666,investigated_and_resolved
CAS-CSE-BANK-01-0001858,Tier-1,Tier-2,2026-05-25T05:39:54.504334,investigated_and_resolved
CAS-CSE-BANK-01-0001860,Tier-1,Tier-2,2026-05-25T08:58:22.663531,investigated_and_resolved
CAS-CSE-BANK-01-0001862,Tier-1,Tier-2,2026-05-25T09:01:13.137711,investigated_and_resolved
CAS-CSE-BANK-01-0001863,Tier-1,Tier-2,2026-05-25T11:06:34.570031,investigated_and_resolved
CAS-CSE-BANK-01-0001865,Tier-1,Tier-2,2026-05-25T10:25:13.898270,investigated_and_resolved
CAS-CSE-BANK-01-0001884,Tier-1,Tier-2,2026-05-26T10:53:25.907786,investigated_and_resolved
CAS-CSE-BANK-01-0001886,Tier-1,Tier-2,2026-05-26T12:48:40.403360,investigated_and_resolved
CAS-CSE-BANK-01-0001887,Tier-1,Tier-2,2026-05-26T13:36:02.923546,investigated_and_resolved
CAS-CSE-BANK-01-0001893,Tier-1,Tier-2,2026-05-27T00:58:27.048713,investigated_and_resolved
CAS-CSE-BANK-01-0001901,Tier-1,Tier-2,2026-05-27T07:35:26.789225,investigated_and_resolved
CAS-CSE-BANK-01-0001902,Tier-1,Tier-2,2026-05-27T14:45:54.241336,investigated_and_resolved
CAS-CSE-BANK-01-0001906,Tier-1,Tier-2,2026-05-27T16:06:36.278738,investigated_and_resolved
CAS-CSE-BANK-01-0001910,Tier-1,Tier-2,2026-05-28T00:47:00.648843,investigated_and_resolved
CAS-CSE-BANK-01-0001912,Tier-1,Tier-2,2026-05-28T02:18:43.356747,investigated_and_resolved
CAS-CSE-BANK-01-0001915,Tier-1,Tier-2,2026-05-28T04:27:19.916177,investigated_and_resolved
CAS-CSE-BANK-01-0001917,Tier-1,Tier-2,2026-05-28T10:25:46.050954,investigated_and_resolved
CAS-CSE-BANK-01-0001920,Tier-1,Tier-2,2026-05-28T12:06:27.479038,investigated_and_resolved
CAS-CSE-BANK-01-0001929,Tier-1,Tier-2,2026-05-28T20:39:52.872709,investigated_and_resolved
CAS-CSE-BANK-01-0001930,Tier-1,Tier-2,2026-05-29T01:36:25.922630,investigated_and_resolved
CAS-CSE-BANK-01-0001932,Tier-1,Tier-2,2026-05-29T03:49:48.317214,investigated_and_resolved
CAS-CSE-BANK-01-0001933,Tier-1,Tier-2,2026-05-29T06:12:28.109795,investigated_and_resolved
CAS-CSE-BANK-01-0001934,Tier-1,Tier-2,2026-05-29T06:01:50.153835,investigated_and_resolved
CAS-CSE-BANK-01-0001935,Tier-1,Tier-2,2026-05-29T05:41:19.601322,investigated_and_resolved
CAS-CSE-BANK-01-0001937,Tier-1,Tier-2,2026-05-29T09:30:16.546740,investigated_and_resolved
CAS-CSE-BANK-01-0001954,Tier-1,Tier-2,2026-05-30T05:38:29.347662,investigated_and_resolved
CAS-CSE-BANK-01-0001955,Tier-1,Tier-2,2026-05-30T03:21:13.299108,investigated_and_resolved
CAS-CSE-BANK-01-0001960,Tier-1,Tier-2,2026-05-30T07:38:14.730438,investigated_and_resolved
CAS-CSE-BANK-01-0001961,Tier-1,Tier-2,2026-05-30T09:39:27.530790,investigated_and_resolved
CAS-CSE-BANK-01-0001966,Tier-1,Tier-2,2026-05-30T14:08:00.310612,investigated_and_resolved
CAS-CSE-BANK-01-0001968,Tier-1,Tier-2,2026-05-30T17:14:19.157064,investigated_and_resolved
CAS-CSE-BANK-01-0001973,Tier-1,Tier-2,2026-05-31T03:16:17.155548,investigated_and_resolved
CAS-CSE-BANK-01-0001976,Tier-1,Tier-2,2026-05-31T02:10:27.547176,investigated_and_resolved
CAS-CSE-BANK-01-0001978,Tier-1,Tier-2,2026-05-31T03:59:50.749685,investigated_and_resolved
CAS-CSE-BANK-01-0001979,Tier-1,Tier-2,2026-05-31T05:27:07.177697,investigated_and_resolved
CAS-CSE-BANK-01-0001981,Tier-1,Tier-2,2026-05-31T05:29:50.188395,investigated_and_resolved
CAS-CSE-BANK-01-0001985,Tier-1,Tier-2,2026-05-31T11:10:24.138898,investigated_and_resolved
CAS-CSE-BANK-01-0001987,Tier-1,Tier-2,2026-05-31T10:37:09.492753,investigated_and_resolved
CAS-CSE-BANK-01-0002004,Tier-1,Tier-2,2026-06-01T03:14:35.508962,investigated_and_resolved
CAS-CSE-BANK-01-0002015,Tier-1,Tier-2,2026-06-01T17:45:21.255858,investigated_and_resolved
CAS-CSE-BANK-01-0002016,Tier-1,Tier-2,2026-06-01T17:37:46.399076,investigated_and_resolved
CAS-CSE-BANK-01-0002021,Tier-1,Tier-2,2026-06-02T00:25:48.507970,investigated_and_resolved
CAS-CSE-BANK-01-0002022,Tier-1,Tier-2,2026-06-02T05:45:44.968595,investigated_and_resolved
CAS-CSE-BANK-01-0002023,Tier-1,Tier-2,2026-06-02T05:01:38.202677,investigated_and_resolved
CAS-CSE-BANK-01-0002027,Tier-1,Tier-2,2026-06-02T08:27:19.796874,investigated_and_resolved
CAS-CSE-BANK-01-0002037,Tier-1,Tier-2,2026-06-02T13:55:25.704619,investigated_and_resolved
CAS-CSE-BANK-01-0002040,Tier-1,Tier-2,2026-06-02T20:46:20.854719,investigated_and_resolved
CAS-CSE-BANK-01-0002041,Tier-1,Tier-2,2026-06-02T19:01:12.832295,investigated_and_resolved
CAS-CSE-BANK-01-0002048,Tier-1,Tier-2,2026-06-03T06:13:54.062868,investigated_and_resolved
CAS-CSE-BANK-01-0002050,Tier-1,Tier-2,2026-06-03T07:02:44.706057,investigated_and_resolved
CAS-CSE-BANK-01-0002054,Tier-1,Tier-2,2026-06-03T12:36:57.019485,investigated_and_resolved
CAS-CSE-BANK-01-0002055,Tier-1,Tier-2,2026-06-03T11:57:32.036939,investigated_and_resolved
CAS-CSE-BANK-01-0002058,Tier-1,Tier-2,2026-06-03T15:05:21.198736,investigated_and_resolved
CAS-CSE-BANK-01-0002065,Tier-1,Tier-2,2026-06-04T02:57:34.559267,investigated_and_resolved
CAS-CSE-BANK-01-0002081,Tier-1,Tier-2,2026-06-04T17:53:05.627676,investigated_and_resolved
CAS-CSE-BANK-01-0002087,Tier-1,Tier-2,2026-06-05T02:41:17.489962,investigated_and_resolved
CAS-CSE-BANK-01-0002088,Tier-1,Tier-2,2026-06-05T05:22:54.604644,investigated_and_resolved
CAS-CSE-BANK-01-0002093,Tier-1,Tier-2,2026-06-05T13:42:00.021641,investigated_and_resolved
CAS-CSE-BANK-01-0002096,Tier-1,Tier-2,2026-06-05T15:58:50.844918,investigated_and_resolved
CAS-CSE-BANK-01-0002100,Tier-1,Tier-2,2026-06-05T19:08:57.264386,investigated_and_resolved
CAS-CSE-BANK-01-0002101,Tier-1,Tier-2,2026-06-05T19:46:42.838459,investigated_and_resolved
CAS-CSE-BANK-01-0002102,Tier-1,Tier-2,2026-06-05T19:48:35.263509,investigated_and_resolved
CAS-CSE-BANK-01-0002105,Tier-1,Tier-2,2026-06-05T22:47:10.855357,investigated_and_resolved
CAS-CSE-BANK-01-0002111,Tier-1,Tier-2,2026-06-06T07:26:22.156871,investigated_and_resolved
CAS-CSE-BANK-01-0002117,Tier-1,Tier-2,2026-06-06T18:14:37.899989,investigated_and_resolved
CAS-CSE-BANK-01-0002129,Tier-1,Tier-2,2026-06-07T08:35:18.913418,investigated_and_resolved
CAS-CSE-BANK-01-0002131,Tier-1,Tier-2,2026-06-07T11:17:55.668648,investigated_and_resolved
CAS-CSE-BANK-01-0002132,Tier-1,Tier-2,2026-06-07T12:30:52.298706,investigated_and_resolved
CAS-CSE-BANK-01-0002137,Tier-1,Tier-2,2026-06-07T18:56:57.125321,investigated_and_resolved
CAS-CSE-BANK-01-0002139,Tier-1,Tier-2,2026-06-07T21:23:30.313007,investigated_and_resolved
CAS-CSE-BANK-01-0002156,Tier-1,Tier-2,2026-06-08T10:37:30.986787,investigated_and_resolved
CAS-CSE-BANK-01-0002158,Tier-1,Tier-2,2026-06-08T13:12:19.167925,investigated_and_resolved
CAS-CSE-BANK-01-0002163,Tier-1,Tier-2,2026-06-08T13:42:55.590639,investigated_and_resolved
CAS-CSE-BANK-01-0002168,Tier-1,Tier-2,2026-06-08T17:43:41.334847,investigated_and_resolved
CAS-CSE-BANK-01-0002173,Tier-1,Tier-2,2026-06-08T21:55:29.738545,investigated_and_resolved
CAS-CSE-BANK-01-0002180,Tier-1,Tier-2,2026-06-09T03:56:52.972522,investigated_and_resolved
CAS-CSE-BANK-01-0002183,Tier-1,Tier-2,2026-06-09T05:18:27.107439,investigated_and_resolved
CAS-CSE-BANK-01-0002185,Tier-1,Tier-2,2026-06-09T06:07:56.907059,investigated_and_resolved
CAS-CSE-BANK-01-0002194,Tier-1,Tier-2,2026-06-09T21:23:55.488585,investigated_and_resolved
CAS-CSE-BANK-01-0002196,Tier-1,Tier-2,2026-06-09T22:18:35.526477,investigated_and_resolved
CAS-CSE-BANK-01-0002198,Tier-1,Tier-2,2026-06-10T02:03:52.165288,investigated_and_resolved
CAS-CSE-BANK-01-0002212,Tier-1,Tier-2,2026-06-10T13:30:48.232500,investigated_and_resolved
CAS-CSE-BANK-01-0002215,Tier-1,Tier-2,2026-06-10T16:16:58.866750,investigated_and_resolved
CAS-CSE-BANK-01-0002224,Tier-1,Tier-2,2026-06-11T04:59:41.055924,investigated_and_resolved
CAS-CSE-BANK-01-0002227,Tier-1,Tier-2,2026-06-11T08:16:58.533798,investigated_and_resolved
CAS-CSE-BANK-01-0002228,Tier-1,Tier-2,2026-06-11T09:12:03.430469,investigated_and_resolved
CAS-CSE-BANK-01-0002230,Tier-1,Tier-2,2026-06-11T13:41:09.920541,investigated_and_resolved
CAS-CSE-BANK-01-0002240,Tier-1,Tier-2,2026-06-12T00:46:10.680260,investigated_and_resolved
CAS-CSE-BANK-01-0002250,Tier-1,Tier-2,2026-06-12T12:19:43.729619,investigated_and_resolved
CAS-CSE-BANK-01-0002255,Tier-1,Tier-2,2026-06-12T15:51:10.878271,investigated_and_resolved
CAS-CSE-BANK-01-0002271,Tier-1,Tier-2,2026-06-13T15:47:06.674414,investigated_and_resolved
CAS-CSE-BANK-01-0002277,Tier-1,Tier-2,2026-06-14T00:26:49.114212,investigated_and_resolved
CAS-CSE-BANK-01-0002280,Tier-1,Tier-2,2026-06-14T04:23:10.918670,investigated_and_resolved
CAS-CSE-BANK-01-0002282,Tier-1,Tier-2,2026-06-14T07:23:33.580394,investigated_and_resolved
CAS-CSE-BANK-01-0002284,Tier-1,Tier-2,2026-06-14T08:27:56.563331,investigated_and_resolved
CAS-CSE-BANK-01-0002297,Tier-1,Tier-2,2026-06-15T00:43:44.160871,investigated_and_resolved
CAS-CSE-BANK-01-0002299,Tier-1,Tier-2,2026-06-15T02:27:37.646158,investigated_and_resolved
CAS-CSE-BANK-01-0002304,Tier-1,Tier-2,2026-06-15T05:58:52.002718,investigated_and_resolved
CAS-CSE-BANK-01-0002315,Tier-1,Tier-2,2026-06-15T14:51:34.261864,investigated_and_resolved
CAS-CSE-BANK-01-0002323,Tier-1,Tier-2,2026-06-16T00:29:05.988551,investigated_and_resolved
CAS-CSE-BANK-01-0002330,Tier-1,Tier-2,2026-06-16T03:50:40.298271,investigated_and_resolved
CAS-CSE-BANK-01-0002337,Tier-1,Tier-2,2026-06-16T09:01:58.272640,investigated_and_resolved
CAS-CSE-BANK-01-0002338,Tier-1,Tier-2,2026-06-16T11:32:56.294822,investigated_and_resolved
CAS-CSE-BANK-01-0002342,Tier-1,Tier-2,2026-06-16T15:37:45.415542,investigated_and_resolved
CAS-CSE-BANK-01-0002348,Tier-1,Tier-2,2026-06-17T02:46:07.142752,investigated_and_resolved
CAS-CSE-BANK-01-0002349,Tier-1,Tier-2,2026-06-17T03:31:42.474098,investigated_and_resolved
CAS-CSE-BANK-01-0002360,Tier-1,Tier-2,2026-06-17T12:47:30.052679,investigated_and_resolved
CAS-CSE-BANK-01-0002362,Tier-1,Tier-2,2026-06-17T15:07:41.808860,investigated_and_resolved
CAS-CSE-BANK-01-0002368,Tier-1,Tier-2,2026-06-17T23:28:31.227100,investigated_and_resolved
CAS-CSE-BANK-01-0002375,Tier-1,Tier-2,2026-06-18T09:00:08.271423,investigated_and_resolved
CAS-CSE-BANK-01-0002382,Tier-1,Tier-2,2026-06-18T14:41:11.023854,investigated_and_resolved
CAS-CSE-BANK-01-0002393,Tier-1,Tier-2,2026-06-19T05:02:42.666398,investigated_and_resolved
CAS-CSE-BANK-01-0002396,Tier-1,Tier-2,2026-06-19T06:40:20.478223,investigated_and_resolved
CAS-CSE-BANK-01-0002397,Tier-1,Tier-2,2026-06-19T08:28:25.621260,investigated_and_resolved
CAS-CSE-BANK-01-0002402,Tier-1,Tier-2,2026-06-19T14:54:26.564194,investigated_and_resolved
CAS-CSE-BANK-01-0002407,Tier-1,Tier-2,2026-06-19T16:00:38.085107,investigated_and_resolved
CAS-CSE-BANK-01-0002413,Tier-1,Tier-2,2026-06-19T20:53:33.577135,investigated_and_resolved
CAS-CSE-BANK-01-0002414,Tier-1,Tier-2,2026-06-19T21:48:10.278299,investigated_and_resolved
CAS-CSE-BANK-01-0002422,Tier-1,Tier-2,2026-06-20T04:51:32.193635,investigated_and_resolved
CAS-CSE-BANK-01-0002426,Tier-1,Tier-2,2026-06-20T13:06:30.363667,investigated_and_resolved
CAS-CSE-BANK-01-0002427,Tier-1,Tier-2,2026-06-20T13:44:46.257950,investigated_and_resolved
CAS-CSE-BANK-01-0002432,Tier-1,Tier-2,2026-06-20T16:24:07.757236,investigated_and_resolved
CAS-CSE-BANK-01-0002436,Tier-1,Tier-2,2026-06-20T20:59:11.001346,investigated_and_resolved
CAS-CSE-BANK-01-0002445,Tier-1,Tier-2,2026-06-21T03:59:09.208081,investigated_and_resolved
CAS-CSE-BANK-01-0002447,Tier-1,Tier-2,2026-06-21T06:22:01.426475,investigated_and_resolved
CAS-CSE-BANK-01-0002450,Tier-1,Tier-2,2026-06-21T11:45:30.289298,investigated_and_resolved
CAS-CSE-BANK-01-0002451,Tier-1,Tier-2,2026-06-21T14:08:34.083250,investigated_and_resolved
CAS-CSE-BANK-01-0002453,Tier-1,Tier-2,2026-06-21T16:24:13.401800,investigated_and_resolved
CAS-CSE-BANK-01-0002458,Tier-1,Tier-2,2026-06-21T20:19:40.402354,investigated_and_resolved
CAS-CSE-BANK-01-0002461,Tier-1,Tier-2,2026-06-21T21:41:19.607818,investigated_and_resolved
CAS-CSE-BANK-01-0002464,Tier-1,Tier-2,2026-06-22T04:42:37.034125,investigated_and_resolved
CAS-CSE-BANK-01-0002468,Tier-1,Tier-2,2026-06-22T10:32:26.621099,investigated_and_resolved
CAS-CSE-BANK-01-0002472,Tier-1,Tier-2,2026-06-22T16:29:44.429688,investigated_and_resolved
CAS-CSE-BANK-01-0002478,Tier-1,Tier-2,2026-06-22T23:39:16.504331,investigated_and_resolved
CAS-CSE-BANK-01-0002499,Tier-1,Tier-2,2026-06-24T07:20:58.505477,investigated_and_resolved
CAS-CSE-BANK-01-0002503,Tier-1,Tier-2,2026-06-24T10:31:13.787134,investigated_and_resolved
CAS-CSE-BANK-01-0002504,Tier-1,Tier-2,2026-06-24T13:00:14.703652,investigated_and_resolved
CAS-CSE-BANK-01-0002506,Tier-1,Tier-2,2026-06-24T12:12:49.654533,investigated_and_resolved
CAS-CSE-BANK-01-0002509,Tier-1,Tier-2,2026-06-24T16:52:22.279339,investigated_and_resolved
CAS-CSE-BANK-01-0002511,Tier-1,Tier-2,2026-06-24T17:25:58.125568,investigated_and_resolved
CAS-CSE-BANK-01-0002512,Tier-1,Tier-2,2026-06-24T18:38:15.576050,investigated_and_resolved
CAS-CSE-BANK-01-0002536,Tier-1,Tier-2,2026-06-25T21:10:55.022411,investigated_and_resolved
CAS-CSE-BANK-01-0002543,Tier-1,Tier-2,2026-06-26T05:38:24.962866,investigated_and_resolved
CAS-CSE-BANK-01-0002544,Tier-1,Tier-2,2026-06-26T04:42:53.817713,investigated_and_resolved
CAS-CSE-BANK-01-0002549,Tier-1,Tier-2,2026-06-26T10:05:13.980707,investigated_and_resolved
CAS-CSE-BANK-01-0002550,Tier-1,Tier-2,2026-06-26T09:45:25.475929,investigated_and_resolved
CAS-CSE-BANK-01-0002557,Tier-1,Tier-2,2026-06-26T16:07:28.962341,investigated_and_resolved
CAS-CSE-BANK-01-0002561,Tier-1,Tier-2,2026-06-26T17:29:08.758513,investigated_and_resolved
CAS-CSE-BANK-01-0002563,Tier-1,Tier-2,2026-06-26T22:04:54.656691,investigated_and_resolved
CAS-CSE-BANK-01-0002564,Tier-1,Tier-2,2026-06-26T23:22:00.424853,investigated_and_resolved
CAS-CSE-BANK-01-0002567,Tier-1,Tier-2,2026-06-27T00:19:01.993599,investigated_and_resolved
CAS-CSE-BANK-01-0002582,Tier-1,Tier-2,2026-06-27T15:23:59.341312,investigated_and_resolved
CAS-CSE-BANK-01-0002589,Tier-1,Tier-2,2026-06-27T22:58:37.655832,investigated_and_resolved
CAS-CSE-BANK-01-0002591,Tier-1,Tier-2,2026-06-28T00:15:30.858785,investigated_and_resolved
CAS-CSE-BANK-01-0002594,Tier-1,Tier-2,2026-06-28T04:52:32.394498,investigated_and_resolved
CAS-CSE-BANK-01-0002599,Tier-1,Tier-2,2026-06-28T10:30:17.643939,investigated_and_resolved
CAS-CSE-BANK-01-0002614,Tier-1,Tier-2,2026-06-29T02:16:28.770223,investigated_and_resolved
CAS-CSE-BANK-01-0002617,Tier-1,Tier-2,2026-06-29T06:37:31.024575,investigated_and_resolved
CAS-CSE-BANK-01-0002623,Tier-1,Tier-2,2026-06-29T09:31:14.778943,investigated_and_resolved
CAS-CSE-BANK-01-0002639,Tier-1,Tier-2,2026-06-30T07:55:10.850853,investigated_and_resolved
CAS-CSE-BANK-01-0002640,Tier-1,Tier-2,2026-06-30T08:28:44.766243,investigated_and_resolved
CAS-CSE-BANK-01-0002647,Tier-1,Tier-2,2026-06-30T17:09:08.397084,investigated_and_resolved
CAS-CSE-BANK-01-0002651,Tier-1,Tier-2,2026-07-01T01:15:09.859654,investigated_and_resolved
CAS-CSE-BANK-01-0002654,Tier-1,Tier-2,2026-07-01T03:32:52.732123,investigated_and_resolved
CAS-CSE-BANK-01-0002656,Tier-1,Tier-2,2026-07-01T06:55:15.412107,investigated_and_resolved
CAS-CSE-BANK-01-0002660,Tier-1,Tier-2,2026-07-01T10:28:54.162090,investigated_and_resolved
CAS-CSE-BANK-01-0002661,Tier-1,Tier-2,2026-07-01T09:24:51.898879,investigated_and_resolved
CAS-CSE-BANK-01-0002667,Tier-1,Tier-2,2026-07-01T15:46:55.724357,investigated_and_resolved
CAS-CSE-BANK-01-0002668,Tier-1,Tier-2,2026-07-01T16:52:41.429508,investigated_and_resolved
CAS-CSE-BANK-01-0002671,Tier-1,Tier-2,2026-07-01T20:01:24.027912,investigated_and_resolved
CAS-CSE-BANK-01-0002680,Tier-1,Tier-2,2026-07-02T03:24:36.035008,investigated_and_resolved
CAS-CSE-BANK-01-0002693,Tier-1,Tier-2,2026-07-02T15:28:27.306403,investigated_and_resolved
CAS-CSE-BANK-01-0002700,Tier-1,Tier-2,2026-07-03T00:20:40.053791,investigated_and_resolved
CAS-CSE-BANK-01-0002707,Tier-1,Tier-2,2026-07-03T08:45:11.038665,investigated_and_resolved
CAS-CSE-BANK-01-0002709,Tier-1,Tier-2,2026-07-03T09:53:30.450836,investigated_and_resolved
CAS-CSE-BANK-01-0002717,Tier-1,Tier-2,2026-07-03T21:21:04.764734,investigated_and_resolved
CAS-CSE-BANK-01-0002722,Tier-1,Tier-2,2026-07-04T02:37:25.238649,investigated_and_resolved
CAS-CSE-BANK-01-0002726,Tier-1,Tier-2,2026-07-04T05:08:25.658968,investigated_and_resolved
CAS-CSE-BANK-01-0002738,Tier-1,Tier-2,2026-07-04T16:53:37.612316,investigated_and_resolved
CAS-CSE-BANK-01-0002740,Tier-1,Tier-2,2026-07-04T18:25:13.225459,investigated_and_resolved
CAS-CSE-BANK-01-0002744,Tier-1,Tier-2,2026-07-05T00:24:49.017998,investigated_and_resolved
CAS-CSE-BANK-01-0002745,Tier-1,Tier-2,2026-07-05T00:41:41.202703,investigated_and_resolved
CAS-CSE-BANK-01-0002750,Tier-1,Tier-2,2026-07-05T16:49:15.739409,investigated_and_resolved
CAS-CSE-BANK-01-0002755,Tier-1,Tier-2,2026-07-05T19:31:56.510704,investigated_and_resolved
CAS-CSE-BANK-01-0002756,Tier-1,Tier-2,2026-07-05T19:49:15.004112,investigated_and_resolved
CAS-CSE-BANK-01-0002760,Tier-1,Tier-2,2026-07-06T00:06:01.624672,investigated_and_resolved
CAS-CSE-BANK-01-0002767,Tier-1,Tier-2,2026-07-06T10:32:31.412090,investigated_and_resolved
CAS-CSE-BANK-01-0002776,Tier-1,Tier-2,2026-07-06T20:14:54.452655,investigated_and_resolved
CAS-CSE-BANK-01-0002781,Tier-1,Tier-2,2026-07-07T00:15:23.281899,investigated_and_resolved
CAS-CSE-BANK-01-0002783,Tier-1,Tier-2,2026-07-07T01:52:38.476981,investigated_and_resolved
CAS-CSE-BANK-01-0002784,Tier-1,Tier-2,2026-07-07T04:28:58.081429,investigated_and_resolved
CAS-CSE-BANK-01-0002786,Tier-1,Tier-2,2026-07-07T06:29:27.976639,investigated_and_resolved
CAS-CSE-BANK-01-0002789,Tier-1,Tier-2,2026-07-07T13:27:04.001633,investigated_and_resolved
CAS-CSE-BANK-01-0002793,Tier-1,Tier-2,2026-07-07T16:49:05.287505,investigated_and_resolved
CAS-CSE-BANK-01-0002801,Tier-1,Tier-2,2026-07-08T00:56:35.326261,investigated_and_resolved
CAS-CSE-BANK-01-0002812,Tier-1,Tier-2,2026-07-08T13:02:23.956695,investigated_and_resolved
CAS-CSE-BANK-01-0002821,Tier-1,Tier-2,2026-07-08T21:36:17.738270,investigated_and_resolved
CAS-CSE-BANK-01-0002822,Tier-1,Tier-2,2026-07-09T02:41:49.975597,investigated_and_resolved
CAS-CSE-BANK-01-0002830,Tier-1,Tier-2,2026-07-09T08:57:32.822467,investigated_and_resolved
CAS-CSE-BANK-01-0002838,Tier-1,Tier-2,2026-07-09T15:36:54.169853,investigated_and_resolved
CAS-CSE-BANK-01-0002848,Tier-1,Tier-2,2026-07-10T03:59:08.638097,investigated_and_resolved
CAS-CSE-BANK-01-0002858,Tier-1,Tier-2,2026-07-10T14:53:46.482583,investigated_and_resolved
CAS-CSE-BANK-01-0002861,Tier-1,Tier-2,2026-07-10T17:07:51.993432,investigated_and_resolved
CAS-CSE-BANK-01-0002864,Tier-1,Tier-2,2026-07-10T21:15:09.512791,investigated_and_resolved
CAS-CSE-BANK-01-0002879,Tier-1,Tier-2,2026-07-12T01:28:37.069109,investigated_and_resolved
CAS-CSE-BANK-01-0002904,Tier-1,Tier-2,2026-07-13T08:08:27.278935,investigated_and_resolved
CAS-CSE-BANK-01-0002908,Tier-1,Tier-2,2026-07-13T10:19:11.306817,investigated_and_resolved
CAS-CSE-BANK-01-0002913,Tier-1,Tier-2,2026-07-13T16:40:43.440775,investigated_and_resolved
CAS-CSE-BANK-01-0002918,Tier-1,Tier-2,2026-07-13T22:56:15.262055,investigated_and_resolved
CAS-CSE-BANK-01-0002920,Tier-1,Tier-2,2026-07-14T04:38:42.470482,investigated_and_resolved
CAS-CSE-BANK-01-0002921,Tier-1,Tier-2,2026-07-14T06:19:47.489539,investigated_and_resolved
CAS-CSE-BANK-01-0002924,Tier-1,Tier-2,2026-07-14T07:00:36.262884,investigated_and_resolved
CAS-CSE-BANK-01-0002929,Tier-1,Tier-2,2026-07-14T13:02:06.790109,investigated_and_resolved
CAS-CSE-BANK-01-0002930,Tier-1,Tier-2,2026-07-14T14:01:23.070905,investigated_and_resolved
CAS-CSE-BANK-01-0002931,Tier-1,Tier-2,2026-07-14T13:52:38.633612,investigated_and_resolved
CAS-CSE-BANK-01-0002933,Tier-1,Tier-2,2026-07-14T16:47:54.746579,investigated_and_resolved
CAS-CSE-BANK-01-0002937,Tier-1,Tier-2,2026-07-14T19:07:34.807411,investigated_and_resolved
CAS-CSE-BANK-01-0002940,Tier-1,Tier-2,2026-07-14T22:27:49.411775,investigated_and_resolved
CAS-CSE-BANK-01-0002944,Tier-1,Tier-2,2026-07-15T04:05:02.368057,investigated_and_resolved
CAS-CSE-BANK-01-0002945,Tier-1,Tier-2,2026-07-15T02:45:13.880558,investigated_and_resolved
CAS-CSE-BANK-01-0002956,Tier-1,Tier-2,2026-07-15T10:57:51.863003,investigated_and_resolved
CAS-CSE-BANK-01-0002961,Tier-1,Tier-2,2026-07-15T15:18:10.796377,investigated_and_resolved
CAS-CSE-BANK-01-0002962,Tier-1,Tier-2,2026-07-15T18:35:18.179858,investigated_and_resolved
CAS-CSE-BANK-01-0002973,Tier-1,Tier-2,2026-07-16T05:36:12.072038,investigated_and_resolved
CAS-CSE-BANK-01-0002984,Tier-1,Tier-2,2026-07-16T17:17:02.757461,investigated_and_resolved
CAS-CSE-BANK-01-0002986,Tier-1,Tier-2,2026-07-16T20:57:01.325195,investigated_and_resolved
CAS-CSE-BANK-01-0002988,Tier-1,Tier-2,2026-07-16T21:02:36.240165,investigated_and_resolved
CAS-CSE-BANK-01-0002995,Tier-1,Tier-2,2026-07-17T10:21:49.796710,investigated_and_resolved
CAS-CSE-BANK-01-0003014,Tier-1,Tier-2,2026-07-18T10:18:18.513510,investigated_and_resolved
CAS-CSE-BANK-01-0003021,Tier-1,Tier-2,2026-07-18T16:02:44.032954,investigated_and_resolved
CAS-CSE-BANK-01-0003027,Tier-1,Tier-2,2026-07-19T02:50:53.318394,investigated_and_resolved
CAS-CSE-BANK-01-0003028,Tier-1,Tier-2,2026-07-19T06:01:27.212244,investigated_and_resolved
CAS-CSE-BANK-01-0003030,Tier-1,Tier-2,2026-07-19T07:49:53.239898,investigated_and_resolved
CAS-CSE-BANK-01-0003032,Tier-1,Tier-2,2026-07-19T14:05:58.390381,investigated_and_resolved
CAS-CSE-BANK-01-0003035,Tier-1,Tier-2,2026-07-19T21:41:49.233231,investigated_and_resolved
CAS-CSE-BANK-01-0003037,Tier-1,Tier-2,2026-07-20T02:33:51.713953,investigated_and_resolved
CAS-CSE-BANK-01-0003039,Tier-1,Tier-2,2026-07-19T23:03:27.959700,investigated_and_resolved
CAS-CSE-BANK-01-0003048,Tier-1,Tier-2,2026-07-20T10:19:56.682157,investigated_and_resolved
CAS-CSE-BANK-01-0003049,Tier-1,Tier-2,2026-07-20T12:01:39.207801,investigated_and_resolved
CAS-CSE-BANK-01-0003060,Tier-1,Tier-2,2026-07-21T05:27:14.045370,investigated_and_resolved
CAS-CSE-BANK-01-0003068,Tier-1,Tier-2,2026-07-21T13:34:54.079887,investigated_and_resolved
CAS-CSE-BANK-01-0003069,Tier-1,Tier-2,2026-07-21T13:22:59.761432,investigated_and_resolved
CAS-CSE-BANK-01-0003071,Tier-1,Tier-2,2026-07-21T15:29:30.010248,investigated_and_resolved
CAS-CSE-BANK-01-0003077,Tier-1,Tier-2,2026-07-21T21:51:58.065417,investigated_and_resolved
CAS-CSE-BANK-01-0003085,Tier-1,Tier-2,2026-07-22T10:15:22.663011,investigated_and_resolved
CAS-CSE-BANK-01-0003092,Tier-1,Tier-2,2026-07-22T17:14:11.209290,investigated_and_resolved
CAS-CSE-BANK-01-0003093,Tier-1,Tier-2,2026-07-22T19:28:36.843485,investigated_and_resolved
CAS-CSE-BANK-01-0003094,Tier-1,Tier-2,2026-07-22T17:20:01.650357,investigated_and_resolved
CAS-CSE-BANK-01-0003099,Tier-1,Tier-2,2026-07-22T21:03:33.180558,investigated_and_resolved
CAS-CSE-BANK-01-0003106,Tier-1,Tier-2,2026-07-23T02:55:22.856775,investigated_and_resolved
CAS-CSE-BANK-01-0003120,Tier-1,Tier-2,2026-07-23T19:22:28.330241,investigated_and_resolved
CAS-CSE-BANK-01-0003124,Tier-1,Tier-2,2026-07-24T02:14:22.954191,investigated_and_resolved
CAS-CSE-BANK-01-0003127,Tier-1,Tier-2,2026-07-24T03:21:00.426542,investigated_and_resolved
CAS-CSE-BANK-01-0003137,Tier-1,Tier-2,2026-07-24T20:51:42.913349,investigated_and_resolved
CAS-CSE-BANK-01-0003138,Tier-1,Tier-2,2026-07-24T22:27:51.449536,investigated_and_resolved
CAS-CSE-BANK-01-0003145,Tier-1,Tier-2,2026-07-25T05:40:25.340666,investigated_and_resolved
CAS-CSE-BANK-01-0003151,Tier-1,Tier-2,2026-07-25T10:44:11.722609,investigated_and_resolved
CAS-CSE-BANK-01-0003160,Tier-1,Tier-2,2026-07-25T20:50:48.684701,investigated_and_resolved
CAS-CSE-BANK-01-0003163,Tier-1,Tier-2,2026-07-25T22:23:38.530410,investigated_and_resolved
CAS-CSE-BANK-01-0003168,Tier-1,Tier-2,2026-07-26T03:56:45.590765,investigated_and_resolved
CAS-CSE-BANK-01-0003169,Tier-1,Tier-2,2026-07-26T06:09:30.361500,investigated_and_resolved
CAS-CSE-BANK-01-0003174,Tier-1,Tier-2,2026-07-26T11:35:10.603845,investigated_and_resolved
CAS-CSE-BANK-01-0003178,Tier-1,Tier-2,2026-07-26T13:43:07.671929,investigated_and_resolved
CAS-CSE-BANK-01-0003184,Tier-1,Tier-2,2026-07-26T14:31:44.582916,investigated_and_resolved
CAS-CSE-BANK-01-0003196,Tier-1,Tier-2,2026-07-27T03:53:22.501422,investigated_and_resolved
CAS-CSE-BANK-01-0003201,Tier-1,Tier-2,2026-07-27T14:30:46.894629,investigated_and_resolved
CAS-CSE-BANK-01-0003202,Tier-1,Tier-2,2026-07-27T14:45:24.233920,investigated_and_resolved
CAS-CSE-BANK-01-0003206,Tier-1,Tier-2,2026-07-27T20:35:35.022954,investigated_and_resolved
CAS-CSE-BANK-01-0003215,Tier-1,Tier-2,2026-07-28T01:08:05.486178,investigated_and_resolved
CAS-CSE-BANK-01-0003219,Tier-1,Tier-2,2026-07-28T03:16:43.543951,investigated_and_resolved
CAS-CSE-BANK-01-0003221,Tier-1,Tier-2,2026-07-28T04:23:57.938970,investigated_and_resolved
CAS-CSE-BANK-01-0003237,Tier-1,Tier-2,2026-07-29T05:34:24.214998,investigated_and_resolved
CAS-CSE-BANK-01-0003242,Tier-1,Tier-2,2026-07-29T11:13:08.902931,investigated_and_resolved
CAS-CSE-BANK-01-0003244,Tier-1,Tier-2,2026-07-29T11:28:05.589137,investigated_and_resolved
CAS-CSE-BANK-01-0003245,Tier-1,Tier-2,2026-07-29T12:02:48.903394,investigated_and_resolved
CAS-CSE-BANK-01-0003248,Tier-1,Tier-2,2026-07-29T13:04:46.529702,investigated_and_resolved
CAS-CSE-BANK-01-0003250,Tier-1,Tier-2,2026-07-29T14:51:10.367888,investigated_and_resolved
CAS-CSE-BANK-01-0003252,Tier-1,Tier-2,2026-07-29T16:59:05.847245,investigated_and_resolved
CAS-CSE-BANK-01-0003254,Tier-1,Tier-2,2026-07-29T20:05:00.057455,investigated_and_resolved
CAS-CSE-BANK-01-0003257,Tier-1,Tier-2,2026-07-30T03:46:36.006584,investigated_and_resolved
CAS-CSE-BANK-01-0003259,Tier-1,Tier-2,2026-07-30T06:51:59.994969,investigated_and_resolved
CAS-CSE-BANK-01-0003260,Tier-1,Tier-2,2026-07-30T05:42:35.288408,investigated_and_resolved
CAS-CSE-BANK-01-0003269,Tier-1,Tier-2,2026-07-30T16:55:00.781395,investigated_and_resolved
CAS-CSE-BANK-01-0003270,Tier-1,Tier-2,2026-07-30T17:33:48.546871,investigated_and_resolved
CAS-CSE-BANK-01-0003271,Tier-1,Tier-2,2026-07-30T17:49:51.331047,investigated_and_resolved
CAS-CSE-BANK-01-0003276,Tier-1,Tier-2,2026-07-31T05:06:43.557759,investigated_and_resolved
CAS-CSE-BANK-01-0003279,Tier-1,Tier-2,2026-07-31T08:26:35.501672,investigated_and_resolved
CAS-CSE-BANK-01-0003280,Tier-1,Tier-2,2026-07-31T09:38:36.059340,investigated_and_resolved
CAS-CSE-BANK-01-0003282,Tier-1,Tier-2,2026-07-31T12:08:45.379061,investigated_and_resolved
CAS-CSE-BANK-01-0003287,Tier-1,Tier-2,2026-07-31T20:13:58.941078,investigated_and_resolved
CAS-CSE-BANK-01-0003292,Tier-1,Tier-2,2026-08-01T01:17:21.133957,investigated_and_resolved
CAS-CSE-BANK-01-0003293,Tier-1,Tier-2,2026-08-01T02:58:43.598899,investigated_and_resolved
CAS-CSE-BANK-01-0003309,Tier-1,Tier-2,2026-08-01T21:15:22.305663,investigated_and_resolved
CAS-CSE-BANK-01-0003317,Tier-1,Tier-2,2026-08-02T03:17:15.050668,investigated_and_resolved
CAS-CSE-BANK-01-0003331,Tier-1,Tier-2,2026-08-02T21:23:03.191742,investigated_and_resolved
CAS-CSE-BANK-01-0003343,Tier-1,Tier-2,2026-08-03T08:13:52.955734,investigated_and_resolved
CAS-CSE-BANK-01-0003348,Tier-1,Tier-2,2026-08-03T13:46:31.576720,investigated_and_resolved
CAS-CSE-BANK-01-0003374,Tier-1,Tier-2,2026-08-04T15:42:33.066007,investigated_and_resolved
CAS-CSE-BANK-01-0003375,Tier-1,Tier-2,2026-08-04T14:59:54.825759,investigated_and_resolved
CAS-CSE-BANK-01-0003379,Tier-1,Tier-2,2026-08-05T02:58:29.215982,investigated_and_resolved
CAS-CSE-BANK-01-0003384,Tier-1,Tier-2,2026-08-05T13:41:43.964072,investigated_and_resolved
CAS-CSE-BANK-01-0003385,Tier-1,Tier-2,2026-08-05T11:50:01.951657,investigated_and_resolved
CAS-CSE-BANK-01-0003387,Tier-1,Tier-2,2026-08-05T11:54:50.619640,investigated_and_resolved
CAS-CSE-BANK-01-0003393,Tier-1,Tier-2,2026-08-05T13:41:28.044721,investigated_and_resolved
CAS-CSE-BANK-01-0003398,Tier-1,Tier-2,2026-08-05T18:22:38.855333,investigated_and_resolved
CAS-CSE-BANK-01-0003410,Tier-1,Tier-2,2026-08-06T04:33:19.225265,investigated_and_resolved
CAS-CSE-BANK-01-0003424,Tier-1,Tier-2,2026-08-06T15:54:55.365175,investigated_and_resolved
CAS-CSE-BANK-01-0003427,Tier-1,Tier-2,2026-08-06T17:17:08.989913,investigated_and_resolved
CAS-CSE-BANK-01-0003432,Tier-1,Tier-2,2026-08-06T22:10:03.114259,investigated_and_resolved
CAS-CSE-BANK-01-0003437,Tier-1,Tier-2,2026-08-07T01:59:07.273406,investigated_and_resolved
CAS-CSE-BANK-01-0003439,Tier-1,Tier-2,2026-08-07T05:22:34.296232,investigated_and_resolved
CAS-CSE-BANK-01-0003442,Tier-1,Tier-2,2026-08-07T08:16:47.955433,investigated_and_resolved
CAS-CSE-BANK-01-0003455,Tier-1,Tier-2,2026-08-08T00:22:32.027662,investigated_and_resolved
CAS-CSE-BANK-01-0003458,Tier-1,Tier-2,2026-08-08T02:16:02.856307,investigated_and_resolved
CAS-CSE-BANK-01-0003474,Tier-1,Tier-2,2026-08-09T08:00:54.706646,investigated_and_resolved
CAS-CSE-BANK-01-0003477,Tier-1,Tier-2,2026-08-09T08:11:07.748608,investigated_and_resolved
CAS-CSE-BANK-01-0003486,Tier-1,Tier-2,2026-08-10T03:16:35.674566,investigated_and_resolved
CAS-CSE-BANK-01-0003488,Tier-1,Tier-2,2026-08-10T05:14:19.413852,investigated_and_resolved
CAS-CSE-BANK-01-0003490,Tier-1,Tier-2,2026-08-10T09:40:37.847578,investigated_and_resolved
CAS-CSE-BANK-01-0003491,Tier-1,Tier-2,2026-08-10T11:09:22.693970,investigated_and_resolved
CAS-CSE-BANK-01-0003492,Tier-1,Tier-2,2026-08-10T11:09:28.798760,investigated_and_resolved
CAS-CSE-BANK-01-0003494,Tier-1,Tier-2,2026-08-10T17:46:40.746145,investigated_and_resolved
CAS-CSE-BANK-01-0003496,Tier-1,Tier-2,2026-08-10T19:58:47.724173,investigated_and_resolved
CAS-CSE-BANK-01-0003505,Tier-1,Tier-2,2026-08-11T07:43:47.655136,investigated_and_resolved
CAS-CSE-BANK-01-0003507,Tier-1,Tier-2,2026-08-11T10:06:03.400928,investigated_and_resolved
CAS-CSE-BANK-01-0003509,Tier-1,Tier-2,2026-08-11T13:31:45.666095,investigated_and_resolved
CAS-CSE-BANK-01-0003513,Tier-1,Tier-2,2026-08-11T16:26:57.889368,investigated_and_resolved
CAS-CSE-BANK-01-0003517,Tier-1,Tier-2,2026-08-11T21:08:05.020855,investigated_and_resolved
CAS-CSE-BANK-01-0003526,Tier-1,Tier-2,2026-08-12T08:58:05.277081,investigated_and_resolved
CAS-CSE-BANK-01-0003531,Tier-1,Tier-2,2026-08-12T16:59:49.482815,investigated_and_resolved
CAS-CSE-BANK-01-0003536,Tier-1,Tier-2,2026-08-12T18:56:45.236477,investigated_and_resolved
CAS-CSE-BANK-01-0003550,Tier-1,Tier-2,2026-08-13T05:58:55.835245,investigated_and_resolved
CAS-CSE-BANK-01-0003551,Tier-1,Tier-2,2026-08-13T09:55:38.670187,investigated_and_resolved
CAS-CSE-BANK-01-0003558,Tier-1,Tier-2,2026-08-13T11:13:23.727545,investigated_and_resolved
CAS-CSE-BANK-01-0003568,Tier-1,Tier-2,2026-08-14T01:16:12.549915,investigated_and_resolved
CAS-CSE-BANK-01-0003571,Tier-1,Tier-2,2026-08-14T03:52:39.192378,investigated_and_resolved
CAS-CSE-BANK-01-0003572,Tier-1,Tier-2,2026-08-14T04:31:47.234974,investigated_and_resolved
CAS-CSE-BANK-01-0003577,Tier-1,Tier-2,2026-08-14T09:26:25.273262,investigated_and_resolved
CAS-CSE-BANK-01-0003578,Tier-1,Tier-2,2026-08-14T10:34:40.795675,investigated_and_resolved
CAS-CSE-BANK-01-0003586,Tier-1,Tier-2,2026-08-14T20:34:21.416945,investigated_and_resolved
CAS-CSE-BANK-01-0003591,Tier-1,Tier-2,2026-08-15T02:47:39.443165,investigated_and_resolved
CAS-CSE-BANK-01-0003594,Tier-1,Tier-2,2026-08-15T08:00:36.324027,investigated_and_resolved
CAS-CSE-BANK-01-0003611,Tier-1,Tier-2,2026-08-16T00:57:38.694949,investigated_and_resolved
CAS-CSE-BANK-01-0003614,Tier-1,Tier-2,2026-08-16T07:49:54.749539,investigated_and_resolved
CAS-CSE-BANK-01-0003620,Tier-1,Tier-2,2026-08-16T12:08:48.116150,investigated_and_resolved
CAS-CSE-BANK-01-0003629,Tier-1,Tier-2,2026-08-17T03:50:20.980629,investigated_and_resolved
CAS-CSE-BANK-01-0003630,Tier-1,Tier-2,2026-08-17T03:37:42.401967,investigated_and_resolved
CAS-CSE-BANK-01-0003638,Tier-1,Tier-2,2026-08-17T11:23:56.633727,investigated_and_resolved
CAS-CSE-BANK-01-0003641,Tier-1,Tier-2,2026-08-17T22:53:36.840271,investigated_and_resolved
CAS-CSE-BANK-01-0003646,Tier-1,Tier-2,2026-08-18T00:07:06.768110,investigated_and_resolved
CAS-CSE-BANK-01-0003648,Tier-1,Tier-2,2026-08-18T00:58:41.382505,investigated_and_resolved
CAS-CSE-BANK-01-0003650,Tier-1,Tier-2,2026-08-18T10:52:36.978946,investigated_and_resolved
CAS-CSE-BANK-01-0003652,Tier-1,Tier-2,2026-08-18T17:45:41.115153,investigated_and_resolved
CAS-CSE-BANK-01-0003658,Tier-1,Tier-2,2026-08-19T00:14:22.715908,investigated_and_resolved
CAS-CSE-BANK-01-0003661,Tier-1,Tier-2,2026-08-19T02:52:51.313716,investigated_and_resolved
CAS-CSE-BANK-01-0003678,Tier-1,Tier-2,2026-08-19T19:03:18.020725,investigated_and_resolved
CAS-CSE-BANK-01-0003679,Tier-1,Tier-2,2026-08-19T20:15:46.557579,investigated_and_resolved
CAS-CSE-BANK-01-0003681,Tier-1,Tier-2,2026-08-20T00:12:55.729143,investigated_and_resolved
CAS-CSE-BANK-01-0003698,Tier-1,Tier-2,2026-08-20T19:23:55.696129,investigated_and_resolved
CAS-CSE-BANK-01-0003700,Tier-1,Tier-2,2026-08-20T21:02:58.112163,investigated_and_resolved
CAS-CSE-BANK-01-0003712,Tier-1,Tier-2,2026-08-21T14:31:24.107759,investigated_and_resolved
CAS-CSE-BANK-01-0003713,Tier-1,Tier-2,2026-08-21T15:48:43.252064,investigated_and_resolved
CAS-CSE-BANK-01-0003714,Tier-1,Tier-2,2026-08-21T15:28:29.375869,investigated_and_resolved
CAS-CSE-BANK-01-0003716,Tier-1,Tier-2,2026-08-21T23:34:26.866364,investigated_and_resolved
CAS-CSE-BANK-01-0003720,Tier-1,Tier-2,2026-08-22T02:08:14.784000,investigated_and_resolved
CAS-CSE-BANK-01-0003723,Tier-1,Tier-2,2026-08-22T06:15:36.644635,investigated_and_resolved
CAS-CSE-BANK-01-0003731,Tier-1,Tier-2,2026-08-22T20:27:23.153077,investigated_and_resolved
CAS-CSE-BANK-01-0003734,Tier-1,Tier-2,2026-08-23T02:12:14.733608,investigated_and_resolved
CAS-CSE-BANK-01-0003737,Tier-1,Tier-2,2026-08-23T06:43:11.633333,investigated_and_resolved
CAS-CSE-BANK-01-0003746,Tier-1,Tier-2,2026-08-23T19:58:26.731138,investigated_and_resolved
CAS-CSE-BANK-01-0003751,Tier-1,Tier-2,2026-08-24T07:46:53.118656,investigated_and_resolved
CAS-CSE-BANK-01-0003762,Tier-1,Tier-2,2026-08-24T15:56:40.021486,investigated_and_resolved
CAS-CSE-BANK-01-0003767,Tier-1,Tier-2,2026-08-25T04:42:28.881810,investigated_and_resolved
CAS-CSE-BANK-01-0003787,Tier-1,Tier-2,2026-08-26T04:46:57.995350,investigated_and_resolved
CAS-CSE-BANK-01-0003792,Tier-1,Tier-2,2026-08-26T10:28:28.967764,investigated_and_resolved
CAS-CSE-BANK-01-0003794,Tier-1,Tier-2,2026-08-26T10:22:13.046708,investigated_and_resolved
CAS-CSE-BANK-01-0003797,Tier-1,Tier-2,2026-08-26T14:55:33.467120,investigated_and_resolved
CAS-CSE-BANK-01-0003798,Tier-1,Tier-2,2026-08-26T17:19:33.851775,investigated_and_resolved
CAS-CSE-BANK-01-0003808,Tier-1,Tier-2,2026-08-27T05:35:30.743967,investigated_and_resolved
CAS-CSE-BANK-01-0003809,Tier-1,Tier-2,2026-08-27T05:45:33.028257,investigated_and_resolved
CAS-CSE-BANK-01-0003810,Tier-1,Tier-2,2026-08-27T07:41:16.923126,investigated_and_resolved
CAS-CSE-BANK-01-0003813,Tier-1,Tier-2,2026-08-27T09:27:27.425952,investigated_and_resolved
CAS-CSE-BANK-01-0003815,Tier-1,Tier-2,2026-08-27T10:22:36.355459,investigated_and_resolved
CAS-CSE-BANK-01-0003818,Tier-1,Tier-2,2026-08-27T13:12:54.425652,investigated_and_resolved
CAS-CSE-BANK-01-0003819,Tier-1,Tier-2,2026-08-27T13:11:47.813945,investigated_and_resolved
CAS-CSE-BANK-01-0003822,Tier-1,Tier-2,2026-08-27T15:32:08.152706,investigated_and_resolved
CAS-CSE-BANK-01-0003823,Tier-1,Tier-2,2026-08-27T15:29:05.982239,investigated_and_resolved
CAS-CSE-BANK-01-0003825,Tier-1,Tier-2,2026-08-27T17:19:39.556646,investigated_and_resolved
CAS-CSE-BANK-01-0003826,Tier-1,Tier-2,2026-08-27T18:56:14.799104,investigated_and_resolved
CAS-CSE-BANK-02-0003872,Tier-1,Tier-2,2026-03-02T14:11:05.653703,investigated_and_resolved
CAS-CSE-BANK-02-0003877,Tier-1,Tier-2,2026-03-02T19:11:44.336429,investigated_and_resolved
CAS-CSE-BANK-02-0003906,Tier-1,Tier-2,2026-03-04T04:00:09.796276,investigated_and_resolved
CAS-CSE-BANK-02-0003908,Tier-1,Tier-2,2026-03-04T06:20:23.917848,investigated_and_resolved
CAS-CSE-BANK-02-0003921,Tier-1,Tier-2,2026-03-04T18:01:08.175503,investigated_and_resolved
CAS-CSE-BANK-02-0003939,Tier-1,Tier-2,2026-03-05T12:29:24.221683,investigated_and_resolved
CAS-CSE-BANK-02-0003941,Tier-1,Tier-2,2026-03-05T15:39:43.217622,investigated_and_resolved
CAS-CSE-BANK-02-0003951,Tier-1,Tier-2,2026-03-05T23:24:38.872689,investigated_and_resolved
CAS-CSE-BANK-02-0003992,Tier-1,Tier-2,2026-03-07T07:11:55.920106,investigated_and_resolved
CAS-CSE-BANK-02-0004020,Tier-1,Tier-2,2026-03-08T12:14:39.984259,investigated_and_resolved
CAS-CSE-BANK-02-0004023,Tier-1,Tier-2,2026-03-08T12:37:12.837923,investigated_and_resolved
CAS-CSE-BANK-02-0004055,Tier-1,Tier-2,2026-03-09T22:18:17.164589,investigated_and_resolved
CAS-CSE-BANK-02-0004062,Tier-1,Tier-2,2026-03-10T05:32:36.624986,investigated_and_resolved
CAS-CSE-BANK-02-0004070,Tier-1,Tier-2,2026-03-10T18:24:49.765455,investigated_and_resolved
CAS-CSE-BANK-02-0004071,Tier-1,Tier-2,2026-03-10T20:12:04.204103,investigated_and_resolved
CAS-CSE-BANK-02-0004080,Tier-1,Tier-2,2026-03-11T06:42:15.744881,investigated_and_resolved
CAS-CSE-BANK-02-0004155,Tier-1,Tier-2,2026-03-14T04:01:01.842389,investigated_and_resolved
CAS-CSE-BANK-02-0004164,Tier-1,Tier-2,2026-03-14T11:04:12.901289,investigated_and_resolved
CAS-CSE-BANK-02-0004171,Tier-1,Tier-2,2026-03-14T15:32:42.141461,investigated_and_resolved
CAS-CSE-BANK-02-0004172,Tier-1,Tier-2,2026-03-14T15:24:58.931890,investigated_and_resolved
CAS-CSE-BANK-02-0004211,Tier-1,Tier-2,2026-03-16T01:10:52.620156,investigated_and_resolved
CAS-CSE-BANK-02-0004220,Tier-1,Tier-2,2026-03-16T10:27:20.674763,investigated_and_resolved
CAS-CSE-BANK-02-0004221,Tier-1,Tier-2,2026-03-16T12:25:08.429009,investigated_and_resolved
CAS-CSE-BANK-02-0004238,Tier-1,Tier-2,2026-03-17T06:42:23.573379,investigated_and_resolved
CAS-CSE-BANK-02-0004254,Tier-1,Tier-2,2026-03-17T17:54:09.568991,investigated_and_resolved
CAS-CSE-BANK-02-0004259,Tier-1,Tier-2,2026-03-17T21:20:53.326959,investigated_and_resolved
CAS-CSE-BANK-02-0004282,Tier-1,Tier-2,2026-03-18T18:50:33.125156,investigated_and_resolved
CAS-CSE-BANK-02-0004301,Tier-1,Tier-2,2026-03-19T09:30:38.773665,investigated_and_resolved
CAS-CSE-BANK-02-0004305,Tier-1,Tier-2,2026-03-19T11:43:33.509661,investigated_and_resolved
CAS-CSE-BANK-02-0004309,Tier-1,Tier-2,2026-03-19T16:03:40.180862,investigated_and_resolved
CAS-CSE-BANK-02-0004325,Tier-1,Tier-2,2026-03-20T04:34:39.782397,investigated_and_resolved
CAS-CSE-BANK-02-0004360,Tier-1,Tier-2,2026-03-21T10:48:54.486026,investigated_and_resolved
CAS-CSE-BANK-02-0004364,Tier-1,Tier-2,2026-03-21T15:30:11.824769,investigated_and_resolved
CAS-CSE-BANK-02-0004370,Tier-1,Tier-2,2026-03-21T21:00:05.165642,investigated_and_resolved
CAS-CSE-BANK-02-0004391,Tier-1,Tier-2,2026-03-22T15:37:23.463894,investigated_and_resolved
CAS-CSE-BANK-02-0004402,Tier-1,Tier-2,2026-03-23T01:56:16.804616,investigated_and_resolved
CAS-CSE-BANK-02-0004438,Tier-1,Tier-2,2026-03-24T05:26:47.505423,investigated_and_resolved
CAS-CSE-BANK-02-0004443,Tier-1,Tier-2,2026-03-24T08:25:37.952781,investigated_and_resolved
CAS-CSE-BANK-02-0004448,Tier-1,Tier-2,2026-03-24T10:24:39.257458,investigated_and_resolved
CAS-CSE-BANK-02-0004471,Tier-1,Tier-2,2026-03-25T11:40:22.493072,investigated_and_resolved
CAS-CSE-BANK-02-0004474,Tier-1,Tier-2,2026-03-25T14:19:38.374506,investigated_and_resolved
CAS-CSE-BANK-02-0004506,Tier-1,Tier-2,2026-03-27T05:07:22.544624,investigated_and_resolved
CAS-CSE-BANK-02-0004510,Tier-1,Tier-2,2026-03-27T06:25:41.183135,investigated_and_resolved
CAS-CSE-BANK-02-0004521,Tier-1,Tier-2,2026-03-27T14:25:06.789375,investigated_and_resolved
CAS-CSE-BANK-02-0004526,Tier-1,Tier-2,2026-03-27T15:36:21.646157,investigated_and_resolved
CAS-CSE-BANK-02-0004558,Tier-1,Tier-2,2026-03-28T21:48:43.437655,investigated_and_resolved
CAS-CSE-BANK-02-0004562,Tier-1,Tier-2,2026-03-29T00:18:03.521029,investigated_and_resolved
CAS-CSE-BANK-02-0004573,Tier-1,Tier-2,2026-03-29T13:24:17.293067,investigated_and_resolved
CAS-CSE-BANK-02-0004581,Tier-1,Tier-2,2026-03-29T19:26:33.935366,investigated_and_resolved
CAS-CSE-BANK-02-0004592,Tier-1,Tier-2,2026-03-30T06:31:50.112292,investigated_and_resolved
CAS-CSE-BANK-02-0004601,Tier-1,Tier-2,2026-03-30T20:05:58.528054,investigated_and_resolved
CAS-CSE-BANK-02-0004603,Tier-1,Tier-2,2026-03-30T20:13:58.763726,investigated_and_resolved
CAS-CSE-BANK-02-0004612,Tier-1,Tier-2,2026-03-31T04:37:31.641548,investigated_and_resolved
CAS-CSE-BANK-02-0004632,Tier-1,Tier-2,2026-03-31T23:38:31.374594,investigated_and_resolved
CAS-CSE-BANK-02-0004636,Tier-1,Tier-2,2026-04-01T07:56:56.103718,investigated_and_resolved
CAS-CSE-BANK-02-0004665,Tier-1,Tier-2,2026-04-02T17:59:40.712737,investigated_and_resolved
CAS-CSE-BANK-02-0004686,Tier-1,Tier-2,2026-04-03T11:53:34.247430,investigated_and_resolved
CAS-CSE-BANK-02-0004690,Tier-1,Tier-2,2026-04-03T20:07:06.200479,investigated_and_resolved
CAS-CSE-BANK-02-0004694,Tier-1,Tier-2,2026-04-04T01:58:41.568143,investigated_and_resolved
CAS-CSE-BANK-02-0004708,Tier-1,Tier-2,2026-04-04T20:28:24.654521,investigated_and_resolved
CAS-CSE-BANK-02-0004729,Tier-1,Tier-2,2026-04-05T13:35:46.002775,investigated_and_resolved
CAS-CSE-BANK-02-0004746,Tier-1,Tier-2,2026-04-06T03:11:56.388995,investigated_and_resolved
CAS-CSE-BANK-02-0004747,Tier-1,Tier-2,2026-04-06T03:15:50.065552,investigated_and_resolved
CAS-CSE-BANK-02-0004810,Tier-1,Tier-2,2026-04-08T22:49:19.334168,investigated_and_resolved
CAS-CSE-BANK-02-0004811,Tier-1,Tier-2,2026-04-08T23:23:03.726278,investigated_and_resolved
CAS-CSE-BANK-02-0004824,Tier-1,Tier-2,2026-04-09T04:06:22.622599,investigated_and_resolved
CAS-CSE-BANK-02-0004831,Tier-1,Tier-2,2026-04-09T11:30:49.563036,investigated_and_resolved
CAS-CSE-BANK-02-0004840,Tier-1,Tier-2,2026-04-09T19:51:04.506148,investigated_and_resolved
CAS-CSE-BANK-02-0004858,Tier-1,Tier-2,2026-04-10T12:34:01.427222,investigated_and_resolved
CAS-CSE-BANK-02-0004859,Tier-1,Tier-2,2026-04-10T13:36:53.816031,investigated_and_resolved
CAS-CSE-BANK-02-0004868,Tier-1,Tier-2,2026-04-10T20:59:49.360580,investigated_and_resolved
CAS-CSE-BANK-02-0004898,Tier-1,Tier-2,2026-04-12T02:37:39.018394,investigated_and_resolved
CAS-CSE-BANK-02-0004909,Tier-1,Tier-2,2026-04-12T08:07:36.004933,investigated_and_resolved
CAS-CSE-BANK-02-0004913,Tier-1,Tier-2,2026-04-12T10:32:20.774069,investigated_and_resolved
CAS-CSE-BANK-02-0004938,Tier-1,Tier-2,2026-04-13T17:09:51.992945,investigated_and_resolved
CAS-CSE-BANK-02-0004941,Tier-1,Tier-2,2026-04-13T23:11:52.892329,investigated_and_resolved
CAS-CSE-BANK-02-0004950,Tier-1,Tier-2,2026-04-14T09:02:41.289421,investigated_and_resolved
CAS-CSE-BANK-02-0004956,Tier-1,Tier-2,2026-04-14T13:12:14.588662,investigated_and_resolved
CAS-CSE-BANK-02-0004965,Tier-1,Tier-2,2026-04-14T19:05:13.181959,investigated_and_resolved
CAS-CSE-BANK-02-0004985,Tier-1,Tier-2,2026-04-15T10:04:28.779987,investigated_and_resolved
CAS-CSE-BANK-02-0004988,Tier-1,Tier-2,2026-04-15T13:10:35.964844,investigated_and_resolved
CAS-CSE-BANK-02-0005005,Tier-1,Tier-2,2026-04-16T09:16:15.967212,investigated_and_resolved
CAS-CSE-BANK-02-0005024,Tier-1,Tier-2,2026-04-17T07:21:19.788761,investigated_and_resolved
CAS-CSE-BANK-02-0005029,Tier-1,Tier-2,2026-04-17T08:46:22.418377,investigated_and_resolved
CAS-CSE-BANK-02-0005052,Tier-1,Tier-2,2026-04-18T16:36:28.410921,investigated_and_resolved
CAS-CSE-BANK-02-0005054,Tier-1,Tier-2,2026-04-18T19:22:11.713686,investigated_and_resolved
CAS-CSE-BANK-02-0005063,Tier-1,Tier-2,2026-04-19T05:53:24.682799,investigated_and_resolved
CAS-CSE-BANK-02-0005112,Tier-1,Tier-2,2026-04-20T16:57:34.280722,investigated_and_resolved
CAS-CSE-BANK-02-0005121,Tier-1,Tier-2,2026-04-21T02:19:34.772562,investigated_and_resolved
CAS-CSE-BANK-02-0005131,Tier-1,Tier-2,2026-04-21T09:09:51.763039,investigated_and_resolved
CAS-CSE-BANK-02-0005155,Tier-1,Tier-2,2026-04-22T11:31:21.985881,investigated_and_resolved
CAS-CSE-BANK-02-0005157,Tier-1,Tier-2,2026-04-22T11:52:14.781091,investigated_and_resolved
CAS-CSE-BANK-02-0005161,Tier-1,Tier-2,2026-04-22T16:34:37.211352,investigated_and_resolved
CAS-CSE-BANK-02-0005162,Tier-1,Tier-2,2026-04-22T18:19:56.815054,investigated_and_resolved
CAS-CSE-BANK-02-0005175,Tier-1,Tier-2,2026-04-23T09:13:50.214346,investigated_and_resolved
CAS-CSE-BANK-02-0005179,Tier-1,Tier-2,2026-04-23T14:28:39.091676,investigated_and_resolved
CAS-CSE-BANK-02-0005226,Tier-1,Tier-2,2026-04-25T10:40:09.922509,investigated_and_resolved
CAS-CSE-BANK-02-0005229,Tier-1,Tier-2,2026-04-25T12:08:37.529941,investigated_and_resolved
CAS-CSE-BANK-02-0005255,Tier-1,Tier-2,2026-04-26T16:56:03.719981,investigated_and_resolved
CAS-CSE-BANK-02-0005259,Tier-1,Tier-2,2026-04-26T21:51:08.779403,investigated_and_resolved
CAS-CSE-BANK-02-0005270,Tier-1,Tier-2,2026-04-27T13:17:19.088743,investigated_and_resolved
CAS-CSE-BANK-02-0005306,Tier-1,Tier-2,2026-04-28T18:52:35.645475,investigated_and_resolved
CAS-CSE-BANK-02-0005310,Tier-1,Tier-2,2026-04-28T20:46:30.178846,investigated_and_resolved
CAS-CSE-BANK-02-0005314,Tier-1,Tier-2,2026-04-28T23:30:56.460682,investigated_and_resolved
CAS-CSE-BANK-02-0005323,Tier-1,Tier-2,2026-04-29T07:42:03.631465,investigated_and_resolved
CAS-CSE-BANK-02-0005328,Tier-1,Tier-2,2026-04-29T12:44:59.932162,investigated_and_resolved
CAS-CSE-BANK-02-0005341,Tier-1,Tier-2,2026-04-30T03:38:37.946473,investigated_and_resolved
CAS-CSE-BANK-02-0005349,Tier-1,Tier-2,2026-04-30T10:19:20.077404,investigated_and_resolved
CAS-CSE-BANK-02-0005358,Tier-1,Tier-2,2026-05-01T01:02:06.145399,investigated_and_resolved
CAS-CSE-BANK-02-0005368,Tier-1,Tier-2,2026-05-01T13:11:07.869345,investigated_and_resolved
CAS-CSE-BANK-02-0005369,Tier-1,Tier-2,2026-05-01T13:54:05.950136,investigated_and_resolved
CAS-CSE-BANK-02-0005373,Tier-1,Tier-2,2026-05-01T18:46:47.926435,investigated_and_resolved
CAS-CSE-BANK-02-0005382,Tier-1,Tier-2,2026-05-02T01:29:19.744754,investigated_and_resolved
CAS-CSE-BANK-02-0005402,Tier-1,Tier-2,2026-05-03T01:40:08.983075,investigated_and_resolved
CAS-CSE-BANK-02-0005406,Tier-1,Tier-2,2026-05-03T06:11:35.081654,investigated_and_resolved
CAS-CSE-BANK-02-0005431,Tier-1,Tier-2,2026-05-04T03:31:50.202520,investigated_and_resolved
CAS-CSE-BANK-02-0005438,Tier-1,Tier-2,2026-05-04T14:18:19.312955,investigated_and_resolved
CAS-CSE-BANK-02-0005439,Tier-1,Tier-2,2026-05-04T14:23:13.864343,investigated_and_resolved
CAS-CSE-BANK-02-0005443,Tier-1,Tier-2,2026-05-04T20:02:46.835675,investigated_and_resolved
CAS-CSE-BANK-02-0005456,Tier-1,Tier-2,2026-05-05T12:39:33.362925,investigated_and_resolved
CAS-CSE-BANK-02-0005477,Tier-1,Tier-2,2026-05-06T07:28:57.650025,investigated_and_resolved
CAS-CSE-BANK-02-0005491,Tier-1,Tier-2,2026-05-07T02:23:30.014703,investigated_and_resolved
CAS-CSE-BANK-02-0005492,Tier-1,Tier-2,2026-05-07T03:33:48.574151,investigated_and_resolved
CAS-CSE-BANK-02-0005493,Tier-1,Tier-2,2026-05-07T04:05:18.679266,investigated_and_resolved
CAS-CSE-BANK-02-0005525,Tier-1,Tier-2,2026-05-08T06:20:59.998465,investigated_and_resolved
CAS-CSE-BANK-02-0005547,Tier-1,Tier-2,2026-05-09T05:40:17.372644,investigated_and_resolved
CAS-CSE-BANK-02-0005572,Tier-1,Tier-2,2026-05-10T07:04:03.427192,investigated_and_resolved
CAS-CSE-BANK-02-0005582,Tier-1,Tier-2,2026-05-10T15:15:30.158632,investigated_and_resolved
CAS-CSE-BANK-02-0005602,Tier-1,Tier-2,2026-05-11T10:46:52.568864,investigated_and_resolved
CAS-CSE-BANK-02-0005634,Tier-1,Tier-2,2026-05-12T09:10:38.956968,investigated_and_resolved
CAS-CSE-BANK-02-0005637,Tier-1,Tier-2,2026-05-12T10:22:20.465667,investigated_and_resolved
CAS-CSE-BANK-02-0005649,Tier-1,Tier-2,2026-05-12T23:23:40.577931,investigated_and_resolved
CAS-CSE-BANK-02-0005650,Tier-1,Tier-2,2026-05-12T22:34:56.288441,investigated_and_resolved
CAS-CSE-BANK-02-0005651,Tier-1,Tier-2,2026-05-12T22:57:16.302519,investigated_and_resolved
CAS-CSE-BANK-02-0005664,Tier-1,Tier-2,2026-05-13T13:33:32.193116,investigated_and_resolved
CAS-CSE-BANK-02-0005684,Tier-1,Tier-2,2026-05-14T03:53:03.863441,investigated_and_resolved
CAS-CSE-BANK-02-0005693,Tier-1,Tier-2,2026-05-14T07:37:00.315149,investigated_and_resolved
CAS-CSE-BANK-02-0005696,Tier-1,Tier-2,2026-05-14T09:30:29.457272,investigated_and_resolved
CAS-CSE-BANK-02-0005713,Tier-1,Tier-2,2026-05-14T23:40:19.523320,investigated_and_resolved
CAS-CSE-BANK-02-0005747,Tier-1,Tier-2,2026-05-16T10:13:38.977550,investigated_and_resolved
CAS-CSE-BANK-02-0005763,Tier-1,Tier-2,2026-05-17T02:44:59.143744,investigated_and_resolved
CAS-CSE-BANK-02-0005767,Tier-1,Tier-2,2026-05-17T07:31:21.266655,investigated_and_resolved
CAS-CSE-BANK-02-0005768,Tier-1,Tier-2,2026-05-17T07:30:59.638757,investigated_and_resolved
CAS-CSE-BANK-02-0005772,Tier-1,Tier-2,2026-05-17T10:14:23.748925,investigated_and_resolved
CAS-CSE-BANK-02-0005773,Tier-1,Tier-2,2026-05-17T11:58:15.779619,investigated_and_resolved
CAS-CSE-BANK-02-0005816,Tier-1,Tier-2,2026-05-19T05:43:11.153617,investigated_and_resolved
CAS-CSE-BANK-02-0005846,Tier-1,Tier-2,2026-05-20T06:40:31.429022,investigated_and_resolved
CAS-CSE-BANK-02-0005897,Tier-1,Tier-2,2026-05-22T06:30:34.821853,investigated_and_resolved
CAS-CSE-BANK-02-0005907,Tier-1,Tier-2,2026-05-22T17:30:48.111710,investigated_and_resolved
CAS-CSE-BANK-02-0005924,Tier-1,Tier-2,2026-05-23T13:33:43.254048,investigated_and_resolved
CAS-CSE-BANK-02-0005962,Tier-1,Tier-2,2026-05-25T08:12:26.255282,investigated_and_resolved
CAS-CSE-BANK-02-0005969,Tier-1,Tier-2,2026-05-25T16:51:33.244929,investigated_and_resolved
CAS-CSE-BANK-02-0005984,Tier-1,Tier-2,2026-05-26T03:30:05.985405,investigated_and_resolved
CAS-CSE-BANK-02-0005993,Tier-1,Tier-2,2026-05-26T11:14:44.213757,investigated_and_resolved
CAS-CSE-BANK-02-0005999,Tier-1,Tier-2,2026-05-26T18:12:58.928143,investigated_and_resolved
CAS-CSE-BANK-02-0006013,Tier-1,Tier-2,2026-05-27T12:20:54.053277,investigated_and_resolved
CAS-CSE-BANK-02-0006023,Tier-1,Tier-2,2026-05-27T22:00:58.587261,investigated_and_resolved
CAS-CSE-BANK-02-0006041,Tier-1,Tier-2,2026-05-28T11:48:43.375412,investigated_and_resolved
CAS-CSE-BANK-02-0006052,Tier-1,Tier-2,2026-05-29T03:13:38.906422,investigated_and_resolved
CAS-CSE-BANK-02-0006053,Tier-1,Tier-2,2026-05-29T04:06:01.506741,investigated_and_resolved
CAS-CSE-BANK-02-0006058,Tier-1,Tier-2,2026-05-29T07:59:34.545935,investigated_and_resolved
CAS-CSE-BANK-02-0006073,Tier-1,Tier-2,2026-05-30T01:27:52.443697,investigated_and_resolved
CAS-CSE-BANK-02-0006094,Tier-1,Tier-2,2026-05-30T19:46:58.250161,investigated_and_resolved
CAS-CSE-BANK-02-0006096,Tier-1,Tier-2,2026-05-30T21:48:31.623793,investigated_and_resolved
CAS-CSE-BANK-02-0006101,Tier-1,Tier-2,2026-05-31T00:18:33.594872,investigated_and_resolved
CAS-CSE-BANK-02-0006111,Tier-1,Tier-2,2026-05-31T08:57:30.589870,investigated_and_resolved
CAS-CSE-BANK-02-0006133,Tier-1,Tier-2,2026-06-01T07:27:07.513963,investigated_and_resolved
CAS-CSE-BANK-02-0006137,Tier-1,Tier-2,2026-06-01T11:04:59.102047,investigated_and_resolved
CAS-CSE-BANK-02-0006149,Tier-1,Tier-2,2026-06-01T19:44:09.647513,investigated_and_resolved
CAS-CSE-BANK-02-0006154,Tier-1,Tier-2,2026-06-02T02:16:21.176894,investigated_and_resolved
CAS-CSE-BANK-02-0006166,Tier-1,Tier-2,2026-06-02T11:19:15.281575,investigated_and_resolved
CAS-CSE-BANK-02-0006170,Tier-1,Tier-2,2026-06-02T11:41:30.854969,investigated_and_resolved
CAS-CSE-BANK-02-0006175,Tier-1,Tier-2,2026-06-02T14:47:14.695958,investigated_and_resolved
CAS-CSE-BANK-02-0006176,Tier-1,Tier-2,2026-06-02T16:24:06.459765,investigated_and_resolved
CAS-CSE-BANK-02-0006189,Tier-1,Tier-2,2026-06-03T00:58:26.820341,investigated_and_resolved
CAS-CSE-BANK-02-0006204,Tier-1,Tier-2,2026-06-03T13:16:08.146351,investigated_and_resolved
CAS-CSE-BANK-02-0006209,Tier-1,Tier-2,2026-06-03T19:18:00.590908,investigated_and_resolved
CAS-CSE-BANK-02-0006218,Tier-1,Tier-2,2026-06-03T23:23:49.840419,investigated_and_resolved
CAS-CSE-BANK-02-0006226,Tier-1,Tier-2,2026-06-04T08:59:27.457101,investigated_and_resolved
CAS-CSE-BANK-02-0006229,Tier-1,Tier-2,2026-06-04T12:23:28.988786,investigated_and_resolved
CAS-CSE-BANK-02-0006247,Tier-1,Tier-2,2026-06-05T05:26:16.493774,investigated_and_resolved
CAS-CSE-BANK-02-0006265,Tier-1,Tier-2,2026-06-05T23:03:14.216886,investigated_and_resolved
CAS-CSE-BANK-02-0006270,Tier-1,Tier-2,2026-06-06T03:32:44.118944,investigated_and_resolved
CAS-CSE-BANK-02-0006275,Tier-1,Tier-2,2026-06-06T06:52:04.223730,investigated_and_resolved
CAS-CSE-BANK-02-0006280,Tier-1,Tier-2,2026-06-06T10:21:34.318187,investigated_and_resolved
CAS-CSE-BANK-02-0006289,Tier-1,Tier-2,2026-06-06T15:51:48.361814,investigated_and_resolved
CAS-CSE-BANK-02-0006317,Tier-1,Tier-2,2026-06-07T17:29:43.032206,investigated_and_resolved
CAS-CSE-BANK-02-0006318,Tier-1,Tier-2,2026-06-07T17:33:13.177855,investigated_and_resolved
CAS-CSE-BANK-02-0006341,Tier-1,Tier-2,2026-06-08T16:34:01.025241,investigated_and_resolved
CAS-CSE-BANK-02-0006345,Tier-1,Tier-2,2026-06-08T17:39:32.671379,investigated_and_resolved
CAS-CSE-BANK-02-0006374,Tier-1,Tier-2,2026-06-10T10:16:44.243390,investigated_and_resolved
CAS-CSE-BANK-02-0006376,Tier-1,Tier-2,2026-06-10T12:20:33.418549,investigated_and_resolved
CAS-CSE-BANK-02-0006434,Tier-1,Tier-2,2026-06-12T15:45:57.715971,investigated_and_resolved
CAS-CSE-BANK-02-0006439,Tier-1,Tier-2,2026-06-12T22:22:52.035023,investigated_and_resolved
CAS-CSE-BANK-02-0006451,Tier-1,Tier-2,2026-06-13T05:15:08.053544,investigated_and_resolved
CAS-CSE-BANK-02-0006453,Tier-1,Tier-2,2026-06-13T07:46:37.076902,investigated_and_resolved
CAS-CSE-BANK-02-0006486,Tier-1,Tier-2,2026-06-14T18:09:54.703422,investigated_and_resolved
CAS-CSE-BANK-02-0006489,Tier-1,Tier-2,2026-06-14T20:03:33.293663,investigated_and_resolved
CAS-CSE-BANK-02-0006501,Tier-1,Tier-2,2026-06-15T09:51:12.165643,investigated_and_resolved
CAS-CSE-BANK-02-0006506,Tier-1,Tier-2,2026-06-15T13:01:43.633480,investigated_and_resolved
CAS-CSE-BANK-02-0006561,Tier-1,Tier-2,2026-06-17T07:04:21.266345,investigated_and_resolved
CAS-CSE-BANK-02-0006590,Tier-1,Tier-2,2026-06-18T05:32:48.357012,investigated_and_resolved
CAS-CSE-BANK-02-0006591,Tier-1,Tier-2,2026-06-18T05:57:18.213251,investigated_and_resolved
CAS-CSE-BANK-02-0006606,Tier-1,Tier-2,2026-06-18T14:04:49.457403,investigated_and_resolved
CAS-CSE-BANK-02-0006607,Tier-1,Tier-2,2026-06-18T17:38:22.003652,investigated_and_resolved
CAS-CSE-BANK-02-0006610,Tier-1,Tier-2,2026-06-18T19:07:47.778923,investigated_and_resolved
CAS-CSE-BANK-02-0006613,Tier-1,Tier-2,2026-06-18T20:54:40.528062,investigated_and_resolved
CAS-CSE-BANK-02-0006623,Tier-1,Tier-2,2026-06-19T06:47:20.347981,investigated_and_resolved
CAS-CSE-BANK-02-0006630,Tier-1,Tier-2,2026-06-19T13:42:26.311488,investigated_and_resolved
CAS-CSE-BANK-02-0006634,Tier-1,Tier-2,2026-06-19T15:20:09.796080,investigated_and_resolved
CAS-CSE-BANK-02-0006677,Tier-1,Tier-2,2026-06-21T10:58:15.988790,investigated_and_resolved
CAS-CSE-BANK-02-0006682,Tier-1,Tier-2,2026-06-21T14:31:20.252410,investigated_and_resolved
CAS-CSE-BANK-02-0006688,Tier-1,Tier-2,2026-06-21T20:12:13.192881,investigated_and_resolved
CAS-CSE-BANK-02-0006701,Tier-1,Tier-2,2026-06-22T17:13:14.229086,investigated_and_resolved
CAS-CSE-BANK-02-0006702,Tier-1,Tier-2,2026-06-22T17:54:48.124275,investigated_and_resolved
CAS-CSE-BANK-02-0006709,Tier-1,Tier-2,2026-06-23T00:12:56.791750,investigated_and_resolved
CAS-CSE-BANK-02-0006723,Tier-1,Tier-2,2026-06-23T08:49:36.155824,investigated_and_resolved
CAS-CSE-BANK-02-0006747,Tier-1,Tier-2,2026-06-24T03:36:04.147831,investigated_and_resolved
CAS-CSE-BANK-02-0006748,Tier-1,Tier-2,2026-06-24T03:36:04.272864,investigated_and_resolved
CAS-CSE-BANK-02-0006760,Tier-1,Tier-2,2026-06-24T19:24:07.549038,investigated_and_resolved
CAS-CSE-BANK-02-0006778,Tier-1,Tier-2,2026-06-25T21:09:44.853343,investigated_and_resolved
CAS-CSE-BANK-02-0006809,Tier-1,Tier-2,2026-06-27T03:59:26.692530,investigated_and_resolved
CAS-CSE-BANK-02-0006826,Tier-1,Tier-2,2026-06-27T21:57:19.203268,investigated_and_resolved
CAS-CSE-BANK-02-0006829,Tier-1,Tier-2,2026-06-27T23:53:42.501034,investigated_and_resolved
CAS-CSE-BANK-02-0006883,Tier-1,Tier-2,2026-06-30T07:14:42.213567,investigated_and_resolved
CAS-CSE-BANK-02-0006887,Tier-1,Tier-2,2026-06-30T12:02:15.297521,investigated_and_resolved
CAS-CSE-BANK-02-0006914,Tier-1,Tier-2,2026-07-01T17:01:21.339360,investigated_and_resolved
CAS-CSE-BANK-02-0006928,Tier-1,Tier-2,2026-07-02T07:53:07.210127,investigated_and_resolved
CAS-CSE-BANK-02-0006951,Tier-1,Tier-2,2026-07-03T04:40:24.563982,investigated_and_resolved
CAS-CSE-BANK-02-0006954,Tier-1,Tier-2,2026-07-03T06:50:44.763755,investigated_and_resolved
CAS-CSE-BANK-02-0006966,Tier-1,Tier-2,2026-07-03T14:22:51.341437,investigated_and_resolved
CAS-CSE-BANK-02-0006968,Tier-1,Tier-2,2026-07-03T15:39:37.681551,investigated_and_resolved
CAS-CSE-BANK-02-0006975,Tier-1,Tier-2,2026-07-03T23:44:51.678957,investigated_and_resolved
CAS-CSE-BANK-02-0006996,Tier-1,Tier-2,2026-07-04T19:45:29.686420,investigated_and_resolved
CAS-CSE-BANK-02-0007004,Tier-1,Tier-2,2026-07-05T02:44:14.477210,investigated_and_resolved
CAS-CSE-BANK-02-0007014,Tier-1,Tier-2,2026-07-05T06:09:02.742986,investigated_and_resolved
CAS-CSE-BANK-02-0007019,Tier-1,Tier-2,2026-07-05T09:30:09.692978,investigated_and_resolved
CAS-CSE-BANK-02-0007034,Tier-1,Tier-2,2026-07-06T01:31:36.434629,investigated_and_resolved
CAS-CSE-BANK-02-0007054,Tier-1,Tier-2,2026-07-06T23:01:15.020146,investigated_and_resolved
CAS-CSE-BANK-02-0007076,Tier-1,Tier-2,2026-07-07T20:19:02.018145,investigated_and_resolved
CAS-CSE-BANK-02-0007104,Tier-1,Tier-2,2026-07-09T07:52:51.229888,investigated_and_resolved
CAS-CSE-BANK-02-0007116,Tier-1,Tier-2,2026-07-09T16:10:03.207322,investigated_and_resolved
CAS-CSE-BANK-02-0007122,Tier-1,Tier-2,2026-07-09T20:29:51.049387,investigated_and_resolved
CAS-CSE-BANK-02-0007125,Tier-1,Tier-2,2026-07-09T21:57:31.492114,investigated_and_resolved
CAS-CSE-BANK-02-0007131,Tier-1,Tier-2,2026-07-10T03:18:00.507185,investigated_and_resolved
CAS-CSE-BANK-02-0007143,Tier-1,Tier-2,2026-07-10T13:26:51.585339,investigated_and_resolved
CAS-CSE-BANK-02-0007144,Tier-1,Tier-2,2026-07-10T13:18:58.590096,investigated_and_resolved
CAS-CSE-BANK-02-0007152,Tier-1,Tier-2,2026-07-10T17:30:36.987964,investigated_and_resolved
CAS-CSE-BANK-02-0007166,Tier-1,Tier-2,2026-07-11T12:58:23.303742,investigated_and_resolved
CAS-CSE-BANK-02-0007185,Tier-1,Tier-2,2026-07-12T03:14:04.472966,investigated_and_resolved
CAS-CSE-BANK-02-0007197,Tier-1,Tier-2,2026-07-12T10:49:41.919883,investigated_and_resolved
CAS-CSE-BANK-02-0007213,Tier-1,Tier-2,2026-07-12T23:45:17.516262,investigated_and_resolved
CAS-CSE-BANK-02-0007221,Tier-1,Tier-2,2026-07-13T09:31:26.257056,investigated_and_resolved
CAS-CSE-BANK-02-0007238,Tier-1,Tier-2,2026-07-14T00:47:19.636856,investigated_and_resolved
CAS-CSE-BANK-02-0007242,Tier-1,Tier-2,2026-07-14T05:52:43.573164,investigated_and_resolved
CAS-CSE-BANK-02-0007292,Tier-1,Tier-2,2026-07-16T12:03:30.308382,investigated_and_resolved
CAS-CSE-BANK-02-0007311,Tier-1,Tier-2,2026-07-17T13:18:01.378755,investigated_and_resolved
CAS-CSE-BANK-02-0007330,Tier-1,Tier-2,2026-07-18T08:00:41.663309,investigated_and_resolved
CAS-CSE-BANK-02-0007337,Tier-1,Tier-2,2026-07-18T14:10:37.642146,investigated_and_resolved
CAS-CSE-BANK-02-0007344,Tier-1,Tier-2,2026-07-18T20:07:12.995094,investigated_and_resolved
CAS-CSE-BANK-02-0007382,Tier-1,Tier-2,2026-07-20T08:31:16.730169,investigated_and_resolved
CAS-CSE-BANK-02-0007399,Tier-1,Tier-2,2026-07-21T00:25:20.743696,investigated_and_resolved
CAS-CSE-BANK-02-0007409,Tier-1,Tier-2,2026-07-21T08:58:42.613197,investigated_and_resolved
CAS-CSE-BANK-02-0007463,Tier-1,Tier-2,2026-07-23T09:37:36.658410,investigated_and_resolved
CAS-CSE-BANK-02-0007473,Tier-1,Tier-2,2026-07-23T19:32:56.297613,investigated_and_resolved
CAS-CSE-BANK-02-0007498,Tier-1,Tier-2,2026-07-25T03:29:19.815180,investigated_and_resolved
CAS-CSE-BANK-02-0007536,Tier-1,Tier-2,2026-07-27T16:42:33.299965,investigated_and_resolved
CAS-CSE-BANK-02-0007576,Tier-1,Tier-2,2026-07-29T09:45:17.039285,investigated_and_resolved
CAS-CSE-BANK-02-0007589,Tier-1,Tier-2,2026-07-29T21:35:55.029337,investigated_and_resolved
CAS-CSE-BANK-02-0007610,Tier-1,Tier-2,2026-07-30T18:30:50.590424,investigated_and_resolved
CAS-CSE-BANK-02-0007619,Tier-1,Tier-2,2026-07-31T04:14:11.953491,investigated_and_resolved
CAS-CSE-BANK-02-0007643,Tier-1,Tier-2,2026-08-01T03:11:20.883738,investigated_and_resolved
CAS-CSE-BANK-02-0007670,Tier-1,Tier-2,2026-08-02T09:34:17.532644,investigated_and_resolved
CAS-CSE-BANK-02-0007676,Tier-1,Tier-2,2026-08-02T15:21:04.508121,investigated_and_resolved
CAS-CSE-BANK-02-0007693,Tier-1,Tier-2,2026-08-03T02:41:58.238189,investigated_and_resolved
CAS-CSE-BANK-02-0007717,Tier-1,Tier-2,2026-08-03T23:00:48.673072,investigated_and_resolved
CAS-CSE-BANK-02-0007753,Tier-1,Tier-2,2026-08-05T16:34:56.354628,investigated_and_resolved
CAS-CSE-BANK-02-0007784,Tier-1,Tier-2,2026-08-06T19:23:33.316125,investigated_and_resolved
CAS-CSE-BANK-02-0007788,Tier-1,Tier-2,2026-08-06T21:29:04.868864,investigated_and_resolved
CAS-CSE-BANK-02-0007790,Tier-1,Tier-2,2026-08-07T03:54:32.299488,investigated_and_resolved
CAS-CSE-BANK-02-0007807,Tier-1,Tier-2,2026-08-07T22:01:17.364200,investigated_and_resolved
CAS-CSE-BANK-02-0007818,Tier-1,Tier-2,2026-08-08T04:55:47.970900,investigated_and_resolved
CAS-CSE-BANK-02-0007824,Tier-1,Tier-2,2026-08-08T14:11:33.947200,investigated_and_resolved
CAS-CSE-BANK-02-0007834,Tier-1,Tier-2,2026-08-08T20:37:33.665533,investigated_and_resolved
CAS-CSE-BANK-02-0007837,Tier-1,Tier-2,2026-08-08T23:49:43.119170,investigated_and_resolved
CAS-CSE-BANK-02-0007838,Tier-1,Tier-2,2026-08-09T00:23:16.783623,investigated_and_resolved
CAS-CSE-BANK-02-0007846,Tier-1,Tier-2,2026-08-09T06:48:13.855462,investigated_and_resolved
CAS-CSE-BANK-02-0007850,Tier-1,Tier-2,2026-08-09T07:40:57.101797,investigated_and_resolved
CAS-CSE-BANK-02-0007857,Tier-1,Tier-2,2026-08-09T15:20:47.583602,investigated_and_resolved
CAS-CSE-BANK-02-0007867,Tier-1,Tier-2,2026-08-09T22:38:29.387870,investigated_and_resolved
CAS-CSE-BANK-02-0007868,Tier-1,Tier-2,2026-08-09T23:37:57.697221,investigated_and_resolved
CAS-CSE-BANK-02-0007869,Tier-1,Tier-2,2026-08-10T03:25:58.601280,investigated_and_resolved
CAS-CSE-BANK-02-0007888,Tier-1,Tier-2,2026-08-10T20:42:45.044280,investigated_and_resolved
CAS-CSE-BANK-02-0007912,Tier-1,Tier-2,2026-08-11T13:16:07.814371,investigated_and_resolved
CAS-CSE-BANK-02-0007913,Tier-1,Tier-2,2026-08-11T13:45:32.170653,investigated_and_resolved
CAS-CSE-BANK-02-0007915,Tier-1,Tier-2,2026-08-11T15:07:48.855393,investigated_and_resolved
CAS-CSE-BANK-02-0007920,Tier-1,Tier-2,2026-08-11T17:48:38.120718,investigated_and_resolved
CAS-CSE-BANK-02-0007958,Tier-1,Tier-2,2026-08-13T05:31:44.349423,investigated_and_resolved
CAS-CSE-BANK-02-0007970,Tier-1,Tier-2,2026-08-13T16:05:45.128410,investigated_and_resolved
CAS-CSE-BANK-02-0007980,Tier-1,Tier-2,2026-08-14T03:06:59.966649,investigated_and_resolved
CAS-CSE-BANK-02-0007999,Tier-1,Tier-2,2026-08-14T18:21:13.089923,investigated_and_resolved
CAS-CSE-BANK-02-0008024,Tier-1,Tier-2,2026-08-15T11:46:05.494397,investigated_and_resolved
CAS-CSE-BANK-02-0008068,Tier-1,Tier-2,2026-08-17T04:53:06.802806,investigated_and_resolved
CAS-CSE-BANK-02-0008070,Tier-1,Tier-2,2026-08-17T06:22:41.815634,investigated_and_resolved
CAS-CSE-BANK-02-0008080,Tier-1,Tier-2,2026-08-17T11:42:30.311034,investigated_and_resolved
CAS-CSE-BANK-02-0008082,Tier-1,Tier-2,2026-08-17T15:11:26.108493,investigated_and_resolved
CAS-CSE-BANK-02-0008085,Tier-1,Tier-2,2026-08-17T18:34:10.819089,investigated_and_resolved
CAS-CSE-BANK-02-0008089,Tier-1,Tier-2,2026-08-17T22:33:30.929171,investigated_and_resolved
CAS-CSE-BANK-02-0008091,Tier-1,Tier-2,2026-08-17T23:26:42.272428,investigated_and_resolved
CAS-CSE-BANK-02-0008105,Tier-1,Tier-2,2026-08-18T08:10:51.812541,investigated_and_resolved
CAS-CSE-BANK-02-0008126,Tier-1,Tier-2,2026-08-19T02:58:14.806176,investigated_and_resolved
CAS-CSE-BANK-02-0008139,Tier-1,Tier-2,2026-08-19T20:52:45.087831,investigated_and_resolved
CAS-CSE-BANK-02-0008157,Tier-1,Tier-2,2026-08-20T16:06:31.297139,investigated_and_resolved
CAS-CSE-BANK-02-0008192,Tier-1,Tier-2,2026-08-21T19:49:26.543812,investigated_and_resolved
CAS-CSE-BANK-02-0008197,Tier-1,Tier-2,2026-08-22T00:11:56.692085,investigated_and_resolved
CAS-CSE-BANK-02-0008206,Tier-1,Tier-2,2026-08-22T08:59:41.615584,investigated_and_resolved
CAS-CSE-BANK-02-0008211,Tier-1,Tier-2,2026-08-22T13:14:01.722593,investigated_and_resolved
CAS-CSE-BANK-02-0008231,Tier-1,Tier-2,2026-08-23T16:55:31.828977,investigated_and_resolved
CAS-CSE-BANK-02-0008266,Tier-1,Tier-2,2026-08-25T04:53:25.615674,investigated_and_resolved
CAS-CSE-BANK-02-0008286,Tier-1,Tier-2,2026-08-26T07:37:35.940981,investigated_and_resolved
CAS-CSE-BANK-02-0008292,Tier-1,Tier-2,2026-08-26T14:27:39.041493,investigated_and_resolved
CAS-CSE-BANK-03-0008336,Tier-1,Tier-2,2026-03-01T16:08:16.271133,investigated_and_resolved
CAS-CSE-BANK-03-0008346,Tier-1,Tier-2,2026-03-02T09:45:17.616227,investigated_and_resolved
CAS-CSE-BANK-03-0008347,Tier-1,Tier-2,2026-03-02T09:58:28.069282,investigated_and_resolved
CAS-CSE-BANK-03-0008349,Tier-1,Tier-2,2026-03-02T13:18:37.535876,investigated_and_resolved
CAS-CSE-BANK-03-0008352,Tier-1,Tier-2,2026-03-02T17:53:50.612899,investigated_and_resolved
CAS-CSE-BANK-03-0008358,Tier-1,Tier-2,2026-03-02T20:30:30.510442,investigated_and_resolved
CAS-CSE-BANK-03-0008366,Tier-1,Tier-2,2026-03-03T09:55:14.082803,investigated_and_resolved
CAS-CSE-BANK-03-0008367,Tier-1,Tier-2,2026-03-03T09:16:31.599292,investigated_and_resolved
CAS-CSE-BANK-03-0008377,Tier-1,Tier-2,2026-03-03T16:36:33.231126,investigated_and_resolved
CAS-CSE-BANK-03-0008381,Tier-1,Tier-2,2026-03-04T03:59:21.720604,investigated_and_resolved
CAS-CSE-BANK-03-0008383,Tier-1,Tier-2,2026-03-04T04:13:57.353754,investigated_and_resolved
CAS-CSE-BANK-03-0008386,Tier-1,Tier-2,2026-03-04T04:43:05.037349,investigated_and_resolved
CAS-CSE-BANK-03-0008401,Tier-1,Tier-2,2026-03-05T04:58:42.422208,investigated_and_resolved
CAS-CSE-BANK-03-0008404,Tier-1,Tier-2,2026-03-05T08:44:08.105887,investigated_and_resolved
CAS-CSE-BANK-03-0008430,Tier-1,Tier-2,2026-03-07T16:54:03.403813,investigated_and_resolved
CAS-CSE-BANK-03-0008431,Tier-1,Tier-2,2026-03-07T18:50:59.062973,investigated_and_resolved
CAS-CSE-BANK-03-0008443,Tier-1,Tier-2,2026-03-08T08:56:38.597444,investigated_and_resolved
CAS-CSE-BANK-03-0008456,Tier-1,Tier-2,2026-03-08T23:17:36.076961,investigated_and_resolved
CAS-CSE-BANK-03-0008461,Tier-1,Tier-2,2026-03-09T03:07:46.122762,investigated_and_resolved
CAS-CSE-BANK-03-0008466,Tier-1,Tier-2,2026-03-09T09:02:16.381707,investigated_and_resolved
CAS-CSE-BANK-03-0008471,Tier-1,Tier-2,2026-03-09T15:23:05.567338,investigated_and_resolved
CAS-CSE-BANK-03-0008473,Tier-1,Tier-2,2026-03-09T19:12:45.896468,investigated_and_resolved
CAS-CSE-BANK-03-0008476,Tier-1,Tier-2,2026-03-09T23:00:36.706637,investigated_and_resolved
CAS-CSE-BANK-03-0008494,Tier-1,Tier-2,2026-03-11T09:03:54.545079,investigated_and_resolved
CAS-CSE-BANK-03-0008495,Tier-1,Tier-2,2026-03-11T07:33:44.436173,investigated_and_resolved
CAS-CSE-BANK-03-0008503,Tier-1,Tier-2,2026-03-12T04:28:50.747353,investigated_and_resolved
CAS-CSE-BANK-03-0008505,Tier-1,Tier-2,2026-03-12T08:48:17.510168,investigated_and_resolved
CAS-CSE-BANK-03-0008508,Tier-1,Tier-2,2026-03-12T11:51:22.318908,investigated_and_resolved
CAS-CSE-BANK-03-0008515,Tier-1,Tier-2,2026-03-12T20:11:30.611853,investigated_and_resolved
CAS-CSE-BANK-03-0008524,Tier-1,Tier-2,2026-03-13T11:33:26.956334,investigated_and_resolved
CAS-CSE-BANK-03-0008527,Tier-1,Tier-2,2026-03-13T18:35:25.014652,investigated_and_resolved
CAS-CSE-BANK-03-0008529,Tier-1,Tier-2,2026-03-13T18:35:25.597406,investigated_and_resolved
CAS-CSE-BANK-03-0008531,Tier-1,Tier-2,2026-03-13T20:25:48.555653,investigated_and_resolved
CAS-CSE-BANK-03-0008542,Tier-1,Tier-2,2026-03-14T13:09:50.950035,investigated_and_resolved
CAS-CSE-BANK-03-0008544,Tier-1,Tier-2,2026-03-14T13:59:00.564397,investigated_and_resolved
CAS-CSE-BANK-03-0008547,Tier-1,Tier-2,2026-03-14T17:38:25.416956,investigated_and_resolved
CAS-CSE-BANK-03-0008552,Tier-1,Tier-2,2026-03-14T21:45:48.804346,investigated_and_resolved
CAS-CSE-BANK-03-0008554,Tier-1,Tier-2,2026-03-15T01:39:53.976006,investigated_and_resolved
CAS-CSE-BANK-03-0008555,Tier-1,Tier-2,2026-03-15T08:08:27.279412,investigated_and_resolved
CAS-CSE-BANK-03-0008569,Tier-1,Tier-2,2026-03-16T09:09:26.535768,investigated_and_resolved
CAS-CSE-BANK-03-0008570,Tier-1,Tier-2,2026-03-16T09:39:33.919040,investigated_and_resolved
CAS-CSE-BANK-03-0008572,Tier-1,Tier-2,2026-03-16T11:58:14.825122,investigated_and_resolved
CAS-CSE-BANK-03-0008581,Tier-1,Tier-2,2026-03-16T20:12:37.050337,investigated_and_resolved
CAS-CSE-BANK-03-0008584,Tier-1,Tier-2,2026-03-17T03:19:44.521733,investigated_and_resolved
CAS-CSE-BANK-03-0008589,Tier-1,Tier-2,2026-03-17T04:13:48.694830,investigated_and_resolved
CAS-CSE-BANK-03-0008592,Tier-1,Tier-2,2026-03-17T08:21:46.256302,investigated_and_resolved
CAS-CSE-BANK-03-0008595,Tier-1,Tier-2,2026-03-17T12:14:47.350457,investigated_and_resolved
CAS-CSE-BANK-03-0008597,Tier-1,Tier-2,2026-03-17T13:03:22.340645,investigated_and_resolved
CAS-CSE-BANK-03-0008598,Tier-1,Tier-2,2026-03-17T15:11:31.212329,investigated_and_resolved
CAS-CSE-BANK-03-0008613,Tier-1,Tier-2,2026-03-18T13:54:51.530042,investigated_and_resolved
CAS-CSE-BANK-03-0008615,Tier-1,Tier-2,2026-03-18T18:52:49.020304,investigated_and_resolved
CAS-CSE-BANK-03-0008625,Tier-1,Tier-2,2026-03-19T01:05:41.393757,investigated_and_resolved
CAS-CSE-BANK-03-0008629,Tier-1,Tier-2,2026-03-19T13:05:09.459976,investigated_and_resolved
CAS-CSE-BANK-03-0008634,Tier-1,Tier-2,2026-03-19T17:43:33.271037,investigated_and_resolved
CAS-CSE-BANK-03-0008636,Tier-1,Tier-2,2026-03-19T17:27:56.594243,investigated_and_resolved
CAS-CSE-BANK-03-0008645,Tier-1,Tier-2,2026-03-20T05:36:15.944037,investigated_and_resolved
CAS-CSE-BANK-03-0008665,Tier-1,Tier-2,2026-03-22T00:03:39.896768,investigated_and_resolved
CAS-CSE-BANK-03-0008669,Tier-1,Tier-2,2026-03-22T03:25:26.530960,investigated_and_resolved
CAS-CSE-BANK-03-0008670,Tier-1,Tier-2,2026-03-22T05:49:37.560712,investigated_and_resolved
CAS-CSE-BANK-03-0008671,Tier-1,Tier-2,2026-03-22T05:40:41.658894,investigated_and_resolved
CAS-CSE-BANK-03-0008672,Tier-1,Tier-2,2026-03-22T05:27:04.921693,investigated_and_resolved
CAS-CSE-BANK-03-0008673,Tier-1,Tier-2,2026-03-22T13:07:18.430767,investigated_and_resolved
CAS-CSE-BANK-03-0008676,Tier-1,Tier-2,2026-03-22T13:33:17.366624,investigated_and_resolved
CAS-CSE-BANK-03-0008682,Tier-1,Tier-2,2026-03-23T03:21:01.159639,investigated_and_resolved
CAS-CSE-BANK-03-0008685,Tier-1,Tier-2,2026-03-23T04:58:57.799209,investigated_and_resolved
CAS-CSE-BANK-03-0008690,Tier-1,Tier-2,2026-03-23T07:05:26.029960,investigated_and_resolved
CAS-CSE-BANK-03-0008697,Tier-1,Tier-2,2026-03-23T22:23:06.461486,investigated_and_resolved
CAS-CSE-BANK-03-0008706,Tier-1,Tier-2,2026-03-24T08:39:55.040543,investigated_and_resolved
CAS-CSE-BANK-03-0008720,Tier-1,Tier-2,2026-03-25T03:03:52.722152,investigated_and_resolved
CAS-CSE-BANK-03-0008730,Tier-1,Tier-2,2026-03-25T15:39:40.689457,investigated_and_resolved
CAS-CSE-BANK-03-0008731,Tier-1,Tier-2,2026-03-25T17:15:01.861639,investigated_and_resolved
CAS-CSE-BANK-03-0008738,Tier-1,Tier-2,2026-03-26T02:06:54.304839,investigated_and_resolved
CAS-CSE-BANK-03-0008749,Tier-1,Tier-2,2026-03-26T16:32:57.844635,investigated_and_resolved
CAS-CSE-BANK-03-0008752,Tier-1,Tier-2,2026-03-26T21:46:01.252754,investigated_and_resolved
CAS-CSE-BANK-03-0008756,Tier-1,Tier-2,2026-03-27T04:24:04.994821,investigated_and_resolved
CAS-CSE-BANK-03-0008758,Tier-1,Tier-2,2026-03-27T05:35:37.162899,investigated_and_resolved
CAS-CSE-BANK-03-0008767,Tier-1,Tier-2,2026-03-27T15:10:02.966725,investigated_and_resolved
CAS-CSE-BANK-03-0008770,Tier-1,Tier-2,2026-03-27T21:13:07.721514,investigated_and_resolved
CAS-CSE-BANK-03-0008780,Tier-1,Tier-2,2026-03-28T06:22:04.502938,investigated_and_resolved
CAS-CSE-BANK-03-0008790,Tier-1,Tier-2,2026-03-28T17:44:01.826969,investigated_and_resolved
CAS-CSE-BANK-03-0008791,Tier-1,Tier-2,2026-03-28T17:20:18.003396,investigated_and_resolved
CAS-CSE-BANK-03-0008794,Tier-1,Tier-2,2026-03-28T19:23:15.736758,investigated_and_resolved
CAS-CSE-BANK-03-0008798,Tier-1,Tier-2,2026-03-29T03:13:56.318713,investigated_and_resolved
CAS-CSE-BANK-03-0008801,Tier-1,Tier-2,2026-03-29T03:21:51.812548,investigated_and_resolved
CAS-CSE-BANK-03-0008805,Tier-1,Tier-2,2026-03-29T12:34:29.599176,investigated_and_resolved
CAS-CSE-BANK-03-0008814,Tier-1,Tier-2,2026-03-29T21:06:08.425702,investigated_and_resolved
CAS-CSE-BANK-03-0008816,Tier-1,Tier-2,2026-03-29T22:38:03.500610,investigated_and_resolved
CAS-CSE-BANK-03-0008828,Tier-1,Tier-2,2026-03-30T10:57:53.223098,investigated_and_resolved
CAS-CSE-BANK-03-0008830,Tier-1,Tier-2,2026-03-30T17:48:19.813969,investigated_and_resolved
CAS-CSE-BANK-03-0008843,Tier-1,Tier-2,2026-03-31T08:13:52.808957,investigated_and_resolved
CAS-CSE-BANK-03-0008849,Tier-1,Tier-2,2026-03-31T16:07:05.079912,investigated_and_resolved
CAS-CSE-BANK-03-0008850,Tier-1,Tier-2,2026-03-31T14:29:49.669476,investigated_and_resolved
CAS-CSE-BANK-03-0008851,Tier-1,Tier-2,2026-03-31T17:03:04.240068,investigated_and_resolved
CAS-CSE-BANK-03-0008852,Tier-1,Tier-2,2026-04-01T03:29:00.305831,investigated_and_resolved
CAS-CSE-BANK-03-0008861,Tier-1,Tier-2,2026-04-01T19:14:18.558923,investigated_and_resolved
CAS-CSE-BANK-03-0008865,Tier-1,Tier-2,2026-04-02T01:58:22.444292,investigated_and_resolved
CAS-CSE-BANK-03-0008878,Tier-1,Tier-2,2026-04-02T17:34:17.758772,investigated_and_resolved
CAS-CSE-BANK-03-0008895,Tier-1,Tier-2,2026-04-03T18:09:45.312418,investigated_and_resolved
CAS-CSE-BANK-03-0008897,Tier-1,Tier-2,2026-04-03T23:15:22.156924,investigated_and_resolved
CAS-CSE-BANK-03-0008912,Tier-1,Tier-2,2026-04-04T15:48:19.561245,investigated_and_resolved
CAS-CSE-BANK-03-0008921,Tier-1,Tier-2,2026-04-05T04:31:34.191948,investigated_and_resolved
CAS-CSE-BANK-03-0008928,Tier-1,Tier-2,2026-04-05T14:14:44.105773,investigated_and_resolved
CAS-CSE-BANK-03-0008947,Tier-1,Tier-2,2026-04-06T19:08:29.161992,investigated_and_resolved
CAS-CSE-BANK-03-0008949,Tier-1,Tier-2,2026-04-06T20:21:01.147774,investigated_and_resolved
CAS-CSE-BANK-03-0008950,Tier-1,Tier-2,2026-04-06T21:12:36.419516,investigated_and_resolved
CAS-CSE-BANK-03-0008957,Tier-1,Tier-2,2026-04-07T05:32:25.485903,investigated_and_resolved
CAS-CSE-BANK-03-0008958,Tier-1,Tier-2,2026-04-07T04:26:30.115008,investigated_and_resolved
CAS-CSE-BANK-03-0008960,Tier-1,Tier-2,2026-04-07T06:23:28.076266,investigated_and_resolved
CAS-CSE-BANK-03-0008962,Tier-1,Tier-2,2026-04-07T13:14:12.279623,investigated_and_resolved
CAS-CSE-BANK-03-0008966,Tier-1,Tier-2,2026-04-07T20:47:38.066880,investigated_and_resolved
CAS-CSE-BANK-03-0008968,Tier-1,Tier-2,2026-04-08T01:06:51.257443,investigated_and_resolved
CAS-CSE-BANK-03-0008972,Tier-1,Tier-2,2026-04-08T05:25:33.653861,investigated_and_resolved
CAS-CSE-BANK-03-0008973,Tier-1,Tier-2,2026-04-08T08:17:40.239319,investigated_and_resolved
CAS-CSE-BANK-03-0008974,Tier-1,Tier-2,2026-04-08T07:57:07.329589,investigated_and_resolved
CAS-CSE-BANK-03-0008978,Tier-1,Tier-2,2026-04-08T14:06:39.320357,investigated_and_resolved
CAS-CSE-BANK-03-0008981,Tier-1,Tier-2,2026-04-08T15:18:59.698361,investigated_and_resolved
CAS-CSE-BANK-03-0008982,Tier-1,Tier-2,2026-04-08T19:49:11.257879,investigated_and_resolved
CAS-CSE-BANK-03-0008984,Tier-1,Tier-2,2026-04-08T19:33:15.911791,investigated_and_resolved
CAS-CSE-BANK-03-0008991,Tier-1,Tier-2,2026-04-09T06:31:21.483964,investigated_and_resolved
CAS-CSE-BANK-03-0008993,Tier-1,Tier-2,2026-04-09T15:06:05.565487,investigated_and_resolved
CAS-CSE-BANK-03-0008994,Tier-1,Tier-2,2026-04-09T16:21:05.183189,investigated_and_resolved
CAS-CSE-BANK-03-0008997,Tier-1,Tier-2,2026-04-09T20:11:51.104587,investigated_and_resolved
CAS-CSE-BANK-03-0009002,Tier-1,Tier-2,2026-04-10T04:29:30.793499,investigated_and_resolved
CAS-CSE-BANK-03-0009011,Tier-1,Tier-2,2026-04-10T12:25:19.083330,investigated_and_resolved
CAS-CSE-BANK-03-0009020,Tier-1,Tier-2,2026-04-10T23:08:38.425048,investigated_and_resolved
CAS-CSE-BANK-03-0009028,Tier-1,Tier-2,2026-04-11T07:22:23.903997,investigated_and_resolved
CAS-CSE-BANK-03-0009029,Tier-1,Tier-2,2026-04-11T09:00:06.299142,investigated_and_resolved
CAS-CSE-BANK-03-0009033,Tier-1,Tier-2,2026-04-11T12:15:26.763644,investigated_and_resolved
CAS-CSE-BANK-03-0009043,Tier-1,Tier-2,2026-04-12T05:37:11.501257,investigated_and_resolved
CAS-CSE-BANK-03-0009045,Tier-1,Tier-2,2026-04-12T06:20:45.310206,investigated_and_resolved
CAS-CSE-BANK-03-0009047,Tier-1,Tier-2,2026-04-12T06:42:00.401825,investigated_and_resolved
CAS-CSE-BANK-03-0009049,Tier-1,Tier-2,2026-04-12T08:45:50.695171,investigated_and_resolved
CAS-CSE-BANK-03-0009050,Tier-1,Tier-2,2026-04-12T09:53:27.704591,investigated_and_resolved
CAS-CSE-BANK-03-0009056,Tier-1,Tier-2,2026-04-12T13:12:00.781989,investigated_and_resolved
CAS-CSE-BANK-03-0009059,Tier-1,Tier-2,2026-04-12T16:01:38.478062,investigated_and_resolved
CAS-CSE-BANK-03-0009065,Tier-1,Tier-2,2026-04-12T20:41:00.460806,investigated_and_resolved
CAS-CSE-BANK-03-0009066,Tier-1,Tier-2,2026-04-12T20:42:31.247442,investigated_and_resolved
CAS-CSE-BANK-03-0009068,Tier-1,Tier-2,2026-04-13T03:00:18.557009,investigated_and_resolved
CAS-CSE-BANK-03-0009069,Tier-1,Tier-2,2026-04-13T04:18:01.515288,investigated_and_resolved
CAS-CSE-BANK-03-0009072,Tier-1,Tier-2,2026-04-13T06:12:17.729429,investigated_and_resolved
CAS-CSE-BANK-03-0009076,Tier-1,Tier-2,2026-04-13T09:24:54.875444,investigated_and_resolved
CAS-CSE-BANK-03-0009081,Tier-1,Tier-2,2026-04-13T20:13:01.634674,investigated_and_resolved
CAS-CSE-BANK-03-0009083,Tier-1,Tier-2,2026-04-13T20:37:35.457799,investigated_and_resolved
CAS-CSE-BANK-03-0009084,Tier-1,Tier-2,2026-04-13T21:16:49.233289,investigated_and_resolved
CAS-CSE-BANK-03-0009086,Tier-1,Tier-2,2026-04-13T20:11:07.023863,investigated_and_resolved
CAS-CSE-BANK-03-0009092,Tier-1,Tier-2,2026-04-14T00:45:09.185128,investigated_and_resolved
CAS-CSE-BANK-03-0009094,Tier-1,Tier-2,2026-04-14T03:40:03.501118,investigated_and_resolved
CAS-CSE-BANK-03-0009109,Tier-1,Tier-2,2026-04-14T19:07:13.187091,investigated_and_resolved
CAS-CSE-BANK-03-0009110,Tier-1,Tier-2,2026-04-14T18:52:06.327019,investigated_and_resolved
CAS-CSE-BANK-03-0009111,Tier-1,Tier-2,2026-04-14T19:40:07.304603,investigated_and_resolved
CAS-CSE-BANK-03-0009112,Tier-1,Tier-2,2026-04-14T20:59:25.279375,investigated_and_resolved
CAS-CSE-BANK-03-0009129,Tier-1,Tier-2,2026-04-15T23:34:40.036451,investigated_and_resolved
CAS-CSE-BANK-03-0009139,Tier-1,Tier-2,2026-04-16T13:09:56.240385,investigated_and_resolved
CAS-CSE-BANK-03-0009141,Tier-1,Tier-2,2026-04-16T15:30:43.863774,investigated_and_resolved
CAS-CSE-BANK-03-0009143,Tier-1,Tier-2,2026-04-16T18:44:31.900399,investigated_and_resolved
CAS-CSE-BANK-03-0009145,Tier-1,Tier-2,2026-04-16T23:20:44.699064,investigated_and_resolved
CAS-CSE-BANK-03-0009149,Tier-1,Tier-2,2026-04-17T02:08:25.521218,investigated_and_resolved
CAS-CSE-BANK-03-0009151,Tier-1,Tier-2,2026-04-17T06:46:11.212157,investigated_and_resolved
CAS-CSE-BANK-03-0009154,Tier-1,Tier-2,2026-04-17T09:48:31.543400,investigated_and_resolved
CAS-CSE-BANK-03-0009158,Tier-1,Tier-2,2026-04-17T14:24:32.403365,investigated_and_resolved
CAS-CSE-BANK-03-0009161,Tier-1,Tier-2,2026-04-17T16:56:21.470316,investigated_and_resolved
CAS-CSE-BANK-03-0009168,Tier-1,Tier-2,2026-04-18T00:50:31.936723,investigated_and_resolved
CAS-CSE-BANK-03-0009169,Tier-1,Tier-2,2026-04-18T00:14:29.265854,investigated_and_resolved
CAS-CSE-BANK-03-0009173,Tier-1,Tier-2,2026-04-18T05:30:10.115790,investigated_and_resolved
CAS-CSE-BANK-03-0009176,Tier-1,Tier-2,2026-04-18T10:51:53.661325,investigated_and_resolved
CAS-CSE-BANK-03-0009182,Tier-1,Tier-2,2026-04-18T22:22:44.650083,investigated_and_resolved
CAS-CSE-BANK-03-0009195,Tier-1,Tier-2,2026-04-19T16:30:18.064011,investigated_and_resolved
CAS-CSE-BANK-03-0009199,Tier-1,Tier-2,2026-04-20T01:41:57.201464,investigated_and_resolved
CAS-CSE-BANK-03-0009204,Tier-1,Tier-2,2026-04-20T06:03:59.104610,investigated_and_resolved
CAS-CSE-BANK-03-0009205,Tier-1,Tier-2,2026-04-20T07:06:41.206877,investigated_and_resolved
CAS-CSE-BANK-03-0009209,Tier-1,Tier-2,2026-04-20T12:31:36.720424,investigated_and_resolved
CAS-CSE-BANK-03-0009218,Tier-1,Tier-2,2026-04-21T04:52:52.236869,investigated_and_resolved
CAS-CSE-BANK-03-0009221,Tier-1,Tier-2,2026-04-21T07:34:54.613977,investigated_and_resolved
CAS-CSE-BANK-03-0009230,Tier-1,Tier-2,2026-04-21T16:59:58.230399,investigated_and_resolved
CAS-CSE-BANK-03-0009235,Tier-1,Tier-2,2026-04-21T22:03:57.123565,investigated_and_resolved
CAS-CSE-BANK-03-0009239,Tier-1,Tier-2,2026-04-22T01:48:18.983703,investigated_and_resolved
CAS-CSE-BANK-03-0009244,Tier-1,Tier-2,2026-04-22T08:15:52.379215,investigated_and_resolved
CAS-CSE-BANK-03-0009248,Tier-1,Tier-2,2026-04-22T13:28:18.977213,investigated_and_resolved
CAS-CSE-BANK-03-0009261,Tier-1,Tier-2,2026-04-23T11:16:09.733510,investigated_and_resolved
CAS-CSE-BANK-03-0009265,Tier-1,Tier-2,2026-04-23T17:52:22.528710,investigated_and_resolved
CAS-CSE-BANK-03-0009267,Tier-1,Tier-2,2026-04-23T20:35:47.032483,investigated_and_resolved
CAS-CSE-BANK-03-0009277,Tier-1,Tier-2,2026-04-24T16:26:41.555894,investigated_and_resolved
CAS-CSE-BANK-03-0009285,Tier-1,Tier-2,2026-04-25T01:56:58.842660,investigated_and_resolved
CAS-CSE-BANK-03-0009286,Tier-1,Tier-2,2026-04-25T08:33:28.667836,investigated_and_resolved
CAS-CSE-BANK-03-0009290,Tier-1,Tier-2,2026-04-25T13:01:07.384827,investigated_and_resolved
CAS-CSE-BANK-03-0009293,Tier-1,Tier-2,2026-04-25T15:52:20.719020,investigated_and_resolved
CAS-CSE-BANK-03-0009303,Tier-1,Tier-2,2026-04-26T18:44:40.803619,investigated_and_resolved
CAS-CSE-BANK-03-0009310,Tier-1,Tier-2,2026-04-27T03:30:38.975454,investigated_and_resolved
CAS-CSE-BANK-03-0009314,Tier-1,Tier-2,2026-04-27T12:24:25.964325,investigated_and_resolved
CAS-CSE-BANK-03-0009319,Tier-1,Tier-2,2026-04-27T23:56:43.271845,investigated_and_resolved
CAS-CSE-BANK-03-0009323,Tier-1,Tier-2,2026-04-28T01:29:36.544193,investigated_and_resolved
CAS-CSE-BANK-03-0009328,Tier-1,Tier-2,2026-04-28T10:57:33.180412,investigated_and_resolved
CAS-CSE-BANK-03-0009333,Tier-1,Tier-2,2026-04-28T14:20:11.241732,investigated_and_resolved
CAS-CSE-BANK-03-0009337,Tier-1,Tier-2,2026-04-28T23:22:48.171471,investigated_and_resolved
CAS-CSE-BANK-03-0009338,Tier-1,Tier-2,2026-04-28T22:35:02.450963,investigated_and_resolved
CAS-CSE-BANK-03-0009339,Tier-1,Tier-2,2026-04-29T00:58:55.602380,investigated_and_resolved
CAS-CSE-BANK-03-0009343,Tier-1,Tier-2,2026-04-29T10:29:52.612976,investigated_and_resolved
CAS-CSE-BANK-03-0009346,Tier-1,Tier-2,2026-04-29T12:18:01.591658,investigated_and_resolved
CAS-CSE-BANK-03-0009347,Tier-1,Tier-2,2026-04-29T13:00:40.752616,investigated_and_resolved
CAS-CSE-BANK-03-0009363,Tier-1,Tier-2,2026-04-30T22:06:13.821627,investigated_and_resolved
CAS-CSE-BANK-03-0009366,Tier-1,Tier-2,2026-05-01T02:46:09.322840,investigated_and_resolved
CAS-CSE-BANK-03-0009369,Tier-1,Tier-2,2026-05-01T07:31:58.041581,investigated_and_resolved
CAS-CSE-BANK-03-0009373,Tier-1,Tier-2,2026-05-01T12:28:05.346185,investigated_and_resolved
CAS-CSE-BANK-03-0009378,Tier-1,Tier-2,2026-05-01T16:52:47.636456,investigated_and_resolved
CAS-CSE-BANK-03-0009383,Tier-1,Tier-2,2026-05-01T22:18:52.360057,investigated_and_resolved
CAS-CSE-BANK-03-0009386,Tier-1,Tier-2,2026-05-02T09:49:40.903821,investigated_and_resolved
CAS-CSE-BANK-03-0009390,Tier-1,Tier-2,2026-05-02T11:16:40.958099,investigated_and_resolved
CAS-CSE-BANK-03-0009414,Tier-1,Tier-2,2026-05-03T10:35:48.269795,investigated_and_resolved
CAS-CSE-BANK-03-0009415,Tier-1,Tier-2,2026-05-03T15:55:01.456122,investigated_and_resolved
CAS-CSE-BANK-03-0009423,Tier-1,Tier-2,2026-05-04T04:12:37.422588,investigated_and_resolved
CAS-CSE-BANK-03-0009427,Tier-1,Tier-2,2026-05-04T08:22:59.577599,investigated_and_resolved
CAS-CSE-BANK-03-0009428,Tier-1,Tier-2,2026-05-04T10:40:39.206296,investigated_and_resolved
CAS-CSE-BANK-03-0009429,Tier-1,Tier-2,2026-05-04T10:52:22.976137,investigated_and_resolved
CAS-CSE-BANK-03-0009432,Tier-1,Tier-2,2026-05-04T15:01:37.502058,investigated_and_resolved
CAS-CSE-BANK-03-0009447,Tier-1,Tier-2,2026-05-05T07:01:22.703810,investigated_and_resolved
CAS-CSE-BANK-03-0009453,Tier-1,Tier-2,2026-05-05T12:57:34.569385,investigated_and_resolved
CAS-CSE-BANK-03-0009462,Tier-1,Tier-2,2026-05-06T05:14:55.140384,investigated_and_resolved
CAS-CSE-BANK-03-0009463,Tier-1,Tier-2,2026-05-06T03:29:06.645470,investigated_and_resolved
CAS-CSE-BANK-03-0009466,Tier-1,Tier-2,2026-05-06T13:24:48.989189,investigated_and_resolved
CAS-CSE-BANK-03-0009469,Tier-1,Tier-2,2026-05-06T17:57:19.654057,investigated_and_resolved
CAS-CSE-BANK-03-0009470,Tier-1,Tier-2,2026-05-06T18:33:54.268812,investigated_and_resolved
CAS-CSE-BANK-03-0009474,Tier-1,Tier-2,2026-05-07T00:54:18.495721,investigated_and_resolved
CAS-CSE-BANK-03-0009479,Tier-1,Tier-2,2026-05-07T04:21:22.744915,investigated_and_resolved
CAS-CSE-BANK-03-0009491,Tier-1,Tier-2,2026-05-08T04:19:51.587808,investigated_and_resolved
CAS-CSE-BANK-03-0009493,Tier-1,Tier-2,2026-05-08T04:14:03.217623,investigated_and_resolved
CAS-CSE-BANK-03-0009501,Tier-1,Tier-2,2026-05-08T15:11:40.879809,investigated_and_resolved
CAS-CSE-BANK-03-0009506,Tier-1,Tier-2,2026-05-08T21:39:32.503777,investigated_and_resolved
CAS-CSE-BANK-03-0009512,Tier-1,Tier-2,2026-05-09T06:37:37.147936,investigated_and_resolved
CAS-CSE-BANK-03-0009519,Tier-1,Tier-2,2026-05-10T01:44:11.911743,investigated_and_resolved
CAS-CSE-BANK-03-0009523,Tier-1,Tier-2,2026-05-10T04:57:28.506550,investigated_and_resolved
CAS-CSE-BANK-03-0009530,Tier-1,Tier-2,2026-05-10T16:08:31.138756,investigated_and_resolved
CAS-CSE-BANK-03-0009543,Tier-1,Tier-2,2026-05-11T11:26:48.173543,investigated_and_resolved
CAS-CSE-BANK-03-0009549,Tier-1,Tier-2,2026-05-11T16:19:40.279388,investigated_and_resolved
CAS-CSE-BANK-03-0009553,Tier-1,Tier-2,2026-05-11T21:05:09.070444,investigated_and_resolved
CAS-CSE-BANK-03-0009555,Tier-1,Tier-2,2026-05-11T23:02:21.770166,investigated_and_resolved
CAS-CSE-BANK-03-0009556,Tier-1,Tier-2,2026-05-12T01:18:51.311660,investigated_and_resolved
CAS-CSE-BANK-03-0009558,Tier-1,Tier-2,2026-05-12T03:12:40.841524,investigated_and_resolved
CAS-CSE-BANK-03-0009560,Tier-1,Tier-2,2026-05-12T04:21:57.375778,investigated_and_resolved
CAS-CSE-BANK-03-0009562,Tier-1,Tier-2,2026-05-12T10:49:34.832031,investigated_and_resolved
CAS-CSE-BANK-03-0009573,Tier-1,Tier-2,2026-05-13T00:40:39.874239,investigated_and_resolved
CAS-CSE-BANK-03-0009588,Tier-1,Tier-2,2026-05-13T13:51:52.441591,investigated_and_resolved
CAS-CSE-BANK-03-0009590,Tier-1,Tier-2,2026-05-13T16:50:43.851308,investigated_and_resolved
CAS-CSE-BANK-03-0009594,Tier-1,Tier-2,2026-05-13T18:08:13.337538,investigated_and_resolved
CAS-CSE-BANK-03-0009597,Tier-1,Tier-2,2026-05-14T00:23:22.788654,investigated_and_resolved
CAS-CSE-BANK-03-0009609,Tier-1,Tier-2,2026-05-14T22:33:47.486204,investigated_and_resolved
CAS-CSE-BANK-03-0009613,Tier-1,Tier-2,2026-05-15T04:24:11.183264,investigated_and_resolved
CAS-CSE-BANK-03-0009614,Tier-1,Tier-2,2026-05-15T04:09:22.255313,investigated_and_resolved
CAS-CSE-BANK-03-0009615,Tier-1,Tier-2,2026-05-15T03:46:02.088122,investigated_and_resolved
CAS-CSE-BANK-03-0009621,Tier-1,Tier-2,2026-05-15T16:46:43.050071,investigated_and_resolved
CAS-CSE-BANK-03-0009623,Tier-1,Tier-2,2026-05-15T18:56:38.020287,investigated_and_resolved
CAS-CSE-BANK-03-0009632,Tier-1,Tier-2,2026-05-15T23:32:33.544544,investigated_and_resolved
CAS-CSE-BANK-03-0009635,Tier-1,Tier-2,2026-05-16T04:10:00.252536,investigated_and_resolved
CAS-CSE-BANK-03-0009637,Tier-1,Tier-2,2026-05-16T06:14:01.113349,investigated_and_resolved
CAS-CSE-BANK-03-0009640,Tier-1,Tier-2,2026-05-16T11:13:10.023326,investigated_and_resolved
CAS-CSE-BANK-03-0009646,Tier-1,Tier-2,2026-05-16T13:53:18.511220,investigated_and_resolved
CAS-CSE-BANK-03-0009650,Tier-1,Tier-2,2026-05-16T23:09:50.287369,investigated_and_resolved
CAS-CSE-BANK-03-0009662,Tier-1,Tier-2,2026-05-17T05:37:41.116588,investigated_and_resolved
CAS-CSE-BANK-03-0009664,Tier-1,Tier-2,2026-05-17T07:02:44.214126,investigated_and_resolved
CAS-CSE-BANK-03-0009670,Tier-1,Tier-2,2026-05-17T20:57:04.908739,investigated_and_resolved
CAS-CSE-BANK-03-0009676,Tier-1,Tier-2,2026-05-18T01:23:18.752346,investigated_and_resolved
CAS-CSE-BANK-03-0009683,Tier-1,Tier-2,2026-05-18T10:48:51.118031,investigated_and_resolved
CAS-CSE-BANK-03-0009697,Tier-1,Tier-2,2026-05-19T02:16:40.403895,investigated_and_resolved
CAS-CSE-BANK-03-0009700,Tier-1,Tier-2,2026-05-19T07:12:22.614236,investigated_and_resolved
CAS-CSE-BANK-03-0009701,Tier-1,Tier-2,2026-05-19T07:32:39.608290,investigated_and_resolved
CAS-CSE-BANK-03-0009704,Tier-1,Tier-2,2026-05-19T13:46:29.984481,investigated_and_resolved
CAS-CSE-BANK-03-0009710,Tier-1,Tier-2,2026-05-19T20:52:59.935128,investigated_and_resolved
CAS-CSE-BANK-03-0009726,Tier-1,Tier-2,2026-05-20T18:30:55.252769,investigated_and_resolved
CAS-CSE-BANK-03-0009729,Tier-1,Tier-2,2026-05-20T20:32:45.205413,investigated_and_resolved
CAS-CSE-BANK-03-0009733,Tier-1,Tier-2,2026-05-20T21:07:02.397235,investigated_and_resolved
CAS-CSE-BANK-03-0009752,Tier-1,Tier-2,2026-05-21T19:14:52.996182,investigated_and_resolved
CAS-CSE-BANK-03-0009760,Tier-1,Tier-2,2026-05-22T08:48:39.670644,investigated_and_resolved
CAS-CSE-BANK-03-0009768,Tier-1,Tier-2,2026-05-22T21:55:12.731375,investigated_and_resolved
CAS-CSE-BANK-03-0009779,Tier-1,Tier-2,2026-05-23T21:19:53.142726,investigated_and_resolved
CAS-CSE-BANK-03-0009781,Tier-1,Tier-2,2026-05-23T21:23:18.443106,investigated_and_resolved
CAS-CSE-BANK-03-0009785,Tier-1,Tier-2,2026-05-24T01:40:01.110163,investigated_and_resolved
CAS-CSE-BANK-03-0009787,Tier-1,Tier-2,2026-05-24T07:39:35.412340,investigated_and_resolved
CAS-CSE-BANK-03-0009791,Tier-1,Tier-2,2026-05-24T13:55:48.940620,investigated_and_resolved
CAS-CSE-BANK-03-0009794,Tier-1,Tier-2,2026-05-24T18:17:30.383126,investigated_and_resolved
CAS-CSE-BANK-03-0009801,Tier-1,Tier-2,2026-05-25T11:05:53.179064,investigated_and_resolved
CAS-CSE-BANK-03-0009804,Tier-1,Tier-2,2026-05-25T15:54:55.538656,investigated_and_resolved
CAS-CSE-BANK-03-0009805,Tier-1,Tier-2,2026-05-25T16:32:34.251908,investigated_and_resolved
CAS-CSE-BANK-03-0009807,Tier-1,Tier-2,2026-05-25T17:50:08.531301,investigated_and_resolved
CAS-CSE-BANK-03-0009809,Tier-1,Tier-2,2026-05-25T21:01:46.314312,investigated_and_resolved
CAS-CSE-BANK-03-0009819,Tier-1,Tier-2,2026-05-26T04:39:05.254438,investigated_and_resolved
CAS-CSE-BANK-03-0009836,Tier-1,Tier-2,2026-05-27T00:18:18.619356,investigated_and_resolved
CAS-CSE-BANK-03-0009837,Tier-1,Tier-2,2026-05-27T01:02:43.934511,investigated_and_resolved
CAS-CSE-BANK-03-0009841,Tier-1,Tier-2,2026-05-27T11:03:52.452768,investigated_and_resolved
CAS-CSE-BANK-03-0009842,Tier-1,Tier-2,2026-05-27T14:24:25.519953,investigated_and_resolved
CAS-CSE-BANK-03-0009844,Tier-1,Tier-2,2026-05-27T14:21:10.414660,investigated_and_resolved
CAS-CSE-BANK-03-0009845,Tier-1,Tier-2,2026-05-27T16:32:30.300469,investigated_and_resolved
CAS-CSE-BANK-03-0009851,Tier-1,Tier-2,2026-05-28T00:46:10.401426,investigated_and_resolved
CAS-CSE-BANK-03-0009855,Tier-1,Tier-2,2026-05-28T07:48:34.519585,investigated_and_resolved
CAS-CSE-BANK-03-0009866,Tier-1,Tier-2,2026-05-28T22:13:27.481927,investigated_and_resolved
CAS-CSE-BANK-03-0009870,Tier-1,Tier-2,2026-05-29T02:14:58.578646,investigated_and_resolved
CAS-CSE-BANK-03-0009878,Tier-1,Tier-2,2026-05-29T09:28:12.531940,investigated_and_resolved
CAS-CSE-BANK-03-0009879,Tier-1,Tier-2,2026-05-29T11:09:14.435348,investigated_and_resolved
CAS-CSE-BANK-03-0009882,Tier-1,Tier-2,2026-05-29T16:03:45.325012,investigated_and_resolved
CAS-CSE-BANK-03-0009886,Tier-1,Tier-2,2026-05-29T17:30:16.224457,investigated_and_resolved
CAS-CSE-BANK-03-0009894,Tier-1,Tier-2,2026-05-30T07:37:35.017549,investigated_and_resolved
CAS-CSE-BANK-03-0009899,Tier-1,Tier-2,2026-05-30T12:09:58.001336,investigated_and_resolved
CAS-CSE-BANK-03-0009900,Tier-1,Tier-2,2026-05-30T14:36:33.363597,investigated_and_resolved
CAS-CSE-BANK-03-0009907,Tier-1,Tier-2,2026-05-31T03:37:15.716222,investigated_and_resolved
CAS-CSE-BANK-03-0009910,Tier-1,Tier-2,2026-05-31T06:00:07.157895,investigated_and_resolved
CAS-CSE-BANK-03-0009913,Tier-1,Tier-2,2026-05-31T11:22:40.490723,investigated_and_resolved
CAS-CSE-BANK-03-0009914,Tier-1,Tier-2,2026-05-31T11:38:01.309469,investigated_and_resolved
CAS-CSE-BANK-03-0009915,Tier-1,Tier-2,2026-05-31T12:31:24.642861,investigated_and_resolved
CAS-CSE-BANK-03-0009922,Tier-1,Tier-2,2026-05-31T19:35:05.650423,investigated_and_resolved
CAS-CSE-BANK-03-0009926,Tier-1,Tier-2,2026-06-01T00:52:45.019383,investigated_and_resolved
CAS-CSE-BANK-03-0009928,Tier-1,Tier-2,2026-06-01T01:25:04.418554,investigated_and_resolved
CAS-CSE-BANK-03-0009938,Tier-1,Tier-2,2026-06-02T06:18:36.290000,investigated_and_resolved
CAS-CSE-BANK-03-0009941,Tier-1,Tier-2,2026-06-02T09:48:48.596609,investigated_and_resolved
CAS-CSE-BANK-03-0009944,Tier-1,Tier-2,2026-06-02T13:41:56.855412,investigated_and_resolved
CAS-CSE-BANK-03-0009945,Tier-1,Tier-2,2026-06-02T11:52:41.176211,investigated_and_resolved
CAS-CSE-BANK-03-0009950,Tier-1,Tier-2,2026-06-02T15:29:29.150904,investigated_and_resolved
CAS-CSE-BANK-03-0009953,Tier-1,Tier-2,2026-06-02T20:22:22.427261,investigated_and_resolved
CAS-CSE-BANK-03-0009954,Tier-1,Tier-2,2026-06-02T20:42:44.390441,investigated_and_resolved
CAS-CSE-BANK-03-0009956,Tier-1,Tier-2,2026-06-02T23:17:44.099913,investigated_and_resolved
CAS-CSE-BANK-03-0009957,Tier-1,Tier-2,2026-06-03T00:33:34.456854,investigated_and_resolved
CAS-CSE-BANK-03-0009971,Tier-1,Tier-2,2026-06-03T11:27:13.430912,investigated_and_resolved
CAS-CSE-BANK-03-0009972,Tier-1,Tier-2,2026-06-03T14:10:47.078713,investigated_and_resolved
CAS-CSE-BANK-03-0009980,Tier-1,Tier-2,2026-06-04T00:27:37.705148,investigated_and_resolved
CAS-CSE-BANK-03-0009983,Tier-1,Tier-2,2026-06-04T06:47:33.765804,investigated_and_resolved
CAS-CSE-BANK-03-0009984,Tier-1,Tier-2,2026-06-04T08:14:30.141885,investigated_and_resolved
CAS-CSE-BANK-03-0009987,Tier-1,Tier-2,2026-06-04T10:54:30.544589,investigated_and_resolved
CAS-CSE-BANK-03-0009989,Tier-1,Tier-2,2026-06-04T11:44:32.951648,investigated_and_resolved
CAS-CSE-BANK-03-0009998,Tier-1,Tier-2,2026-06-04T22:25:34.387075,investigated_and_resolved
CAS-CSE-BANK-03-0010004,Tier-1,Tier-2,2026-06-05T00:32:32.393848,investigated_and_resolved
CAS-CSE-BANK-03-0010005,Tier-1,Tier-2,2026-06-05T03:36:37.404397,investigated_and_resolved
CAS-CSE-BANK-03-0010006,Tier-1,Tier-2,2026-06-05T01:41:39.393585,investigated_and_resolved
CAS-CSE-BANK-03-0010009,Tier-1,Tier-2,2026-06-05T13:47:02.621030,investigated_and_resolved
CAS-CSE-BANK-03-0010021,Tier-1,Tier-2,2026-06-06T04:01:32.956129,investigated_and_resolved
CAS-CSE-BANK-03-0010025,Tier-1,Tier-2,2026-06-06T08:26:16.699154,investigated_and_resolved
CAS-CSE-BANK-03-0010032,Tier-1,Tier-2,2026-06-06T21:29:38.774714,investigated_and_resolved
CAS-CSE-BANK-03-0010038,Tier-1,Tier-2,2026-06-07T07:28:10.297139,investigated_and_resolved
CAS-CSE-BANK-03-0010045,Tier-1,Tier-2,2026-06-07T13:24:45.234823,investigated_and_resolved
CAS-CSE-BANK-03-0010047,Tier-1,Tier-2,2026-06-07T15:56:30.198728,investigated_and_resolved
CAS-CSE-BANK-03-0010050,Tier-1,Tier-2,2026-06-07T19:04:38.979237,investigated_and_resolved
CAS-CSE-BANK-03-0010052,Tier-1,Tier-2,2026-06-07T22:04:44.100639,investigated_and_resolved
CAS-CSE-BANK-03-0010056,Tier-1,Tier-2,2026-06-07T23:44:56.969551,investigated_and_resolved
CAS-CSE-BANK-03-0010057,Tier-1,Tier-2,2026-06-08T00:23:10.843329,investigated_and_resolved
CAS-CSE-BANK-03-0010067,Tier-1,Tier-2,2026-06-08T13:48:08.402546,investigated_and_resolved
CAS-CSE-BANK-03-0010073,Tier-1,Tier-2,2026-06-08T20:29:35.283344,investigated_and_resolved
CAS-CSE-BANK-03-0010079,Tier-1,Tier-2,2026-06-09T03:48:47.899627,investigated_and_resolved
CAS-CSE-BANK-03-0010080,Tier-1,Tier-2,2026-06-09T06:03:56.815943,investigated_and_resolved
CAS-CSE-BANK-03-0010082,Tier-1,Tier-2,2026-06-09T11:59:27.781956,investigated_and_resolved
CAS-CSE-BANK-03-0010085,Tier-1,Tier-2,2026-06-09T14:52:12.656692,investigated_and_resolved
CAS-CSE-BANK-03-0010089,Tier-1,Tier-2,2026-06-09T18:48:17.913709,investigated_and_resolved
CAS-CSE-BANK-03-0010091,Tier-1,Tier-2,2026-06-09T19:30:06.666785,investigated_and_resolved
CAS-CSE-BANK-03-0010093,Tier-1,Tier-2,2026-06-09T19:45:25.700159,investigated_and_resolved
CAS-CSE-BANK-03-0010095,Tier-1,Tier-2,2026-06-09T22:50:23.284033,investigated_and_resolved
CAS-CSE-BANK-03-0010098,Tier-1,Tier-2,2026-06-10T02:02:11.416370,investigated_and_resolved
CAS-CSE-BANK-03-0010102,Tier-1,Tier-2,2026-06-10T08:44:33.863988,investigated_and_resolved
CAS-CSE-BANK-03-0010106,Tier-1,Tier-2,2026-06-10T19:06:19.672254,investigated_and_resolved
CAS-CSE-BANK-03-0010124,Tier-1,Tier-2,2026-06-11T21:20:20.110071,investigated_and_resolved
CAS-CSE-BANK-03-0010125,Tier-1,Tier-2,2026-06-12T01:33:25.858533,investigated_and_resolved
CAS-CSE-BANK-03-0010129,Tier-1,Tier-2,2026-06-12T09:11:06.038729,investigated_and_resolved
CAS-CSE-BANK-03-0010131,Tier-1,Tier-2,2026-06-12T09:03:32.498540,investigated_and_resolved
CAS-CSE-BANK-03-0010133,Tier-1,Tier-2,2026-06-12T15:25:39.396331,investigated_and_resolved
CAS-CSE-BANK-03-0010134,Tier-1,Tier-2,2026-06-12T16:09:49.894726,investigated_and_resolved
CAS-CSE-BANK-03-0010136,Tier-1,Tier-2,2026-06-12T18:47:37.002600,investigated_and_resolved
CAS-CSE-BANK-03-0010139,Tier-1,Tier-2,2026-06-13T00:41:34.595383,investigated_and_resolved
CAS-CSE-BANK-03-0010145,Tier-1,Tier-2,2026-06-13T06:31:20.587047,investigated_and_resolved
CAS-CSE-BANK-03-0010146,Tier-1,Tier-2,2026-06-13T09:42:30.234680,investigated_and_resolved
CAS-CSE-BANK-03-0010159,Tier-1,Tier-2,2026-06-14T03:54:21.226143,investigated_and_resolved
CAS-CSE-BANK-03-0010162,Tier-1,Tier-2,2026-06-14T11:41:27.915436,investigated_and_resolved
CAS-CSE-BANK-03-0010171,Tier-1,Tier-2,2026-06-14T17:35:24.141954,investigated_and_resolved
CAS-CSE-BANK-03-0010178,Tier-1,Tier-2,2026-06-14T23:35:03.099166,investigated_and_resolved
CAS-CSE-BANK-03-0010180,Tier-1,Tier-2,2026-06-15T03:03:34.231577,investigated_and_resolved
CAS-CSE-BANK-03-0010181,Tier-1,Tier-2,2026-06-15T02:24:36.617887,investigated_and_resolved
CAS-CSE-BANK-03-0010184,Tier-1,Tier-2,2026-06-15T06:45:57.216409,investigated_and_resolved
CAS-CSE-BANK-03-0010192,Tier-1,Tier-2,2026-06-15T16:43:46.629625,investigated_and_resolved
CAS-CSE-BANK-03-0010196,Tier-1,Tier-2,2026-06-15T22:14:13.541285,investigated_and_resolved
CAS-CSE-BANK-03-0010201,Tier-1,Tier-2,2026-06-16T05:55:53.317768,investigated_and_resolved
CAS-CSE-BANK-03-0010202,Tier-1,Tier-2,2026-06-16T09:24:35.458815,investigated_and_resolved
CAS-CSE-BANK-03-0010203,Tier-1,Tier-2,2026-06-16T11:17:39.511603,investigated_and_resolved
CAS-CSE-BANK-03-0010204,Tier-1,Tier-2,2026-06-16T11:26:58.605985,investigated_and_resolved
CAS-CSE-BANK-03-0010207,Tier-1,Tier-2,2026-06-16T15:19:39.824036,investigated_and_resolved
CAS-CSE-BANK-03-0010208,Tier-1,Tier-2,2026-06-16T16:54:44.939638,investigated_and_resolved
CAS-CSE-BANK-03-0010215,Tier-1,Tier-2,2026-06-17T02:43:53.644413,investigated_and_resolved
CAS-CSE-BANK-03-0010216,Tier-1,Tier-2,2026-06-17T01:15:38.214633,investigated_and_resolved
CAS-CSE-BANK-03-0010230,Tier-1,Tier-2,2026-06-17T22:41:10.782057,investigated_and_resolved
CAS-CSE-BANK-03-0010233,Tier-1,Tier-2,2026-06-18T03:14:38.182833,investigated_and_resolved
CAS-CSE-BANK-03-0010238,Tier-1,Tier-2,2026-06-18T10:19:30.125726,investigated_and_resolved
CAS-CSE-BANK-03-0010257,Tier-1,Tier-2,2026-06-19T11:39:20.119716,investigated_and_resolved
CAS-CSE-BANK-03-0010260,Tier-1,Tier-2,2026-06-19T13:23:00.423209,investigated_and_resolved
CAS-CSE-BANK-03-0010262,Tier-1,Tier-2,2026-06-19T18:10:50.556548,investigated_and_resolved
CAS-CSE-BANK-03-0010266,Tier-1,Tier-2,2026-06-19T22:15:40.686289,investigated_and_resolved
CAS-CSE-BANK-03-0010271,Tier-1,Tier-2,2026-06-20T02:28:04.659883,investigated_and_resolved
CAS-CSE-BANK-03-0010272,Tier-1,Tier-2,2026-06-20T02:20:04.738919,investigated_and_resolved
CAS-CSE-BANK-03-0010281,Tier-1,Tier-2,2026-06-20T10:50:18.727316,investigated_and_resolved
CAS-CSE-BANK-03-0010286,Tier-1,Tier-2,2026-06-20T12:28:22.198977,investigated_and_resolved
CAS-CSE-BANK-03-0010287,Tier-1,Tier-2,2026-06-20T11:20:23.691590,investigated_and_resolved
CAS-CSE-BANK-03-0010288,Tier-1,Tier-2,2026-06-20T16:26:15.381395,investigated_and_resolved
CAS-CSE-BANK-03-0010290,Tier-1,Tier-2,2026-06-20T17:44:22.828751,investigated_and_resolved
CAS-CSE-BANK-03-0010292,Tier-1,Tier-2,2026-06-20T22:58:07.589007,investigated_and_resolved
CAS-CSE-BANK-03-0010300,Tier-1,Tier-2,2026-06-21T05:59:13.632507,investigated_and_resolved
CAS-CSE-BANK-03-0010302,Tier-1,Tier-2,2026-06-21T07:59:19.543180,investigated_and_resolved
CAS-CSE-BANK-03-0010320,Tier-1,Tier-2,2026-06-22T07:48:09.602146,investigated_and_resolved
CAS-CSE-BANK-03-0010322,Tier-1,Tier-2,2026-06-22T08:03:16.621061,investigated_and_resolved
CAS-CSE-BANK-03-0010324,Tier-1,Tier-2,2026-06-22T12:03:19.491283,investigated_and_resolved
CAS-CSE-BANK-03-0010325,Tier-1,Tier-2,2026-06-22T12:35:22.768195,investigated_and_resolved
CAS-CSE-BANK-03-0010334,Tier-1,Tier-2,2026-06-22T23:21:13.916454,investigated_and_resolved
CAS-CSE-BANK-03-0010338,Tier-1,Tier-2,2026-06-23T06:05:15.946912,investigated_and_resolved
CAS-CSE-BANK-03-0010351,Tier-1,Tier-2,2026-06-23T22:46:17.298637,investigated_and_resolved
CAS-CSE-BANK-03-0010355,Tier-1,Tier-2,2026-06-24T02:19:16.020748,investigated_and_resolved
CAS-CSE-BANK-03-0010361,Tier-1,Tier-2,2026-06-24T09:22:41.871165,investigated_and_resolved
CAS-CSE-BANK-03-0010369,Tier-1,Tier-2,2026-06-24T20:08:17.623130,investigated_and_resolved
CAS-CSE-BANK-03-0010374,Tier-1,Tier-2,2026-06-25T06:27:01.179463,investigated_and_resolved
CAS-CSE-BANK-03-0010375,Tier-1,Tier-2,2026-06-25T07:15:48.001391,investigated_and_resolved
CAS-CSE-BANK-03-0010377,Tier-1,Tier-2,2026-06-25T12:09:59.657288,investigated_and_resolved
CAS-CSE-BANK-03-0010379,Tier-1,Tier-2,2026-06-25T13:24:43.019152,investigated_and_resolved
CAS-CSE-BANK-03-0010380,Tier-1,Tier-2,2026-06-25T14:01:40.857211,investigated_and_resolved
CAS-CSE-BANK-03-0010385,Tier-1,Tier-2,2026-06-26T02:16:24.118425,investigated_and_resolved
CAS-CSE-BANK-03-0010387,Tier-1,Tier-2,2026-06-26T02:52:57.128637,investigated_and_resolved
CAS-CSE-BANK-03-0010394,Tier-1,Tier-2,2026-06-26T12:07:15.944113,investigated_and_resolved
CAS-CSE-BANK-03-0010398,Tier-1,Tier-2,2026-06-26T17:51:38.395006,investigated_and_resolved
CAS-CSE-BANK-03-0010401,Tier-1,Tier-2,2026-06-26T21:31:32.369024,investigated_and_resolved
CAS-CSE-BANK-03-0010403,Tier-1,Tier-2,2026-06-26T21:35:49.935933,investigated_and_resolved
CAS-CSE-BANK-03-0010404,Tier-1,Tier-2,2026-06-26T23:39:02.378104,investigated_and_resolved
CAS-CSE-BANK-03-0010406,Tier-1,Tier-2,2026-06-27T00:57:13.528671,investigated_and_resolved
CAS-CSE-BANK-03-0010407,Tier-1,Tier-2,2026-06-27T04:56:39.166442,investigated_and_resolved
CAS-CSE-BANK-03-0010412,Tier-1,Tier-2,2026-06-27T09:18:16.616430,investigated_and_resolved
CAS-CSE-BANK-03-0010414,Tier-1,Tier-2,2026-06-27T13:01:35.683538,investigated_and_resolved
CAS-CSE-BANK-03-0010421,Tier-1,Tier-2,2026-06-27T20:38:27.587049,investigated_and_resolved
CAS-CSE-BANK-03-0010422,Tier-1,Tier-2,2026-06-27T18:48:09.271891,investigated_and_resolved
CAS-CSE-BANK-03-0010428,Tier-1,Tier-2,2026-06-28T06:07:30.836440,investigated_and_resolved
CAS-CSE-BANK-03-0010430,Tier-1,Tier-2,2026-06-28T10:15:39.956079,investigated_and_resolved
CAS-CSE-BANK-03-0010444,Tier-1,Tier-2,2026-06-28T23:04:19.693322,investigated_and_resolved
CAS-CSE-BANK-03-0010455,Tier-1,Tier-2,2026-06-29T13:55:58.048039,investigated_and_resolved
CAS-CSE-BANK-03-0010459,Tier-1,Tier-2,2026-06-29T17:36:21.653672,investigated_and_resolved
CAS-CSE-BANK-03-0010462,Tier-1,Tier-2,2026-06-29T21:14:53.526406,investigated_and_resolved
CAS-CSE-BANK-03-0010471,Tier-1,Tier-2,2026-06-30T08:51:09.237291,investigated_and_resolved
CAS-CSE-BANK-03-0010477,Tier-1,Tier-2,2026-06-30T18:49:34.098336,investigated_and_resolved
CAS-CSE-BANK-03-0010480,Tier-1,Tier-2,2026-06-30T23:01:13.100304,investigated_and_resolved
CAS-CSE-BANK-03-0010483,Tier-1,Tier-2,2026-07-01T06:02:43.040424,investigated_and_resolved
CAS-CSE-BANK-03-0010484,Tier-1,Tier-2,2026-07-01T09:17:25.703422,investigated_and_resolved
CAS-CSE-BANK-03-0010487,Tier-1,Tier-2,2026-07-01T12:02:17.575027,investigated_and_resolved
CAS-CSE-BANK-03-0010495,Tier-1,Tier-2,2026-07-01T19:20:49.536068,investigated_and_resolved
CAS-CSE-BANK-03-0010501,Tier-1,Tier-2,2026-07-02T08:29:14.292543,investigated_and_resolved
CAS-CSE-BANK-03-0010503,Tier-1,Tier-2,2026-07-02T15:02:35.818314,investigated_and_resolved
CAS-CSE-BANK-03-0010507,Tier-1,Tier-2,2026-07-02T20:00:40.812268,investigated_and_resolved
CAS-CSE-BANK-03-0010508,Tier-1,Tier-2,2026-07-02T20:09:06.135768,investigated_and_resolved
CAS-CSE-BANK-03-0010523,Tier-1,Tier-2,2026-07-03T22:42:14.951674,investigated_and_resolved
CAS-CSE-BANK-03-0010527,Tier-1,Tier-2,2026-07-04T06:46:39.146378,investigated_and_resolved
CAS-CSE-BANK-03-0010532,Tier-1,Tier-2,2026-07-04T11:27:17.362182,investigated_and_resolved
CAS-CSE-BANK-03-0010544,Tier-1,Tier-2,2026-07-05T08:42:30.259436,investigated_and_resolved
CAS-CSE-BANK-03-0010547,Tier-1,Tier-2,2026-07-05T13:12:19.476589,investigated_and_resolved
CAS-CSE-BANK-03-0010548,Tier-1,Tier-2,2026-07-05T12:35:08.940685,investigated_and_resolved
CAS-CSE-BANK-03-0010557,Tier-1,Tier-2,2026-07-05T23:48:11.335065,investigated_and_resolved
CAS-CSE-BANK-03-0010563,Tier-1,Tier-2,2026-07-06T06:29:17.493858,investigated_and_resolved
CAS-CSE-BANK-03-0010567,Tier-1,Tier-2,2026-07-06T09:15:29.511802,investigated_and_resolved
CAS-CSE-BANK-03-0010576,Tier-1,Tier-2,2026-07-06T18:01:04.353633,investigated_and_resolved
CAS-CSE-BANK-03-0010578,Tier-1,Tier-2,2026-07-06T19:27:54.676327,investigated_and_resolved
CAS-CSE-BANK-03-0010583,Tier-1,Tier-2,2026-07-07T02:27:36.136935,investigated_and_resolved
CAS-CSE-BANK-03-0010589,Tier-1,Tier-2,2026-07-07T08:20:33.752836,investigated_and_resolved
CAS-CSE-BANK-03-0010592,Tier-1,Tier-2,2026-07-07T13:39:51.725696,investigated_and_resolved
CAS-CSE-BANK-03-0010593,Tier-1,Tier-2,2026-07-07T14:38:06.332268,investigated_and_resolved
CAS-CSE-BANK-03-0010597,Tier-1,Tier-2,2026-07-07T16:39:32.987294,investigated_and_resolved
CAS-CSE-BANK-03-0010600,Tier-1,Tier-2,2026-07-08T00:22:16.021175,investigated_and_resolved
CAS-CSE-BANK-03-0010601,Tier-1,Tier-2,2026-07-08T00:40:40.463259,investigated_and_resolved
CAS-CSE-BANK-03-0010607,Tier-1,Tier-2,2026-07-08T08:41:47.008320,investigated_and_resolved
CAS-CSE-BANK-03-0010615,Tier-1,Tier-2,2026-07-08T17:40:37.119068,investigated_and_resolved
CAS-CSE-BANK-03-0010618,Tier-1,Tier-2,2026-07-08T22:59:18.896550,investigated_and_resolved
CAS-CSE-BANK-03-0010620,Tier-1,Tier-2,2026-07-09T00:09:56.349266,investigated_and_resolved
CAS-CSE-BANK-03-0010629,Tier-1,Tier-2,2026-07-09T13:48:57.965233,investigated_and_resolved
CAS-CSE-BANK-03-0010630,Tier-1,Tier-2,2026-07-09T19:24:47.567388,investigated_and_resolved
CAS-CSE-BANK-03-0010632,Tier-1,Tier-2,2026-07-09T20:31:42.664996,investigated_and_resolved
CAS-CSE-BANK-03-0010641,Tier-1,Tier-2,2026-07-10T12:07:21.364385,investigated_and_resolved
CAS-CSE-BANK-03-0010645,Tier-1,Tier-2,2026-07-10T22:28:46.829788,investigated_and_resolved
CAS-CSE-BANK-03-0010649,Tier-1,Tier-2,2026-07-11T01:23:48.594356,investigated_and_resolved
CAS-CSE-BANK-03-0010653,Tier-1,Tier-2,2026-07-11T13:04:30.546630,investigated_and_resolved
CAS-CSE-BANK-03-0010654,Tier-1,Tier-2,2026-07-11T13:08:19.925639,investigated_and_resolved
CAS-CSE-BANK-03-0010656,Tier-1,Tier-2,2026-07-11T15:19:56.634335,investigated_and_resolved
CAS-CSE-BANK-03-0010658,Tier-1,Tier-2,2026-07-11T19:59:23.426822,investigated_and_resolved
CAS-CSE-BANK-03-0010659,Tier-1,Tier-2,2026-07-11T21:13:03.872518,investigated_and_resolved
CAS-CSE-BANK-03-0010664,Tier-1,Tier-2,2026-07-12T07:36:04.054698,investigated_and_resolved
CAS-CSE-BANK-03-0010670,Tier-1,Tier-2,2026-07-12T17:26:52.740667,investigated_and_resolved
CAS-CSE-BANK-03-0010672,Tier-1,Tier-2,2026-07-12T13:30:19.437479,investigated_and_resolved
CAS-CSE-BANK-03-0010675,Tier-1,Tier-2,2026-07-12T15:41:19.561985,investigated_and_resolved
CAS-CSE-BANK-03-0010681,Tier-1,Tier-2,2026-07-12T18:57:36.270444,investigated_and_resolved
CAS-CSE-BANK-03-0010682,Tier-1,Tier-2,2026-07-12T21:30:01.815551,investigated_and_resolved
CAS-CSE-BANK-03-0010690,Tier-1,Tier-2,2026-07-13T02:56:14.746161,investigated_and_resolved
CAS-CSE-BANK-03-0010700,Tier-1,Tier-2,2026-07-13T10:57:02.717279,investigated_and_resolved
CAS-CSE-BANK-03-0010711,Tier-1,Tier-2,2026-07-14T01:02:50.722182,investigated_and_resolved
CAS-CSE-BANK-03-0010714,Tier-1,Tier-2,2026-07-14T05:39:17.436236,investigated_and_resolved
CAS-CSE-BANK-03-0010720,Tier-1,Tier-2,2026-07-14T14:59:34.955354,investigated_and_resolved
CAS-CSE-BANK-03-0010723,Tier-1,Tier-2,2026-07-14T21:16:15.663566,investigated_and_resolved
CAS-CSE-BANK-03-0010729,Tier-1,Tier-2,2026-07-15T14:06:02.757920,investigated_and_resolved
CAS-CSE-BANK-03-0010732,Tier-1,Tier-2,2026-07-15T21:36:42.813606,investigated_and_resolved
CAS-CSE-BANK-03-0010743,Tier-1,Tier-2,2026-07-16T15:06:06.423395,investigated_and_resolved
CAS-CSE-BANK-03-0010744,Tier-1,Tier-2,2026-07-16T16:24:22.754163,investigated_and_resolved
CAS-CSE-BANK-03-0010747,Tier-1,Tier-2,2026-07-16T19:23:15.186044,investigated_and_resolved
CAS-CSE-BANK-03-0010749,Tier-1,Tier-2,2026-07-16T20:21:49.152874,investigated_and_resolved
CAS-CSE-BANK-03-0010752,Tier-1,Tier-2,2026-07-16T21:38:11.833441,investigated_and_resolved
CAS-CSE-BANK-03-0010754,Tier-1,Tier-2,2026-07-16T23:35:19.172426,investigated_and_resolved
CAS-CSE-BANK-03-0010767,Tier-1,Tier-2,2026-07-17T20:56:50.180976,investigated_and_resolved
CAS-CSE-BANK-03-0010768,Tier-1,Tier-2,2026-07-18T00:58:11.025503,investigated_and_resolved
CAS-CSE-BANK-03-0010769,Tier-1,Tier-2,2026-07-18T01:48:37.359972,investigated_and_resolved
CAS-CSE-BANK-03-0010772,Tier-1,Tier-2,2026-07-18T01:56:20.122642,investigated_and_resolved
CAS-CSE-BANK-03-0010773,Tier-1,Tier-2,2026-07-18T02:15:19.514767,investigated_and_resolved
CAS-CSE-BANK-03-0010778,Tier-1,Tier-2,2026-07-18T10:19:01.052962,investigated_and_resolved
CAS-CSE-BANK-03-0010781,Tier-1,Tier-2,2026-07-18T16:15:54.937251,investigated_and_resolved
CAS-CSE-BANK-03-0010782,Tier-1,Tier-2,2026-07-18T17:54:35.937453,investigated_and_resolved
CAS-CSE-BANK-03-0010785,Tier-1,Tier-2,2026-07-18T21:29:34.599341,investigated_and_resolved
CAS-CSE-BANK-03-0010786,Tier-1,Tier-2,2026-07-18T23:11:07.595815,investigated_and_resolved
CAS-CSE-BANK-03-0010788,Tier-1,Tier-2,2026-07-19T01:30:57.292148,investigated_and_resolved
CAS-CSE-BANK-03-0010796,Tier-1,Tier-2,2026-07-19T08:12:09.326148,investigated_and_resolved
CAS-CSE-BANK-03-0010802,Tier-1,Tier-2,2026-07-19T19:53:14.171146,investigated_and_resolved
CAS-CSE-BANK-03-0010826,Tier-1,Tier-2,2026-07-21T12:09:35.444734,investigated_and_resolved
CAS-CSE-BANK-03-0010829,Tier-1,Tier-2,2026-07-21T13:10:08.886311,investigated_and_resolved
CAS-CSE-BANK-03-0010831,Tier-1,Tier-2,2026-07-21T15:33:00.249770,investigated_and_resolved
CAS-CSE-BANK-03-0010833,Tier-1,Tier-2,2026-07-21T16:01:34.081051,investigated_and_resolved
CAS-CSE-BANK-03-0010841,Tier-1,Tier-2,2026-07-22T04:02:21.092715,investigated_and_resolved
CAS-CSE-BANK-03-0010844,Tier-1,Tier-2,2026-07-22T07:47:59.562682,investigated_and_resolved
CAS-CSE-BANK-03-0010853,Tier-1,Tier-2,2026-07-23T00:00:53.984788,investigated_and_resolved
CAS-CSE-BANK-03-0010854,Tier-1,Tier-2,2026-07-23T01:28:23.092501,investigated_and_resolved
CAS-CSE-BANK-03-0010856,Tier-1,Tier-2,2026-07-23T03:28:58.996407,investigated_and_resolved
CAS-CSE-BANK-03-0010857,Tier-1,Tier-2,2026-07-23T06:38:20.169457,investigated_and_resolved
CAS-CSE-BANK-03-0010858,Tier-1,Tier-2,2026-07-23T07:14:27.834666,investigated_and_resolved
CAS-CSE-BANK-03-0010860,Tier-1,Tier-2,2026-07-23T09:28:12.708667,investigated_and_resolved
CAS-CSE-BANK-03-0010863,Tier-1,Tier-2,2026-07-23T10:39:32.184105,investigated_and_resolved
CAS-CSE-BANK-03-0010864,Tier-1,Tier-2,2026-07-23T11:03:37.411897,investigated_and_resolved
CAS-CSE-BANK-03-0010865,Tier-1,Tier-2,2026-07-23T12:28:30.778028,investigated_and_resolved
CAS-CSE-BANK-03-0010866,Tier-1,Tier-2,2026-07-23T15:51:36.223479,investigated_and_resolved
CAS-CSE-BANK-03-0010872,Tier-1,Tier-2,2026-07-24T02:28:56.300206,investigated_and_resolved
CAS-CSE-BANK-03-0010877,Tier-1,Tier-2,2026-07-24T09:19:24.714190,investigated_and_resolved
CAS-CSE-BANK-03-0010881,Tier-1,Tier-2,2026-07-24T15:37:45.628173,investigated_and_resolved
CAS-CSE-BANK-03-0010883,Tier-1,Tier-2,2026-07-24T18:07:12.478740,investigated_and_resolved
CAS-CSE-BANK-03-0010886,Tier-1,Tier-2,2026-07-25T02:48:31.693260,investigated_and_resolved
CAS-CSE-BANK-03-0010887,Tier-1,Tier-2,2026-07-25T03:24:14.919096,investigated_and_resolved
CAS-CSE-BANK-03-0010899,Tier-1,Tier-2,2026-07-25T18:38:22.499702,investigated_and_resolved
CAS-CSE-BANK-03-0010901,Tier-1,Tier-2,2026-07-25T18:47:17.511188,investigated_and_resolved
CAS-CSE-BANK-03-0010908,Tier-1,Tier-2,2026-07-26T02:05:04.924256,investigated_and_resolved
CAS-CSE-BANK-03-0010920,Tier-1,Tier-2,2026-07-26T22:56:12.006320,investigated_and_resolved
CAS-CSE-BANK-03-0010922,Tier-1,Tier-2,2026-07-27T02:06:49.575049,investigated_and_resolved
CAS-CSE-BANK-03-0010923,Tier-1,Tier-2,2026-07-27T03:07:53.029874,investigated_and_resolved
CAS-CSE-BANK-03-0010924,Tier-1,Tier-2,2026-07-27T03:32:33.787948,investigated_and_resolved
CAS-CSE-BANK-03-0010926,Tier-1,Tier-2,2026-07-27T06:21:08.013224,investigated_and_resolved
CAS-CSE-BANK-03-0010940,Tier-1,Tier-2,2026-07-28T11:13:31.905241,investigated_and_resolved
CAS-CSE-BANK-03-0010942,Tier-1,Tier-2,2026-07-28T12:27:33.383354,investigated_and_resolved
CAS-CSE-BANK-03-0010947,Tier-1,Tier-2,2026-07-28T15:23:55.833667,investigated_and_resolved
CAS-CSE-BANK-03-0010950,Tier-1,Tier-2,2026-07-28T20:26:48.344215,investigated_and_resolved
CAS-CSE-BANK-03-0010954,Tier-1,Tier-2,2026-07-29T02:05:41.005258,investigated_and_resolved
CAS-CSE-BANK-03-0010961,Tier-1,Tier-2,2026-07-29T09:01:36.797505,investigated_and_resolved
CAS-CSE-BANK-03-0010962,Tier-1,Tier-2,2026-07-29T09:01:22.542386,investigated_and_resolved
CAS-CSE-BANK-03-0010966,Tier-1,Tier-2,2026-07-29T15:22:47.739046,investigated_and_resolved
CAS-CSE-BANK-03-0010968,Tier-1,Tier-2,2026-07-29T17:48:05.810672,investigated_and_resolved
CAS-CSE-BANK-03-0010969,Tier-1,Tier-2,2026-07-29T19:39:20.162914,investigated_and_resolved
CAS-CSE-BANK-03-0010974,Tier-1,Tier-2,2026-07-30T05:09:51.029769,investigated_and_resolved
CAS-CSE-BANK-03-0010975,Tier-1,Tier-2,2026-07-30T09:43:36.661106,investigated_and_resolved
CAS-CSE-BANK-03-0010977,Tier-1,Tier-2,2026-07-30T13:06:31.456190,investigated_and_resolved
CAS-CSE-BANK-03-0010979,Tier-1,Tier-2,2026-07-30T20:59:37.540222,investigated_and_resolved
CAS-CSE-BANK-03-0010981,Tier-1,Tier-2,2026-07-30T22:11:48.415848,investigated_and_resolved
CAS-CSE-BANK-03-0010983,Tier-1,Tier-2,2026-07-31T02:16:10.127897,investigated_and_resolved
CAS-CSE-BANK-03-0010991,Tier-1,Tier-2,2026-07-31T10:32:57.896423,investigated_and_resolved
CAS-CSE-BANK-03-0010996,Tier-1,Tier-2,2026-07-31T14:59:35.689289,investigated_and_resolved
CAS-CSE-BANK-03-0010997,Tier-1,Tier-2,2026-07-31T15:22:53.275132,investigated_and_resolved
CAS-CSE-BANK-03-0011004,Tier-1,Tier-2,2026-07-31T21:45:17.524390,investigated_and_resolved
CAS-CSE-BANK-03-0011009,Tier-1,Tier-2,2026-08-01T03:46:59.187653,investigated_and_resolved
CAS-CSE-BANK-03-0011012,Tier-1,Tier-2,2026-08-01T06:34:16.480251,investigated_and_resolved
CAS-CSE-BANK-03-0011013,Tier-1,Tier-2,2026-08-01T07:28:11.109533,investigated_and_resolved
CAS-CSE-BANK-03-0011017,Tier-1,Tier-2,2026-08-01T11:54:53.736317,investigated_and_resolved
CAS-CSE-BANK-03-0011018,Tier-1,Tier-2,2026-08-01T12:21:07.561690,investigated_and_resolved
CAS-CSE-BANK-03-0011019,Tier-1,Tier-2,2026-08-01T14:55:53.248788,investigated_and_resolved
CAS-CSE-BANK-03-0011025,Tier-1,Tier-2,2026-08-02T01:08:40.848717,investigated_and_resolved
CAS-CSE-BANK-03-0011027,Tier-1,Tier-2,2026-08-02T03:02:52.741261,investigated_and_resolved
CAS-CSE-BANK-03-0011043,Tier-1,Tier-2,2026-08-02T21:38:04.891728,investigated_and_resolved
CAS-CSE-BANK-03-0011048,Tier-1,Tier-2,2026-08-03T03:09:00.438206,investigated_and_resolved
CAS-CSE-BANK-03-0011049,Tier-1,Tier-2,2026-08-03T05:32:57.914028,investigated_and_resolved
CAS-CSE-BANK-03-0011057,Tier-1,Tier-2,2026-08-03T17:42:45.793524,investigated_and_resolved
CAS-CSE-BANK-03-0011059,Tier-1,Tier-2,2026-08-04T00:19:22.003583,investigated_and_resolved
CAS-CSE-BANK-03-0011062,Tier-1,Tier-2,2026-08-04T05:36:39.940590,investigated_and_resolved
CAS-CSE-BANK-03-0011066,Tier-1,Tier-2,2026-08-04T08:06:53.305798,investigated_and_resolved
CAS-CSE-BANK-03-0011069,Tier-1,Tier-2,2026-08-04T15:15:46.123194,investigated_and_resolved
CAS-CSE-BANK-03-0011076,Tier-1,Tier-2,2026-08-04T20:49:09.019947,investigated_and_resolved
CAS-CSE-BANK-03-0011080,Tier-1,Tier-2,2026-08-05T04:35:45.661647,investigated_and_resolved
CAS-CSE-BANK-03-0011088,Tier-1,Tier-2,2026-08-05T13:50:39.694683,investigated_and_resolved
CAS-CSE-BANK-03-0011092,Tier-1,Tier-2,2026-08-05T20:54:57.049582,investigated_and_resolved
CAS-CSE-BANK-03-0011107,Tier-1,Tier-2,2026-08-06T16:19:45.518809,investigated_and_resolved
CAS-CSE-BANK-03-0011114,Tier-1,Tier-2,2026-08-07T04:21:17.195417,investigated_and_resolved
CAS-CSE-BANK-03-0011120,Tier-1,Tier-2,2026-08-07T07:56:02.435203,investigated_and_resolved
CAS-CSE-BANK-03-0011135,Tier-1,Tier-2,2026-08-08T05:27:56.954473,investigated_and_resolved
CAS-CSE-BANK-03-0011142,Tier-1,Tier-2,2026-08-08T14:40:53.775320,investigated_and_resolved
CAS-CSE-BANK-03-0011164,Tier-1,Tier-2,2026-08-09T12:31:25.411722,investigated_and_resolved
CAS-CSE-BANK-03-0011165,Tier-1,Tier-2,2026-08-09T13:00:29.912978,investigated_and_resolved
CAS-CSE-BANK-03-0011167,Tier-1,Tier-2,2026-08-09T18:56:07.092230,investigated_and_resolved
CAS-CSE-BANK-03-0011176,Tier-1,Tier-2,2026-08-10T09:43:10.704339,investigated_and_resolved
CAS-CSE-BANK-03-0011177,Tier-1,Tier-2,2026-08-10T12:00:44.751337,investigated_and_resolved
CAS-CSE-BANK-03-0011178,Tier-1,Tier-2,2026-08-10T14:02:46.778063,investigated_and_resolved
CAS-CSE-BANK-03-0011184,Tier-1,Tier-2,2026-08-10T18:26:29.949428,investigated_and_resolved
CAS-CSE-BANK-03-0011187,Tier-1,Tier-2,2026-08-11T01:50:38.933797,investigated_and_resolved
CAS-CSE-BANK-03-0011189,Tier-1,Tier-2,2026-08-11T04:31:35.626770,investigated_and_resolved
CAS-CSE-BANK-03-0011194,Tier-1,Tier-2,2026-08-11T12:24:26.180146,investigated_and_resolved
CAS-CSE-BANK-03-0011197,Tier-1,Tier-2,2026-08-11T14:08:36.692842,investigated_and_resolved
CAS-CSE-BANK-03-0011202,Tier-1,Tier-2,2026-08-11T17:34:26.419764,investigated_and_resolved
CAS-CSE-BANK-03-0011216,Tier-1,Tier-2,2026-08-12T13:26:04.836256,investigated_and_resolved
CAS-CSE-BANK-03-0011218,Tier-1,Tier-2,2026-08-12T15:11:29.562527,investigated_and_resolved
CAS-CSE-BANK-03-0011231,Tier-1,Tier-2,2026-08-13T00:37:46.024752,investigated_and_resolved
CAS-CSE-BANK-03-0011237,Tier-1,Tier-2,2026-08-13T06:04:18.253984,investigated_and_resolved
CAS-CSE-BANK-03-0011239,Tier-1,Tier-2,2026-08-13T07:54:37.751201,investigated_and_resolved
CAS-CSE-BANK-03-0011244,Tier-1,Tier-2,2026-08-13T19:20:47.408557,investigated_and_resolved
CAS-CSE-BANK-03-0011251,Tier-1,Tier-2,2026-08-13T22:32:18.650503,investigated_and_resolved
CAS-CSE-BANK-03-0011271,Tier-1,Tier-2,2026-08-15T07:22:08.831992,investigated_and_resolved
CAS-CSE-BANK-03-0011277,Tier-1,Tier-2,2026-08-15T14:35:23.329379,investigated_and_resolved
CAS-CSE-BANK-03-0011278,Tier-1,Tier-2,2026-08-15T15:11:20.493330,investigated_and_resolved
CAS-CSE-BANK-03-0011282,Tier-1,Tier-2,2026-08-15T22:30:36.901240,investigated_and_resolved
CAS-CSE-BANK-03-0011283,Tier-1,Tier-2,2026-08-15T22:44:31.615493,investigated_and_resolved
CAS-CSE-BANK-03-0011291,Tier-1,Tier-2,2026-08-16T13:10:12.848577,investigated_and_resolved
CAS-CSE-BANK-03-0011299,Tier-1,Tier-2,2026-08-17T01:33:43.743264,investigated_and_resolved
CAS-CSE-BANK-03-0011303,Tier-1,Tier-2,2026-08-17T06:41:04.861184,investigated_and_resolved
CAS-CSE-BANK-03-0011305,Tier-1,Tier-2,2026-08-17T10:55:10.484252,investigated_and_resolved
CAS-CSE-BANK-03-0011306,Tier-1,Tier-2,2026-08-17T09:48:41.138992,investigated_and_resolved
CAS-CSE-BANK-03-0011308,Tier-1,Tier-2,2026-08-17T12:25:50.971813,investigated_and_resolved
CAS-CSE-BANK-03-0011315,Tier-1,Tier-2,2026-08-17T21:13:20.713633,investigated_and_resolved
CAS-CSE-BANK-03-0011317,Tier-1,Tier-2,2026-08-18T00:42:23.317576,investigated_and_resolved
CAS-CSE-BANK-03-0011318,Tier-1,Tier-2,2026-08-18T01:26:04.404485,investigated_and_resolved
CAS-CSE-BANK-03-0011319,Tier-1,Tier-2,2026-08-18T03:33:37.290784,investigated_and_resolved
CAS-CSE-BANK-03-0011323,Tier-1,Tier-2,2026-08-18T07:37:16.083815,investigated_and_resolved
CAS-CSE-BANK-03-0011324,Tier-1,Tier-2,2026-08-18T08:25:06.183390,investigated_and_resolved
CAS-CSE-BANK-03-0011338,Tier-1,Tier-2,2026-08-19T02:33:43.539685,investigated_and_resolved
CAS-CSE-BANK-03-0011350,Tier-1,Tier-2,2026-08-19T16:30:09.643252,investigated_and_resolved
CAS-CSE-BANK-03-0011362,Tier-1,Tier-2,2026-08-20T07:12:27.128095,investigated_and_resolved
CAS-CSE-BANK-03-0011365,Tier-1,Tier-2,2026-08-20T11:30:04.127638,investigated_and_resolved
CAS-CSE-BANK-03-0011372,Tier-1,Tier-2,2026-08-20T19:12:51.562096,investigated_and_resolved
CAS-CSE-BANK-03-0011377,Tier-1,Tier-2,2026-08-21T00:39:47.415126,investigated_and_resolved
CAS-CSE-BANK-03-0011378,Tier-1,Tier-2,2026-08-21T04:44:03.854637,investigated_and_resolved
CAS-CSE-BANK-03-0011379,Tier-1,Tier-2,2026-08-21T06:21:08.933480,investigated_and_resolved
CAS-CSE-BANK-03-0011382,Tier-1,Tier-2,2026-08-21T08:36:18.495382,investigated_and_resolved
CAS-CSE-BANK-03-0011399,Tier-1,Tier-2,2026-08-22T00:57:01.569529,investigated_and_resolved
CAS-CSE-BANK-03-0011403,Tier-1,Tier-2,2026-08-22T05:02:05.882010,investigated_and_resolved
CAS-CSE-BANK-03-0011404,Tier-1,Tier-2,2026-08-22T15:37:06.006406,investigated_and_resolved
CAS-CSE-BANK-03-0011415,Tier-1,Tier-2,2026-08-23T09:53:49.481078,investigated_and_resolved
CAS-CSE-BANK-03-0011420,Tier-1,Tier-2,2026-08-23T12:58:27.763960,investigated_and_resolved
CAS-CSE-BANK-03-0011433,Tier-1,Tier-2,2026-08-24T08:40:48.211016,investigated_and_resolved
CAS-CSE-BANK-03-0011439,Tier-1,Tier-2,2026-08-24T13:41:20.443852,investigated_and_resolved
CAS-CSE-BANK-03-0011440,Tier-1,Tier-2,2026-08-24T15:00:53.916697,investigated_and_resolved
CAS-CSE-BANK-03-0011442,Tier-1,Tier-2,2026-08-24T18:47:23.686861,investigated_and_resolved
CAS-CSE-BANK-03-0011444,Tier-1,Tier-2,2026-08-24T22:26:42.967052,investigated_and_resolved
CAS-CSE-BANK-03-0011449,Tier-1,Tier-2,2026-08-25T04:06:20.261797,investigated_and_resolved
CAS-CSE-BANK-03-0011453,Tier-1,Tier-2,2026-08-25T05:43:17.819329,investigated_and_resolved
CAS-CSE-BANK-03-0011458,Tier-1,Tier-2,2026-08-25T15:18:54.382069,investigated_and_resolved
CAS-CSE-BANK-03-0011467,Tier-1,Tier-2,2026-08-25T23:58:39.705337,investigated_and_resolved
CAS-CSE-BANK-03-0011469,Tier-1,Tier-2,2026-08-26T01:38:10.748961,investigated_and_resolved
CAS-CSE-BANK-03-0011475,Tier-1,Tier-2,2026-08-26T13:04:02.997053,investigated_and_resolved
CAS-CSE-BANK-03-0011482,Tier-1,Tier-2,2026-08-27T10:05:46.677544,investigated_and_resolved
CAS-CSE-BANK-03-0011485,Tier-1,Tier-2,2026-08-27T13:43:20.060787,investigated_and_resolved
CAS-CSE-BANK-03-0011490,Tier-1,Tier-2,2026-08-27T19:12:48.167569,investigated_and_resolved
CAS-CSE-BANK-04-0011494,Tier-1,Tier-2,2026-03-01T10:41:09.849969,investigated_and_resolved
CAS-CSE-BANK-04-0011495,Tier-1,Tier-2,2026-03-01T17:41:48.450906,investigated_and_resolved
CAS-CSE-BANK-04-0011501,Tier-1,Tier-2,2026-03-03T09:29:06.409994,investigated_and_resolved
CAS-CSE-BANK-04-0011505,Tier-1,Tier-2,2026-03-04T07:57:48.023006,investigated_and_resolved
CAS-CSE-BANK-04-0011506,Tier-1,Tier-2,2026-03-04T15:00:39.878794,investigated_and_resolved
CAS-CSE-BANK-04-0011509,Tier-1,Tier-2,2026-03-06T11:15:12.804244,investigated_and_resolved
CAS-CSE-BANK-04-0011512,Tier-1,Tier-2,2026-03-07T14:31:16.610323,investigated_and_resolved
CAS-CSE-BANK-04-0011513,Tier-1,Tier-2,2026-03-08T02:23:32.048901,investigated_and_resolved
CAS-CSE-BANK-04-0011522,Tier-1,Tier-2,2026-03-14T18:10:15.460883,investigated_and_resolved
CAS-CSE-BANK-04-0011523,Tier-1,Tier-2,2026-03-15T00:55:51.394736,investigated_and_resolved
CAS-CSE-BANK-04-0011532,Tier-1,Tier-2,2026-03-17T14:09:26.073927,investigated_and_resolved
CAS-CSE-BANK-04-0011543,Tier-1,Tier-2,2026-03-20T19:37:14.744440,investigated_and_resolved
CAS-CSE-BANK-04-0011544,Tier-1,Tier-2,2026-03-20T22:40:31.795534,investigated_and_resolved
CAS-CSE-BANK-04-0011547,Tier-1,Tier-2,2026-03-22T03:05:55.096120,investigated_and_resolved
CAS-CSE-BANK-04-0011554,Tier-1,Tier-2,2026-03-24T23:11:09.969327,investigated_and_resolved
CAS-CSE-BANK-04-0011557,Tier-1,Tier-2,2026-03-26T21:50:22.079462,investigated_and_resolved
CAS-CSE-BANK-04-0011568,Tier-1,Tier-2,2026-04-03T08:00:41.929670,investigated_and_resolved
CAS-CSE-BANK-04-0011569,Tier-1,Tier-2,2026-04-04T01:04:02.008617,investigated_and_resolved
CAS-CSE-BANK-04-0011570,Tier-1,Tier-2,2026-04-05T06:18:10.052274,investigated_and_resolved
CAS-CSE-BANK-04-0011579,Tier-1,Tier-2,2026-04-13T14:09:37.976234,investigated_and_resolved
CAS-CSE-BANK-04-0011587,Tier-1,Tier-2,2026-04-16T21:48:46.952743,investigated_and_resolved
CAS-CSE-BANK-04-0011588,Tier-1,Tier-2,2026-04-16T22:48:57.819965,investigated_and_resolved
CAS-CSE-BANK-04-0011607,Tier-1,Tier-2,2026-04-24T07:26:54.588281,investigated_and_resolved
CAS-CSE-BANK-04-0011616,Tier-1,Tier-2,2026-04-30T13:22:46.651432,investigated_and_resolved
CAS-CSE-BANK-04-0011620,Tier-1,Tier-2,2026-05-01T07:22:49.482783,investigated_and_resolved
CAS-CSE-BANK-04-0011623,Tier-1,Tier-2,2026-05-02T10:25:52.153390,investigated_and_resolved
CAS-CSE-BANK-04-0011626,Tier-1,Tier-2,2026-05-03T09:02:28.746732,investigated_and_resolved
CAS-CSE-BANK-04-0011631,Tier-1,Tier-2,2026-05-07T16:53:43.324636,investigated_and_resolved
CAS-CSE-BANK-04-0011635,Tier-1,Tier-2,2026-05-08T08:14:47.157845,investigated_and_resolved
CAS-CSE-BANK-04-0011636,Tier-1,Tier-2,2026-05-09T06:31:20.977434,investigated_and_resolved
CAS-CSE-BANK-04-0011638,Tier-1,Tier-2,2026-05-09T16:54:31.759076,investigated_and_resolved
CAS-CSE-BANK-04-0011648,Tier-1,Tier-2,2026-05-12T16:10:32.541670,investigated_and_resolved
CAS-CSE-BANK-04-0011656,Tier-1,Tier-2,2026-05-15T05:41:10.057210,investigated_and_resolved
CAS-CSE-BANK-04-0011673,Tier-1,Tier-2,2026-05-25T13:30:38.652331,investigated_and_resolved
CAS-CSE-BANK-04-0011682,Tier-1,Tier-2,2026-05-30T10:45:44.982889,investigated_and_resolved
CAS-CSE-BANK-04-0011684,Tier-1,Tier-2,2026-05-31T12:22:03.724341,investigated_and_resolved
CAS-CSE-BANK-04-0011687,Tier-1,Tier-2,2026-05-31T18:21:26.366639,investigated_and_resolved
CAS-CSE-BANK-04-0011702,Tier-1,Tier-2,2026-06-07T00:59:14.281687,investigated_and_resolved
CAS-CSE-BANK-04-0011705,Tier-1,Tier-2,2026-06-07T19:37:59.554144,investigated_and_resolved
CAS-CSE-BANK-04-0011708,Tier-1,Tier-2,2026-06-08T05:49:50.340942,investigated_and_resolved
CAS-CSE-BANK-04-0011714,Tier-1,Tier-2,2026-06-09T09:03:45.391966,investigated_and_resolved
CAS-CSE-BANK-04-0011715,Tier-1,Tier-2,2026-06-09T13:29:05.905440,investigated_and_resolved
CAS-CSE-BANK-04-0011720,Tier-1,Tier-2,2026-06-15T18:47:47.858517,investigated_and_resolved
CAS-CSE-BANK-04-0011726,Tier-1,Tier-2,2026-06-19T13:13:42.352179,investigated_and_resolved
CAS-CSE-BANK-04-0011738,Tier-1,Tier-2,2026-06-23T11:11:21.719419,investigated_and_resolved
CAS-CSE-BANK-04-0011743,Tier-1,Tier-2,2026-06-26T02:20:47.098776,investigated_and_resolved
CAS-CSE-BANK-04-0011744,Tier-1,Tier-2,2026-06-26T12:05:43.521884,investigated_and_resolved
CAS-CSE-BANK-04-0011746,Tier-1,Tier-2,2026-06-26T22:49:39.770506,investigated_and_resolved
CAS-CSE-BANK-04-0011748,Tier-1,Tier-2,2026-06-27T10:30:52.628489,investigated_and_resolved
CAS-CSE-BANK-04-0011753,Tier-1,Tier-2,2026-06-30T00:16:43.404593,investigated_and_resolved
CAS-CSE-BANK-04-0011764,Tier-1,Tier-2,2026-07-07T00:17:03.205601,investigated_and_resolved
CAS-CSE-BANK-04-0011771,Tier-1,Tier-2,2026-07-08T11:08:13.845325,investigated_and_resolved
CAS-CSE-BANK-04-0011776,Tier-1,Tier-2,2026-07-09T06:25:04.298471,investigated_and_resolved
CAS-CSE-BANK-04-0011788,Tier-1,Tier-2,2026-07-12T23:56:41.377791,investigated_and_resolved
CAS-CSE-BANK-04-0011790,Tier-1,Tier-2,2026-07-13T09:45:44.627432,investigated_and_resolved
CAS-CSE-BANK-04-0011797,Tier-1,Tier-2,2026-07-16T07:41:33.210997,investigated_and_resolved
CAS-CSE-BANK-04-0011799,Tier-1,Tier-2,2026-07-16T13:30:10.908464,investigated_and_resolved
CAS-CSE-BANK-04-0011800,Tier-1,Tier-2,2026-07-16T14:19:04.560949,investigated_and_resolved
CAS-CSE-BANK-04-0011805,Tier-1,Tier-2,2026-07-19T07:38:25.581539,investigated_and_resolved
CAS-CSE-BANK-04-0011807,Tier-1,Tier-2,2026-07-20T02:27:16.524146,investigated_and_resolved
CAS-CSE-BANK-04-0011809,Tier-1,Tier-2,2026-07-20T15:03:42.694407,investigated_and_resolved
CAS-CSE-BANK-04-0011810,Tier-1,Tier-2,2026-07-21T00:45:53.433291,investigated_and_resolved
CAS-CSE-BANK-04-0011812,Tier-1,Tier-2,2026-07-21T10:52:26.220720,investigated_and_resolved
CAS-CSE-BANK-04-0011815,Tier-1,Tier-2,2026-07-22T05:57:47.206387,investigated_and_resolved
CAS-CSE-BANK-04-0011816,Tier-1,Tier-2,2026-07-22T07:24:46.328833,investigated_and_resolved
CAS-CSE-BANK-04-0011824,Tier-1,Tier-2,2026-07-24T19:43:52.924175,investigated_and_resolved
CAS-CSE-BANK-04-0011832,Tier-1,Tier-2,2026-07-27T10:39:16.978603,investigated_and_resolved
CAS-CSE-BANK-04-0011838,Tier-1,Tier-2,2026-07-31T15:36:26.399648,investigated_and_resolved
CAS-CSE-BANK-04-0011843,Tier-1,Tier-2,2026-08-03T14:12:06.418916,investigated_and_resolved
CAS-CSE-BANK-04-0011844,Tier-1,Tier-2,2026-08-04T01:04:51.637589,investigated_and_resolved
CAS-CSE-BANK-04-0011848,Tier-1,Tier-2,2026-08-04T11:20:07.785210,investigated_and_resolved
CAS-CSE-BANK-04-0011853,Tier-1,Tier-2,2026-08-08T21:50:33.619694,investigated_and_resolved
CAS-CSE-BANK-04-0011858,Tier-1,Tier-2,2026-08-09T12:18:06.770403,investigated_and_resolved
CAS-CSE-BANK-04-0011871,Tier-1,Tier-2,2026-08-15T14:40:36.232946,investigated_and_resolved
CAS-CSE-BANK-04-0011875,Tier-1,Tier-2,2026-08-17T05:08:38.236983,investigated_and_resolved
CAS-CSE-BANK-04-0011876,Tier-1,Tier-2,2026-08-17T04:43:30.933258,investigated_and_resolved
CAS-CSE-BANK-04-0011884,Tier-1,Tier-2,2026-08-20T13:37:50.511919,investigated_and_resolved
CAS-CSE-BANK-04-0011896,Tier-1,Tier-2,2026-08-25T17:17:16.185487,investigated_and_resolved
CAS-CSE-ENGY-01-0011909,Tier-1,Tier-2,2026-03-01T05:24:53.414368,investigated_and_resolved
CAS-CSE-ENGY-01-0011925,Tier-1,Tier-2,2026-03-02T02:23:41.218473,investigated_and_resolved
CAS-CSE-ENGY-01-0011927,Tier-1,Tier-2,2026-03-02T05:31:36.732720,investigated_and_resolved
CAS-CSE-ENGY-01-0011928,Tier-1,Tier-2,2026-03-02T04:32:43.328786,investigated_and_resolved
CAS-CSE-ENGY-01-0011930,Tier-1,Tier-2,2026-03-02T06:52:28.571123,investigated_and_resolved
CAS-CSE-ENGY-01-0011943,Tier-1,Tier-2,2026-03-02T15:37:47.482337,investigated_and_resolved
CAS-CSE-ENGY-01-0011948,Tier-1,Tier-2,2026-03-03T05:27:59.516130,investigated_and_resolved
CAS-CSE-ENGY-01-0011950,Tier-1,Tier-2,2026-03-03T07:16:01.828607,investigated_and_resolved
CAS-CSE-ENGY-01-0011951,Tier-1,Tier-2,2026-03-03T07:58:40.856878,investigated_and_resolved
CAS-CSE-ENGY-01-0011954,Tier-1,Tier-2,2026-03-03T11:47:04.759313,investigated_and_resolved
CAS-CSE-ENGY-01-0011957,Tier-1,Tier-2,2026-03-03T14:46:53.278876,investigated_and_resolved
CAS-CSE-ENGY-01-0011958,Tier-1,Tier-2,2026-03-03T15:50:44.161214,investigated_and_resolved
CAS-CSE-ENGY-01-0011960,Tier-1,Tier-2,2026-03-03T20:19:12.097477,investigated_and_resolved
CAS-CSE-ENGY-01-0011964,Tier-1,Tier-2,2026-03-03T23:11:38.014575,investigated_and_resolved
CAS-CSE-ENGY-01-0011967,Tier-1,Tier-2,2026-03-04T03:40:00.250572,investigated_and_resolved
CAS-CSE-ENGY-01-0011973,Tier-1,Tier-2,2026-03-04T11:47:43.817389,investigated_and_resolved
CAS-CSE-ENGY-01-0011975,Tier-1,Tier-2,2026-03-04T16:58:17.689197,investigated_and_resolved
CAS-CSE-ENGY-01-0011980,Tier-1,Tier-2,2026-03-04T18:11:14.416794,investigated_and_resolved
CAS-CSE-ENGY-01-0011993,Tier-1,Tier-2,2026-03-05T02:25:55.797277,investigated_and_resolved
CAS-CSE-ENGY-01-0011995,Tier-1,Tier-2,2026-03-05T03:15:59.522864,investigated_and_resolved
CAS-CSE-ENGY-01-0011997,Tier-1,Tier-2,2026-03-05T04:44:06.103186,investigated_and_resolved
CAS-CSE-ENGY-01-0012007,Tier-1,Tier-2,2026-03-05T17:22:26.942329,investigated_and_resolved
CAS-CSE-ENGY-01-0012008,Tier-1,Tier-2,2026-03-05T20:58:24.960351,investigated_and_resolved
CAS-CSE-ENGY-01-0012009,Tier-1,Tier-2,2026-03-05T20:54:42.328317,investigated_and_resolved
CAS-CSE-ENGY-01-0012011,Tier-1,Tier-2,2026-03-06T01:08:33.069207,investigated_and_resolved
CAS-CSE-ENGY-01-0012018,Tier-1,Tier-2,2026-03-06T03:20:20.336309,investigated_and_resolved
CAS-CSE-ENGY-01-0012019,Tier-1,Tier-2,2026-03-06T04:26:54.217984,investigated_and_resolved
CAS-CSE-ENGY-01-0012022,Tier-1,Tier-2,2026-03-06T11:43:57.585846,investigated_and_resolved
CAS-CSE-ENGY-01-0012027,Tier-1,Tier-2,2026-03-06T12:57:19.864509,investigated_and_resolved
CAS-CSE-ENGY-01-0012028,Tier-1,Tier-2,2026-03-06T13:39:34.373054,investigated_and_resolved
CAS-CSE-ENGY-01-0012030,Tier-1,Tier-2,2026-03-06T16:30:19.516279,investigated_and_resolved
CAS-CSE-ENGY-01-0012033,Tier-1,Tier-2,2026-03-06T22:56:47.799144,investigated_and_resolved
CAS-CSE-ENGY-01-0012049,Tier-1,Tier-2,2026-03-07T13:42:23.867575,investigated_and_resolved
CAS-CSE-ENGY-01-0012055,Tier-1,Tier-2,2026-03-07T19:59:07.130969,investigated_and_resolved
CAS-CSE-ENGY-01-0012056,Tier-1,Tier-2,2026-03-07T19:27:01.077699,investigated_and_resolved
CAS-CSE-ENGY-01-0012061,Tier-1,Tier-2,2026-03-08T01:47:56.371474,investigated_and_resolved
CAS-CSE-ENGY-01-0012062,Tier-1,Tier-2,2026-03-08T06:25:10.823154,investigated_and_resolved
CAS-CSE-ENGY-01-0012067,Tier-1,Tier-2,2026-03-08T08:15:48.835103,investigated_and_resolved
CAS-CSE-ENGY-01-0012074,Tier-1,Tier-2,2026-03-08T16:52:30.256605,investigated_and_resolved
CAS-CSE-ENGY-01-0012081,Tier-1,Tier-2,2026-03-09T00:46:04.615169,investigated_and_resolved
CAS-CSE-ENGY-01-0012085,Tier-1,Tier-2,2026-03-09T06:41:13.103299,investigated_and_resolved
CAS-CSE-ENGY-01-0012089,Tier-1,Tier-2,2026-03-09T11:58:22.083740,investigated_and_resolved
CAS-CSE-ENGY-01-0012093,Tier-1,Tier-2,2026-03-09T18:06:48.706125,investigated_and_resolved
CAS-CSE-ENGY-01-0012095,Tier-1,Tier-2,2026-03-10T00:13:53.785006,investigated_and_resolved
CAS-CSE-ENGY-01-0012098,Tier-1,Tier-2,2026-03-10T03:50:23.083352,investigated_and_resolved
CAS-CSE-ENGY-01-0012102,Tier-1,Tier-2,2026-03-10T07:22:07.278210,investigated_and_resolved
CAS-CSE-ENGY-01-0012109,Tier-1,Tier-2,2026-03-10T10:27:50.705190,investigated_and_resolved
CAS-CSE-ENGY-01-0012113,Tier-1,Tier-2,2026-03-10T13:41:23.475795,investigated_and_resolved
CAS-CSE-ENGY-01-0012120,Tier-1,Tier-2,2026-03-10T19:59:44.513245,investigated_and_resolved
CAS-CSE-ENGY-01-0012129,Tier-1,Tier-2,2026-03-11T03:17:22.701021,investigated_and_resolved
CAS-CSE-ENGY-01-0012134,Tier-1,Tier-2,2026-03-11T07:28:04.161808,investigated_and_resolved
CAS-CSE-ENGY-01-0012144,Tier-1,Tier-2,2026-03-11T16:48:13.369203,investigated_and_resolved
CAS-CSE-ENGY-01-0012149,Tier-1,Tier-2,2026-03-11T20:42:04.300314,investigated_and_resolved
CAS-CSE-ENGY-01-0012152,Tier-1,Tier-2,2026-03-12T01:55:41.688949,investigated_and_resolved
CAS-CSE-ENGY-01-0012165,Tier-1,Tier-2,2026-03-12T14:48:16.644410,investigated_and_resolved
CAS-CSE-ENGY-01-0012173,Tier-1,Tier-2,2026-03-13T05:28:09.850261,investigated_and_resolved
CAS-CSE-ENGY-01-0012178,Tier-1,Tier-2,2026-03-13T10:19:18.697648,investigated_and_resolved
CAS-CSE-ENGY-01-0012179,Tier-1,Tier-2,2026-03-13T10:34:43.083712,investigated_and_resolved
CAS-CSE-ENGY-01-0012180,Tier-1,Tier-2,2026-03-13T12:03:25.078129,investigated_and_resolved
CAS-CSE-ENGY-01-0012182,Tier-1,Tier-2,2026-03-13T13:29:56.430066,investigated_and_resolved
CAS-CSE-ENGY-01-0012188,Tier-1,Tier-2,2026-03-13T20:17:42.919427,investigated_and_resolved
CAS-CSE-ENGY-01-0012191,Tier-1,Tier-2,2026-03-13T20:54:27.745183,investigated_and_resolved
CAS-CSE-ENGY-01-0012192,Tier-1,Tier-2,2026-03-13T22:54:15.503178,investigated_and_resolved
CAS-CSE-ENGY-01-0012196,Tier-1,Tier-2,2026-03-13T23:51:22.272106,investigated_and_resolved
CAS-CSE-ENGY-01-0012206,Tier-1,Tier-2,2026-03-14T09:24:58.233080,investigated_and_resolved
CAS-CSE-ENGY-01-0012207,Tier-1,Tier-2,2026-03-14T11:34:48.172804,investigated_and_resolved
CAS-CSE-ENGY-01-0012213,Tier-1,Tier-2,2026-03-14T19:24:59.537864,investigated_and_resolved
CAS-CSE-ENGY-01-0012214,Tier-1,Tier-2,2026-03-14T20:08:54.847687,investigated_and_resolved
CAS-CSE-ENGY-01-0012223,Tier-1,Tier-2,2026-03-15T08:15:51.023127,investigated_and_resolved
CAS-CSE-ENGY-01-0012237,Tier-1,Tier-2,2026-03-16T00:59:59.108175,investigated_and_resolved
CAS-CSE-ENGY-01-0012241,Tier-1,Tier-2,2026-03-16T01:45:23.245968,investigated_and_resolved
CAS-CSE-ENGY-01-0012247,Tier-1,Tier-2,2026-03-16T04:52:56.463719,investigated_and_resolved
CAS-CSE-ENGY-01-0012249,Tier-1,Tier-2,2026-03-16T09:03:43.927788,investigated_and_resolved
CAS-CSE-ENGY-01-0012255,Tier-1,Tier-2,2026-03-16T14:14:49.913752,investigated_and_resolved
CAS-CSE-ENGY-01-0012258,Tier-1,Tier-2,2026-03-16T19:03:20.451227,investigated_and_resolved
CAS-CSE-ENGY-01-0012262,Tier-1,Tier-2,2026-03-16T22:08:58.716767,investigated_and_resolved
CAS-CSE-ENGY-01-0012265,Tier-1,Tier-2,2026-03-17T06:09:29.617664,investigated_and_resolved
CAS-CSE-ENGY-01-0012271,Tier-1,Tier-2,2026-03-17T10:14:15.561423,investigated_and_resolved
CAS-CSE-ENGY-01-0012274,Tier-1,Tier-2,2026-03-17T16:34:05.216450,investigated_and_resolved
CAS-CSE-ENGY-01-0012276,Tier-1,Tier-2,2026-03-17T16:53:15.771802,investigated_and_resolved
CAS-CSE-ENGY-01-0012284,Tier-1,Tier-2,2026-03-18T05:17:26.638446,investigated_and_resolved
CAS-CSE-ENGY-01-0012289,Tier-1,Tier-2,2026-03-18T10:43:39.216558,investigated_and_resolved
CAS-CSE-ENGY-01-0012290,Tier-1,Tier-2,2026-03-18T11:17:25.058357,investigated_and_resolved
CAS-CSE-ENGY-01-0012299,Tier-1,Tier-2,2026-03-18T22:12:06.394558,investigated_and_resolved
CAS-CSE-ENGY-01-0012309,Tier-1,Tier-2,2026-03-19T09:56:47.869029,investigated_and_resolved
CAS-CSE-ENGY-01-0012310,Tier-1,Tier-2,2026-03-19T10:45:14.235615,investigated_and_resolved
CAS-CSE-ENGY-01-0012318,Tier-1,Tier-2,2026-03-19T17:33:52.380193,investigated_and_resolved
CAS-CSE-ENGY-01-0012319,Tier-1,Tier-2,2026-03-19T20:11:05.923601,investigated_and_resolved
CAS-CSE-ENGY-01-0012320,Tier-1,Tier-2,2026-03-19T22:54:50.607470,investigated_and_resolved
CAS-CSE-ENGY-01-0012322,Tier-1,Tier-2,2026-03-19T23:05:56.134147,investigated_and_resolved
CAS-CSE-ENGY-01-0012324,Tier-1,Tier-2,2026-03-19T23:19:03.419273,investigated_and_resolved
CAS-CSE-ENGY-01-0012332,Tier-1,Tier-2,2026-03-20T03:24:18.833710,investigated_and_resolved
CAS-CSE-ENGY-01-0012335,Tier-1,Tier-2,2026-03-20T07:36:00.949235,investigated_and_resolved
CAS-CSE-ENGY-01-0012337,Tier-1,Tier-2,2026-03-20T09:02:22.295790,investigated_and_resolved
CAS-CSE-ENGY-01-0012340,Tier-1,Tier-2,2026-03-20T15:15:44.186744,investigated_and_resolved
CAS-CSE-ENGY-01-0012344,Tier-1,Tier-2,2026-03-20T17:43:11.349831,investigated_and_resolved
CAS-CSE-ENGY-01-0012345,Tier-1,Tier-2,2026-03-20T18:50:39.443415,investigated_and_resolved
CAS-CSE-ENGY-01-0012348,Tier-1,Tier-2,2026-03-20T20:02:00.227184,investigated_and_resolved
CAS-CSE-ENGY-01-0012349,Tier-1,Tier-2,2026-03-20T20:52:40.922621,investigated_and_resolved
CAS-CSE-ENGY-01-0012350,Tier-1,Tier-2,2026-03-20T20:59:21.841887,investigated_and_resolved
CAS-CSE-ENGY-01-0012353,Tier-1,Tier-2,2026-03-20T22:41:27.114082,investigated_and_resolved
CAS-CSE-ENGY-01-0012355,Tier-1,Tier-2,2026-03-21T02:34:55.109777,investigated_and_resolved
CAS-CSE-ENGY-01-0012358,Tier-1,Tier-2,2026-03-21T07:00:13.991944,investigated_and_resolved
CAS-CSE-ENGY-01-0012361,Tier-1,Tier-2,2026-03-21T09:26:51.680833,investigated_and_resolved
CAS-CSE-ENGY-01-0012362,Tier-1,Tier-2,2026-03-21T11:08:09.841245,investigated_and_resolved
CAS-CSE-ENGY-01-0012372,Tier-1,Tier-2,2026-03-21T22:41:24.887535,investigated_and_resolved
CAS-CSE-ENGY-01-0012375,Tier-1,Tier-2,2026-03-22T02:02:26.361623,investigated_and_resolved
CAS-CSE-ENGY-01-0012376,Tier-1,Tier-2,2026-03-22T02:33:44.509330,investigated_and_resolved
CAS-CSE-ENGY-01-0012392,Tier-1,Tier-2,2026-03-23T16:41:22.294579,investigated_and_resolved
CAS-CSE-ENGY-01-0012394,Tier-1,Tier-2,2026-03-23T18:06:22.854626,investigated_and_resolved
CAS-CSE-ENGY-01-0012398,Tier-1,Tier-2,2026-03-23T23:39:09.603284,investigated_and_resolved
CAS-CSE-ENGY-01-0012401,Tier-1,Tier-2,2026-03-24T00:49:56.994596,investigated_and_resolved
CAS-CSE-ENGY-01-0012403,Tier-1,Tier-2,2026-03-24T03:11:29.570434,investigated_and_resolved
CAS-CSE-ENGY-01-0012417,Tier-1,Tier-2,2026-03-24T18:14:16.343728,investigated_and_resolved
CAS-CSE-ENGY-01-0012420,Tier-1,Tier-2,2026-03-24T20:10:07.001592,investigated_and_resolved
CAS-CSE-ENGY-01-0012425,Tier-1,Tier-2,2026-03-25T04:35:41.548877,investigated_and_resolved
CAS-CSE-ENGY-01-0012430,Tier-1,Tier-2,2026-03-25T12:09:45.660650,investigated_and_resolved
CAS-CSE-ENGY-01-0012432,Tier-1,Tier-2,2026-03-25T08:17:14.205834,investigated_and_resolved
CAS-CSE-ENGY-01-0012437,Tier-1,Tier-2,2026-03-25T17:06:00.070686,investigated_and_resolved
CAS-CSE-ENGY-01-0012440,Tier-1,Tier-2,2026-03-25T17:41:37.167891,investigated_and_resolved
CAS-CSE-ENGY-01-0012444,Tier-1,Tier-2,2026-03-25T19:52:45.255828,investigated_and_resolved
CAS-CSE-ENGY-01-0012451,Tier-1,Tier-2,2026-03-26T02:13:24.021675,investigated_and_resolved
CAS-CSE-ENGY-01-0012467,Tier-1,Tier-2,2026-03-27T01:25:07.504809,investigated_and_resolved
CAS-CSE-ENGY-01-0012474,Tier-1,Tier-2,2026-03-27T07:02:16.308576,investigated_and_resolved
CAS-CSE-ENGY-01-0012478,Tier-1,Tier-2,2026-03-27T09:40:05.260121,investigated_and_resolved
CAS-CSE-ENGY-01-0012480,Tier-1,Tier-2,2026-03-27T12:45:46.421691,investigated_and_resolved
CAS-CSE-ENGY-01-0012483,Tier-1,Tier-2,2026-03-27T19:00:43.128596,investigated_and_resolved
CAS-CSE-ENGY-01-0012484,Tier-1,Tier-2,2026-03-27T16:48:46.787038,investigated_and_resolved
CAS-CSE-ENGY-01-0012487,Tier-1,Tier-2,2026-03-27T22:15:08.490644,investigated_and_resolved
CAS-CSE-ENGY-01-0012490,Tier-1,Tier-2,2026-03-28T05:00:59.482094,investigated_and_resolved
CAS-CSE-ENGY-01-0012497,Tier-1,Tier-2,2026-03-28T10:51:46.516923,investigated_and_resolved
CAS-CSE-ENGY-01-0012507,Tier-1,Tier-2,2026-03-29T02:00:04.508151,investigated_and_resolved
CAS-CSE-ENGY-01-0012512,Tier-1,Tier-2,2026-03-29T05:44:00.031630,investigated_and_resolved
CAS-CSE-ENGY-01-0012517,Tier-1,Tier-2,2026-03-29T09:27:44.658301,investigated_and_resolved
CAS-CSE-ENGY-01-0012521,Tier-1,Tier-2,2026-03-29T14:51:52.246571,investigated_and_resolved
CAS-CSE-ENGY-01-0012528,Tier-1,Tier-2,2026-03-29T17:42:02.269343,investigated_and_resolved
CAS-CSE-ENGY-01-0012530,Tier-1,Tier-2,2026-03-29T19:56:26.988092,investigated_and_resolved
CAS-CSE-ENGY-01-0012533,Tier-1,Tier-2,2026-03-29T19:59:09.353624,investigated_and_resolved
CAS-CSE-ENGY-01-0012534,Tier-1,Tier-2,2026-03-29T22:08:20.271283,investigated_and_resolved
CAS-CSE-ENGY-01-0012548,Tier-1,Tier-2,2026-03-30T11:08:55.037220,investigated_and_resolved
CAS-CSE-ENGY-01-0012549,Tier-1,Tier-2,2026-03-30T11:06:35.668708,investigated_and_resolved
CAS-CSE-ENGY-01-0012551,Tier-1,Tier-2,2026-03-30T14:21:17.748191,investigated_and_resolved
CAS-CSE-ENGY-01-0012559,Tier-1,Tier-2,2026-03-30T22:34:49.794151,investigated_and_resolved
CAS-CSE-ENGY-01-0012560,Tier-1,Tier-2,2026-03-30T22:45:28.711627,investigated_and_resolved
CAS-CSE-ENGY-01-0012563,Tier-1,Tier-2,2026-03-30T21:38:14.589673,investigated_and_resolved
CAS-CSE-ENGY-01-0012566,Tier-1,Tier-2,2026-03-31T00:24:45.761259,investigated_and_resolved
CAS-CSE-ENGY-01-0012569,Tier-1,Tier-2,2026-03-31T04:35:07.340597,investigated_and_resolved
CAS-CSE-ENGY-01-0012572,Tier-1,Tier-2,2026-03-31T06:35:22.977787,investigated_and_resolved
CAS-CSE-ENGY-01-0012584,Tier-1,Tier-2,2026-03-31T21:43:45.189215,investigated_and_resolved
CAS-CSE-ENGY-01-0012585,Tier-1,Tier-2,2026-03-31T20:31:06.060108,investigated_and_resolved
CAS-CSE-ENGY-01-0012588,Tier-1,Tier-2,2026-04-01T02:20:14.628010,investigated_and_resolved
CAS-CSE-ENGY-01-0012600,Tier-1,Tier-2,2026-04-01T11:43:12.054341,investigated_and_resolved
CAS-CSE-ENGY-01-0012627,Tier-1,Tier-2,2026-04-02T15:24:16.453682,investigated_and_resolved
CAS-CSE-ENGY-01-0012632,Tier-1,Tier-2,2026-04-02T19:11:55.042394,investigated_and_resolved
CAS-CSE-ENGY-01-0012639,Tier-1,Tier-2,2026-04-03T01:53:43.438347,investigated_and_resolved
CAS-CSE-ENGY-01-0012640,Tier-1,Tier-2,2026-04-03T03:22:32.307544,investigated_and_resolved
CAS-CSE-ENGY-01-0012641,Tier-1,Tier-2,2026-04-03T05:45:06.273562,investigated_and_resolved
CAS-CSE-ENGY-01-0012652,Tier-1,Tier-2,2026-04-03T14:07:56.610127,investigated_and_resolved
CAS-CSE-ENGY-01-0012657,Tier-1,Tier-2,2026-04-03T22:48:42.535218,investigated_and_resolved
CAS-CSE-ENGY-01-0012658,Tier-1,Tier-2,2026-04-03T23:08:02.327182,investigated_and_resolved
CAS-CSE-ENGY-01-0012661,Tier-1,Tier-2,2026-04-03T23:26:28.455864,investigated_and_resolved
CAS-CSE-ENGY-01-0012673,Tier-1,Tier-2,2026-04-04T19:17:45.482398,investigated_and_resolved
CAS-CSE-ENGY-01-0012674,Tier-1,Tier-2,2026-04-04T19:03:01.736849,investigated_and_resolved
CAS-CSE-ENGY-01-0012678,Tier-1,Tier-2,2026-04-05T00:44:02.823762,investigated_and_resolved
CAS-CSE-ENGY-01-0012681,Tier-1,Tier-2,2026-04-05T00:25:09.571122,investigated_and_resolved
CAS-CSE-ENGY-01-0012689,Tier-1,Tier-2,2026-04-05T09:39:49.676245,investigated_and_resolved
CAS-CSE-ENGY-01-0012701,Tier-1,Tier-2,2026-04-06T00:17:29.363786,investigated_and_resolved
CAS-CSE-ENGY-01-0012707,Tier-1,Tier-2,2026-04-06T02:01:07.392796,investigated_and_resolved
CAS-CSE-ENGY-01-0012708,Tier-1,Tier-2,2026-04-06T03:10:43.985442,investigated_and_resolved
CAS-CSE-ENGY-01-0012711,Tier-1,Tier-2,2026-04-06T05:46:10.601937,investigated_and_resolved
CAS-CSE-ENGY-01-0012713,Tier-1,Tier-2,2026-04-06T07:03:58.282769,investigated_and_resolved
CAS-CSE-ENGY-01-0012722,Tier-1,Tier-2,2026-04-06T18:12:58.322728,investigated_and_resolved
CAS-CSE-ENGY-01-0012725,Tier-1,Tier-2,2026-04-06T20:51:18.446035,investigated_and_resolved
CAS-CSE-ENGY-01-0012728,Tier-1,Tier-2,2026-04-07T04:24:54.270937,investigated_and_resolved
CAS-CSE-ENGY-01-0012730,Tier-1,Tier-2,2026-04-07T05:52:23.539882,investigated_and_resolved
CAS-CSE-ENGY-01-0012732,Tier-1,Tier-2,2026-04-07T07:29:47.131983,investigated_and_resolved
CAS-CSE-ENGY-01-0012734,Tier-1,Tier-2,2026-04-07T10:32:29.252499,investigated_and_resolved
CAS-CSE-ENGY-01-0012736,Tier-1,Tier-2,2026-04-07T09:06:23.725202,investigated_and_resolved
CAS-CSE-ENGY-01-0012744,Tier-1,Tier-2,2026-04-07T14:23:35.164829,investigated_and_resolved
CAS-CSE-ENGY-01-0012746,Tier-1,Tier-2,2026-04-07T15:14:49.854347,investigated_and_resolved
CAS-CSE-ENGY-01-0012751,Tier-1,Tier-2,2026-04-07T18:55:38.483006,investigated_and_resolved
CAS-CSE-ENGY-01-0012752,Tier-1,Tier-2,2026-04-07T20:29:59.951001,investigated_and_resolved
CAS-CSE-ENGY-01-0012754,Tier-1,Tier-2,2026-04-07T20:28:30.440384,investigated_and_resolved
CAS-CSE-ENGY-01-0012761,Tier-1,Tier-2,2026-04-08T09:50:09.346167,investigated_and_resolved
CAS-CSE-ENGY-01-0012766,Tier-1,Tier-2,2026-04-09T10:18:00.170792,investigated_and_resolved
CAS-CSE-ENGY-01-0012774,Tier-1,Tier-2,2026-04-09T10:58:05.473269,investigated_and_resolved
CAS-CSE-ENGY-01-0012779,Tier-1,Tier-2,2026-04-09T18:29:53.170117,investigated_and_resolved
CAS-CSE-ENGY-01-0012782,Tier-1,Tier-2,2026-04-09T20:37:24.496569,investigated_and_resolved
CAS-CSE-ENGY-01-0012783,Tier-1,Tier-2,2026-04-09T20:24:22.058966,investigated_and_resolved
CAS-CSE-ENGY-01-0012789,Tier-1,Tier-2,2026-04-10T00:49:01.092986,investigated_and_resolved
CAS-CSE-ENGY-01-0012798,Tier-1,Tier-2,2026-04-10T13:34:22.324386,investigated_and_resolved
CAS-CSE-ENGY-01-0012823,Tier-1,Tier-2,2026-04-11T21:34:06.567029,investigated_and_resolved
CAS-CSE-ENGY-01-0012825,Tier-1,Tier-2,2026-04-12T01:27:32.603700,investigated_and_resolved
CAS-CSE-ENGY-01-0012829,Tier-1,Tier-2,2026-04-12T06:11:45.742150,investigated_and_resolved
CAS-CSE-ENGY-01-0012831,Tier-1,Tier-2,2026-04-12T12:17:47.586835,investigated_and_resolved
CAS-CSE-ENGY-01-0012836,Tier-1,Tier-2,2026-04-12T18:49:54.272937,investigated_and_resolved
CAS-CSE-ENGY-01-0012849,Tier-1,Tier-2,2026-04-13T10:10:21.410565,investigated_and_resolved
CAS-CSE-ENGY-01-0012864,Tier-1,Tier-2,2026-04-13T20:12:00.392451,investigated_and_resolved
CAS-CSE-ENGY-01-0012865,Tier-1,Tier-2,2026-04-13T21:28:21.264247,investigated_and_resolved
CAS-CSE-ENGY-01-0012867,Tier-1,Tier-2,2026-04-14T01:04:43.204123,investigated_and_resolved
CAS-CSE-ENGY-01-0012871,Tier-1,Tier-2,2026-04-14T00:19:10.390886,investigated_and_resolved
CAS-CSE-ENGY-01-0012888,Tier-1,Tier-2,2026-04-14T18:25:10.178005,investigated_and_resolved
CAS-CSE-ENGY-01-0012891,Tier-1,Tier-2,2026-04-14T22:03:48.786469,investigated_and_resolved
CAS-CSE-ENGY-01-0012897,Tier-1,Tier-2,2026-04-15T02:15:46.089882,investigated_and_resolved
CAS-CSE-ENGY-01-0012902,Tier-1,Tier-2,2026-04-15T04:36:08.752301,investigated_and_resolved
CAS-CSE-ENGY-01-0012905,Tier-1,Tier-2,2026-04-15T15:37:04.277374,investigated_and_resolved
CAS-CSE-ENGY-01-0012908,Tier-1,Tier-2,2026-04-15T17:20:47.883881,investigated_and_resolved
CAS-CSE-ENGY-01-0012910,Tier-1,Tier-2,2026-04-15T19:49:20.613384,investigated_and_resolved
CAS-CSE-ENGY-01-0012914,Tier-1,Tier-2,2026-04-15T22:35:15.412752,investigated_and_resolved
CAS-CSE-ENGY-01-0012921,Tier-1,Tier-2,2026-04-16T01:45:06.401118,investigated_and_resolved
CAS-CSE-ENGY-01-0012925,Tier-1,Tier-2,2026-04-16T13:14:52.137518,investigated_and_resolved
CAS-CSE-ENGY-01-0012927,Tier-1,Tier-2,2026-04-16T12:15:44.963952,investigated_and_resolved
CAS-CSE-ENGY-01-0012932,Tier-1,Tier-2,2026-04-16T20:28:56.715433,investigated_and_resolved
CAS-CSE-ENGY-01-0012934,Tier-1,Tier-2,2026-04-16T21:58:23.173099,investigated_and_resolved
CAS-CSE-ENGY-01-0012937,Tier-1,Tier-2,2026-04-17T03:32:50.744267,investigated_and_resolved
CAS-CSE-ENGY-01-0012942,Tier-1,Tier-2,2026-04-17T10:13:50.052726,investigated_and_resolved
CAS-CSE-ENGY-01-0012953,Tier-1,Tier-2,2026-04-17T21:44:52.664675,investigated_and_resolved
CAS-CSE-ENGY-01-0012957,Tier-1,Tier-2,2026-04-17T23:48:45.301340,investigated_and_resolved
CAS-CSE-ENGY-01-0012970,Tier-1,Tier-2,2026-04-18T10:08:11.971697,investigated_and_resolved
CAS-CSE-ENGY-01-0012978,Tier-1,Tier-2,2026-04-18T22:08:42.382363,investigated_and_resolved
CAS-CSE-ENGY-01-0012979,Tier-1,Tier-2,2026-04-18T22:15:21.917965,investigated_and_resolved
CAS-CSE-ENGY-01-0012981,Tier-1,Tier-2,2026-04-18T23:41:53.544471,investigated_and_resolved
CAS-CSE-ENGY-01-0012987,Tier-1,Tier-2,2026-04-19T04:04:49.032034,investigated_and_resolved
CAS-CSE-ENGY-01-0012994,Tier-1,Tier-2,2026-04-19T11:50:54.362807,investigated_and_resolved
CAS-CSE-ENGY-01-0012997,Tier-1,Tier-2,2026-04-19T15:12:46.718234,investigated_and_resolved
CAS-CSE-ENGY-01-0012998,Tier-1,Tier-2,2026-04-19T16:33:04.335455,investigated_and_resolved
CAS-CSE-ENGY-01-0013007,Tier-1,Tier-2,2026-04-20T01:06:04.036673,investigated_and_resolved
CAS-CSE-ENGY-01-0013014,Tier-1,Tier-2,2026-04-20T06:42:19.616347,investigated_and_resolved
CAS-CSE-ENGY-01-0013015,Tier-1,Tier-2,2026-04-20T08:17:49.897496,investigated_and_resolved
CAS-CSE-ENGY-01-0013018,Tier-1,Tier-2,2026-04-20T08:40:00.393613,investigated_and_resolved
CAS-CSE-ENGY-01-0013029,Tier-1,Tier-2,2026-04-21T07:48:34.147822,investigated_and_resolved
CAS-CSE-ENGY-01-0013045,Tier-1,Tier-2,2026-04-22T06:58:09.709879,investigated_and_resolved
CAS-CSE-ENGY-01-0013048,Tier-1,Tier-2,2026-04-22T08:54:29.271749,investigated_and_resolved
CAS-CSE-ENGY-01-0013050,Tier-1,Tier-2,2026-04-22T12:32:52.910800,investigated_and_resolved
CAS-CSE-ENGY-01-0013054,Tier-1,Tier-2,2026-04-22T18:36:24.633534,investigated_and_resolved
CAS-CSE-ENGY-01-0013062,Tier-1,Tier-2,2026-04-23T00:53:12.226721,investigated_and_resolved
CAS-CSE-ENGY-01-0013066,Tier-1,Tier-2,2026-04-23T06:12:17.532302,investigated_and_resolved
CAS-CSE-ENGY-01-0013069,Tier-1,Tier-2,2026-04-23T08:01:14.921829,investigated_and_resolved
CAS-CSE-ENGY-01-0013072,Tier-1,Tier-2,2026-04-23T09:28:24.651417,investigated_and_resolved
CAS-CSE-ENGY-01-0013078,Tier-1,Tier-2,2026-04-23T17:53:17.467954,investigated_and_resolved
CAS-CSE-ENGY-01-0013096,Tier-1,Tier-2,2026-04-24T11:14:39.784490,investigated_and_resolved
CAS-CSE-ENGY-01-0013105,Tier-1,Tier-2,2026-04-24T17:38:54.069278,investigated_and_resolved
CAS-CSE-ENGY-01-0013111,Tier-1,Tier-2,2026-04-24T23:28:58.326285,investigated_and_resolved
CAS-CSE-ENGY-01-0013118,Tier-1,Tier-2,2026-04-25T05:18:39.356992,investigated_and_resolved
CAS-CSE-ENGY-01-0013121,Tier-1,Tier-2,2026-04-25T07:57:26.973906,investigated_and_resolved
CAS-CSE-ENGY-01-0013125,Tier-1,Tier-2,2026-04-25T15:21:35.214034,investigated_and_resolved
CAS-CSE-ENGY-01-0013131,Tier-1,Tier-2,2026-04-25T20:10:42.454401,investigated_and_resolved
CAS-CSE-ENGY-01-0013140,Tier-1,Tier-2,2026-04-26T03:46:01.618185,investigated_and_resolved
CAS-CSE-ENGY-01-0013141,Tier-1,Tier-2,2026-04-26T04:41:28.508524,investigated_and_resolved
CAS-CSE-ENGY-01-0013146,Tier-1,Tier-2,2026-04-26T10:09:32.599858,investigated_and_resolved
CAS-CSE-ENGY-01-0013152,Tier-1,Tier-2,2026-04-26T15:09:15.196422,investigated_and_resolved
CAS-CSE-ENGY-01-0013159,Tier-1,Tier-2,2026-04-26T19:37:45.917489,investigated_and_resolved
CAS-CSE-ENGY-01-0013162,Tier-1,Tier-2,2026-04-26T20:20:13.695579,investigated_and_resolved
CAS-CSE-ENGY-01-0013166,Tier-1,Tier-2,2026-04-26T23:12:06.936961,investigated_and_resolved
CAS-CSE-ENGY-01-0013168,Tier-1,Tier-2,2026-04-27T00:19:36.439488,investigated_and_resolved
CAS-CSE-ENGY-01-0013176,Tier-1,Tier-2,2026-04-27T16:56:17.635690,investigated_and_resolved
CAS-CSE-ENGY-01-0013184,Tier-1,Tier-2,2026-04-28T05:15:40.712840,investigated_and_resolved
CAS-CSE-ENGY-01-0013187,Tier-1,Tier-2,2026-04-28T11:44:56.743069,investigated_and_resolved
CAS-CSE-ENGY-01-0013191,Tier-1,Tier-2,2026-04-28T15:29:06.955973,investigated_and_resolved
CAS-CSE-ENGY-01-0013196,Tier-1,Tier-2,2026-04-28T22:41:30.522017,investigated_and_resolved
CAS-CSE-ENGY-01-0013204,Tier-1,Tier-2,2026-04-29T13:21:22.346978,investigated_and_resolved
CAS-CSE-ENGY-01-0013210,Tier-1,Tier-2,2026-04-29T18:17:13.448160,investigated_and_resolved
CAS-CSE-ENGY-01-0013222,Tier-1,Tier-2,2026-04-30T04:17:54.979119,investigated_and_resolved
CAS-CSE-ENGY-01-0013225,Tier-1,Tier-2,2026-04-30T09:02:03.603373,investigated_and_resolved
CAS-CSE-ENGY-01-0013230,Tier-1,Tier-2,2026-04-30T17:07:52.747515,investigated_and_resolved
CAS-CSE-ENGY-01-0013231,Tier-1,Tier-2,2026-04-30T16:36:29.812964,investigated_and_resolved
CAS-CSE-ENGY-01-0013233,Tier-1,Tier-2,2026-04-30T18:36:44.943223,investigated_and_resolved
CAS-CSE-ENGY-01-0013236,Tier-1,Tier-2,2026-04-30T19:58:18.894377,investigated_and_resolved
CAS-CSE-ENGY-01-0013237,Tier-1,Tier-2,2026-04-30T19:49:34.129033,investigated_and_resolved
CAS-CSE-ENGY-01-0013243,Tier-1,Tier-2,2026-04-30T23:53:00.183669,investigated_and_resolved
CAS-CSE-ENGY-01-0013245,Tier-1,Tier-2,2026-05-01T02:46:17.607947,investigated_and_resolved
CAS-CSE-ENGY-01-0013247,Tier-1,Tier-2,2026-05-01T05:01:08.755213,investigated_and_resolved
CAS-CSE-ENGY-01-0013250,Tier-1,Tier-2,2026-05-01T08:35:43.860684,investigated_and_resolved
CAS-CSE-ENGY-01-0013256,Tier-1,Tier-2,2026-05-01T11:53:20.133275,investigated_and_resolved
CAS-CSE-ENGY-01-0013259,Tier-1,Tier-2,2026-05-01T14:54:10.722958,investigated_and_resolved
CAS-CSE-ENGY-01-0013260,Tier-1,Tier-2,2026-05-01T15:56:00.332123,investigated_and_resolved
CAS-CSE-ENGY-01-0013263,Tier-1,Tier-2,2026-05-01T18:58:23.638644,investigated_and_resolved
CAS-CSE-ENGY-01-0013272,Tier-1,Tier-2,2026-05-02T06:05:25.715348,investigated_and_resolved
CAS-CSE-ENGY-01-0013278,Tier-1,Tier-2,2026-05-02T08:32:53.697998,investigated_and_resolved
CAS-CSE-ENGY-01-0013279,Tier-1,Tier-2,2026-05-02T10:10:57.874005,investigated_and_resolved
CAS-CSE-ENGY-01-0013285,Tier-1,Tier-2,2026-05-02T14:41:02.908540,investigated_and_resolved
CAS-CSE-ENGY-01-0013290,Tier-1,Tier-2,2026-05-02T20:14:24.000400,investigated_and_resolved
CAS-CSE-ENGY-01-0013292,Tier-1,Tier-2,2026-05-03T00:44:57.897441,investigated_and_resolved
CAS-CSE-ENGY-01-0013299,Tier-1,Tier-2,2026-05-03T05:18:03.544105,investigated_and_resolved
CAS-CSE-ENGY-01-0013301,Tier-1,Tier-2,2026-05-03T06:06:37.831458,investigated_and_resolved
CAS-CSE-ENGY-01-0013312,Tier-1,Tier-2,2026-05-03T13:49:41.846173,investigated_and_resolved
CAS-CSE-ENGY-01-0013313,Tier-1,Tier-2,2026-05-03T14:22:49.225308,investigated_and_resolved
CAS-CSE-ENGY-01-0013316,Tier-1,Tier-2,2026-05-03T17:02:13.194921,investigated_and_resolved
CAS-CSE-ENGY-01-0013318,Tier-1,Tier-2,2026-05-03T18:44:53.810059,investigated_and_resolved
CAS-CSE-ENGY-01-0013319,Tier-1,Tier-2,2026-05-03T17:45:03.800551,investigated_and_resolved
CAS-CSE-ENGY-01-0013320,Tier-1,Tier-2,2026-05-03T21:31:55.267535,investigated_and_resolved
CAS-CSE-ENGY-01-0013321,Tier-1,Tier-2,2026-05-03T20:14:01.849657,investigated_and_resolved
CAS-CSE-ENGY-01-0013330,Tier-1,Tier-2,2026-05-04T07:06:28.925469,investigated_and_resolved
CAS-CSE-ENGY-01-0013333,Tier-1,Tier-2,2026-05-04T07:17:41.335313,investigated_and_resolved
CAS-CSE-ENGY-01-0013336,Tier-1,Tier-2,2026-05-04T11:34:32.105083,investigated_and_resolved
CAS-CSE-ENGY-01-0013339,Tier-1,Tier-2,2026-05-04T14:25:18.216582,investigated_and_resolved
CAS-CSE-ENGY-01-0013341,Tier-1,Tier-2,2026-05-04T16:04:27.013289,investigated_and_resolved
CAS-CSE-ENGY-01-0013350,Tier-1,Tier-2,2026-05-04T22:22:54.536025,investigated_and_resolved
CAS-CSE-ENGY-01-0013351,Tier-1,Tier-2,2026-05-05T00:44:03.730078,investigated_and_resolved
CAS-CSE-ENGY-01-0013355,Tier-1,Tier-2,2026-05-05T02:42:42.307430,investigated_and_resolved
CAS-CSE-ENGY-01-0013360,Tier-1,Tier-2,2026-05-05T05:43:42.219750,investigated_and_resolved
CAS-CSE-ENGY-01-0013362,Tier-1,Tier-2,2026-05-05T07:33:08.097845,investigated_and_resolved
CAS-CSE-ENGY-01-0013364,Tier-1,Tier-2,2026-05-05T08:20:45.388773,investigated_and_resolved
CAS-CSE-ENGY-01-0013365,Tier-1,Tier-2,2026-05-05T07:56:22.754202,investigated_and_resolved
CAS-CSE-ENGY-01-0013367,Tier-1,Tier-2,2026-05-05T10:59:24.936781,investigated_and_resolved
CAS-CSE-ENGY-01-0013375,Tier-1,Tier-2,2026-05-05T17:59:59.594666,investigated_and_resolved
CAS-CSE-ENGY-01-0013383,Tier-1,Tier-2,2026-05-06T00:50:24.770174,investigated_and_resolved
CAS-CSE-ENGY-01-0013397,Tier-1,Tier-2,2026-05-06T16:45:50.951276,investigated_and_resolved
CAS-CSE-ENGY-01-0013403,Tier-1,Tier-2,2026-05-06T22:44:08.983808,investigated_and_resolved
CAS-CSE-ENGY-01-0013406,Tier-1,Tier-2,2026-05-07T01:24:05.445496,investigated_and_resolved
CAS-CSE-ENGY-01-0013413,Tier-1,Tier-2,2026-05-07T07:02:55.103329,investigated_and_resolved
CAS-CSE-ENGY-01-0013414,Tier-1,Tier-2,2026-05-07T09:55:25.698162,investigated_and_resolved
CAS-CSE-ENGY-01-0013416,Tier-1,Tier-2,2026-05-07T08:39:12.516107,investigated_and_resolved
CAS-CSE-ENGY-01-0013417,Tier-1,Tier-2,2026-05-07T10:03:37.139021,investigated_and_resolved
CAS-CSE-ENGY-01-0013421,Tier-1,Tier-2,2026-05-07T13:12:44.467402,investigated_and_resolved
CAS-CSE-ENGY-01-0013423,Tier-1,Tier-2,2026-05-07T17:21:53.763767,investigated_and_resolved
CAS-CSE-ENGY-01-0013425,Tier-1,Tier-2,2026-05-07T21:40:25.575113,investigated_and_resolved
CAS-CSE-ENGY-01-0013432,Tier-1,Tier-2,2026-05-08T00:15:02.870530,investigated_and_resolved
CAS-CSE-ENGY-01-0013435,Tier-1,Tier-2,2026-05-08T02:14:45.167144,investigated_and_resolved
CAS-CSE-ENGY-01-0013444,Tier-1,Tier-2,2026-05-08T16:41:52.554121,investigated_and_resolved
CAS-CSE-ENGY-01-0013450,Tier-1,Tier-2,2026-05-09T00:24:17.326995,investigated_and_resolved
CAS-CSE-ENGY-01-0013462,Tier-1,Tier-2,2026-05-09T12:00:33.490838,investigated_and_resolved
CAS-CSE-ENGY-01-0013469,Tier-1,Tier-2,2026-05-09T15:59:58.287775,investigated_and_resolved
CAS-CSE-ENGY-01-0013470,Tier-1,Tier-2,2026-05-09T15:42:29.698888,investigated_and_resolved
CAS-CSE-ENGY-01-0013477,Tier-1,Tier-2,2026-05-10T06:10:25.290032,investigated_and_resolved
CAS-CSE-ENGY-01-0013485,Tier-1,Tier-2,2026-05-10T17:12:07.104903,investigated_and_resolved
CAS-CSE-ENGY-01-0013486,Tier-1,Tier-2,2026-05-10T18:45:57.052077,investigated_and_resolved
CAS-CSE-ENGY-01-0013491,Tier-1,Tier-2,2026-05-10T21:36:10.728745,investigated_and_resolved
CAS-CSE-ENGY-01-0013495,Tier-1,Tier-2,2026-05-11T01:03:22.647362,investigated_and_resolved
CAS-CSE-ENGY-01-0013496,Tier-1,Tier-2,2026-05-11T01:07:12.780798,investigated_and_resolved
CAS-CSE-ENGY-01-0013502,Tier-1,Tier-2,2026-05-11T06:59:51.068156,investigated_and_resolved
CAS-CSE-ENGY-01-0013503,Tier-1,Tier-2,2026-05-11T07:37:18.114174,investigated_and_resolved
CAS-CSE-ENGY-01-0013508,Tier-1,Tier-2,2026-05-11T09:11:03.500032,investigated_and_resolved
CAS-CSE-ENGY-01-0013509,Tier-1,Tier-2,2026-05-11T11:54:26.506578,investigated_and_resolved
CAS-CSE-ENGY-01-0013511,Tier-1,Tier-2,2026-05-11T14:13:40.527490,investigated_and_resolved
CAS-CSE-ENGY-01-0013514,Tier-1,Tier-2,2026-05-11T15:27:30.675263,investigated_and_resolved
CAS-CSE-ENGY-01-0013522,Tier-1,Tier-2,2026-05-11T22:39:36.010406,investigated_and_resolved
CAS-CSE-ENGY-01-0013524,Tier-1,Tier-2,2026-05-11T23:26:34.170732,investigated_and_resolved
CAS-CSE-ENGY-01-0013526,Tier-1,Tier-2,2026-05-11T23:59:19.809968,investigated_and_resolved
CAS-CSE-ENGY-01-0013527,Tier-1,Tier-2,2026-05-12T03:15:53.887134,investigated_and_resolved
CAS-CSE-ENGY-01-0013528,Tier-1,Tier-2,2026-05-12T05:24:43.165702,investigated_and_resolved
CAS-CSE-ENGY-01-0013530,Tier-1,Tier-2,2026-05-12T09:14:22.000729,investigated_and_resolved
CAS-CSE-ENGY-01-0013533,Tier-1,Tier-2,2026-05-12T10:19:39.520490,investigated_and_resolved
CAS-CSE-ENGY-01-0013535,Tier-1,Tier-2,2026-05-12T13:50:49.051836,investigated_and_resolved
CAS-CSE-ENGY-01-0013537,Tier-1,Tier-2,2026-05-12T16:16:44.201662,investigated_and_resolved
CAS-CSE-ENGY-01-0013544,Tier-1,Tier-2,2026-05-12T20:59:13.454938,investigated_and_resolved
CAS-CSE-ENGY-01-0013556,Tier-1,Tier-2,2026-05-13T11:36:21.089122,investigated_and_resolved
CAS-CSE-ENGY-01-0013558,Tier-1,Tier-2,2026-05-13T14:49:08.337826,investigated_and_resolved
CAS-CSE-ENGY-01-0013560,Tier-1,Tier-2,2026-05-13T15:04:28.793835,investigated_and_resolved
CAS-CSE-ENGY-01-0013563,Tier-1,Tier-2,2026-05-13T17:40:22.322629,investigated_and_resolved
CAS-CSE-ENGY-01-0013570,Tier-1,Tier-2,2026-05-14T02:19:48.233709,investigated_and_resolved
CAS-CSE-ENGY-01-0013581,Tier-1,Tier-2,2026-05-14T18:45:03.527154,investigated_and_resolved
CAS-CSE-ENGY-01-0013589,Tier-1,Tier-2,2026-05-15T03:01:52.839099,investigated_and_resolved
CAS-CSE-ENGY-01-0013592,Tier-1,Tier-2,2026-05-15T07:23:41.711093,investigated_and_resolved
CAS-CSE-ENGY-01-0013595,Tier-1,Tier-2,2026-05-15T12:47:41.450816,investigated_and_resolved
CAS-CSE-ENGY-01-0013599,Tier-1,Tier-2,2026-05-15T17:59:03.063612,investigated_and_resolved
CAS-CSE-ENGY-01-0013601,Tier-1,Tier-2,2026-05-15T17:37:39.217541,investigated_and_resolved
CAS-CSE-ENGY-01-0013605,Tier-1,Tier-2,2026-05-16T00:14:03.899173,investigated_and_resolved
CAS-CSE-ENGY-01-0013607,Tier-1,Tier-2,2026-05-16T01:28:02.449274,investigated_and_resolved
CAS-CSE-ENGY-01-0013609,Tier-1,Tier-2,2026-05-16T03:45:16.933420,investigated_and_resolved
CAS-CSE-ENGY-01-0013613,Tier-1,Tier-2,2026-05-16T05:24:54.799450,investigated_and_resolved
CAS-CSE-ENGY-01-0013618,Tier-1,Tier-2,2026-05-16T12:51:03.134971,investigated_and_resolved
CAS-CSE-ENGY-01-0013621,Tier-1,Tier-2,2026-05-16T16:17:49.390703,investigated_and_resolved
CAS-CSE-ENGY-01-0013627,Tier-1,Tier-2,2026-05-17T01:28:39.422057,investigated_and_resolved
CAS-CSE-ENGY-01-0013628,Tier-1,Tier-2,2026-05-17T02:15:28.766989,investigated_and_resolved
CAS-CSE-ENGY-01-0013638,Tier-1,Tier-2,2026-05-17T09:34:28.941421,investigated_and_resolved
CAS-CSE-ENGY-01-0013639,Tier-1,Tier-2,2026-05-17T09:30:57.364561,investigated_and_resolved
CAS-CSE-ENGY-01-0013641,Tier-1,Tier-2,2026-05-17T10:44:46.180398,investigated_and_resolved
CAS-CSE-ENGY-01-0013645,Tier-1,Tier-2,2026-05-17T15:29:36.084989,investigated_and_resolved
CAS-CSE-ENGY-01-0013649,Tier-1,Tier-2,2026-05-17T20:15:12.428937,investigated_and_resolved
CAS-CSE-ENGY-01-0013650,Tier-1,Tier-2,2026-05-17T22:00:13.397033,investigated_and_resolved
CAS-CSE-ENGY-01-0013660,Tier-1,Tier-2,2026-05-18T05:52:16.664019,investigated_and_resolved
CAS-CSE-ENGY-01-0013667,Tier-1,Tier-2,2026-05-18T22:38:50.408951,investigated_and_resolved
CAS-CSE-ENGY-01-0013680,Tier-1,Tier-2,2026-05-19T09:36:42.267810,investigated_and_resolved
CAS-CSE-ENGY-01-0013681,Tier-1,Tier-2,2026-05-19T10:10:05.587171,investigated_and_resolved
CAS-CSE-ENGY-01-0013686,Tier-1,Tier-2,2026-05-19T17:26:08.565330,investigated_and_resolved
CAS-CSE-ENGY-01-0013699,Tier-1,Tier-2,2026-05-20T02:34:59.097046,investigated_and_resolved
CAS-CSE-ENGY-01-0013720,Tier-1,Tier-2,2026-05-21T05:08:57.820850,investigated_and_resolved
CAS-CSE-ENGY-01-0013724,Tier-1,Tier-2,2026-05-21T08:23:03.577830,investigated_and_resolved
CAS-CSE-ENGY-01-0013725,Tier-1,Tier-2,2026-05-21T08:16:51.452033,investigated_and_resolved
CAS-CSE-ENGY-01-0013728,Tier-1,Tier-2,2026-05-21T10:57:19.059264,investigated_and_resolved
CAS-CSE-ENGY-01-0013737,Tier-1,Tier-2,2026-05-22T03:36:25.110390,investigated_and_resolved
CAS-CSE-ENGY-01-0013740,Tier-1,Tier-2,2026-05-22T00:35:59.108094,investigated_and_resolved
CAS-CSE-ENGY-01-0013744,Tier-1,Tier-2,2026-05-22T04:58:32.374735,investigated_and_resolved
CAS-CSE-ENGY-01-0013748,Tier-1,Tier-2,2026-05-22T09:38:59.434011,investigated_and_resolved
CAS-CSE-ENGY-01-0013755,Tier-1,Tier-2,2026-05-22T17:29:47.139013,investigated_and_resolved
CAS-CSE-ENGY-01-0013762,Tier-1,Tier-2,2026-05-22T19:41:44.484140,investigated_and_resolved
CAS-CSE-ENGY-01-0013763,Tier-1,Tier-2,2026-05-22T22:08:04.707136,investigated_and_resolved
CAS-CSE-ENGY-01-0013772,Tier-1,Tier-2,2026-05-23T05:33:57.654211,investigated_and_resolved
CAS-CSE-ENGY-01-0013780,Tier-1,Tier-2,2026-05-23T16:13:34.183812,investigated_and_resolved
CAS-CSE-ENGY-01-0013781,Tier-1,Tier-2,2026-05-23T17:35:17.392125,investigated_and_resolved
CAS-CSE-ENGY-01-0013788,Tier-1,Tier-2,2026-05-24T07:30:12.612481,investigated_and_resolved
CAS-CSE-ENGY-01-0013794,Tier-1,Tier-2,2026-05-24T15:28:18.387993,investigated_and_resolved
CAS-CSE-ENGY-01-0013796,Tier-1,Tier-2,2026-05-24T17:18:46.937975,investigated_and_resolved
CAS-CSE-ENGY-01-0013797,Tier-1,Tier-2,2026-05-24T18:41:04.068106,investigated_and_resolved
CAS-CSE-ENGY-01-0013801,Tier-1,Tier-2,2026-05-25T03:13:35.986163,investigated_and_resolved
CAS-CSE-ENGY-01-0013804,Tier-1,Tier-2,2026-05-25T06:08:28.273132,investigated_and_resolved
CAS-CSE-ENGY-01-0013805,Tier-1,Tier-2,2026-05-25T06:47:03.755244,investigated_and_resolved
CAS-CSE-ENGY-01-0013810,Tier-1,Tier-2,2026-05-25T11:54:30.947223,investigated_and_resolved
CAS-CSE-ENGY-01-0013816,Tier-1,Tier-2,2026-05-25T22:48:21.518197,investigated_and_resolved
CAS-CSE-ENGY-01-0013818,Tier-1,Tier-2,2026-05-25T23:50:14.043951,investigated_and_resolved
CAS-CSE-ENGY-01-0013833,Tier-1,Tier-2,2026-05-26T13:23:09.810234,investigated_and_resolved
CAS-CSE-ENGY-01-0013851,Tier-1,Tier-2,2026-05-27T16:46:21.433392,investigated_and_resolved
CAS-CSE-ENGY-01-0013853,Tier-1,Tier-2,2026-05-27T18:53:45.993026,investigated_and_resolved
CAS-CSE-ENGY-01-0013860,Tier-1,Tier-2,2026-05-27T23:28:40.780049,investigated_and_resolved
CAS-CSE-ENGY-01-0013864,Tier-1,Tier-2,2026-05-28T04:07:05.734027,investigated_and_resolved
CAS-CSE-ENGY-01-0013865,Tier-1,Tier-2,2026-05-28T07:15:30.587130,investigated_and_resolved
CAS-CSE-ENGY-01-0013869,Tier-1,Tier-2,2026-05-28T10:07:40.554672,investigated_and_resolved
CAS-CSE-ENGY-01-0013870,Tier-1,Tier-2,2026-05-28T11:54:48.967979,investigated_and_resolved
CAS-CSE-ENGY-01-0013872,Tier-1,Tier-2,2026-05-28T11:55:37.906840,investigated_and_resolved
CAS-CSE-ENGY-01-0013879,Tier-1,Tier-2,2026-05-28T16:07:12.672102,investigated_and_resolved
CAS-CSE-ENGY-01-0013881,Tier-1,Tier-2,2026-05-28T21:04:47.597136,investigated_and_resolved
CAS-CSE-ENGY-01-0013885,Tier-1,Tier-2,2026-05-29T04:22:27.285400,investigated_and_resolved
CAS-CSE-ENGY-01-0013890,Tier-1,Tier-2,2026-05-29T16:50:33.057130,investigated_and_resolved
CAS-CSE-ENGY-01-0013896,Tier-1,Tier-2,2026-05-30T00:42:28.543082,investigated_and_resolved
CAS-CSE-ENGY-01-0013897,Tier-1,Tier-2,2026-05-30T03:10:44.923442,investigated_and_resolved
CAS-CSE-ENGY-01-0013900,Tier-1,Tier-2,2026-05-30T03:39:44.089126,investigated_and_resolved
CAS-CSE-ENGY-01-0013905,Tier-1,Tier-2,2026-05-30T12:02:34.177165,investigated_and_resolved
CAS-CSE-ENGY-01-0013913,Tier-1,Tier-2,2026-05-30T18:28:39.214728,investigated_and_resolved
CAS-CSE-ENGY-01-0013916,Tier-1,Tier-2,2026-05-30T17:18:12.608571,investigated_and_resolved
CAS-CSE-ENGY-01-0013918,Tier-1,Tier-2,2026-05-30T19:50:51.710774,investigated_and_resolved
CAS-CSE-ENGY-01-0013924,Tier-1,Tier-2,2026-05-31T02:52:06.490396,investigated_and_resolved
CAS-CSE-ENGY-01-0013928,Tier-1,Tier-2,2026-05-31T08:22:31.445574,investigated_and_resolved
CAS-CSE-ENGY-01-0013930,Tier-1,Tier-2,2026-05-31T12:09:55.765542,investigated_and_resolved
CAS-CSE-ENGY-01-0013936,Tier-1,Tier-2,2026-05-31T14:13:20.520215,investigated_and_resolved
CAS-CSE-ENGY-01-0013939,Tier-1,Tier-2,2026-05-31T17:10:24.817120,investigated_and_resolved
CAS-CSE-ENGY-01-0013945,Tier-1,Tier-2,2026-06-01T01:06:51.930594,investigated_and_resolved
CAS-CSE-ENGY-01-0013946,Tier-1,Tier-2,2026-06-01T05:11:33.990950,investigated_and_resolved
CAS-CSE-ENGY-01-0013950,Tier-1,Tier-2,2026-06-01T05:21:23.346666,investigated_and_resolved
CAS-CSE-ENGY-01-0013956,Tier-1,Tier-2,2026-06-01T12:33:28.317922,investigated_and_resolved
CAS-CSE-ENGY-01-0013959,Tier-1,Tier-2,2026-06-01T18:21:52.732619,investigated_and_resolved
CAS-CSE-ENGY-01-0013960,Tier-1,Tier-2,2026-06-01T18:55:38.891206,investigated_and_resolved
CAS-CSE-ENGY-01-0013963,Tier-1,Tier-2,2026-06-01T20:51:13.043820,investigated_and_resolved
CAS-CSE-ENGY-01-0013971,Tier-1,Tier-2,2026-06-02T03:55:49.698810,investigated_and_resolved
CAS-CSE-ENGY-01-0013982,Tier-1,Tier-2,2026-06-02T11:52:33.232567,investigated_and_resolved
CAS-CSE-ENGY-01-0013984,Tier-1,Tier-2,2026-06-02T15:15:36.945327,investigated_and_resolved
CAS-CSE-ENGY-01-0013987,Tier-1,Tier-2,2026-06-02T18:10:09.475365,investigated_and_resolved
CAS-CSE-ENGY-01-0014000,Tier-1,Tier-2,2026-06-03T05:39:17.631498,investigated_and_resolved
CAS-CSE-ENGY-01-0014003,Tier-1,Tier-2,2026-06-03T06:15:36.765261,investigated_and_resolved
CAS-CSE-ENGY-01-0014015,Tier-1,Tier-2,2026-06-03T12:59:29.834989,investigated_and_resolved
CAS-CSE-ENGY-01-0014029,Tier-1,Tier-2,2026-06-04T01:46:17.178362,investigated_and_resolved
CAS-CSE-ENGY-01-0014034,Tier-1,Tier-2,2026-06-04T05:07:51.755726,investigated_and_resolved
CAS-CSE-ENGY-01-0014041,Tier-1,Tier-2,2026-06-04T19:00:38.875253,investigated_and_resolved
CAS-CSE-ENGY-01-0014044,Tier-1,Tier-2,2026-06-05T00:21:06.017643,investigated_and_resolved
CAS-CSE-ENGY-01-0014052,Tier-1,Tier-2,2026-06-05T09:44:31.890512,investigated_and_resolved
CAS-CSE-ENGY-01-0014054,Tier-1,Tier-2,2026-06-05T12:13:55.472940,investigated_and_resolved
CAS-CSE-ENGY-01-0014060,Tier-1,Tier-2,2026-06-05T17:39:28.465067,investigated_and_resolved
CAS-CSE-ENGY-01-0014065,Tier-1,Tier-2,2026-06-05T21:17:15.828387,investigated_and_resolved
CAS-CSE-ENGY-01-0014070,Tier-1,Tier-2,2026-06-06T03:43:58.347275,investigated_and_resolved
CAS-CSE-ENGY-01-0014071,Tier-1,Tier-2,2026-06-06T05:32:24.146762,investigated_and_resolved
CAS-CSE-ENGY-01-0014073,Tier-1,Tier-2,2026-06-06T09:48:31.659611,investigated_and_resolved
CAS-CSE-ENGY-01-0014081,Tier-1,Tier-2,2026-06-06T15:03:29.839611,investigated_and_resolved
CAS-CSE-ENGY-01-0014082,Tier-1,Tier-2,2026-06-06T16:33:03.115875,investigated_and_resolved
CAS-CSE-ENGY-01-0014083,Tier-1,Tier-2,2026-06-06T14:49:43.366091,investigated_and_resolved
CAS-CSE-ENGY-01-0014099,Tier-1,Tier-2,2026-06-07T12:34:04.140252,investigated_and_resolved
CAS-CSE-ENGY-01-0014101,Tier-1,Tier-2,2026-06-07T14:45:22.001583,investigated_and_resolved
CAS-CSE-ENGY-01-0014108,Tier-1,Tier-2,2026-06-07T18:43:11.212511,investigated_and_resolved
CAS-CSE-ENGY-01-0014111,Tier-1,Tier-2,2026-06-07T23:51:23.595201,investigated_and_resolved
CAS-CSE-ENGY-01-0014112,Tier-1,Tier-2,2026-06-08T03:46:12.093626,investigated_and_resolved
CAS-CSE-ENGY-01-0014115,Tier-1,Tier-2,2026-06-08T03:17:33.784920,investigated_and_resolved
CAS-CSE-ENGY-01-0014119,Tier-1,Tier-2,2026-06-08T07:05:55.070687,investigated_and_resolved
CAS-CSE-ENGY-01-0014131,Tier-1,Tier-2,2026-06-08T16:26:56.102888,investigated_and_resolved
CAS-CSE-ENGY-01-0014134,Tier-1,Tier-2,2026-06-08T22:11:12.014146,investigated_and_resolved
CAS-CSE-ENGY-01-0014138,Tier-1,Tier-2,2026-06-09T06:51:43.525866,investigated_and_resolved
CAS-CSE-ENGY-01-0014140,Tier-1,Tier-2,2026-06-09T04:49:11.896189,investigated_and_resolved
CAS-CSE-ENGY-01-0014142,Tier-1,Tier-2,2026-06-09T07:50:07.288338,investigated_and_resolved
CAS-CSE-ENGY-01-0014144,Tier-1,Tier-2,2026-06-09T12:42:39.399989,investigated_and_resolved
CAS-CSE-ENGY-01-0014148,Tier-1,Tier-2,2026-06-09T17:05:38.328595,investigated_and_resolved
CAS-CSE-ENGY-01-0014149,Tier-1,Tier-2,2026-06-09T17:14:37.467333,investigated_and_resolved
CAS-CSE-ENGY-01-0014171,Tier-1,Tier-2,2026-06-10T16:29:43.356714,investigated_and_resolved
CAS-CSE-ENGY-01-0014172,Tier-1,Tier-2,2026-06-10T18:08:51.054994,investigated_and_resolved
CAS-CSE-ENGY-01-0014178,Tier-1,Tier-2,2026-06-10T23:37:11.974123,investigated_and_resolved
CAS-CSE-ENGY-01-0014179,Tier-1,Tier-2,2026-06-11T00:02:06.733794,investigated_and_resolved
CAS-CSE-ENGY-01-0014190,Tier-1,Tier-2,2026-06-11T16:11:33.931844,investigated_and_resolved
CAS-CSE-ENGY-01-0014194,Tier-1,Tier-2,2026-06-11T17:40:01.764222,investigated_and_resolved
CAS-CSE-ENGY-01-0014202,Tier-1,Tier-2,2026-06-12T03:10:27.859838,investigated_and_resolved
CAS-CSE-ENGY-01-0014205,Tier-1,Tier-2,2026-06-12T07:38:39.684356,investigated_and_resolved
CAS-CSE-ENGY-01-0014212,Tier-1,Tier-2,2026-06-12T14:33:29.196012,investigated_and_resolved
CAS-CSE-ENGY-01-0014220,Tier-1,Tier-2,2026-06-12T17:24:28.724139,investigated_and_resolved
CAS-CSE-ENGY-01-0014222,Tier-1,Tier-2,2026-06-12T20:01:26.673398,investigated_and_resolved
CAS-CSE-ENGY-01-0014228,Tier-1,Tier-2,2026-06-13T01:34:16.385118,investigated_and_resolved
CAS-CSE-ENGY-01-0014232,Tier-1,Tier-2,2026-06-13T08:08:32.646552,investigated_and_resolved
CAS-CSE-ENGY-01-0014234,Tier-1,Tier-2,2026-06-13T09:38:14.792559,investigated_and_resolved
CAS-CSE-ENGY-01-0014237,Tier-1,Tier-2,2026-06-13T12:25:09.918455,investigated_and_resolved
CAS-CSE-ENGY-01-0014238,Tier-1,Tier-2,2026-06-13T12:26:02.560204,investigated_and_resolved
CAS-CSE-ENGY-01-0014262,Tier-1,Tier-2,2026-06-14T15:22:10.146387,investigated_and_resolved
CAS-CSE-ENGY-01-0014265,Tier-1,Tier-2,2026-06-14T17:56:56.203706,investigated_and_resolved
CAS-CSE-ENGY-01-0014267,Tier-1,Tier-2,2026-06-14T18:08:43.450747,investigated_and_resolved
CAS-CSE-ENGY-01-0014274,Tier-1,Tier-2,2026-06-15T00:58:42.755569,investigated_and_resolved
CAS-CSE-ENGY-01-0014291,Tier-1,Tier-2,2026-06-15T20:03:35.021740,investigated_and_resolved
CAS-CSE-ENGY-01-0014300,Tier-1,Tier-2,2026-06-16T03:10:29.527433,investigated_and_resolved
CAS-CSE-ENGY-01-0014306,Tier-1,Tier-2,2026-06-16T07:27:01.120267,investigated_and_resolved
CAS-CSE-ENGY-01-0014308,Tier-1,Tier-2,2026-06-16T09:04:25.676552,investigated_and_resolved
CAS-CSE-ENGY-01-0014316,Tier-1,Tier-2,2026-06-16T21:06:48.693483,investigated_and_resolved
CAS-CSE-ENGY-01-0014318,Tier-1,Tier-2,2026-06-17T00:07:37.508224,investigated_and_resolved
CAS-CSE-ENGY-01-0014330,Tier-1,Tier-2,2026-06-17T10:09:56.902025,investigated_and_resolved
CAS-CSE-ENGY-01-0014336,Tier-1,Tier-2,2026-06-17T17:50:48.499355,investigated_and_resolved
CAS-CSE-ENGY-01-0014341,Tier-1,Tier-2,2026-06-18T03:00:07.403644,investigated_and_resolved
CAS-CSE-ENGY-01-0014345,Tier-1,Tier-2,2026-06-18T05:03:20.298387,investigated_and_resolved
CAS-CSE-ENGY-01-0014348,Tier-1,Tier-2,2026-06-18T08:55:32.514319,investigated_and_resolved
CAS-CSE-ENGY-01-0014353,Tier-1,Tier-2,2026-06-18T16:57:52.281901,investigated_and_resolved
CAS-CSE-ENGY-01-0014354,Tier-1,Tier-2,2026-06-18T17:31:47.206641,investigated_and_resolved
CAS-CSE-ENGY-01-0014358,Tier-1,Tier-2,2026-06-18T19:38:50.696165,investigated_and_resolved
CAS-CSE-ENGY-01-0014359,Tier-1,Tier-2,2026-06-19T00:02:41.160094,investigated_and_resolved
CAS-CSE-ENGY-01-0014360,Tier-1,Tier-2,2026-06-19T02:07:40.064596,investigated_and_resolved
CAS-CSE-ENGY-01-0014384,Tier-1,Tier-2,2026-06-19T23:04:00.365199,investigated_and_resolved
CAS-CSE-ENGY-01-0014386,Tier-1,Tier-2,2026-06-19T23:34:50.981926,investigated_and_resolved
CAS-CSE-ENGY-01-0014390,Tier-1,Tier-2,2026-06-20T01:05:52.464347,investigated_and_resolved
CAS-CSE-ENGY-01-0014391,Tier-1,Tier-2,2026-06-20T01:12:22.829211,investigated_and_resolved
CAS-CSE-ENGY-01-0014392,Tier-1,Tier-2,2026-06-20T02:35:37.630562,investigated_and_resolved
CAS-CSE-ENGY-01-0014399,Tier-1,Tier-2,2026-06-20T10:04:17.063048,investigated_and_resolved
CAS-CSE-ENGY-01-0014402,Tier-1,Tier-2,2026-06-20T14:05:24.201261,investigated_and_resolved
CAS-CSE-ENGY-01-0014410,Tier-1,Tier-2,2026-06-20T22:11:32.332304,investigated_and_resolved
CAS-CSE-ENGY-01-0014415,Tier-1,Tier-2,2026-06-21T00:57:16.077029,investigated_and_resolved
CAS-CSE-ENGY-01-0014432,Tier-1,Tier-2,2026-06-21T16:49:08.746879,investigated_and_resolved
CAS-CSE-ENGY-01-0014439,Tier-1,Tier-2,2026-06-22T01:00:23.096341,investigated_and_resolved
CAS-CSE-ENGY-01-0014440,Tier-1,Tier-2,2026-06-22T03:02:46.025968,investigated_and_resolved
CAS-CSE-ENGY-01-0014446,Tier-1,Tier-2,2026-06-22T08:48:09.767522,investigated_and_resolved
CAS-CSE-ENGY-01-0014456,Tier-1,Tier-2,2026-06-22T15:26:05.328052,investigated_and_resolved
CAS-CSE-ENGY-01-0014465,Tier-1,Tier-2,2026-06-23T00:25:20.013252,investigated_and_resolved
CAS-CSE-ENGY-01-0014467,Tier-1,Tier-2,2026-06-23T06:58:21.009309,investigated_and_resolved
CAS-CSE-ENGY-01-0014469,Tier-1,Tier-2,2026-06-23T10:22:11.953422,investigated_and_resolved
CAS-CSE-ENGY-01-0014482,Tier-1,Tier-2,2026-06-23T17:08:06.690493,investigated_and_resolved
CAS-CSE-ENGY-01-0014485,Tier-1,Tier-2,2026-06-23T21:20:54.864304,investigated_and_resolved
CAS-CSE-ENGY-01-0014488,Tier-1,Tier-2,2026-06-23T23:19:12.116919,investigated_and_resolved
CAS-CSE-ENGY-01-0014489,Tier-1,Tier-2,2026-06-23T23:17:03.545943,investigated_and_resolved
CAS-CSE-ENGY-01-0014490,Tier-1,Tier-2,2026-06-24T03:39:45.752244,investigated_and_resolved
CAS-CSE-ENGY-01-0014492,Tier-1,Tier-2,2026-06-24T05:46:14.173638,investigated_and_resolved
CAS-CSE-ENGY-01-0014493,Tier-1,Tier-2,2026-06-24T05:57:35.057492,investigated_and_resolved
CAS-CSE-ENGY-01-0014510,Tier-1,Tier-2,2026-06-25T10:08:00.553622,investigated_and_resolved
CAS-CSE-ENGY-01-0014511,Tier-1,Tier-2,2026-06-25T09:47:45.182555,investigated_and_resolved
CAS-CSE-ENGY-01-0014512,Tier-1,Tier-2,2026-06-25T11:55:17.332570,investigated_and_resolved
CAS-CSE-ENGY-01-0014519,Tier-1,Tier-2,2026-06-25T20:34:09.244786,investigated_and_resolved
CAS-CSE-ENGY-01-0014520,Tier-1,Tier-2,2026-06-25T19:32:23.827452,investigated_and_resolved
CAS-CSE-ENGY-01-0014527,Tier-1,Tier-2,2026-06-26T09:23:48.202457,investigated_and_resolved
CAS-CSE-ENGY-01-0014529,Tier-1,Tier-2,2026-06-26T09:55:07.222602,investigated_and_resolved
CAS-CSE-ENGY-01-0014530,Tier-1,Tier-2,2026-06-26T13:51:46.809115,investigated_and_resolved
CAS-CSE-ENGY-01-0014537,Tier-1,Tier-2,2026-06-26T17:02:55.018033,investigated_and_resolved
CAS-CSE-ENGY-01-0014539,Tier-1,Tier-2,2026-06-26T22:02:13.136820,investigated_and_resolved
CAS-CSE-ENGY-01-0014545,Tier-1,Tier-2,2026-06-27T07:38:21.091633,investigated_and_resolved
CAS-CSE-ENGY-01-0014556,Tier-1,Tier-2,2026-06-27T22:09:20.532617,investigated_and_resolved
CAS-CSE-ENGY-01-0014559,Tier-1,Tier-2,2026-06-27T23:57:04.794090,investigated_and_resolved
CAS-CSE-ENGY-01-0014561,Tier-1,Tier-2,2026-06-28T04:00:16.475057,investigated_and_resolved
CAS-CSE-ENGY-01-0014566,Tier-1,Tier-2,2026-06-28T12:03:01.972253,investigated_and_resolved
CAS-CSE-ENGY-01-0014568,Tier-1,Tier-2,2026-06-28T14:34:43.517787,investigated_and_resolved
CAS-CSE-ENGY-01-0014572,Tier-1,Tier-2,2026-06-28T15:54:09.841881,investigated_and_resolved
CAS-CSE-ENGY-01-0014580,Tier-1,Tier-2,2026-06-29T09:40:39.270782,investigated_and_resolved
CAS-CSE-ENGY-01-0014590,Tier-1,Tier-2,2026-06-29T20:32:43.445626,investigated_and_resolved
CAS-CSE-ENGY-01-0014594,Tier-1,Tier-2,2026-06-29T23:05:45.193219,investigated_and_resolved
CAS-CSE-ENGY-01-0014596,Tier-1,Tier-2,2026-06-30T01:01:03.883477,investigated_and_resolved
CAS-CSE-ENGY-01-0014597,Tier-1,Tier-2,2026-06-30T02:38:58.334450,investigated_and_resolved
CAS-CSE-ENGY-01-0014609,Tier-1,Tier-2,2026-06-30T14:53:28.071945,investigated_and_resolved
CAS-CSE-ENGY-01-0014612,Tier-1,Tier-2,2026-06-30T18:03:51.424437,investigated_and_resolved
CAS-CSE-ENGY-01-0014615,Tier-1,Tier-2,2026-06-30T20:29:53.982842,investigated_and_resolved
CAS-CSE-ENGY-01-0014617,Tier-1,Tier-2,2026-06-30T23:19:47.561898,investigated_and_resolved
CAS-CSE-ENGY-01-0014624,Tier-1,Tier-2,2026-07-01T06:45:03.307667,investigated_and_resolved
CAS-CSE-ENGY-01-0014627,Tier-1,Tier-2,2026-07-01T07:24:48.171997,investigated_and_resolved
CAS-CSE-ENGY-01-0014632,Tier-1,Tier-2,2026-07-01T14:13:15.856409,investigated_and_resolved
CAS-CSE-ENGY-01-0014636,Tier-1,Tier-2,2026-07-01T15:35:54.255448,investigated_and_resolved
CAS-CSE-ENGY-01-0014637,Tier-1,Tier-2,2026-07-01T16:34:06.880650,investigated_and_resolved
CAS-CSE-ENGY-01-0014640,Tier-1,Tier-2,2026-07-01T21:22:26.061729,investigated_and_resolved
CAS-CSE-ENGY-01-0014641,Tier-1,Tier-2,2026-07-01T23:45:48.470087,investigated_and_resolved
CAS-CSE-ENGY-01-0014643,Tier-1,Tier-2,2026-07-02T01:59:20.987791,investigated_and_resolved
CAS-CSE-ENGY-01-0014648,Tier-1,Tier-2,2026-07-02T08:35:46.219603,investigated_and_resolved
CAS-CSE-ENGY-01-0014654,Tier-1,Tier-2,2026-07-02T23:34:26.576100,investigated_and_resolved
CAS-CSE-ENGY-01-0014659,Tier-1,Tier-2,2026-07-03T03:04:10.235616,investigated_and_resolved
CAS-CSE-ENGY-01-0014664,Tier-1,Tier-2,2026-07-03T07:42:36.246271,investigated_and_resolved
CAS-CSE-ENGY-01-0014669,Tier-1,Tier-2,2026-07-03T12:31:14.950926,investigated_and_resolved
CAS-CSE-ENGY-01-0014678,Tier-1,Tier-2,2026-07-04T00:56:51.988493,investigated_and_resolved
CAS-CSE-ENGY-01-0014684,Tier-1,Tier-2,2026-07-04T05:50:12.187697,investigated_and_resolved
CAS-CSE-ENGY-01-0014689,Tier-1,Tier-2,2026-07-04T15:13:14.254738,investigated_and_resolved
CAS-CSE-ENGY-01-0014697,Tier-1,Tier-2,2026-07-05T12:11:53.074190,investigated_and_resolved
CAS-CSE-ENGY-01-0014700,Tier-1,Tier-2,2026-07-05T13:23:45.713431,investigated_and_resolved
CAS-CSE-ENGY-01-0014702,Tier-1,Tier-2,2026-07-05T16:40:52.149486,investigated_and_resolved
CAS-CSE-ENGY-01-0014711,Tier-1,Tier-2,2026-07-05T22:40:15.158211,investigated_and_resolved
CAS-CSE-ENGY-01-0014712,Tier-1,Tier-2,2026-07-06T02:12:51.147390,investigated_and_resolved
CAS-CSE-ENGY-01-0014721,Tier-1,Tier-2,2026-07-06T09:37:34.085152,investigated_and_resolved
CAS-CSE-ENGY-01-0014725,Tier-1,Tier-2,2026-07-06T14:06:45.204183,investigated_and_resolved
CAS-CSE-ENGY-01-0014727,Tier-1,Tier-2,2026-07-06T20:31:10.847993,investigated_and_resolved
CAS-CSE-ENGY-01-0014735,Tier-1,Tier-2,2026-07-06T21:56:27.805645,investigated_and_resolved
CAS-CSE-ENGY-01-0014736,Tier-1,Tier-2,2026-07-06T23:32:18.503135,investigated_and_resolved
CAS-CSE-ENGY-01-0014750,Tier-1,Tier-2,2026-07-07T18:11:39.638025,investigated_and_resolved
CAS-CSE-ENGY-01-0014753,Tier-1,Tier-2,2026-07-07T22:17:23.463873,investigated_and_resolved
CAS-CSE-ENGY-01-0014758,Tier-1,Tier-2,2026-07-08T10:36:14.050833,investigated_and_resolved
CAS-CSE-ENGY-01-0014760,Tier-1,Tier-2,2026-07-08T12:31:47.201186,investigated_and_resolved
CAS-CSE-ENGY-01-0014766,Tier-1,Tier-2,2026-07-08T22:10:19.839171,investigated_and_resolved
CAS-CSE-ENGY-01-0014769,Tier-1,Tier-2,2026-07-08T23:32:44.005939,investigated_and_resolved
CAS-CSE-ENGY-01-0014770,Tier-1,Tier-2,2026-07-09T00:16:16.665755,investigated_and_resolved
CAS-CSE-ENGY-01-0014771,Tier-1,Tier-2,2026-07-09T00:27:56.657380,investigated_and_resolved
CAS-CSE-ENGY-01-0014787,Tier-1,Tier-2,2026-07-09T15:00:17.673172,investigated_and_resolved
CAS-CSE-ENGY-01-0014791,Tier-1,Tier-2,2026-07-09T18:43:58.715923,investigated_and_resolved
CAS-CSE-ENGY-01-0014800,Tier-1,Tier-2,2026-07-10T01:58:25.934280,investigated_and_resolved
CAS-CSE-ENGY-01-0014805,Tier-1,Tier-2,2026-07-10T09:02:38.888934,investigated_and_resolved
CAS-CSE-ENGY-01-0014807,Tier-1,Tier-2,2026-07-10T12:09:22.489552,investigated_and_resolved
CAS-CSE-ENGY-01-0014808,Tier-1,Tier-2,2026-07-10T14:21:40.969378,investigated_and_resolved
CAS-CSE-ENGY-01-0014811,Tier-1,Tier-2,2026-07-10T14:14:21.371370,investigated_and_resolved
CAS-CSE-ENGY-01-0014813,Tier-1,Tier-2,2026-07-10T19:49:21.730346,investigated_and_resolved
CAS-CSE-ENGY-01-0014822,Tier-1,Tier-2,2026-07-11T01:58:15.791621,investigated_and_resolved
CAS-CSE-ENGY-01-0014826,Tier-1,Tier-2,2026-07-11T06:52:24.666154,investigated_and_resolved
CAS-CSE-ENGY-01-0014828,Tier-1,Tier-2,2026-07-11T11:46:10.801390,investigated_and_resolved
CAS-CSE-ENGY-01-0014829,Tier-1,Tier-2,2026-07-11T10:48:04.711485,investigated_and_resolved
CAS-CSE-ENGY-01-0014831,Tier-1,Tier-2,2026-07-11T13:36:34.737826,investigated_and_resolved
CAS-CSE-ENGY-01-0014834,Tier-1,Tier-2,2026-07-11T15:47:21.790466,investigated_and_resolved
CAS-CSE-ENGY-01-0014845,Tier-1,Tier-2,2026-07-12T09:40:57.163330,investigated_and_resolved
CAS-CSE-ENGY-01-0014850,Tier-1,Tier-2,2026-07-12T14:05:40.782547,investigated_and_resolved
CAS-CSE-ENGY-01-0014852,Tier-1,Tier-2,2026-07-12T16:14:41.780231,investigated_and_resolved
CAS-CSE-ENGY-01-0014855,Tier-1,Tier-2,2026-07-12T21:32:32.996860,investigated_and_resolved
CAS-CSE-ENGY-01-0014859,Tier-1,Tier-2,2026-07-13T00:34:23.046807,investigated_and_resolved
CAS-CSE-ENGY-01-0014860,Tier-1,Tier-2,2026-07-13T01:13:00.511141,investigated_and_resolved
CAS-CSE-ENGY-01-0014862,Tier-1,Tier-2,2026-07-13T03:22:28.472735,investigated_and_resolved
CAS-CSE-ENGY-01-0014866,Tier-1,Tier-2,2026-07-13T06:09:00.089909,investigated_and_resolved
CAS-CSE-ENGY-01-0014876,Tier-1,Tier-2,2026-07-13T13:26:24.711733,investigated_and_resolved
CAS-CSE-ENGY-01-0014894,Tier-1,Tier-2,2026-07-14T12:40:45.155101,investigated_and_resolved
CAS-CSE-ENGY-01-0014902,Tier-1,Tier-2,2026-07-15T05:01:59.926523,investigated_and_resolved
CAS-CSE-ENGY-01-0014905,Tier-1,Tier-2,2026-07-15T06:26:21.283962,investigated_and_resolved
CAS-CSE-ENGY-01-0014909,Tier-1,Tier-2,2026-07-15T13:32:14.473301,investigated_and_resolved
CAS-CSE-ENGY-01-0014912,Tier-1,Tier-2,2026-07-15T16:24:14.611222,investigated_and_resolved
CAS-CSE-ENGY-01-0014915,Tier-1,Tier-2,2026-07-15T17:38:49.321620,investigated_and_resolved
CAS-CSE-ENGY-01-0014919,Tier-1,Tier-2,2026-07-15T23:01:43.248901,investigated_and_resolved
CAS-CSE-ENGY-01-0014920,Tier-1,Tier-2,2026-07-16T00:40:30.973973,investigated_and_resolved
CAS-CSE-ENGY-01-0014922,Tier-1,Tier-2,2026-07-16T00:57:47.473459,investigated_and_resolved
CAS-CSE-ENGY-01-0014923,Tier-1,Tier-2,2026-07-16T01:23:54.364897,investigated_and_resolved
CAS-CSE-ENGY-01-0014925,Tier-1,Tier-2,2026-07-16T02:37:36.082569,investigated_and_resolved
CAS-CSE-ENGY-01-0014932,Tier-1,Tier-2,2026-07-16T10:17:55.902032,investigated_and_resolved
CAS-CSE-ENGY-01-0014934,Tier-1,Tier-2,2026-07-16T11:55:34.497346,investigated_and_resolved
CAS-CSE-ENGY-01-0014935,Tier-1,Tier-2,2026-07-16T11:51:21.255815,investigated_and_resolved
CAS-CSE-ENGY-01-0014938,Tier-1,Tier-2,2026-07-16T13:51:23.691880,investigated_and_resolved
CAS-CSE-ENGY-01-0014940,Tier-1,Tier-2,2026-07-16T14:48:36.299251,investigated_and_resolved
CAS-CSE-ENGY-01-0014941,Tier-1,Tier-2,2026-07-16T15:00:56.450157,investigated_and_resolved
CAS-CSE-ENGY-01-0014942,Tier-1,Tier-2,2026-07-16T16:14:41.508407,investigated_and_resolved
CAS-CSE-ENGY-01-0014949,Tier-1,Tier-2,2026-07-16T23:27:14.373979,investigated_and_resolved
CAS-CSE-ENGY-01-0014962,Tier-1,Tier-2,2026-07-17T12:35:07.508785,investigated_and_resolved
CAS-CSE-ENGY-01-0014971,Tier-1,Tier-2,2026-07-18T01:44:34.350947,investigated_and_resolved
CAS-CSE-ENGY-01-0014974,Tier-1,Tier-2,2026-07-18T05:27:22.492687,investigated_and_resolved
CAS-CSE-ENGY-01-0014977,Tier-1,Tier-2,2026-07-18T09:13:46.812295,investigated_and_resolved
CAS-CSE-ENGY-01-0014983,Tier-1,Tier-2,2026-07-18T18:33:43.243612,investigated_and_resolved
CAS-CSE-ENGY-01-0014991,Tier-1,Tier-2,2026-07-19T03:39:03.847335,investigated_and_resolved
CAS-CSE-ENGY-01-0014999,Tier-1,Tier-2,2026-07-19T07:33:53.151339,investigated_and_resolved
CAS-CSE-ENGY-01-0015004,Tier-1,Tier-2,2026-07-19T10:47:14.559930,investigated_and_resolved
CAS-CSE-ENGY-01-0015007,Tier-1,Tier-2,2026-07-19T16:04:50.184806,investigated_and_resolved
CAS-CSE-ENGY-01-0015019,Tier-1,Tier-2,2026-07-20T06:57:50.986516,investigated_and_resolved
CAS-CSE-ENGY-01-0015020,Tier-1,Tier-2,2026-07-20T08:02:43.860410,investigated_and_resolved
CAS-CSE-ENGY-01-0015022,Tier-1,Tier-2,2026-07-20T09:56:51.683132,investigated_and_resolved
CAS-CSE-ENGY-01-0015025,Tier-1,Tier-2,2026-07-20T12:36:11.567381,investigated_and_resolved
CAS-CSE-ENGY-01-0015026,Tier-1,Tier-2,2026-07-20T14:43:23.731550,investigated_and_resolved
CAS-CSE-ENGY-01-0015031,Tier-1,Tier-2,2026-07-20T21:48:39.056271,investigated_and_resolved
CAS-CSE-ENGY-01-0015037,Tier-1,Tier-2,2026-07-21T02:48:56.115282,investigated_and_resolved
CAS-CSE-ENGY-01-0015039,Tier-1,Tier-2,2026-07-21T04:05:03.392857,investigated_and_resolved
CAS-CSE-ENGY-01-0015047,Tier-1,Tier-2,2026-07-21T16:26:45.070642,investigated_and_resolved
CAS-CSE-ENGY-01-0015049,Tier-1,Tier-2,2026-07-21T18:14:47.957936,investigated_and_resolved
CAS-CSE-ENGY-01-0015056,Tier-1,Tier-2,2026-07-22T04:13:50.062010,investigated_and_resolved
CAS-CSE-ENGY-01-0015059,Tier-1,Tier-2,2026-07-22T04:59:56.661138,investigated_and_resolved
CAS-CSE-ENGY-01-0015061,Tier-1,Tier-2,2026-07-22T06:38:06.626992,investigated_and_resolved
CAS-CSE-ENGY-01-0015064,Tier-1,Tier-2,2026-07-22T07:28:22.992530,investigated_and_resolved
CAS-CSE-ENGY-01-0015072,Tier-1,Tier-2,2026-07-22T13:29:40.327944,investigated_and_resolved
CAS-CSE-ENGY-01-0015087,Tier-1,Tier-2,2026-07-23T04:54:53.914035,investigated_and_resolved
CAS-CSE-ENGY-01-0015091,Tier-1,Tier-2,2026-07-23T08:36:23.775377,investigated_and_resolved
CAS-CSE-ENGY-01-0015098,Tier-1,Tier-2,2026-07-23T18:52:03.150493,investigated_and_resolved
CAS-CSE-ENGY-01-0015100,Tier-1,Tier-2,2026-07-24T00:12:17.040323,investigated_and_resolved
CAS-CSE-ENGY-01-0015102,Tier-1,Tier-2,2026-07-24T02:02:18.714044,investigated_and_resolved
CAS-CSE-ENGY-01-0015109,Tier-1,Tier-2,2026-07-24T07:43:13.887750,investigated_and_resolved
CAS-CSE-ENGY-01-0015110,Tier-1,Tier-2,2026-07-24T09:23:19.739621,investigated_and_resolved
CAS-CSE-ENGY-01-0015113,Tier-1,Tier-2,2026-07-24T13:16:37.641161,investigated_and_resolved
CAS-CSE-ENGY-01-0015114,Tier-1,Tier-2,2026-07-24T16:17:42.457270,investigated_and_resolved
CAS-CSE-ENGY-01-0015117,Tier-1,Tier-2,2026-07-24T15:41:41.787377,investigated_and_resolved
CAS-CSE-ENGY-01-0015121,Tier-1,Tier-2,2026-07-24T18:17:56.765983,investigated_and_resolved
CAS-CSE-ENGY-01-0015124,Tier-1,Tier-2,2026-07-24T18:38:04.473081,investigated_and_resolved
CAS-CSE-ENGY-01-0015128,Tier-1,Tier-2,2026-07-24T23:57:43.433655,investigated_and_resolved
CAS-CSE-ENGY-01-0015136,Tier-1,Tier-2,2026-07-25T08:27:07.740235,investigated_and_resolved
CAS-CSE-ENGY-01-0015137,Tier-1,Tier-2,2026-07-25T11:03:08.587100,investigated_and_resolved
CAS-CSE-ENGY-01-0015147,Tier-1,Tier-2,2026-07-25T16:00:21.618312,investigated_and_resolved
CAS-CSE-ENGY-01-0015149,Tier-1,Tier-2,2026-07-25T17:00:46.375287,investigated_and_resolved
CAS-CSE-ENGY-01-0015153,Tier-1,Tier-2,2026-07-25T21:28:58.964070,investigated_and_resolved
CAS-CSE-ENGY-01-0015160,Tier-1,Tier-2,2026-07-26T08:36:27.303223,investigated_and_resolved
CAS-CSE-ENGY-01-0015168,Tier-1,Tier-2,2026-07-26T14:54:40.185562,investigated_and_resolved
CAS-CSE-ENGY-01-0015171,Tier-1,Tier-2,2026-07-26T17:40:12.888928,investigated_and_resolved
CAS-CSE-ENGY-01-0015177,Tier-1,Tier-2,2026-07-26T22:02:54.392307,investigated_and_resolved
CAS-CSE-ENGY-01-0015185,Tier-1,Tier-2,2026-07-27T11:51:24.713104,investigated_and_resolved
CAS-CSE-ENGY-01-0015188,Tier-1,Tier-2,2026-07-27T17:48:23.733363,investigated_and_resolved
CAS-CSE-ENGY-01-0015189,Tier-1,Tier-2,2026-07-27T17:07:20.378995,investigated_and_resolved
CAS-CSE-ENGY-01-0015201,Tier-1,Tier-2,2026-07-28T02:58:17.214753,investigated_and_resolved
CAS-CSE-ENGY-01-0015205,Tier-1,Tier-2,2026-07-28T09:45:32.537588,investigated_and_resolved
CAS-CSE-ENGY-01-0015213,Tier-1,Tier-2,2026-07-28T21:44:59.360881,investigated_and_resolved
CAS-CSE-ENGY-01-0015214,Tier-1,Tier-2,2026-07-28T23:27:02.149252,investigated_and_resolved
CAS-CSE-ENGY-01-0015216,Tier-1,Tier-2,2026-07-28T23:57:02.527285,investigated_and_resolved
CAS-CSE-ENGY-01-0015229,Tier-1,Tier-2,2026-07-29T11:55:17.472889,investigated_and_resolved
CAS-CSE-ENGY-01-0015237,Tier-1,Tier-2,2026-07-29T20:38:33.591586,investigated_and_resolved
CAS-CSE-ENGY-01-0015243,Tier-1,Tier-2,2026-07-30T05:38:26.471548,investigated_and_resolved
CAS-CSE-ENGY-01-0015249,Tier-1,Tier-2,2026-07-30T09:01:41.850469,investigated_and_resolved
CAS-CSE-ENGY-01-0015252,Tier-1,Tier-2,2026-07-30T11:12:40.826337,investigated_and_resolved
CAS-CSE-ENGY-01-0015259,Tier-1,Tier-2,2026-07-30T21:37:55.548345,investigated_and_resolved
CAS-CSE-ENGY-01-0015261,Tier-1,Tier-2,2026-07-30T22:23:57.919645,investigated_and_resolved
CAS-CSE-ENGY-01-0015262,Tier-1,Tier-2,2026-07-30T23:03:58.503519,investigated_and_resolved
CAS-CSE-ENGY-01-0015266,Tier-1,Tier-2,2026-07-31T01:34:43.356648,investigated_and_resolved
CAS-CSE-ENGY-01-0015271,Tier-1,Tier-2,2026-07-31T10:25:26.910654,investigated_and_resolved
CAS-CSE-ENGY-01-0015273,Tier-1,Tier-2,2026-07-31T10:56:43.025682,investigated_and_resolved
CAS-CSE-ENGY-01-0015277,Tier-1,Tier-2,2026-07-31T13:18:22.088250,investigated_and_resolved
CAS-CSE-ENGY-01-0015292,Tier-1,Tier-2,2026-08-01T02:39:16.126019,investigated_and_resolved
CAS-CSE-ENGY-01-0015296,Tier-1,Tier-2,2026-08-01T08:28:57.492365,investigated_and_resolved
CAS-CSE-ENGY-01-0015298,Tier-1,Tier-2,2026-08-01T10:33:27.946127,investigated_and_resolved
CAS-CSE-ENGY-01-0015299,Tier-1,Tier-2,2026-08-01T11:19:25.321832,investigated_and_resolved
CAS-CSE-ENGY-01-0015303,Tier-1,Tier-2,2026-08-01T15:13:29.703678,investigated_and_resolved
CAS-CSE-ENGY-01-0015306,Tier-1,Tier-2,2026-08-01T16:01:38.860902,investigated_and_resolved
CAS-CSE-ENGY-01-0015307,Tier-1,Tier-2,2026-08-01T17:21:53.051571,investigated_and_resolved
CAS-CSE-ENGY-01-0015314,Tier-1,Tier-2,2026-08-02T00:22:58.174675,investigated_and_resolved
CAS-CSE-ENGY-01-0015318,Tier-1,Tier-2,2026-08-02T06:38:39.400712,investigated_and_resolved
CAS-CSE-ENGY-01-0015320,Tier-1,Tier-2,2026-08-02T08:35:16.665470,investigated_and_resolved
CAS-CSE-ENGY-01-0015321,Tier-1,Tier-2,2026-08-02T09:38:01.377211,investigated_and_resolved
CAS-CSE-ENGY-01-0015329,Tier-1,Tier-2,2026-08-02T17:36:20.885471,investigated_and_resolved
CAS-CSE-ENGY-01-0015331,Tier-1,Tier-2,2026-08-02T23:03:05.727510,investigated_and_resolved
CAS-CSE-ENGY-01-0015339,Tier-1,Tier-2,2026-08-03T04:45:19.518172,investigated_and_resolved
CAS-CSE-ENGY-01-0015353,Tier-1,Tier-2,2026-08-03T19:52:10.854832,investigated_and_resolved
CAS-CSE-ENGY-01-0015355,Tier-1,Tier-2,2026-08-04T00:06:40.650073,investigated_and_resolved
CAS-CSE-ENGY-01-0015356,Tier-1,Tier-2,2026-08-04T04:52:09.053170,investigated_and_resolved
CAS-CSE-ENGY-01-0015371,Tier-1,Tier-2,2026-08-05T02:31:59.958587,investigated_and_resolved
CAS-CSE-ENGY-01-0015375,Tier-1,Tier-2,2026-08-05T07:20:16.609384,investigated_and_resolved
CAS-CSE-ENGY-01-0015377,Tier-1,Tier-2,2026-08-05T11:43:43.435203,investigated_and_resolved
CAS-CSE-ENGY-01-0015378,Tier-1,Tier-2,2026-08-05T13:12:45.631439,investigated_and_resolved
CAS-CSE-ENGY-01-0015385,Tier-1,Tier-2,2026-08-06T00:29:28.921805,investigated_and_resolved
CAS-CSE-ENGY-01-0015389,Tier-1,Tier-2,2026-08-06T04:08:56.685938,investigated_and_resolved
CAS-CSE-ENGY-01-0015390,Tier-1,Tier-2,2026-08-06T04:15:36.723449,investigated_and_resolved
CAS-CSE-ENGY-01-0015393,Tier-1,Tier-2,2026-08-06T05:32:37.868809,investigated_and_resolved
CAS-CSE-ENGY-01-0015411,Tier-1,Tier-2,2026-08-07T08:09:47.162770,investigated_and_resolved
CAS-CSE-ENGY-01-0015421,Tier-1,Tier-2,2026-08-07T14:49:23.620891,investigated_and_resolved
CAS-CSE-ENGY-01-0015425,Tier-1,Tier-2,2026-08-07T20:16:37.243154,investigated_and_resolved
CAS-CSE-ENGY-01-0015427,Tier-1,Tier-2,2026-08-07T22:12:52.674278,investigated_and_resolved
CAS-CSE-ENGY-01-0015433,Tier-1,Tier-2,2026-08-08T06:26:33.800743,investigated_and_resolved
CAS-CSE-ENGY-01-0015436,Tier-1,Tier-2,2026-08-08T09:19:16.384386,investigated_and_resolved
CAS-CSE-ENGY-01-0015444,Tier-1,Tier-2,2026-08-08T14:21:52.189522,investigated_and_resolved
CAS-CSE-ENGY-01-0015456,Tier-1,Tier-2,2026-08-09T03:49:29.859535,investigated_and_resolved
CAS-CSE-ENGY-01-0015470,Tier-1,Tier-2,2026-08-09T21:12:34.491611,investigated_and_resolved
CAS-CSE-ENGY-01-0015477,Tier-1,Tier-2,2026-08-10T04:50:36.809931,investigated_and_resolved
CAS-CSE-ENGY-01-0015479,Tier-1,Tier-2,2026-08-10T07:06:06.447597,investigated_and_resolved
CAS-CSE-ENGY-01-0015481,Tier-1,Tier-2,2026-08-10T08:24:52.100857,investigated_and_resolved
CAS-CSE-ENGY-01-0015488,Tier-1,Tier-2,2026-08-10T18:25:11.180251,investigated_and_resolved
CAS-CSE-ENGY-01-0015494,Tier-1,Tier-2,2026-08-11T03:00:12.265677,investigated_and_resolved
CAS-CSE-ENGY-01-0015497,Tier-1,Tier-2,2026-08-11T06:25:07.316512,investigated_and_resolved
CAS-CSE-ENGY-01-0015499,Tier-1,Tier-2,2026-08-11T06:44:39.687597,investigated_and_resolved
CAS-CSE-ENGY-01-0015508,Tier-1,Tier-2,2026-08-11T14:12:34.102287,investigated_and_resolved
CAS-CSE-ENGY-01-0015509,Tier-1,Tier-2,2026-08-11T14:27:48.259365,investigated_and_resolved
CAS-CSE-ENGY-01-0015511,Tier-1,Tier-2,2026-08-11T15:58:18.825100,investigated_and_resolved
CAS-CSE-ENGY-01-0015524,Tier-1,Tier-2,2026-08-12T10:40:22.798650,investigated_and_resolved
CAS-CSE-ENGY-01-0015525,Tier-1,Tier-2,2026-08-12T10:34:52.138765,investigated_and_resolved
CAS-CSE-ENGY-01-0015526,Tier-1,Tier-2,2026-08-12T12:37:36.884500,investigated_and_resolved
CAS-CSE-ENGY-01-0015527,Tier-1,Tier-2,2026-08-12T17:13:54.049027,investigated_and_resolved
CAS-CSE-ENGY-01-0015533,Tier-1,Tier-2,2026-08-12T21:58:03.608874,investigated_and_resolved
CAS-CSE-ENGY-01-0015538,Tier-1,Tier-2,2026-08-13T06:56:59.960607,investigated_and_resolved
CAS-CSE-ENGY-01-0015549,Tier-1,Tier-2,2026-08-13T21:41:15.772476,investigated_and_resolved
CAS-CSE-ENGY-01-0015550,Tier-1,Tier-2,2026-08-14T00:27:09.691054,investigated_and_resolved
CAS-CSE-ENGY-01-0015555,Tier-1,Tier-2,2026-08-14T09:01:26.114088,investigated_and_resolved
CAS-CSE-ENGY-01-0015569,Tier-1,Tier-2,2026-08-15T05:09:58.450894,investigated_and_resolved
CAS-CSE-ENGY-01-0015570,Tier-1,Tier-2,2026-08-15T06:25:01.975708,investigated_and_resolved
CAS-CSE-ENGY-01-0015581,Tier-1,Tier-2,2026-08-15T13:44:49.604083,investigated_and_resolved
CAS-CSE-ENGY-01-0015583,Tier-1,Tier-2,2026-08-15T15:36:54.567491,investigated_and_resolved
CAS-CSE-ENGY-01-0015586,Tier-1,Tier-2,2026-08-15T17:19:20.897377,investigated_and_resolved
CAS-CSE-ENGY-01-0015588,Tier-1,Tier-2,2026-08-15T18:49:21.151815,investigated_and_resolved
CAS-CSE-ENGY-01-0015605,Tier-1,Tier-2,2026-08-16T22:59:22.010909,investigated_and_resolved
CAS-CSE-ENGY-01-0015607,Tier-1,Tier-2,2026-08-16T23:59:25.015541,investigated_and_resolved
CAS-CSE-ENGY-01-0015616,Tier-1,Tier-2,2026-08-17T06:01:09.921640,investigated_and_resolved
CAS-CSE-ENGY-01-0015620,Tier-1,Tier-2,2026-08-17T12:23:24.760332,investigated_and_resolved
CAS-CSE-ENGY-01-0015627,Tier-1,Tier-2,2026-08-17T15:49:09.644923,investigated_and_resolved
CAS-CSE-ENGY-01-0015628,Tier-1,Tier-2,2026-08-17T18:00:39.517210,investigated_and_resolved
CAS-CSE-ENGY-01-0015632,Tier-1,Tier-2,2026-08-17T19:13:42.110630,investigated_and_resolved
CAS-CSE-ENGY-01-0015638,Tier-1,Tier-2,2026-08-18T01:31:57.242562,investigated_and_resolved
CAS-CSE-ENGY-01-0015640,Tier-1,Tier-2,2026-08-18T02:02:12.275376,investigated_and_resolved
CAS-CSE-ENGY-01-0015648,Tier-1,Tier-2,2026-08-18T09:18:05.300896,investigated_and_resolved
CAS-CSE-ENGY-01-0015655,Tier-1,Tier-2,2026-08-18T13:44:49.429814,investigated_and_resolved
CAS-CSE-ENGY-01-0015658,Tier-1,Tier-2,2026-08-18T14:50:28.202769,investigated_and_resolved
CAS-CSE-ENGY-01-0015660,Tier-1,Tier-2,2026-08-18T18:03:10.833494,investigated_and_resolved
CAS-CSE-ENGY-01-0015668,Tier-1,Tier-2,2026-08-19T06:06:44.071116,investigated_and_resolved
CAS-CSE-ENGY-01-0015669,Tier-1,Tier-2,2026-08-19T07:32:40.476587,investigated_and_resolved
CAS-CSE-ENGY-01-0015674,Tier-1,Tier-2,2026-08-19T10:50:45.084660,investigated_and_resolved
CAS-CSE-ENGY-01-0015679,Tier-1,Tier-2,2026-08-19T13:04:25.728365,investigated_and_resolved
CAS-CSE-ENGY-01-0015682,Tier-1,Tier-2,2026-08-19T13:19:26.730293,investigated_and_resolved
CAS-CSE-ENGY-01-0015689,Tier-1,Tier-2,2026-08-19T23:10:08.176122,investigated_and_resolved
CAS-CSE-ENGY-01-0015694,Tier-1,Tier-2,2026-08-20T02:23:18.593306,investigated_and_resolved
CAS-CSE-ENGY-01-0015697,Tier-1,Tier-2,2026-08-20T04:00:19.663287,investigated_and_resolved
CAS-CSE-ENGY-01-0015701,Tier-1,Tier-2,2026-08-20T10:42:19.396138,investigated_and_resolved
CAS-CSE-ENGY-01-0015705,Tier-1,Tier-2,2026-08-20T14:45:50.354385,investigated_and_resolved
CAS-CSE-ENGY-01-0015710,Tier-1,Tier-2,2026-08-20T23:44:43.324678,investigated_and_resolved
CAS-CSE-ENGY-01-0015712,Tier-1,Tier-2,2026-08-20T21:32:42.908870,investigated_and_resolved
CAS-CSE-ENGY-01-0015719,Tier-1,Tier-2,2026-08-21T01:02:21.668466,investigated_and_resolved
CAS-CSE-ENGY-01-0015721,Tier-1,Tier-2,2026-08-21T04:01:09.213584,investigated_and_resolved
CAS-CSE-ENGY-01-0015722,Tier-1,Tier-2,2026-08-21T05:08:18.084075,investigated_and_resolved
CAS-CSE-ENGY-01-0015724,Tier-1,Tier-2,2026-08-21T06:54:10.978484,investigated_and_resolved
CAS-CSE-ENGY-01-0015726,Tier-1,Tier-2,2026-08-21T09:09:53.899172,investigated_and_resolved
CAS-CSE-ENGY-01-0015732,Tier-1,Tier-2,2026-08-21T18:44:03.628649,investigated_and_resolved
CAS-CSE-ENGY-01-0015736,Tier-1,Tier-2,2026-08-21T22:14:47.938470,investigated_and_resolved
CAS-CSE-ENGY-01-0015738,Tier-1,Tier-2,2026-08-21T23:37:07.970653,investigated_and_resolved
CAS-CSE-ENGY-01-0015742,Tier-1,Tier-2,2026-08-22T03:21:14.798114,investigated_and_resolved
CAS-CSE-ENGY-01-0015745,Tier-1,Tier-2,2026-08-22T06:33:46.085147,investigated_and_resolved
CAS-CSE-ENGY-01-0015749,Tier-1,Tier-2,2026-08-22T08:42:37.384875,investigated_and_resolved
CAS-CSE-ENGY-01-0015756,Tier-1,Tier-2,2026-08-22T23:55:38.391242,investigated_and_resolved
CAS-CSE-ENGY-01-0015759,Tier-1,Tier-2,2026-08-23T01:20:30.217030,investigated_and_resolved
CAS-CSE-ENGY-01-0015762,Tier-1,Tier-2,2026-08-23T02:54:39.334186,investigated_and_resolved
CAS-CSE-ENGY-01-0015764,Tier-1,Tier-2,2026-08-23T06:07:29.391370,investigated_and_resolved
CAS-CSE-ENGY-01-0015772,Tier-1,Tier-2,2026-08-23T12:22:41.638259,investigated_and_resolved
CAS-CSE-ENGY-01-0015780,Tier-1,Tier-2,2026-08-23T16:38:40.281744,investigated_and_resolved
CAS-CSE-ENGY-01-0015781,Tier-1,Tier-2,2026-08-23T15:58:13.906671,investigated_and_resolved
CAS-CSE-ENGY-01-0015786,Tier-1,Tier-2,2026-08-24T07:05:42.028846,investigated_and_resolved
CAS-CSE-ENGY-01-0015788,Tier-1,Tier-2,2026-08-24T10:10:50.022986,investigated_and_resolved
CAS-CSE-ENGY-01-0015790,Tier-1,Tier-2,2026-08-24T11:52:36.214713,investigated_and_resolved
CAS-CSE-ENGY-01-0015801,Tier-1,Tier-2,2026-08-25T00:29:49.545283,investigated_and_resolved
CAS-CSE-ENGY-01-0015812,Tier-1,Tier-2,2026-08-25T14:50:23.927468,investigated_and_resolved
CAS-CSE-ENGY-01-0015814,Tier-1,Tier-2,2026-08-25T16:08:27.184730,investigated_and_resolved
CAS-CSE-ENGY-01-0015823,Tier-1,Tier-2,2026-08-26T10:23:48.567863,investigated_and_resolved
CAS-CSE-ENGY-01-0015824,Tier-1,Tier-2,2026-08-26T09:40:52.531558,investigated_and_resolved
CAS-CSE-ENGY-01-0015826,Tier-1,Tier-2,2026-08-26T13:10:57.200095,investigated_and_resolved
CAS-CSE-ENGY-01-0015829,Tier-1,Tier-2,2026-08-26T15:43:32.523995,investigated_and_resolved
CAS-CSE-ENGY-01-0015834,Tier-1,Tier-2,2026-08-26T19:16:30.314686,investigated_and_resolved
CAS-CSE-ENGY-01-0015839,Tier-1,Tier-2,2026-08-27T01:31:18.509835,investigated_and_resolved
CAS-CSE-ENGY-01-0015843,Tier-1,Tier-2,2026-08-27T03:02:58.086612,investigated_and_resolved
CAS-CSE-ENGY-02-0015859,Tier-1,Tier-2,2026-03-01T02:14:16.111451,investigated_and_resolved
CAS-CSE-ENGY-02-0015860,Tier-1,Tier-2,2026-03-01T02:39:02.823773,investigated_and_resolved
CAS-CSE-ENGY-02-0015864,Tier-1,Tier-2,2026-03-01T07:10:21.230817,investigated_and_resolved
CAS-CSE-ENGY-02-0015867,Tier-1,Tier-2,2026-03-01T08:58:03.030038,investigated_and_resolved
CAS-CSE-ENGY-02-0015880,Tier-1,Tier-2,2026-03-01T13:58:32.173423,investigated_and_resolved
CAS-CSE-ENGY-02-0015881,Tier-1,Tier-2,2026-03-01T14:56:19.478415,investigated_and_resolved
CAS-CSE-ENGY-02-0015882,Tier-1,Tier-2,2026-03-01T15:39:29.060247,investigated_and_resolved
CAS-CSE-ENGY-02-0015885,Tier-1,Tier-2,2026-03-01T19:26:49.305352,investigated_and_resolved
CAS-CSE-ENGY-02-0015903,Tier-1,Tier-2,2026-03-02T11:03:14.841737,investigated_and_resolved
CAS-CSE-ENGY-02-0015905,Tier-1,Tier-2,2026-03-02T16:21:13.463141,investigated_and_resolved
CAS-CSE-ENGY-02-0015906,Tier-1,Tier-2,2026-03-02T16:18:59.332947,investigated_and_resolved
CAS-CSE-ENGY-02-0015908,Tier-1,Tier-2,2026-03-02T16:26:48.104616,investigated_and_resolved
CAS-CSE-ENGY-02-0015917,Tier-1,Tier-2,2026-03-02T23:32:11.937804,investigated_and_resolved
CAS-CSE-ENGY-02-0015920,Tier-1,Tier-2,2026-03-03T01:57:35.184701,investigated_and_resolved
CAS-CSE-ENGY-02-0015928,Tier-1,Tier-2,2026-03-03T05:27:13.739316,investigated_and_resolved
CAS-CSE-ENGY-02-0015930,Tier-1,Tier-2,2026-03-03T06:04:18.336839,investigated_and_resolved
CAS-CSE-ENGY-02-0015932,Tier-1,Tier-2,2026-03-03T09:23:39.235846,investigated_and_resolved
CAS-CSE-ENGY-02-0015935,Tier-1,Tier-2,2026-03-03T12:05:37.222149,investigated_and_resolved
CAS-CSE-ENGY-02-0015938,Tier-1,Tier-2,2026-03-03T12:10:58.056598,investigated_and_resolved
CAS-CSE-ENGY-02-0015940,Tier-1,Tier-2,2026-03-03T13:25:48.808667,investigated_and_resolved
CAS-CSE-ENGY-02-0015942,Tier-1,Tier-2,2026-03-03T15:41:04.203652,investigated_and_resolved
CAS-CSE-ENGY-02-0015943,Tier-1,Tier-2,2026-03-03T16:13:29.896676,investigated_and_resolved
CAS-CSE-ENGY-02-0015953,Tier-1,Tier-2,2026-03-04T02:32:04.144154,investigated_and_resolved
CAS-CSE-ENGY-02-0015955,Tier-1,Tier-2,2026-03-04T05:49:13.151851,investigated_and_resolved
CAS-CSE-ENGY-02-0015963,Tier-1,Tier-2,2026-03-04T13:08:29.694926,investigated_and_resolved
CAS-CSE-ENGY-02-0015964,Tier-1,Tier-2,2026-03-04T15:18:31.226971,investigated_and_resolved
CAS-CSE-ENGY-02-0015976,Tier-1,Tier-2,2026-03-05T03:05:06.885389,investigated_and_resolved
CAS-CSE-ENGY-02-0015977,Tier-1,Tier-2,2026-03-05T03:45:40.416960,investigated_and_resolved
CAS-CSE-ENGY-02-0015980,Tier-1,Tier-2,2026-03-05T08:56:27.055800,investigated_and_resolved
CAS-CSE-ENGY-02-0015982,Tier-1,Tier-2,2026-03-05T10:04:17.912635,investigated_and_resolved
CAS-CSE-ENGY-02-0015986,Tier-1,Tier-2,2026-03-05T15:39:34.342822,investigated_and_resolved
CAS-CSE-ENGY-02-0015995,Tier-1,Tier-2,2026-03-05T19:52:54.101476,investigated_and_resolved
CAS-CSE-ENGY-02-0016013,Tier-1,Tier-2,2026-03-06T15:33:00.686517,investigated_and_resolved
CAS-CSE-ENGY-02-0016018,Tier-1,Tier-2,2026-03-06T18:10:46.013240,investigated_and_resolved
CAS-CSE-ENGY-02-0016022,Tier-1,Tier-2,2026-03-06T21:14:12.526787,investigated_and_resolved
CAS-CSE-ENGY-02-0016032,Tier-1,Tier-2,2026-03-07T06:38:22.051733,investigated_and_resolved
CAS-CSE-ENGY-02-0016034,Tier-1,Tier-2,2026-03-07T08:34:25.851603,investigated_and_resolved
CAS-CSE-ENGY-02-0016039,Tier-1,Tier-2,2026-03-07T16:37:11.851427,investigated_and_resolved
CAS-CSE-ENGY-02-0016041,Tier-1,Tier-2,2026-03-07T20:44:41.645842,investigated_and_resolved
CAS-CSE-ENGY-02-0016042,Tier-1,Tier-2,2026-03-07T22:09:05.702433,investigated_and_resolved
CAS-CSE-ENGY-02-0016044,Tier-1,Tier-2,2026-03-08T00:42:36.435671,investigated_and_resolved
CAS-CSE-ENGY-02-0016050,Tier-1,Tier-2,2026-03-08T04:39:21.118804,investigated_and_resolved
CAS-CSE-ENGY-02-0016052,Tier-1,Tier-2,2026-03-08T07:24:03.037768,investigated_and_resolved
CAS-CSE-ENGY-02-0016055,Tier-1,Tier-2,2026-03-08T10:05:05.381905,investigated_and_resolved
CAS-CSE-ENGY-02-0016062,Tier-1,Tier-2,2026-03-08T16:11:59.119951,investigated_and_resolved
CAS-CSE-ENGY-02-0016064,Tier-1,Tier-2,2026-03-08T15:53:36.761062,investigated_and_resolved
CAS-CSE-ENGY-02-0016074,Tier-1,Tier-2,2026-03-09T00:18:45.324765,investigated_and_resolved
CAS-CSE-ENGY-02-0016076,Tier-1,Tier-2,2026-03-09T01:20:09.279262,investigated_and_resolved
CAS-CSE-ENGY-02-0016077,Tier-1,Tier-2,2026-03-09T02:44:28.002991,investigated_and_resolved
CAS-CSE-ENGY-02-0016080,Tier-1,Tier-2,2026-03-09T07:40:48.601883,investigated_and_resolved
CAS-CSE-ENGY-02-0016081,Tier-1,Tier-2,2026-03-09T11:11:56.767976,investigated_and_resolved
CAS-CSE-ENGY-02-0016083,Tier-1,Tier-2,2026-03-09T12:55:41.223625,investigated_and_resolved
CAS-CSE-ENGY-02-0016085,Tier-1,Tier-2,2026-03-09T12:57:15.305249,investigated_and_resolved
CAS-CSE-ENGY-02-0016093,Tier-1,Tier-2,2026-03-09T21:54:57.448305,investigated_and_resolved
CAS-CSE-ENGY-02-0016097,Tier-1,Tier-2,2026-03-10T04:27:43.588021,investigated_and_resolved
CAS-CSE-ENGY-02-0016122,Tier-1,Tier-2,2026-03-11T06:46:09.721902,investigated_and_resolved
CAS-CSE-ENGY-02-0016123,Tier-1,Tier-2,2026-03-11T05:34:08.962843,investigated_and_resolved
CAS-CSE-ENGY-02-0016129,Tier-1,Tier-2,2026-03-11T14:09:51.261895,investigated_and_resolved
CAS-CSE-ENGY-02-0016132,Tier-1,Tier-2,2026-03-11T15:25:30.128421,investigated_and_resolved
CAS-CSE-ENGY-02-0016138,Tier-1,Tier-2,2026-03-11T20:31:48.534632,investigated_and_resolved
CAS-CSE-ENGY-02-0016139,Tier-1,Tier-2,2026-03-11T23:09:10.403896,investigated_and_resolved
CAS-CSE-ENGY-02-0016160,Tier-1,Tier-2,2026-03-13T04:08:54.306202,investigated_and_resolved
CAS-CSE-ENGY-02-0016162,Tier-1,Tier-2,2026-03-13T02:20:53.629911,investigated_and_resolved
CAS-CSE-ENGY-02-0016163,Tier-1,Tier-2,2026-03-13T03:48:46.688757,investigated_and_resolved
CAS-CSE-ENGY-02-0016172,Tier-1,Tier-2,2026-03-13T11:17:31.008546,investigated_and_resolved
CAS-CSE-ENGY-02-0016190,Tier-1,Tier-2,2026-03-13T23:39:58.633649,investigated_and_resolved
CAS-CSE-ENGY-02-0016199,Tier-1,Tier-2,2026-03-14T06:51:33.355523,investigated_and_resolved
CAS-CSE-ENGY-02-0016201,Tier-1,Tier-2,2026-03-14T09:12:11.538431,investigated_and_resolved
CAS-CSE-ENGY-02-0016207,Tier-1,Tier-2,2026-03-14T13:47:55.546257,investigated_and_resolved
CAS-CSE-ENGY-02-0016209,Tier-1,Tier-2,2026-03-14T15:06:38.833962,investigated_and_resolved
CAS-CSE-ENGY-02-0016210,Tier-1,Tier-2,2026-03-14T19:19:42.078444,investigated_and_resolved
CAS-CSE-ENGY-02-0016216,Tier-1,Tier-2,2026-03-15T01:25:14.751186,investigated_and_resolved
CAS-CSE-ENGY-02-0016218,Tier-1,Tier-2,2026-03-15T02:55:07.588872,investigated_and_resolved
CAS-CSE-ENGY-02-0016219,Tier-1,Tier-2,2026-03-15T02:58:51.636329,investigated_and_resolved
CAS-CSE-ENGY-02-0016221,Tier-1,Tier-2,2026-03-15T03:50:16.052610,investigated_and_resolved
CAS-CSE-ENGY-02-0016223,Tier-1,Tier-2,2026-03-15T06:37:43.295899,investigated_and_resolved
CAS-CSE-ENGY-02-0016230,Tier-1,Tier-2,2026-03-15T11:06:01.223161,investigated_and_resolved
CAS-CSE-ENGY-02-0016235,Tier-1,Tier-2,2026-03-15T15:42:43.666887,investigated_and_resolved
CAS-CSE-ENGY-02-0016242,Tier-1,Tier-2,2026-03-15T22:14:18.573212,investigated_and_resolved
CAS-CSE-ENGY-02-0016252,Tier-1,Tier-2,2026-03-16T06:33:23.837077,investigated_and_resolved
CAS-CSE-ENGY-02-0016256,Tier-1,Tier-2,2026-03-16T09:41:02.329607,investigated_and_resolved
CAS-CSE-ENGY-02-0016265,Tier-1,Tier-2,2026-03-16T18:51:32.427358,investigated_and_resolved
CAS-CSE-ENGY-02-0016268,Tier-1,Tier-2,2026-03-16T22:41:15.531423,investigated_and_resolved
CAS-CSE-ENGY-02-0016270,Tier-1,Tier-2,2026-03-17T03:32:22.176749,investigated_and_resolved
CAS-CSE-ENGY-02-0016275,Tier-1,Tier-2,2026-03-17T04:30:57.508794,investigated_and_resolved
CAS-CSE-ENGY-02-0016277,Tier-1,Tier-2,2026-03-17T06:49:19.702711,investigated_and_resolved
CAS-CSE-ENGY-02-0016279,Tier-1,Tier-2,2026-03-17T11:23:11.582657,investigated_and_resolved
CAS-CSE-ENGY-02-0016284,Tier-1,Tier-2,2026-03-17T18:43:39.812335,investigated_and_resolved
CAS-CSE-ENGY-02-0016287,Tier-1,Tier-2,2026-03-17T19:53:04.533054,investigated_and_resolved
CAS-CSE-ENGY-02-0016288,Tier-1,Tier-2,2026-03-17T20:11:14.301718,investigated_and_resolved
CAS-CSE-ENGY-02-0016304,Tier-1,Tier-2,2026-03-18T07:15:52.651985,investigated_and_resolved
CAS-CSE-ENGY-02-0016305,Tier-1,Tier-2,2026-03-18T08:33:07.080893,investigated_and_resolved
CAS-CSE-ENGY-02-0016309,Tier-1,Tier-2,2026-03-18T13:14:18.270275,investigated_and_resolved
CAS-CSE-ENGY-02-0016310,Tier-1,Tier-2,2026-03-18T14:36:27.205889,investigated_and_resolved
CAS-CSE-ENGY-02-0016315,Tier-1,Tier-2,2026-03-18T18:54:50.329460,investigated_and_resolved
CAS-CSE-ENGY-02-0016316,Tier-1,Tier-2,2026-03-18T17:42:42.621591,investigated_and_resolved
CAS-CSE-ENGY-02-0016323,Tier-1,Tier-2,2026-03-19T00:17:51.367305,investigated_and_resolved
CAS-CSE-ENGY-02-0016324,Tier-1,Tier-2,2026-03-19T00:19:41.390974,investigated_and_resolved
CAS-CSE-ENGY-02-0016331,Tier-1,Tier-2,2026-03-19T03:51:46.850160,investigated_and_resolved
CAS-CSE-ENGY-02-0016337,Tier-1,Tier-2,2026-03-19T08:12:26.370158,investigated_and_resolved
CAS-CSE-ENGY-02-0016343,Tier-1,Tier-2,2026-03-19T12:19:09.240341,investigated_and_resolved
CAS-CSE-ENGY-02-0016346,Tier-1,Tier-2,2026-03-19T17:21:38.725424,investigated_and_resolved
CAS-CSE-ENGY-02-0016348,Tier-1,Tier-2,2026-03-19T16:15:34.334392,investigated_and_resolved
CAS-CSE-ENGY-02-0016367,Tier-1,Tier-2,2026-03-20T09:40:03.705214,investigated_and_resolved
CAS-CSE-ENGY-02-0016370,Tier-1,Tier-2,2026-03-20T12:51:49.793246,investigated_and_resolved
CAS-CSE-ENGY-02-0016375,Tier-1,Tier-2,2026-03-20T17:46:24.912386,investigated_and_resolved
CAS-CSE-ENGY-02-0016381,Tier-1,Tier-2,2026-03-21T04:10:40.893377,investigated_and_resolved
CAS-CSE-ENGY-02-0016386,Tier-1,Tier-2,2026-03-21T09:48:30.201066,investigated_and_resolved
CAS-CSE-ENGY-02-0016387,Tier-1,Tier-2,2026-03-21T08:57:32.846973,investigated_and_resolved
CAS-CSE-ENGY-02-0016393,Tier-1,Tier-2,2026-03-21T14:19:39.214169,investigated_and_resolved
CAS-CSE-ENGY-02-0016397,Tier-1,Tier-2,2026-03-21T13:37:01.514894,investigated_and_resolved
CAS-CSE-ENGY-02-0016408,Tier-1,Tier-2,2026-03-22T00:59:41.362678,investigated_and_resolved
CAS-CSE-ENGY-02-0016413,Tier-1,Tier-2,2026-03-22T04:59:25.128366,investigated_and_resolved
CAS-CSE-ENGY-02-0016415,Tier-1,Tier-2,2026-03-22T06:23:47.669558,investigated_and_resolved
CAS-CSE-ENGY-02-0016420,Tier-1,Tier-2,2026-03-22T09:00:32.682923,investigated_and_resolved
CAS-CSE-ENGY-02-0016421,Tier-1,Tier-2,2026-03-22T08:40:42.121411,investigated_and_resolved
CAS-CSE-ENGY-02-0016425,Tier-1,Tier-2,2026-03-22T10:01:55.939105,investigated_and_resolved
CAS-CSE-ENGY-02-0016429,Tier-1,Tier-2,2026-03-22T12:52:01.933856,investigated_and_resolved
CAS-CSE-ENGY-02-0016432,Tier-1,Tier-2,2026-03-22T14:41:33.316266,investigated_and_resolved
CAS-CSE-ENGY-02-0016433,Tier-1,Tier-2,2026-03-22T15:58:55.547377,investigated_and_resolved
CAS-CSE-ENGY-02-0016434,Tier-1,Tier-2,2026-03-22T15:43:29.011901,investigated_and_resolved
CAS-CSE-ENGY-02-0016437,Tier-1,Tier-2,2026-03-22T21:56:00.668472,investigated_and_resolved
CAS-CSE-ENGY-02-0016439,Tier-1,Tier-2,2026-03-23T00:16:48.903183,investigated_and_resolved
CAS-CSE-ENGY-02-0016443,Tier-1,Tier-2,2026-03-23T05:43:36.689641,investigated_and_resolved
CAS-CSE-ENGY-02-0016445,Tier-1,Tier-2,2026-03-23T07:41:51.016605,investigated_and_resolved
CAS-CSE-ENGY-02-0016462,Tier-1,Tier-2,2026-03-23T20:34:13.818568,investigated_and_resolved
CAS-CSE-ENGY-02-0016466,Tier-1,Tier-2,2026-03-23T21:47:47.083383,investigated_and_resolved
CAS-CSE-ENGY-02-0016476,Tier-1,Tier-2,2026-03-24T02:43:39.362821,investigated_and_resolved
CAS-CSE-ENGY-02-0016477,Tier-1,Tier-2,2026-03-24T01:23:15.983969,investigated_and_resolved
CAS-CSE-ENGY-02-0016478,Tier-1,Tier-2,2026-03-24T01:04:18.222323,investigated_and_resolved
CAS-CSE-ENGY-02-0016483,Tier-1,Tier-2,2026-03-24T05:15:50.161307,investigated_and_resolved
CAS-CSE-ENGY-02-0016492,Tier-1,Tier-2,2026-03-24T14:19:12.916304,investigated_and_resolved
CAS-CSE-ENGY-02-0016512,Tier-1,Tier-2,2026-03-25T07:28:24.257002,investigated_and_resolved
CAS-CSE-ENGY-02-0016513,Tier-1,Tier-2,2026-03-25T08:20:48.413794,investigated_and_resolved
CAS-CSE-ENGY-02-0016517,Tier-1,Tier-2,2026-03-25T15:18:13.522473,investigated_and_resolved
CAS-CSE-ENGY-02-0016519,Tier-1,Tier-2,2026-03-25T17:38:04.943886,investigated_and_resolved
CAS-CSE-ENGY-02-0016523,Tier-1,Tier-2,2026-03-25T23:55:51.589007,investigated_and_resolved
CAS-CSE-ENGY-02-0016531,Tier-1,Tier-2,2026-03-26T00:37:07.015949,investigated_and_resolved
CAS-CSE-ENGY-02-0016534,Tier-1,Tier-2,2026-03-26T06:09:15.312303,investigated_and_resolved
CAS-CSE-ENGY-02-0016536,Tier-1,Tier-2,2026-03-26T08:47:11.741511,investigated_and_resolved
CAS-CSE-ENGY-02-0016546,Tier-1,Tier-2,2026-03-26T13:28:58.141951,investigated_and_resolved
CAS-CSE-ENGY-02-0016547,Tier-1,Tier-2,2026-03-26T14:44:13.567851,investigated_and_resolved
CAS-CSE-ENGY-02-0016549,Tier-1,Tier-2,2026-03-26T16:06:20.066882,investigated_and_resolved
CAS-CSE-ENGY-02-0016553,Tier-1,Tier-2,2026-03-26T19:58:31.664928,investigated_and_resolved
CAS-CSE-ENGY-02-0016559,Tier-1,Tier-2,2026-03-27T03:23:20.887267,investigated_and_resolved
CAS-CSE-ENGY-02-0016563,Tier-1,Tier-2,2026-03-27T08:40:44.624032,investigated_and_resolved
CAS-CSE-ENGY-02-0016566,Tier-1,Tier-2,2026-03-27T09:14:21.812251,investigated_and_resolved
CAS-CSE-ENGY-02-0016567,Tier-1,Tier-2,2026-03-27T10:59:02.250377,investigated_and_resolved
CAS-CSE-ENGY-02-0016569,Tier-1,Tier-2,2026-03-27T12:59:30.882731,investigated_and_resolved
CAS-CSE-ENGY-02-0016572,Tier-1,Tier-2,2026-03-27T16:26:57.339990,investigated_and_resolved
CAS-CSE-ENGY-02-0016574,Tier-1,Tier-2,2026-03-27T18:35:52.421582,investigated_and_resolved
CAS-CSE-ENGY-02-0016583,Tier-1,Tier-2,2026-03-28T04:28:28.951519,investigated_and_resolved
CAS-CSE-ENGY-02-0016584,Tier-1,Tier-2,2026-03-28T07:56:10.478172,investigated_and_resolved
CAS-CSE-ENGY-02-0016593,Tier-1,Tier-2,2026-03-28T17:05:23.457037,investigated_and_resolved
CAS-CSE-ENGY-02-0016595,Tier-1,Tier-2,2026-03-28T17:58:06.000606,investigated_and_resolved
CAS-CSE-ENGY-02-0016600,Tier-1,Tier-2,2026-03-28T21:13:14.981814,investigated_and_resolved
CAS-CSE-ENGY-02-0016602,Tier-1,Tier-2,2026-03-28T21:11:28.060335,investigated_and_resolved
CAS-CSE-ENGY-02-0016607,Tier-1,Tier-2,2026-03-29T04:36:37.473832,investigated_and_resolved
CAS-CSE-ENGY-02-0016608,Tier-1,Tier-2,2026-03-29T07:05:04.760822,investigated_and_resolved
CAS-CSE-ENGY-02-0016612,Tier-1,Tier-2,2026-03-29T09:47:06.855537,investigated_and_resolved
CAS-CSE-ENGY-02-0016613,Tier-1,Tier-2,2026-03-29T10:57:47.466867,investigated_and_resolved
CAS-CSE-ENGY-02-0016616,Tier-1,Tier-2,2026-03-29T12:57:49.368473,investigated_and_resolved
CAS-CSE-ENGY-02-0016617,Tier-1,Tier-2,2026-03-29T13:19:43.506645,investigated_and_resolved
CAS-CSE-ENGY-02-0016618,Tier-1,Tier-2,2026-03-29T15:59:22.740592,investigated_and_resolved
CAS-CSE-ENGY-02-0016622,Tier-1,Tier-2,2026-03-29T18:01:42.659140,investigated_and_resolved
CAS-CSE-ENGY-02-0016623,Tier-1,Tier-2,2026-03-29T20:20:09.934545,investigated_and_resolved
CAS-CSE-ENGY-02-0016630,Tier-1,Tier-2,2026-03-30T04:20:37.371821,investigated_and_resolved
CAS-CSE-ENGY-02-0016634,Tier-1,Tier-2,2026-03-30T07:28:09.635898,investigated_and_resolved
CAS-CSE-ENGY-02-0016636,Tier-1,Tier-2,2026-03-30T09:22:55.574494,investigated_and_resolved
CAS-CSE-ENGY-02-0016639,Tier-1,Tier-2,2026-03-30T12:27:38.642376,investigated_and_resolved
CAS-CSE-ENGY-02-0016641,Tier-1,Tier-2,2026-03-30T14:15:24.884799,investigated_and_resolved
CAS-CSE-ENGY-02-0016642,Tier-1,Tier-2,2026-03-30T18:35:49.670544,investigated_and_resolved
CAS-CSE-ENGY-02-0016647,Tier-1,Tier-2,2026-03-30T21:32:45.199615,investigated_and_resolved
CAS-CSE-ENGY-02-0016648,Tier-1,Tier-2,2026-03-30T23:16:21.132647,investigated_and_resolved
CAS-CSE-ENGY-02-0016651,Tier-1,Tier-2,2026-03-31T02:05:39.865642,investigated_and_resolved
CAS-CSE-ENGY-02-0016657,Tier-1,Tier-2,2026-03-31T04:03:41.192693,investigated_and_resolved
CAS-CSE-ENGY-02-0016668,Tier-1,Tier-2,2026-03-31T14:27:50.946567,investigated_and_resolved
CAS-CSE-ENGY-02-0016669,Tier-1,Tier-2,2026-03-31T15:14:40.630272,investigated_and_resolved
CAS-CSE-ENGY-02-0016677,Tier-1,Tier-2,2026-04-01T01:17:54.915078,investigated_and_resolved
CAS-CSE-ENGY-02-0016681,Tier-1,Tier-2,2026-04-01T00:28:19.458705,investigated_and_resolved
CAS-CSE-ENGY-02-0016691,Tier-1,Tier-2,2026-04-01T07:09:09.179396,investigated_and_resolved
CAS-CSE-ENGY-02-0016694,Tier-1,Tier-2,2026-04-01T08:42:45.623945,investigated_and_resolved
CAS-CSE-ENGY-02-0016697,Tier-1,Tier-2,2026-04-01T09:32:58.763271,investigated_and_resolved
CAS-CSE-ENGY-02-0016706,Tier-1,Tier-2,2026-04-01T23:55:07.545226,investigated_and_resolved
CAS-CSE-ENGY-02-0016713,Tier-1,Tier-2,2026-04-02T03:16:49.902408,investigated_and_resolved
CAS-CSE-ENGY-02-0016714,Tier-1,Tier-2,2026-04-02T05:08:30.341398,investigated_and_resolved
CAS-CSE-ENGY-02-0016723,Tier-1,Tier-2,2026-04-02T07:23:21.531491,investigated_and_resolved
CAS-CSE-ENGY-02-0016739,Tier-1,Tier-2,2026-04-02T22:50:04.727860,investigated_and_resolved
CAS-CSE-ENGY-02-0016746,Tier-1,Tier-2,2026-04-03T04:21:55.787083,investigated_and_resolved
CAS-CSE-ENGY-02-0016755,Tier-1,Tier-2,2026-04-03T09:00:14.074661,investigated_and_resolved
CAS-CSE-ENGY-02-0016767,Tier-1,Tier-2,2026-04-03T13:07:26.840089,investigated_and_resolved
CAS-CSE-ENGY-02-0016768,Tier-1,Tier-2,2026-04-03T13:19:53.799252,investigated_and_resolved
CAS-CSE-ENGY-02-0016772,Tier-1,Tier-2,2026-04-03T17:52:03.001328,investigated_and_resolved
CAS-CSE-ENGY-02-0016784,Tier-1,Tier-2,2026-04-04T04:13:42.689664,investigated_and_resolved
CAS-CSE-ENGY-02-0016787,Tier-1,Tier-2,2026-04-04T05:26:34.557351,investigated_and_resolved
CAS-CSE-ENGY-02-0016810,Tier-1,Tier-2,2026-04-05T07:50:05.418985,investigated_and_resolved
CAS-CSE-ENGY-02-0016815,Tier-1,Tier-2,2026-04-05T11:08:30.295111,investigated_and_resolved
CAS-CSE-ENGY-02-0016817,Tier-1,Tier-2,2026-04-05T11:55:35.978929,investigated_and_resolved
CAS-CSE-ENGY-02-0016827,Tier-1,Tier-2,2026-04-05T23:01:01.875711,investigated_and_resolved
CAS-CSE-ENGY-02-0016839,Tier-1,Tier-2,2026-04-06T13:02:00.396770,investigated_and_resolved
CAS-CSE-ENGY-02-0016840,Tier-1,Tier-2,2026-04-06T13:45:56.805615,investigated_and_resolved
CAS-CSE-ENGY-02-0016851,Tier-1,Tier-2,2026-04-06T23:22:34.643973,investigated_and_resolved
CAS-CSE-ENGY-02-0016857,Tier-1,Tier-2,2026-04-07T02:52:17.675760,investigated_and_resolved
CAS-CSE-ENGY-02-0016872,Tier-1,Tier-2,2026-04-07T22:03:50.903153,investigated_and_resolved
CAS-CSE-ENGY-02-0016882,Tier-1,Tier-2,2026-04-08T03:05:57.669505,investigated_and_resolved
CAS-CSE-ENGY-02-0016885,Tier-1,Tier-2,2026-04-08T05:51:33.886543,investigated_and_resolved
CAS-CSE-ENGY-02-0016888,Tier-1,Tier-2,2026-04-08T09:51:06.050062,investigated_and_resolved
CAS-CSE-ENGY-02-0016894,Tier-1,Tier-2,2026-04-08T18:33:24.796176,investigated_and_resolved
CAS-CSE-ENGY-02-0016900,Tier-1,Tier-2,2026-04-08T22:17:24.392084,investigated_and_resolved
CAS-CSE-ENGY-02-0016905,Tier-1,Tier-2,2026-04-09T01:13:12.406288,investigated_and_resolved
CAS-CSE-ENGY-02-0016910,Tier-1,Tier-2,2026-04-09T04:03:30.937277,investigated_and_resolved
CAS-CSE-ENGY-02-0016925,Tier-1,Tier-2,2026-04-09T13:16:14.915581,investigated_and_resolved
CAS-CSE-ENGY-02-0016927,Tier-1,Tier-2,2026-04-09T14:30:14.636592,investigated_and_resolved
CAS-CSE-ENGY-02-0016928,Tier-1,Tier-2,2026-04-09T15:11:16.042808,investigated_and_resolved
CAS-CSE-ENGY-02-0016935,Tier-1,Tier-2,2026-04-09T17:56:15.852853,investigated_and_resolved
CAS-CSE-ENGY-02-0016938,Tier-1,Tier-2,2026-04-09T19:28:39.790801,investigated_and_resolved
CAS-CSE-ENGY-02-0016941,Tier-1,Tier-2,2026-04-09T20:45:51.496773,investigated_and_resolved
CAS-CSE-ENGY-02-0016946,Tier-1,Tier-2,2026-04-10T01:22:14.273716,investigated_and_resolved
CAS-CSE-ENGY-02-0016950,Tier-1,Tier-2,2026-04-10T06:38:56.646818,investigated_and_resolved
CAS-CSE-ENGY-02-0016952,Tier-1,Tier-2,2026-04-10T08:07:25.667839,investigated_and_resolved
CAS-CSE-ENGY-02-0016956,Tier-1,Tier-2,2026-04-10T12:41:25.824284,investigated_and_resolved
CAS-CSE-ENGY-02-0016960,Tier-1,Tier-2,2026-04-10T14:08:33.798803,investigated_and_resolved
CAS-CSE-ENGY-02-0016962,Tier-1,Tier-2,2026-04-10T13:53:25.743186,investigated_and_resolved
CAS-CSE-ENGY-02-0016964,Tier-1,Tier-2,2026-04-10T18:02:55.105086,investigated_and_resolved
CAS-CSE-ENGY-02-0016967,Tier-1,Tier-2,2026-04-10T18:35:18.590130,investigated_and_resolved
CAS-CSE-ENGY-02-0016970,Tier-1,Tier-2,2026-04-10T18:25:56.458286,investigated_and_resolved
CAS-CSE-ENGY-02-0016973,Tier-1,Tier-2,2026-04-10T19:18:44.064732,investigated_and_resolved
CAS-CSE-ENGY-02-0016974,Tier-1,Tier-2,2026-04-10T20:59:10.554959,investigated_and_resolved
CAS-CSE-ENGY-02-0016982,Tier-1,Tier-2,2026-04-11T07:55:39.922866,investigated_and_resolved
CAS-CSE-ENGY-02-0016983,Tier-1,Tier-2,2026-04-11T08:45:24.483538,investigated_and_resolved
CAS-CSE-ENGY-02-0016984,Tier-1,Tier-2,2026-04-11T07:28:52.005418,investigated_and_resolved
CAS-CSE-ENGY-02-0016985,Tier-1,Tier-2,2026-04-11T08:39:24.526500,investigated_and_resolved
CAS-CSE-ENGY-02-0017010,Tier-1,Tier-2,2026-04-12T09:57:15.976030,investigated_and_resolved
CAS-CSE-ENGY-02-0017023,Tier-1,Tier-2,2026-04-12T22:13:09.358923,investigated_and_resolved
CAS-CSE-ENGY-02-0017030,Tier-1,Tier-2,2026-04-13T07:27:09.461796,investigated_and_resolved
CAS-CSE-ENGY-02-0017032,Tier-1,Tier-2,2026-04-13T09:47:40.628991,investigated_and_resolved
CAS-CSE-ENGY-02-0017034,Tier-1,Tier-2,2026-04-13T11:22:34.865092,investigated_and_resolved
CAS-CSE-ENGY-02-0017035,Tier-1,Tier-2,2026-04-13T12:45:24.619543,investigated_and_resolved
CAS-CSE-ENGY-02-0017037,Tier-1,Tier-2,2026-04-13T15:23:28.468849,investigated_and_resolved
CAS-CSE-ENGY-02-0017042,Tier-1,Tier-2,2026-04-13T17:46:00.424600,investigated_and_resolved
CAS-CSE-ENGY-02-0017043,Tier-1,Tier-2,2026-04-13T18:31:00.012660,investigated_and_resolved
CAS-CSE-ENGY-02-0017045,Tier-1,Tier-2,2026-04-13T19:21:13.342025,investigated_and_resolved
CAS-CSE-ENGY-02-0017047,Tier-1,Tier-2,2026-04-13T20:48:45.763397,investigated_and_resolved
CAS-CSE-ENGY-02-0017053,Tier-1,Tier-2,2026-04-14T03:28:15.640259,investigated_and_resolved
CAS-CSE-ENGY-02-0017062,Tier-1,Tier-2,2026-04-14T14:21:26.292277,investigated_and_resolved
CAS-CSE-ENGY-02-0017065,Tier-1,Tier-2,2026-04-14T17:10:01.547862,investigated_and_resolved
CAS-CSE-ENGY-02-0017070,Tier-1,Tier-2,2026-04-14T22:15:50.494194,investigated_and_resolved
CAS-CSE-ENGY-02-0017074,Tier-1,Tier-2,2026-04-15T00:03:07.564914,investigated_and_resolved
CAS-CSE-ENGY-02-0017077,Tier-1,Tier-2,2026-04-15T02:50:40.350416,investigated_and_resolved
CAS-CSE-ENGY-02-0017080,Tier-1,Tier-2,2026-04-15T05:17:36.058048,investigated_and_resolved
CAS-CSE-ENGY-02-0017086,Tier-1,Tier-2,2026-04-15T07:21:10.167514,investigated_and_resolved
CAS-CSE-ENGY-02-0017090,Tier-1,Tier-2,2026-04-15T12:44:57.962315,investigated_and_resolved
CAS-CSE-ENGY-02-0017101,Tier-1,Tier-2,2026-04-15T22:24:39.368190,investigated_and_resolved
CAS-CSE-ENGY-02-0017104,Tier-1,Tier-2,2026-04-16T02:52:44.064824,investigated_and_resolved
CAS-CSE-ENGY-02-0017105,Tier-1,Tier-2,2026-04-16T02:01:04.311674,investigated_and_resolved
CAS-CSE-ENGY-02-0017107,Tier-1,Tier-2,2026-04-16T05:17:47.458223,investigated_and_resolved
CAS-CSE-ENGY-02-0017108,Tier-1,Tier-2,2026-04-16T05:50:52.856051,investigated_and_resolved
CAS-CSE-ENGY-02-0017110,Tier-1,Tier-2,2026-04-16T05:45:39.575000,investigated_and_resolved
CAS-CSE-ENGY-02-0017130,Tier-1,Tier-2,2026-04-17T04:21:59.489439,investigated_and_resolved
CAS-CSE-ENGY-02-0017134,Tier-1,Tier-2,2026-04-17T05:34:34.605657,investigated_and_resolved
CAS-CSE-ENGY-02-0017136,Tier-1,Tier-2,2026-04-17T06:56:45.328048,investigated_and_resolved
CAS-CSE-ENGY-02-0017137,Tier-1,Tier-2,2026-04-17T05:29:28.878320,investigated_and_resolved
CAS-CSE-ENGY-02-0017140,Tier-1,Tier-2,2026-04-17T07:23:17.919460,investigated_and_resolved
CAS-CSE-ENGY-02-0017147,Tier-1,Tier-2,2026-04-17T16:12:13.446985,investigated_and_resolved
CAS-CSE-ENGY-02-0017151,Tier-1,Tier-2,2026-04-17T18:55:13.443597,investigated_and_resolved
CAS-CSE-ENGY-02-0017154,Tier-1,Tier-2,2026-04-17T17:49:22.092293,investigated_and_resolved
CAS-CSE-ENGY-02-0017161,Tier-1,Tier-2,2026-04-18T01:10:23.017847,investigated_and_resolved
CAS-CSE-ENGY-02-0017165,Tier-1,Tier-2,2026-04-18T02:13:13.973663,investigated_and_resolved
CAS-CSE-ENGY-02-0017166,Tier-1,Tier-2,2026-04-18T02:51:56.795629,investigated_and_resolved
CAS-CSE-ENGY-02-0017167,Tier-1,Tier-2,2026-04-18T02:29:21.466049,investigated_and_resolved
CAS-CSE-ENGY-02-0017169,Tier-1,Tier-2,2026-04-18T07:30:50.822712,investigated_and_resolved
CAS-CSE-ENGY-02-0017170,Tier-1,Tier-2,2026-04-18T05:55:08.465606,investigated_and_resolved
CAS-CSE-ENGY-02-0017172,Tier-1,Tier-2,2026-04-18T09:55:35.231478,investigated_and_resolved
CAS-CSE-ENGY-02-0017176,Tier-1,Tier-2,2026-04-18T12:05:43.481823,investigated_and_resolved
CAS-CSE-ENGY-02-0017177,Tier-1,Tier-2,2026-04-18T15:50:26.588789,investigated_and_resolved
CAS-CSE-ENGY-02-0017201,Tier-1,Tier-2,2026-04-19T08:20:03.030105,investigated_and_resolved
CAS-CSE-ENGY-02-0017209,Tier-1,Tier-2,2026-04-19T14:27:24.645896,investigated_and_resolved
CAS-CSE-ENGY-02-0017210,Tier-1,Tier-2,2026-04-19T15:51:55.105376,investigated_and_resolved
CAS-CSE-ENGY-02-0017218,Tier-1,Tier-2,2026-04-20T02:08:02.269102,investigated_and_resolved
CAS-CSE-ENGY-02-0017220,Tier-1,Tier-2,2026-04-20T01:10:24.441805,investigated_and_resolved
CAS-CSE-ENGY-02-0017222,Tier-1,Tier-2,2026-04-20T04:36:22.395994,investigated_and_resolved
CAS-CSE-ENGY-02-0017223,Tier-1,Tier-2,2026-04-20T04:01:45.363274,investigated_and_resolved
CAS-CSE-ENGY-02-0017233,Tier-1,Tier-2,2026-04-20T14:11:51.964897,investigated_and_resolved
CAS-CSE-ENGY-02-0017244,Tier-1,Tier-2,2026-04-20T22:21:34.075135,investigated_and_resolved
CAS-CSE-ENGY-02-0017246,Tier-1,Tier-2,2026-04-20T23:15:12.396103,investigated_and_resolved
CAS-CSE-ENGY-02-0017249,Tier-1,Tier-2,2026-04-21T01:36:04.197585,investigated_and_resolved
CAS-CSE-ENGY-02-0017253,Tier-1,Tier-2,2026-04-21T05:13:39.387542,investigated_and_resolved
CAS-CSE-ENGY-02-0017262,Tier-1,Tier-2,2026-04-21T14:02:51.147516,investigated_and_resolved
CAS-CSE-ENGY-02-0017264,Tier-1,Tier-2,2026-04-21T17:36:42.984091,investigated_and_resolved
CAS-CSE-ENGY-02-0017272,Tier-1,Tier-2,2026-04-22T02:49:57.554601,investigated_and_resolved
CAS-CSE-ENGY-02-0017276,Tier-1,Tier-2,2026-04-22T09:31:54.108188,investigated_and_resolved
CAS-CSE-ENGY-02-0017284,Tier-1,Tier-2,2026-04-22T16:52:38.156525,investigated_and_resolved
CAS-CSE-ENGY-02-0017287,Tier-1,Tier-2,2026-04-22T22:28:36.758126,investigated_and_resolved
CAS-CSE-ENGY-02-0017289,Tier-1,Tier-2,2026-04-22T22:34:49.236474,investigated_and_resolved
CAS-CSE-ENGY-02-0017291,Tier-1,Tier-2,2026-04-23T01:38:49.434774,investigated_and_resolved
CAS-CSE-ENGY-02-0017292,Tier-1,Tier-2,2026-04-23T02:45:32.794161,investigated_and_resolved
CAS-CSE-ENGY-02-0017295,Tier-1,Tier-2,2026-04-23T07:18:23.102143,investigated_and_resolved
CAS-CSE-ENGY-02-0017296,Tier-1,Tier-2,2026-04-23T05:41:25.699026,investigated_and_resolved
CAS-CSE-ENGY-02-0017297,Tier-1,Tier-2,2026-04-23T06:48:48.100673,investigated_and_resolved
CAS-CSE-ENGY-02-0017299,Tier-1,Tier-2,2026-04-23T12:50:26.991792,investigated_and_resolved
CAS-CSE-ENGY-02-0017300,Tier-1,Tier-2,2026-04-23T14:21:30.734684,investigated_and_resolved
CAS-CSE-ENGY-02-0017301,Tier-1,Tier-2,2026-04-23T15:26:13.561848,investigated_and_resolved
CAS-CSE-ENGY-02-0017304,Tier-1,Tier-2,2026-04-23T18:58:57.746751,investigated_and_resolved
CAS-CSE-ENGY-02-0017305,Tier-1,Tier-2,2026-04-23T18:44:16.709305,investigated_and_resolved
CAS-CSE-ENGY-02-0017306,Tier-1,Tier-2,2026-04-23T18:42:27.269386,investigated_and_resolved
CAS-CSE-ENGY-02-0017308,Tier-1,Tier-2,2026-04-23T19:33:21.961954,investigated_and_resolved
CAS-CSE-ENGY-02-0017309,Tier-1,Tier-2,2026-04-23T20:27:42.546965,investigated_and_resolved
CAS-CSE-ENGY-02-0017314,Tier-1,Tier-2,2026-04-24T04:15:17.901028,investigated_and_resolved
CAS-CSE-ENGY-02-0017316,Tier-1,Tier-2,2026-04-24T04:35:04.512386,investigated_and_resolved
CAS-CSE-ENGY-02-0017319,Tier-1,Tier-2,2026-04-24T05:13:26.761813,investigated_and_resolved
CAS-CSE-ENGY-02-0017324,Tier-1,Tier-2,2026-04-24T08:21:26.327981,investigated_and_resolved
CAS-CSE-ENGY-02-0017325,Tier-1,Tier-2,2026-04-24T09:16:34.302836,investigated_and_resolved
CAS-CSE-ENGY-02-0017332,Tier-1,Tier-2,2026-04-24T17:20:20.153793,investigated_and_resolved
CAS-CSE-ENGY-02-0017337,Tier-1,Tier-2,2026-04-24T21:03:45.626140,investigated_and_resolved
CAS-CSE-ENGY-02-0017342,Tier-1,Tier-2,2026-04-24T23:49:24.635669,investigated_and_resolved
CAS-CSE-ENGY-02-0017345,Tier-1,Tier-2,2026-04-25T02:03:43.580131,investigated_and_resolved
CAS-CSE-ENGY-02-0017355,Tier-1,Tier-2,2026-04-25T12:09:26.438262,investigated_and_resolved
CAS-CSE-ENGY-02-0017360,Tier-1,Tier-2,2026-04-25T16:16:00.055750,investigated_and_resolved
CAS-CSE-ENGY-02-0017363,Tier-1,Tier-2,2026-04-25T17:34:05.233931,investigated_and_resolved
CAS-CSE-ENGY-02-0017368,Tier-1,Tier-2,2026-04-26T00:01:11.456651,investigated_and_resolved
CAS-CSE-ENGY-02-0017369,Tier-1,Tier-2,2026-04-26T00:32:52.694539,investigated_and_resolved
CAS-CSE-ENGY-02-0017371,Tier-1,Tier-2,2026-04-26T02:12:01.125693,investigated_and_resolved
CAS-CSE-ENGY-02-0017382,Tier-1,Tier-2,2026-04-26T13:27:55.991629,investigated_and_resolved
CAS-CSE-ENGY-02-0017390,Tier-1,Tier-2,2026-04-26T19:50:59.947873,investigated_and_resolved
CAS-CSE-ENGY-02-0017399,Tier-1,Tier-2,2026-04-27T04:43:31.077630,investigated_and_resolved
CAS-CSE-ENGY-02-0017409,Tier-1,Tier-2,2026-04-27T17:35:38.621483,investigated_and_resolved
CAS-CSE-ENGY-02-0017410,Tier-1,Tier-2,2026-04-27T20:06:24.100627,investigated_and_resolved
CAS-CSE-ENGY-02-0017411,Tier-1,Tier-2,2026-04-27T19:45:07.578495,investigated_and_resolved
CAS-CSE-ENGY-02-0017415,Tier-1,Tier-2,2026-04-28T01:36:49.010472,investigated_and_resolved
CAS-CSE-ENGY-02-0017416,Tier-1,Tier-2,2026-04-28T06:13:42.004607,investigated_and_resolved
CAS-CSE-ENGY-02-0017426,Tier-1,Tier-2,2026-04-28T14:43:58.405268,investigated_and_resolved
CAS-CSE-ENGY-02-0017431,Tier-1,Tier-2,2026-04-28T18:12:26.998342,investigated_and_resolved
CAS-CSE-ENGY-02-0017451,Tier-1,Tier-2,2026-04-29T06:25:48.355610,investigated_and_resolved
CAS-CSE-ENGY-02-0017452,Tier-1,Tier-2,2026-04-29T06:31:55.649456,investigated_and_resolved
CAS-CSE-ENGY-02-0017456,Tier-1,Tier-2,2026-04-29T08:32:12.438010,investigated_and_resolved
CAS-CSE-ENGY-02-0017466,Tier-1,Tier-2,2026-04-29T16:43:52.943809,investigated_and_resolved
CAS-CSE-ENGY-02-0017468,Tier-1,Tier-2,2026-04-29T18:45:46.332004,investigated_and_resolved
CAS-CSE-ENGY-02-0017478,Tier-1,Tier-2,2026-04-30T04:10:23.421104,investigated_and_resolved
CAS-CSE-ENGY-02-0017480,Tier-1,Tier-2,2026-04-30T06:22:05.525300,investigated_and_resolved
CAS-CSE-ENGY-02-0017487,Tier-1,Tier-2,2026-04-30T16:11:42.052391,investigated_and_resolved
CAS-CSE-ENGY-02-0017488,Tier-1,Tier-2,2026-04-30T16:53:15.197594,investigated_and_resolved
CAS-CSE-ENGY-02-0017493,Tier-1,Tier-2,2026-04-30T23:47:22.865773,investigated_and_resolved
CAS-CSE-ENGY-02-0017494,Tier-1,Tier-2,2026-05-01T01:00:20.788094,investigated_and_resolved
CAS-CSE-ENGY-02-0017497,Tier-1,Tier-2,2026-05-01T03:11:40.249619,investigated_and_resolved
CAS-CSE-ENGY-02-0017500,Tier-1,Tier-2,2026-05-01T07:47:36.190666,investigated_and_resolved
CAS-CSE-ENGY-02-0017501,Tier-1,Tier-2,2026-05-01T08:06:54.651667,investigated_and_resolved
CAS-CSE-ENGY-02-0017511,Tier-1,Tier-2,2026-05-01T11:21:10.234503,investigated_and_resolved
CAS-CSE-ENGY-02-0017519,Tier-1,Tier-2,2026-05-01T17:49:32.832068,investigated_and_resolved
CAS-CSE-ENGY-02-0017540,Tier-1,Tier-2,2026-05-02T05:36:47.939515,investigated_and_resolved
CAS-CSE-ENGY-02-0017544,Tier-1,Tier-2,2026-05-02T08:32:58.114668,investigated_and_resolved
CAS-CSE-ENGY-02-0017551,Tier-1,Tier-2,2026-05-02T16:46:31.729446,investigated_and_resolved
CAS-CSE-ENGY-02-0017553,Tier-1,Tier-2,2026-05-02T19:17:12.587839,investigated_and_resolved
CAS-CSE-ENGY-02-0017557,Tier-1,Tier-2,2026-05-02T22:35:34.315309,investigated_and_resolved
CAS-CSE-ENGY-02-0017561,Tier-1,Tier-2,2026-05-03T00:27:46.146315,investigated_and_resolved
CAS-CSE-ENGY-02-0017567,Tier-1,Tier-2,2026-05-03T07:44:36.759402,investigated_and_resolved
CAS-CSE-ENGY-02-0017568,Tier-1,Tier-2,2026-05-03T09:12:21.099857,investigated_and_resolved
CAS-CSE-ENGY-02-0017569,Tier-1,Tier-2,2026-05-03T11:02:25.214720,investigated_and_resolved
CAS-CSE-ENGY-02-0017584,Tier-1,Tier-2,2026-05-04T03:35:14.128934,investigated_and_resolved
CAS-CSE-ENGY-02-0017601,Tier-1,Tier-2,2026-05-04T17:50:21.747953,investigated_and_resolved
CAS-CSE-ENGY-02-0017603,Tier-1,Tier-2,2026-05-04T17:00:36.662906,investigated_and_resolved
CAS-CSE-ENGY-02-0017604,Tier-1,Tier-2,2026-05-04T18:30:55.868654,investigated_and_resolved
CAS-CSE-ENGY-02-0017605,Tier-1,Tier-2,2026-05-04T22:40:13.361514,investigated_and_resolved
CAS-CSE-ENGY-02-0017609,Tier-1,Tier-2,2026-05-05T00:35:25.111881,investigated_and_resolved
CAS-CSE-ENGY-02-0017614,Tier-1,Tier-2,2026-05-05T06:03:52.778495,investigated_and_resolved
CAS-CSE-ENGY-02-0017619,Tier-1,Tier-2,2026-05-05T11:45:05.318138,investigated_and_resolved
CAS-CSE-ENGY-02-0017621,Tier-1,Tier-2,2026-05-05T12:20:20.757495,investigated_and_resolved
CAS-CSE-ENGY-02-0017626,Tier-1,Tier-2,2026-05-05T18:33:45.078443,investigated_and_resolved
CAS-CSE-ENGY-02-0017628,Tier-1,Tier-2,2026-05-05T20:39:01.781910,investigated_and_resolved
CAS-CSE-ENGY-02-0017630,Tier-1,Tier-2,2026-05-05T20:58:59.325054,investigated_and_resolved
CAS-CSE-ENGY-02-0017636,Tier-1,Tier-2,2026-05-06T04:58:55.854317,investigated_and_resolved
CAS-CSE-ENGY-02-0017640,Tier-1,Tier-2,2026-05-06T10:37:23.246237,investigated_and_resolved
CAS-CSE-ENGY-02-0017646,Tier-1,Tier-2,2026-05-06T20:37:49.444787,investigated_and_resolved
CAS-CSE-ENGY-02-0017660,Tier-1,Tier-2,2026-05-07T06:51:23.492366,investigated_and_resolved
CAS-CSE-ENGY-02-0017662,Tier-1,Tier-2,2026-05-07T06:16:39.135183,investigated_and_resolved
CAS-CSE-ENGY-02-0017678,Tier-1,Tier-2,2026-05-07T22:05:06.104396,investigated_and_resolved
CAS-CSE-ENGY-02-0017680,Tier-1,Tier-2,2026-05-07T23:23:02.268778,investigated_and_resolved
CAS-CSE-ENGY-02-0017692,Tier-1,Tier-2,2026-05-08T14:23:55.968107,investigated_and_resolved
CAS-CSE-ENGY-02-0017693,Tier-1,Tier-2,2026-05-08T15:03:45.122931,investigated_and_resolved
CAS-CSE-ENGY-02-0017699,Tier-1,Tier-2,2026-05-08T19:35:16.317547,investigated_and_resolved
CAS-CSE-ENGY-02-0017709,Tier-1,Tier-2,2026-05-09T12:44:40.194899,investigated_and_resolved
CAS-CSE-ENGY-02-0017712,Tier-1,Tier-2,2026-05-09T15:14:11.305649,investigated_and_resolved
CAS-CSE-ENGY-02-0017713,Tier-1,Tier-2,2026-05-09T15:26:25.594177,investigated_and_resolved
CAS-CSE-ENGY-02-0017714,Tier-1,Tier-2,2026-05-09T18:10:18.598338,investigated_and_resolved
CAS-CSE-ENGY-02-0017720,Tier-1,Tier-2,2026-05-09T21:56:50.553752,investigated_and_resolved
CAS-CSE-ENGY-02-0017721,Tier-1,Tier-2,2026-05-09T21:20:14.562414,investigated_and_resolved
CAS-CSE-ENGY-02-0017723,Tier-1,Tier-2,2026-05-09T23:24:15.497787,investigated_and_resolved
CAS-CSE-ENGY-02-0017729,Tier-1,Tier-2,2026-05-10T02:14:09.393211,investigated_and_resolved
CAS-CSE-ENGY-02-0017732,Tier-1,Tier-2,2026-05-10T04:35:51.258014,investigated_and_resolved
CAS-CSE-ENGY-02-0017736,Tier-1,Tier-2,2026-05-10T07:26:36.330930,investigated_and_resolved
CAS-CSE-ENGY-02-0017738,Tier-1,Tier-2,2026-05-10T11:28:10.037279,investigated_and_resolved
CAS-CSE-ENGY-02-0017749,Tier-1,Tier-2,2026-05-10T20:05:17.265500,investigated_and_resolved
CAS-CSE-ENGY-02-0017752,Tier-1,Tier-2,2026-05-10T22:37:31.032092,investigated_and_resolved
CAS-CSE-ENGY-02-0017754,Tier-1,Tier-2,2026-05-11T00:35:06.965877,investigated_and_resolved
CAS-CSE-ENGY-02-0017757,Tier-1,Tier-2,2026-05-11T04:46:31.445873,investigated_and_resolved
CAS-CSE-ENGY-02-0017760,Tier-1,Tier-2,2026-05-11T08:14:02.840640,investigated_and_resolved
CAS-CSE-ENGY-02-0017762,Tier-1,Tier-2,2026-05-11T09:52:36.584038,investigated_and_resolved
CAS-CSE-ENGY-02-0017763,Tier-1,Tier-2,2026-05-11T13:45:12.857262,investigated_and_resolved
CAS-CSE-ENGY-02-0017765,Tier-1,Tier-2,2026-05-11T15:11:23.257065,investigated_and_resolved
CAS-CSE-ENGY-02-0017766,Tier-1,Tier-2,2026-05-11T14:43:20.654883,investigated_and_resolved
CAS-CSE-ENGY-02-0017767,Tier-1,Tier-2,2026-05-11T14:41:31.629511,investigated_and_resolved
CAS-CSE-ENGY-02-0017771,Tier-1,Tier-2,2026-05-11T19:53:52.786617,investigated_and_resolved
CAS-CSE-ENGY-02-0017778,Tier-1,Tier-2,2026-05-12T02:01:08.682989,investigated_and_resolved
CAS-CSE-ENGY-02-0017797,Tier-1,Tier-2,2026-05-12T22:36:59.391674,investigated_and_resolved
CAS-CSE-ENGY-02-0017800,Tier-1,Tier-2,2026-05-13T01:55:51.796423,investigated_and_resolved
CAS-CSE-ENGY-02-0017806,Tier-1,Tier-2,2026-05-13T08:52:49.803089,investigated_and_resolved
CAS-CSE-ENGY-02-0017812,Tier-1,Tier-2,2026-05-13T16:00:09.568733,investigated_and_resolved
CAS-CSE-ENGY-02-0017814,Tier-1,Tier-2,2026-05-13T16:26:14.537143,investigated_and_resolved
CAS-CSE-ENGY-02-0017827,Tier-1,Tier-2,2026-05-14T03:58:42.304473,investigated_and_resolved
CAS-CSE-ENGY-02-0017838,Tier-1,Tier-2,2026-05-14T15:37:36.872478,investigated_and_resolved
CAS-CSE-ENGY-02-0017839,Tier-1,Tier-2,2026-05-14T16:12:48.718802,investigated_and_resolved
CAS-CSE-ENGY-02-0017843,Tier-1,Tier-2,2026-05-14T17:45:43.144513,investigated_and_resolved
CAS-CSE-ENGY-02-0017862,Tier-1,Tier-2,2026-05-15T12:01:21.332081,investigated_and_resolved
CAS-CSE-ENGY-02-0017883,Tier-1,Tier-2,2026-05-16T17:06:06.490852,investigated_and_resolved
CAS-CSE-ENGY-02-0017885,Tier-1,Tier-2,2026-05-16T18:44:07.227558,investigated_and_resolved
CAS-CSE-ENGY-02-0017889,Tier-1,Tier-2,2026-05-16T20:59:48.462733,investigated_and_resolved
CAS-CSE-ENGY-02-0017892,Tier-1,Tier-2,2026-05-17T00:53:02.435472,investigated_and_resolved
CAS-CSE-ENGY-02-0017893,Tier-1,Tier-2,2026-05-16T22:15:31.535693,investigated_and_resolved
CAS-CSE-ENGY-02-0017897,Tier-1,Tier-2,2026-05-17T09:42:52.714947,investigated_and_resolved
CAS-CSE-ENGY-02-0017899,Tier-1,Tier-2,2026-05-17T11:46:31.307546,investigated_and_resolved
CAS-CSE-ENGY-02-0017901,Tier-1,Tier-2,2026-05-17T13:26:24.870369,investigated_and_resolved
CAS-CSE-ENGY-02-0017904,Tier-1,Tier-2,2026-05-17T17:15:56.136375,investigated_and_resolved
CAS-CSE-ENGY-02-0017906,Tier-1,Tier-2,2026-05-17T17:02:46.336557,investigated_and_resolved
CAS-CSE-ENGY-02-0017907,Tier-1,Tier-2,2026-05-17T16:58:06.680380,investigated_and_resolved
CAS-CSE-ENGY-02-0017908,Tier-1,Tier-2,2026-05-17T18:19:56.740848,investigated_and_resolved
CAS-CSE-ENGY-02-0017910,Tier-1,Tier-2,2026-05-17T19:23:26.773795,investigated_and_resolved
CAS-CSE-ENGY-02-0017911,Tier-1,Tier-2,2026-05-17T20:00:36.466395,investigated_and_resolved
CAS-CSE-ENGY-02-0017917,Tier-1,Tier-2,2026-05-18T06:22:11.753829,investigated_and_resolved
CAS-CSE-ENGY-02-0017929,Tier-1,Tier-2,2026-05-18T10:29:07.030695,investigated_and_resolved
CAS-CSE-ENGY-02-0017936,Tier-1,Tier-2,2026-05-18T15:14:19.786624,investigated_and_resolved
CAS-CSE-ENGY-02-0017944,Tier-1,Tier-2,2026-05-19T01:36:16.605451,investigated_and_resolved
CAS-CSE-ENGY-02-0017960,Tier-1,Tier-2,2026-05-19T11:45:15.959881,investigated_and_resolved
CAS-CSE-ENGY-02-0017962,Tier-1,Tier-2,2026-05-19T12:28:40.658302,investigated_and_resolved
CAS-CSE-ENGY-02-0017964,Tier-1,Tier-2,2026-05-19T14:27:42.956965,investigated_and_resolved
CAS-CSE-ENGY-02-0017981,Tier-1,Tier-2,2026-05-20T04:40:57.473755,investigated_and_resolved
CAS-CSE-ENGY-02-0017992,Tier-1,Tier-2,2026-05-20T13:58:02.459406,investigated_and_resolved
CAS-CSE-ENGY-02-0017995,Tier-1,Tier-2,2026-05-20T21:54:18.708070,investigated_and_resolved
CAS-CSE-ENGY-02-0018000,Tier-1,Tier-2,2026-05-20T20:40:53.777850,investigated_and_resolved
CAS-CSE-ENGY-02-0018004,Tier-1,Tier-2,2026-05-21T01:12:15.169829,investigated_and_resolved
CAS-CSE-ENGY-02-0018008,Tier-1,Tier-2,2026-05-21T04:17:31.493882,investigated_and_resolved
CAS-CSE-ENGY-02-0018017,Tier-1,Tier-2,2026-05-21T11:32:22.412918,investigated_and_resolved
CAS-CSE-ENGY-02-0018025,Tier-1,Tier-2,2026-05-21T18:11:15.184014,investigated_and_resolved
CAS-CSE-ENGY-02-0018026,Tier-1,Tier-2,2026-05-21T19:52:55.838878,investigated_and_resolved
CAS-CSE-ENGY-02-0018028,Tier-1,Tier-2,2026-05-21T22:38:42.161914,investigated_and_resolved
CAS-CSE-ENGY-02-0018029,Tier-1,Tier-2,2026-05-22T00:25:04.635190,investigated_and_resolved
CAS-CSE-ENGY-02-0018030,Tier-1,Tier-2,2026-05-22T01:03:46.076516,investigated_and_resolved
CAS-CSE-ENGY-02-0018035,Tier-1,Tier-2,2026-05-22T05:52:19.754364,investigated_and_resolved
CAS-CSE-ENGY-02-0018037,Tier-1,Tier-2,2026-05-22T07:20:53.839238,investigated_and_resolved
CAS-CSE-ENGY-02-0018038,Tier-1,Tier-2,2026-05-22T10:11:44.771650,investigated_and_resolved
CAS-CSE-ENGY-02-0018049,Tier-1,Tier-2,2026-05-22T20:43:27.026849,investigated_and_resolved
CAS-CSE-ENGY-02-0018053,Tier-1,Tier-2,2026-05-23T01:29:01.584390,investigated_and_resolved
CAS-CSE-ENGY-02-0018055,Tier-1,Tier-2,2026-05-23T01:28:48.079982,investigated_and_resolved
CAS-CSE-ENGY-02-0018056,Tier-1,Tier-2,2026-05-23T02:06:06.122136,investigated_and_resolved
CAS-CSE-ENGY-02-0018057,Tier-1,Tier-2,2026-05-23T02:15:19.406805,investigated_and_resolved
CAS-CSE-ENGY-02-0018058,Tier-1,Tier-2,2026-05-23T03:56:27.025802,investigated_and_resolved
CAS-CSE-ENGY-02-0018060,Tier-1,Tier-2,2026-05-23T06:08:05.507260,investigated_and_resolved
CAS-CSE-ENGY-02-0018061,Tier-1,Tier-2,2026-05-23T08:22:50.770075,investigated_and_resolved
CAS-CSE-ENGY-02-0018067,Tier-1,Tier-2,2026-05-23T17:44:15.828106,investigated_and_resolved
CAS-CSE-ENGY-02-0018073,Tier-1,Tier-2,2026-05-23T20:10:42.872433,investigated_and_resolved
CAS-CSE-ENGY-02-0018074,Tier-1,Tier-2,2026-05-23T20:20:16.560227,investigated_and_resolved
CAS-CSE-ENGY-02-0018076,Tier-1,Tier-2,2026-05-24T01:23:44.940510,investigated_and_resolved
CAS-CSE-ENGY-02-0018083,Tier-1,Tier-2,2026-05-24T10:57:06.582293,investigated_and_resolved
CAS-CSE-ENGY-02-0018090,Tier-1,Tier-2,2026-05-24T22:52:10.125179,investigated_and_resolved
CAS-CSE-ENGY-02-0018094,Tier-1,Tier-2,2026-05-25T03:06:44.866811,investigated_and_resolved
CAS-CSE-ENGY-02-0018106,Tier-1,Tier-2,2026-05-25T14:43:31.599881,investigated_and_resolved
CAS-CSE-ENGY-02-0018110,Tier-1,Tier-2,2026-05-25T17:30:02.923063,investigated_and_resolved
CAS-CSE-ENGY-02-0018125,Tier-1,Tier-2,2026-05-26T05:02:19.769919,investigated_and_resolved
CAS-CSE-ENGY-02-0018130,Tier-1,Tier-2,2026-05-26T07:41:56.183277,investigated_and_resolved
CAS-CSE-ENGY-02-0018137,Tier-1,Tier-2,2026-05-26T11:03:55.016745,investigated_and_resolved
CAS-CSE-ENGY-02-0018144,Tier-1,Tier-2,2026-05-26T14:11:09.285472,investigated_and_resolved
CAS-CSE-ENGY-02-0018145,Tier-1,Tier-2,2026-05-26T16:16:28.138446,investigated_and_resolved
CAS-CSE-ENGY-02-0018146,Tier-1,Tier-2,2026-05-26T17:17:45.066160,investigated_and_resolved
CAS-CSE-ENGY-02-0018148,Tier-1,Tier-2,2026-05-26T18:45:48.086628,investigated_and_resolved
CAS-CSE-ENGY-02-0018150,Tier-1,Tier-2,2026-05-26T18:26:57.595078,investigated_and_resolved
CAS-CSE-ENGY-02-0018160,Tier-1,Tier-2,2026-05-27T03:29:48.041671,investigated_and_resolved
CAS-CSE-ENGY-02-0018161,Tier-1,Tier-2,2026-05-27T04:17:26.749007,investigated_and_resolved
CAS-CSE-ENGY-02-0018162,Tier-1,Tier-2,2026-05-27T06:30:38.047528,investigated_and_resolved
CAS-CSE-ENGY-02-0018165,Tier-1,Tier-2,2026-05-27T08:19:35.456847,investigated_and_resolved
CAS-CSE-ENGY-02-0018166,Tier-1,Tier-2,2026-05-27T09:55:23.904728,investigated_and_resolved
CAS-CSE-ENGY-02-0018168,Tier-1,Tier-2,2026-05-27T12:09:19.206458,investigated_and_resolved
CAS-CSE-ENGY-02-0018188,Tier-1,Tier-2,2026-05-28T07:59:48.405450,investigated_and_resolved
CAS-CSE-ENGY-02-0018195,Tier-1,Tier-2,2026-05-28T22:57:18.313627,investigated_and_resolved
CAS-CSE-ENGY-02-0018200,Tier-1,Tier-2,2026-05-29T01:34:29.842637,investigated_and_resolved
CAS-CSE-ENGY-02-0018204,Tier-1,Tier-2,2026-05-29T03:51:25.030809,investigated_and_resolved
CAS-CSE-ENGY-02-0018209,Tier-1,Tier-2,2026-05-29T10:04:59.494316,investigated_and_resolved
CAS-CSE-ENGY-02-0018211,Tier-1,Tier-2,2026-05-29T12:03:42.125467,investigated_and_resolved
CAS-CSE-ENGY-02-0018218,Tier-1,Tier-2,2026-05-29T17:11:49.213167,investigated_and_resolved
CAS-CSE-ENGY-02-0018226,Tier-1,Tier-2,2026-05-30T00:19:29.291572,investigated_and_resolved
CAS-CSE-ENGY-02-0018229,Tier-1,Tier-2,2026-05-30T06:09:32.237747,investigated_and_resolved
CAS-CSE-ENGY-02-0018235,Tier-1,Tier-2,2026-05-30T12:43:52.552093,investigated_and_resolved
CAS-CSE-ENGY-02-0018238,Tier-1,Tier-2,2026-05-30T20:14:28.759320,investigated_and_resolved
CAS-CSE-ENGY-02-0018240,Tier-1,Tier-2,2026-05-30T23:34:45.483591,investigated_and_resolved
CAS-CSE-ENGY-02-0018241,Tier-1,Tier-2,2026-05-31T00:03:40.009824,investigated_and_resolved
CAS-CSE-ENGY-02-0018243,Tier-1,Tier-2,2026-05-31T02:26:53.954414,investigated_and_resolved
CAS-CSE-ENGY-02-0018245,Tier-1,Tier-2,2026-05-31T03:40:36.333993,investigated_and_resolved
CAS-CSE-ENGY-02-0018254,Tier-1,Tier-2,2026-05-31T14:50:04.522735,investigated_and_resolved
CAS-CSE-ENGY-02-0018267,Tier-1,Tier-2,2026-06-01T03:15:31.159291,investigated_and_resolved
CAS-CSE-ENGY-02-0018272,Tier-1,Tier-2,2026-06-01T08:02:53.857797,investigated_and_resolved
CAS-CSE-ENGY-02-0018279,Tier-1,Tier-2,2026-06-01T16:11:51.583143,investigated_and_resolved
CAS-CSE-ENGY-02-0018280,Tier-1,Tier-2,2026-06-01T14:29:11.035428,investigated_and_resolved
CAS-CSE-ENGY-02-0018302,Tier-1,Tier-2,2026-06-02T07:33:50.220315,investigated_and_resolved
CAS-CSE-ENGY-02-0018305,Tier-1,Tier-2,2026-06-02T10:28:01.172130,investigated_and_resolved
CAS-CSE-ENGY-02-0018307,Tier-1,Tier-2,2026-06-02T10:39:39.873342,investigated_and_resolved
CAS-CSE-ENGY-02-0018309,Tier-1,Tier-2,2026-06-02T10:49:32.889243,investigated_and_resolved
CAS-CSE-ENGY-02-0018334,Tier-1,Tier-2,2026-06-03T04:16:32.897848,investigated_and_resolved
CAS-CSE-ENGY-02-0018340,Tier-1,Tier-2,2026-06-03T07:39:38.028347,investigated_and_resolved
CAS-CSE-ENGY-02-0018349,Tier-1,Tier-2,2026-06-03T12:33:56.576506,investigated_and_resolved
CAS-CSE-ENGY-02-0018352,Tier-1,Tier-2,2026-06-03T19:31:55.808646,investigated_and_resolved
CAS-CSE-ENGY-02-0018358,Tier-1,Tier-2,2026-06-04T00:48:26.618657,investigated_and_resolved
CAS-CSE-ENGY-02-0018360,Tier-1,Tier-2,2026-06-04T07:50:17.071681,investigated_and_resolved
CAS-CSE-ENGY-02-0018363,Tier-1,Tier-2,2026-06-04T08:12:25.496937,investigated_and_resolved
CAS-CSE-ENGY-02-0018371,Tier-1,Tier-2,2026-06-04T14:55:22.227596,investigated_and_resolved
CAS-CSE-ENGY-02-0018378,Tier-1,Tier-2,2026-06-04T20:36:36.285769,investigated_and_resolved
CAS-CSE-ENGY-02-0018379,Tier-1,Tier-2,2026-06-04T20:20:50.412908,investigated_and_resolved
CAS-CSE-ENGY-02-0018380,Tier-1,Tier-2,2026-06-04T21:47:58.969858,investigated_and_resolved
CAS-CSE-ENGY-02-0018387,Tier-1,Tier-2,2026-06-05T00:02:33.888147,investigated_and_resolved
CAS-CSE-ENGY-02-0018388,Tier-1,Tier-2,2026-06-05T01:08:34.578571,investigated_and_resolved
CAS-CSE-ENGY-02-0018389,Tier-1,Tier-2,2026-06-05T01:15:25.927346,investigated_and_resolved
CAS-CSE-ENGY-02-0018391,Tier-1,Tier-2,2026-06-05T02:50:23.745096,investigated_and_resolved
CAS-CSE-ENGY-02-0018395,Tier-1,Tier-2,2026-06-05T04:52:21.689549,investigated_and_resolved
CAS-CSE-ENGY-02-0018408,Tier-1,Tier-2,2026-06-05T21:09:18.715095,investigated_and_resolved
CAS-CSE-ENGY-02-0018410,Tier-1,Tier-2,2026-06-05T21:07:28.767433,investigated_and_resolved
CAS-CSE-ENGY-02-0018412,Tier-1,Tier-2,2026-06-05T23:48:24.982712,investigated_and_resolved
CAS-CSE-ENGY-02-0018424,Tier-1,Tier-2,2026-06-06T08:49:48.625232,investigated_and_resolved
CAS-CSE-ENGY-02-0018430,Tier-1,Tier-2,2026-06-06T14:09:33.736795,investigated_and_resolved
CAS-CSE-ENGY-02-0018432,Tier-1,Tier-2,2026-06-06T14:54:33.778961,investigated_and_resolved
CAS-CSE-ENGY-02-0018434,Tier-1,Tier-2,2026-06-06T15:27:39.299841,investigated_and_resolved
CAS-CSE-ENGY-02-0018441,Tier-1,Tier-2,2026-06-07T03:05:21.238293,investigated_and_resolved
CAS-CSE-ENGY-02-0018453,Tier-1,Tier-2,2026-06-07T14:27:40.037557,investigated_and_resolved
CAS-CSE-ENGY-02-0018455,Tier-1,Tier-2,2026-06-07T17:44:11.484284,investigated_and_resolved
CAS-CSE-ENGY-02-0018456,Tier-1,Tier-2,2026-06-07T20:30:26.493384,investigated_and_resolved
CAS-CSE-ENGY-02-0018458,Tier-1,Tier-2,2026-06-07T19:49:10.462293,investigated_and_resolved
CAS-CSE-ENGY-02-0018459,Tier-1,Tier-2,2026-06-07T21:12:37.770185,investigated_and_resolved
CAS-CSE-ENGY-02-0018460,Tier-1,Tier-2,2026-06-07T22:07:30.411318,investigated_and_resolved
CAS-CSE-ENGY-02-0018462,Tier-1,Tier-2,2026-06-08T00:35:27.452210,investigated_and_resolved
CAS-CSE-ENGY-02-0018465,Tier-1,Tier-2,2026-06-08T07:04:12.093085,investigated_and_resolved
CAS-CSE-ENGY-02-0018468,Tier-1,Tier-2,2026-06-08T10:25:39.832320,investigated_and_resolved
CAS-CSE-ENGY-02-0018470,Tier-1,Tier-2,2026-06-08T13:06:52.684577,investigated_and_resolved
CAS-CSE-ENGY-02-0018475,Tier-1,Tier-2,2026-06-08T15:35:47.086100,investigated_and_resolved
CAS-CSE-ENGY-02-0018478,Tier-1,Tier-2,2026-06-08T18:46:53.065839,investigated_and_resolved
CAS-CSE-ENGY-02-0018486,Tier-1,Tier-2,2026-06-09T03:55:12.086552,investigated_and_resolved
CAS-CSE-ENGY-02-0018492,Tier-1,Tier-2,2026-06-09T09:55:20.906584,investigated_and_resolved
CAS-CSE-ENGY-02-0018495,Tier-1,Tier-2,2026-06-09T12:06:14.221012,investigated_and_resolved
CAS-CSE-ENGY-02-0018499,Tier-1,Tier-2,2026-06-09T14:29:43.301063,investigated_and_resolved
CAS-CSE-ENGY-02-0018501,Tier-1,Tier-2,2026-06-09T16:38:46.733053,investigated_and_resolved
CAS-CSE-ENGY-02-0018524,Tier-1,Tier-2,2026-06-10T15:53:16.188617,investigated_and_resolved
CAS-CSE-ENGY-02-0018526,Tier-1,Tier-2,2026-06-10T16:37:52.708796,investigated_and_resolved
CAS-CSE-ENGY-02-0018544,Tier-1,Tier-2,2026-06-11T04:29:30.548872,investigated_and_resolved
CAS-CSE-ENGY-02-0018548,Tier-1,Tier-2,2026-06-11T09:10:05.940280,investigated_and_resolved
CAS-CSE-ENGY-02-0018551,Tier-1,Tier-2,2026-06-11T12:49:18.855023,investigated_and_resolved
CAS-CSE-ENGY-02-0018570,Tier-1,Tier-2,2026-06-12T07:19:33.438190,investigated_and_resolved
CAS-CSE-ENGY-02-0018572,Tier-1,Tier-2,2026-06-12T08:47:16.432556,investigated_and_resolved
CAS-CSE-ENGY-02-0018586,Tier-1,Tier-2,2026-06-12T20:43:06.599893,investigated_and_resolved
CAS-CSE-ENGY-02-0018596,Tier-1,Tier-2,2026-06-13T07:25:08.080876,investigated_and_resolved
CAS-CSE-ENGY-02-0018599,Tier-1,Tier-2,2026-06-13T10:28:29.499987,investigated_and_resolved
CAS-CSE-ENGY-02-0018605,Tier-1,Tier-2,2026-06-13T13:55:35.413556,investigated_and_resolved
CAS-CSE-ENGY-02-0018607,Tier-1,Tier-2,2026-06-13T15:11:32.439129,investigated_and_resolved
CAS-CSE-ENGY-02-0018612,Tier-1,Tier-2,2026-06-13T23:59:32.864545,investigated_and_resolved
CAS-CSE-ENGY-02-0018616,Tier-1,Tier-2,2026-06-14T03:37:01.821678,investigated_and_resolved
CAS-CSE-ENGY-02-0018619,Tier-1,Tier-2,2026-06-14T06:40:34.055050,investigated_and_resolved
CAS-CSE-ENGY-02-0018625,Tier-1,Tier-2,2026-06-14T11:15:48.805512,investigated_and_resolved
CAS-CSE-ENGY-02-0018627,Tier-1,Tier-2,2026-06-14T12:15:21.911263,investigated_and_resolved
CAS-CSE-ENGY-02-0018632,Tier-1,Tier-2,2026-06-14T19:14:34.686356,investigated_and_resolved
CAS-CSE-ENGY-02-0018638,Tier-1,Tier-2,2026-06-15T00:56:19.605017,investigated_and_resolved
CAS-CSE-ENGY-02-0018640,Tier-1,Tier-2,2026-06-15T00:25:56.299833,investigated_and_resolved
CAS-CSE-ENGY-02-0018644,Tier-1,Tier-2,2026-06-15T07:39:04.124551,investigated_and_resolved
CAS-CSE-ENGY-02-0018654,Tier-1,Tier-2,2026-06-15T16:27:42.147997,investigated_and_resolved
CAS-CSE-ENGY-02-0018655,Tier-1,Tier-2,2026-06-15T14:57:00.890981,investigated_and_resolved
CAS-CSE-ENGY-02-0018659,Tier-1,Tier-2,2026-06-15T20:12:35.412351,investigated_and_resolved
CAS-CSE-ENGY-02-0018662,Tier-1,Tier-2,2026-06-15T23:23:22.215124,investigated_and_resolved
CAS-CSE-ENGY-02-0018665,Tier-1,Tier-2,2026-06-16T02:06:31.860149,investigated_and_resolved
CAS-CSE-ENGY-02-0018689,Tier-1,Tier-2,2026-06-16T23:36:24.461019,investigated_and_resolved
CAS-CSE-ENGY-02-0018690,Tier-1,Tier-2,2026-06-17T01:06:49.664974,investigated_and_resolved
CAS-CSE-ENGY-02-0018694,Tier-1,Tier-2,2026-06-17T03:39:41.463356,investigated_and_resolved
CAS-CSE-ENGY-02-0018696,Tier-1,Tier-2,2026-06-17T03:49:21.889743,investigated_and_resolved
CAS-CSE-ENGY-02-0018697,Tier-1,Tier-2,2026-06-17T03:55:12.645076,investigated_and_resolved
CAS-CSE-ENGY-02-0018701,Tier-1,Tier-2,2026-06-17T05:15:24.241239,investigated_and_resolved
CAS-CSE-ENGY-02-0018702,Tier-1,Tier-2,2026-06-17T06:40:17.618449,investigated_and_resolved
CAS-CSE-ENGY-02-0018703,Tier-1,Tier-2,2026-06-17T06:30:30.313768,investigated_and_resolved
CAS-CSE-ENGY-02-0018705,Tier-1,Tier-2,2026-06-17T10:07:00.057464,investigated_and_resolved
CAS-CSE-ENGY-02-0018707,Tier-1,Tier-2,2026-06-17T11:24:55.778621,investigated_and_resolved
CAS-CSE-ENGY-02-0018713,Tier-1,Tier-2,2026-06-17T16:35:31.729208,investigated_and_resolved
CAS-CSE-ENGY-02-0018714,Tier-1,Tier-2,2026-06-17T18:56:27.870820,investigated_and_resolved
CAS-CSE-ENGY-02-0018723,Tier-1,Tier-2,2026-06-18T05:24:11.566212,investigated_and_resolved
CAS-CSE-ENGY-02-0018726,Tier-1,Tier-2,2026-06-18T09:23:46.390599,investigated_and_resolved
CAS-CSE-ENGY-02-0018727,Tier-1,Tier-2,2026-06-18T09:36:17.091112,investigated_and_resolved
CAS-CSE-ENGY-02-0018741,Tier-1,Tier-2,2026-06-19T03:07:27.235704,investigated_and_resolved
CAS-CSE-ENGY-02-0018745,Tier-1,Tier-2,2026-06-19T06:10:43.251724,investigated_and_resolved
CAS-CSE-ENGY-02-0018749,Tier-1,Tier-2,2026-06-19T09:01:29.268564,investigated_and_resolved
CAS-CSE-ENGY-02-0018756,Tier-1,Tier-2,2026-06-19T16:33:49.035862,investigated_and_resolved
CAS-CSE-ENGY-02-0018758,Tier-1,Tier-2,2026-06-19T17:21:18.181550,investigated_and_resolved
CAS-CSE-ENGY-02-0018759,Tier-1,Tier-2,2026-06-19T16:47:57.108510,investigated_and_resolved
CAS-CSE-ENGY-02-0018765,Tier-1,Tier-2,2026-06-19T22:50:25.438142,investigated_and_resolved
CAS-CSE-ENGY-02-0018771,Tier-1,Tier-2,2026-06-20T08:56:55.954926,investigated_and_resolved
CAS-CSE-ENGY-02-0018774,Tier-1,Tier-2,2026-06-20T11:40:08.428191,investigated_and_resolved
CAS-CSE-ENGY-02-0018778,Tier-1,Tier-2,2026-06-20T15:41:26.434181,investigated_and_resolved
CAS-CSE-ENGY-02-0018780,Tier-1,Tier-2,2026-06-20T15:54:32.662067,investigated_and_resolved
CAS-CSE-ENGY-02-0018783,Tier-1,Tier-2,2026-06-20T19:29:00.712460,investigated_and_resolved
CAS-CSE-ENGY-02-0018786,Tier-1,Tier-2,2026-06-20T19:37:37.778642,investigated_and_resolved
CAS-CSE-ENGY-02-0018788,Tier-1,Tier-2,2026-06-20T22:11:19.062792,investigated_and_resolved
CAS-CSE-ENGY-02-0018793,Tier-1,Tier-2,2026-06-21T00:23:13.656552,investigated_and_resolved
CAS-CSE-ENGY-02-0018800,Tier-1,Tier-2,2026-06-21T06:03:57.578144,investigated_and_resolved
CAS-CSE-ENGY-02-0018802,Tier-1,Tier-2,2026-06-21T06:37:15.704992,investigated_and_resolved
CAS-CSE-ENGY-02-0018808,Tier-1,Tier-2,2026-06-21T09:35:22.356435,investigated_and_resolved
CAS-CSE-ENGY-02-0018811,Tier-1,Tier-2,2026-06-21T15:09:20.284865,investigated_and_resolved
CAS-CSE-ENGY-02-0018812,Tier-1,Tier-2,2026-06-21T16:28:51.053560,investigated_and_resolved
CAS-CSE-ENGY-02-0018816,Tier-1,Tier-2,2026-06-21T17:44:07.735650,investigated_and_resolved
CAS-CSE-ENGY-02-0018817,Tier-1,Tier-2,2026-06-21T20:45:35.945791,investigated_and_resolved
CAS-CSE-ENGY-02-0018821,Tier-1,Tier-2,2026-06-22T04:35:31.895313,investigated_and_resolved
CAS-CSE-ENGY-02-0018823,Tier-1,Tier-2,2026-06-22T03:10:20.628233,investigated_and_resolved
CAS-CSE-ENGY-02-0018827,Tier-1,Tier-2,2026-06-22T05:59:42.443909,investigated_and_resolved
CAS-CSE-ENGY-02-0018831,Tier-1,Tier-2,2026-06-22T08:04:53.983010,investigated_and_resolved
CAS-CSE-ENGY-02-0018834,Tier-1,Tier-2,2026-06-22T09:46:45.849132,investigated_and_resolved
CAS-CSE-ENGY-02-0018838,Tier-1,Tier-2,2026-06-22T14:54:47.225697,investigated_and_resolved
CAS-CSE-ENGY-02-0018853,Tier-1,Tier-2,2026-06-22T20:31:15.536555,investigated_and_resolved
CAS-CSE-ENGY-02-0018862,Tier-1,Tier-2,2026-06-22T23:10:36.694453,investigated_and_resolved
CAS-CSE-ENGY-02-0018865,Tier-1,Tier-2,2026-06-23T02:14:52.647596,investigated_and_resolved
CAS-CSE-ENGY-02-0018870,Tier-1,Tier-2,2026-06-23T08:51:06.192398,investigated_and_resolved
CAS-CSE-ENGY-02-0018874,Tier-1,Tier-2,2026-06-23T13:46:15.096534,investigated_and_resolved
CAS-CSE-ENGY-02-0018878,Tier-1,Tier-2,2026-06-23T14:44:13.726616,investigated_and_resolved
CAS-CSE-ENGY-02-0018882,Tier-1,Tier-2,2026-06-23T19:33:01.218174,investigated_and_resolved
CAS-CSE-ENGY-02-0018883,Tier-1,Tier-2,2026-06-23T21:01:47.205709,investigated_and_resolved
CAS-CSE-ENGY-02-0018888,Tier-1,Tier-2,2026-06-24T03:58:13.232190,investigated_and_resolved
CAS-CSE-ENGY-02-0018895,Tier-1,Tier-2,2026-06-24T15:01:34.262940,investigated_and_resolved
CAS-CSE-ENGY-02-0018896,Tier-1,Tier-2,2026-06-24T15:20:56.380276,investigated_and_resolved
CAS-CSE-ENGY-02-0018897,Tier-1,Tier-2,2026-06-24T16:53:19.884261,investigated_and_resolved
CAS-CSE-ENGY-02-0018898,Tier-1,Tier-2,2026-06-24T18:11:00.799115,investigated_and_resolved
CAS-CSE-ENGY-02-0018904,Tier-1,Tier-2,2026-06-24T21:21:20.380541,investigated_and_resolved
CAS-CSE-ENGY-02-0018909,Tier-1,Tier-2,2026-06-25T00:53:19.971818,investigated_and_resolved
CAS-CSE-ENGY-02-0018926,Tier-1,Tier-2,2026-06-25T18:24:46.275645,investigated_and_resolved
CAS-CSE-ENGY-02-0018928,Tier-1,Tier-2,2026-06-25T21:27:54.404591,investigated_and_resolved
CAS-CSE-ENGY-02-0018931,Tier-1,Tier-2,2026-06-25T23:23:05.985967,investigated_and_resolved
CAS-CSE-ENGY-02-0018933,Tier-1,Tier-2,2026-06-25T23:10:32.641766,investigated_and_resolved
CAS-CSE-ENGY-02-0018937,Tier-1,Tier-2,2026-06-26T01:35:52.441216,investigated_and_resolved
CAS-CSE-ENGY-02-0018942,Tier-1,Tier-2,2026-06-26T03:25:41.695028,investigated_and_resolved
CAS-CSE-ENGY-02-0018947,Tier-1,Tier-2,2026-06-26T08:27:05.144833,investigated_and_resolved
CAS-CSE-ENGY-02-0018954,Tier-1,Tier-2,2026-06-26T17:56:02.623921,investigated_and_resolved
CAS-CSE-ENGY-02-0018955,Tier-1,Tier-2,2026-06-26T18:58:37.813398,investigated_and_resolved
CAS-CSE-ENGY-02-0018959,Tier-1,Tier-2,2026-06-26T23:00:11.814196,investigated_and_resolved
CAS-CSE-ENGY-02-0018960,Tier-1,Tier-2,2026-06-27T00:07:42.660788,investigated_and_resolved
CAS-CSE-ENGY-02-0018965,Tier-1,Tier-2,2026-06-27T08:58:34.230937,investigated_and_resolved
CAS-CSE-ENGY-02-0018970,Tier-1,Tier-2,2026-06-27T11:39:20.694256,investigated_and_resolved
CAS-CSE-ENGY-02-0018982,Tier-1,Tier-2,2026-06-27T18:09:23.130575,investigated_and_resolved
CAS-CSE-ENGY-02-0018984,Tier-1,Tier-2,2026-06-27T21:52:46.396944,investigated_and_resolved
CAS-CSE-ENGY-02-0018986,Tier-1,Tier-2,2026-06-28T00:29:40.893160,investigated_and_resolved
CAS-CSE-ENGY-02-0018990,Tier-1,Tier-2,2026-06-28T02:44:54.210553,investigated_and_resolved
CAS-CSE-ENGY-02-0018993,Tier-1,Tier-2,2026-06-28T07:02:49.011210,investigated_and_resolved
CAS-CSE-ENGY-02-0018997,Tier-1,Tier-2,2026-06-28T11:35:00.840264,investigated_and_resolved
CAS-CSE-ENGY-02-0019010,Tier-1,Tier-2,2026-06-28T22:10:08.742819,investigated_and_resolved
CAS-CSE-ENGY-02-0019018,Tier-1,Tier-2,2026-06-29T03:42:35.875182,investigated_and_resolved
CAS-CSE-ENGY-02-0019019,Tier-1,Tier-2,2026-06-29T04:01:35.183250,investigated_and_resolved
CAS-CSE-ENGY-02-0019024,Tier-1,Tier-2,2026-06-29T07:34:37.821536,investigated_and_resolved
CAS-CSE-ENGY-02-0019026,Tier-1,Tier-2,2026-06-29T10:51:20.123641,investigated_and_resolved
CAS-CSE-ENGY-02-0019029,Tier-1,Tier-2,2026-06-29T10:04:10.775033,investigated_and_resolved
CAS-CSE-ENGY-02-0019035,Tier-1,Tier-2,2026-06-29T11:29:36.897045,investigated_and_resolved
CAS-CSE-ENGY-02-0019037,Tier-1,Tier-2,2026-06-29T11:18:36.939549,investigated_and_resolved
CAS-CSE-ENGY-02-0019043,Tier-1,Tier-2,2026-06-29T20:22:31.184930,investigated_and_resolved
CAS-CSE-ENGY-02-0019044,Tier-1,Tier-2,2026-06-30T00:07:53.785998,investigated_and_resolved
CAS-CSE-ENGY-02-0019053,Tier-1,Tier-2,2026-06-30T10:07:59.777586,investigated_and_resolved
CAS-CSE-ENGY-02-0019056,Tier-1,Tier-2,2026-06-30T10:56:46.169337,investigated_and_resolved
CAS-CSE-ENGY-02-0019060,Tier-1,Tier-2,2026-06-30T12:57:28.380892,investigated_and_resolved
CAS-CSE-ENGY-02-0019073,Tier-1,Tier-2,2026-07-01T06:10:02.137845,investigated_and_resolved
CAS-CSE-ENGY-02-0019077,Tier-1,Tier-2,2026-07-01T08:01:09.109946,investigated_and_resolved
CAS-CSE-ENGY-02-0019088,Tier-1,Tier-2,2026-07-01T18:54:20.763466,investigated_and_resolved
CAS-CSE-ENGY-02-0019089,Tier-1,Tier-2,2026-07-01T20:28:22.230838,investigated_and_resolved
CAS-CSE-ENGY-02-0019090,Tier-1,Tier-2,2026-07-01T22:29:00.654267,investigated_and_resolved
CAS-CSE-ENGY-02-0019094,Tier-1,Tier-2,2026-07-02T04:10:08.247662,investigated_and_resolved
CAS-CSE-ENGY-02-0019100,Tier-1,Tier-2,2026-07-02T06:24:07.338081,investigated_and_resolved
CAS-CSE-ENGY-02-0019102,Tier-1,Tier-2,2026-07-02T10:44:58.610436,investigated_and_resolved
CAS-CSE-ENGY-02-0019108,Tier-1,Tier-2,2026-07-02T12:31:40.680341,investigated_and_resolved
CAS-CSE-ENGY-02-0019112,Tier-1,Tier-2,2026-07-02T15:27:59.655892,investigated_and_resolved
CAS-CSE-ENGY-02-0019120,Tier-1,Tier-2,2026-07-02T21:54:47.469148,investigated_and_resolved
CAS-CSE-ENGY-02-0019125,Tier-1,Tier-2,2026-07-03T03:44:15.425149,investigated_and_resolved
CAS-CSE-ENGY-02-0019128,Tier-1,Tier-2,2026-07-03T05:23:46.199508,investigated_and_resolved
CAS-CSE-ENGY-02-0019130,Tier-1,Tier-2,2026-07-03T07:03:03.792128,investigated_and_resolved
CAS-CSE-ENGY-02-0019146,Tier-1,Tier-2,2026-07-03T22:43:54.576766,investigated_and_resolved
CAS-CSE-ENGY-02-0019162,Tier-1,Tier-2,2026-07-04T11:16:05.133934,investigated_and_resolved
CAS-CSE-ENGY-02-0019163,Tier-1,Tier-2,2026-07-04T12:33:19.273794,investigated_and_resolved
CAS-CSE-ENGY-02-0019165,Tier-1,Tier-2,2026-07-04T15:05:36.819042,investigated_and_resolved
CAS-CSE-ENGY-02-0019166,Tier-1,Tier-2,2026-07-04T17:01:02.933127,investigated_and_resolved
CAS-CSE-ENGY-02-0019167,Tier-1,Tier-2,2026-07-04T17:32:36.705926,investigated_and_resolved
CAS-CSE-ENGY-02-0019168,Tier-1,Tier-2,2026-07-04T17:42:01.962473,investigated_and_resolved
CAS-CSE-ENGY-02-0019172,Tier-1,Tier-2,2026-07-04T20:59:32.897378,investigated_and_resolved
CAS-CSE-ENGY-02-0019173,Tier-1,Tier-2,2026-07-05T00:08:05.818290,investigated_and_resolved
CAS-CSE-ENGY-02-0019182,Tier-1,Tier-2,2026-07-05T07:05:24.782678,investigated_and_resolved
CAS-CSE-ENGY-02-0019186,Tier-1,Tier-2,2026-07-05T10:19:09.011074,investigated_and_resolved
CAS-CSE-ENGY-02-0019190,Tier-1,Tier-2,2026-07-05T13:17:04.768210,investigated_and_resolved
CAS-CSE-ENGY-02-0019197,Tier-1,Tier-2,2026-07-05T21:39:55.961421,investigated_and_resolved
CAS-CSE-ENGY-02-0019202,Tier-1,Tier-2,2026-07-06T02:03:41.172086,investigated_and_resolved
CAS-CSE-ENGY-02-0019212,Tier-1,Tier-2,2026-07-06T10:28:25.387423,investigated_and_resolved
CAS-CSE-ENGY-02-0019216,Tier-1,Tier-2,2026-07-06T14:27:47.976883,investigated_and_resolved
CAS-CSE-ENGY-02-0019230,Tier-1,Tier-2,2026-07-07T06:56:02.875782,investigated_and_resolved
CAS-CSE-ENGY-02-0019234,Tier-1,Tier-2,2026-07-07T06:53:48.967862,investigated_and_resolved
CAS-CSE-ENGY-02-0019248,Tier-1,Tier-2,2026-07-07T13:45:14.057917,investigated_and_resolved
CAS-CSE-ENGY-02-0019249,Tier-1,Tier-2,2026-07-07T15:59:54.313236,investigated_and_resolved
CAS-CSE-ENGY-02-0019251,Tier-1,Tier-2,2026-07-07T16:59:41.650770,investigated_and_resolved
CAS-CSE-ENGY-02-0019254,Tier-1,Tier-2,2026-07-07T19:15:29.443905,investigated_and_resolved
CAS-CSE-ENGY-02-0019256,Tier-1,Tier-2,2026-07-07T22:58:31.822269,investigated_and_resolved
CAS-CSE-ENGY-02-0019257,Tier-1,Tier-2,2026-07-07T22:23:45.242235,investigated_and_resolved
CAS-CSE-ENGY-02-0019262,Tier-1,Tier-2,2026-07-08T00:07:51.579687,investigated_and_resolved
CAS-CSE-ENGY-02-0019264,Tier-1,Tier-2,2026-07-08T01:12:31.266728,investigated_and_resolved
CAS-CSE-ENGY-02-0019265,Tier-1,Tier-2,2026-07-08T02:15:12.846811,investigated_and_resolved
CAS-CSE-ENGY-02-0019266,Tier-1,Tier-2,2026-07-08T02:20:52.584144,investigated_and_resolved
CAS-CSE-ENGY-02-0019275,Tier-1,Tier-2,2026-07-08T08:22:31.831413,investigated_and_resolved
CAS-CSE-ENGY-02-0019282,Tier-1,Tier-2,2026-07-08T11:53:37.704758,investigated_and_resolved
CAS-CSE-ENGY-02-0019284,Tier-1,Tier-2,2026-07-08T13:04:03.526141,investigated_and_resolved
CAS-CSE-ENGY-02-0019290,Tier-1,Tier-2,2026-07-08T17:36:25.635913,investigated_and_resolved
CAS-CSE-ENGY-02-0019297,Tier-1,Tier-2,2026-07-09T01:05:17.643187,investigated_and_resolved
CAS-CSE-ENGY-02-0019298,Tier-1,Tier-2,2026-07-09T01:32:35.241702,investigated_and_resolved
CAS-CSE-ENGY-02-0019299,Tier-1,Tier-2,2026-07-09T03:35:34.103928,investigated_and_resolved
CAS-CSE-ENGY-02-0019303,Tier-1,Tier-2,2026-07-09T06:39:03.925379,investigated_and_resolved
CAS-CSE-ENGY-02-0019310,Tier-1,Tier-2,2026-07-09T13:28:52.160474,investigated_and_resolved
CAS-CSE-ENGY-02-0019313,Tier-1,Tier-2,2026-07-09T16:46:59.145754,investigated_and_resolved
CAS-CSE-ENGY-02-0019316,Tier-1,Tier-2,2026-07-09T20:50:53.818790,investigated_and_resolved
CAS-CSE-ENGY-02-0019324,Tier-1,Tier-2,2026-07-10T05:36:15.732598,investigated_and_resolved
CAS-CSE-ENGY-02-0019329,Tier-1,Tier-2,2026-07-10T09:42:23.079234,investigated_and_resolved
CAS-CSE-ENGY-02-0019335,Tier-1,Tier-2,2026-07-10T16:10:22.632747,investigated_and_resolved
CAS-CSE-ENGY-02-0019336,Tier-1,Tier-2,2026-07-10T18:27:36.143648,investigated_and_resolved
CAS-CSE-ENGY-02-0019339,Tier-1,Tier-2,2026-07-11T01:53:53.745293,investigated_and_resolved
CAS-CSE-ENGY-02-0019340,Tier-1,Tier-2,2026-07-11T00:02:14.431586,investigated_and_resolved
CAS-CSE-ENGY-02-0019341,Tier-1,Tier-2,2026-07-11T00:40:58.072021,investigated_and_resolved
CAS-CSE-ENGY-02-0019343,Tier-1,Tier-2,2026-07-11T01:41:41.226343,investigated_and_resolved
CAS-CSE-ENGY-02-0019345,Tier-1,Tier-2,2026-07-11T01:47:30.807470,investigated_and_resolved
CAS-CSE-ENGY-02-0019356,Tier-1,Tier-2,2026-07-11T17:54:22.589815,investigated_and_resolved
CAS-CSE-ENGY-02-0019363,Tier-1,Tier-2,2026-07-11T20:02:25.571478,investigated_and_resolved
CAS-CSE-ENGY-02-0019364,Tier-1,Tier-2,2026-07-11T21:34:44.343904,investigated_and_resolved
CAS-CSE-ENGY-02-0019371,Tier-1,Tier-2,2026-07-12T04:52:11.369797,investigated_and_resolved
CAS-CSE-ENGY-02-0019375,Tier-1,Tier-2,2026-07-12T10:04:53.625454,investigated_and_resolved
CAS-CSE-ENGY-02-0019390,Tier-1,Tier-2,2026-07-13T00:17:08.713168,investigated_and_resolved
CAS-CSE-ENGY-02-0019392,Tier-1,Tier-2,2026-07-13T01:25:32.510104,investigated_and_resolved
CAS-CSE-ENGY-02-0019398,Tier-1,Tier-2,2026-07-13T04:27:14.948663,investigated_and_resolved
CAS-CSE-ENGY-02-0019406,Tier-1,Tier-2,2026-07-13T10:24:09.324425,investigated_and_resolved
CAS-CSE-ENGY-02-0019407,Tier-1,Tier-2,2026-07-13T11:43:08.930520,investigated_and_resolved
CAS-CSE-ENGY-02-0019409,Tier-1,Tier-2,2026-07-13T14:10:19.071068,investigated_and_resolved
CAS-CSE-ENGY-02-0019421,Tier-1,Tier-2,2026-07-14T01:30:05.051413,investigated_and_resolved
CAS-CSE-ENGY-02-0019423,Tier-1,Tier-2,2026-07-14T02:54:34.375503,investigated_and_resolved
CAS-CSE-ENGY-02-0019424,Tier-1,Tier-2,2026-07-14T05:09:10.561274,investigated_and_resolved
CAS-CSE-ENGY-02-0019429,Tier-1,Tier-2,2026-07-14T06:44:08.716117,investigated_and_resolved
CAS-CSE-ENGY-02-0019433,Tier-1,Tier-2,2026-07-14T13:12:49.728457,investigated_and_resolved
CAS-CSE-ENGY-02-0019437,Tier-1,Tier-2,2026-07-14T16:07:35.784673,investigated_and_resolved
CAS-CSE-ENGY-02-0019444,Tier-1,Tier-2,2026-07-14T20:47:49.558762,investigated_and_resolved
CAS-CSE-ENGY-02-0019445,Tier-1,Tier-2,2026-07-14T21:39:40.245081,investigated_and_resolved
CAS-CSE-ENGY-02-0019448,Tier-1,Tier-2,2026-07-15T02:15:36.769004,investigated_and_resolved
CAS-CSE-ENGY-02-0019454,Tier-1,Tier-2,2026-07-15T04:40:50.795368,investigated_and_resolved
CAS-CSE-ENGY-02-0019463,Tier-1,Tier-2,2026-07-15T14:47:38.748864,investigated_and_resolved
CAS-CSE-ENGY-02-0019464,Tier-1,Tier-2,2026-07-15T15:41:59.124908,investigated_and_resolved
CAS-CSE-ENGY-02-0019466,Tier-1,Tier-2,2026-07-15T16:21:54.887496,investigated_and_resolved
CAS-CSE-ENGY-02-0019470,Tier-1,Tier-2,2026-07-15T19:02:55.740621,investigated_and_resolved
CAS-CSE-ENGY-02-0019487,Tier-1,Tier-2,2026-07-16T06:43:45.202212,investigated_and_resolved
CAS-CSE-ENGY-02-0019490,Tier-1,Tier-2,2026-07-16T11:02:25.454112,investigated_and_resolved
CAS-CSE-ENGY-02-0019493,Tier-1,Tier-2,2026-07-16T14:39:53.786348,investigated_and_resolved
CAS-CSE-ENGY-02-0019495,Tier-1,Tier-2,2026-07-16T17:16:08.604017,investigated_and_resolved
CAS-CSE-ENGY-02-0019496,Tier-1,Tier-2,2026-07-16T17:27:08.153029,investigated_and_resolved
CAS-CSE-ENGY-02-0019503,Tier-1,Tier-2,2026-07-16T21:21:47.130592,investigated_and_resolved
CAS-CSE-ENGY-02-0019505,Tier-1,Tier-2,2026-07-17T02:25:54.373463,investigated_and_resolved
CAS-CSE-ENGY-02-0019514,Tier-1,Tier-2,2026-07-17T05:27:16.074627,investigated_and_resolved
CAS-CSE-ENGY-02-0019518,Tier-1,Tier-2,2026-07-17T07:49:58.235071,investigated_and_resolved
CAS-CSE-ENGY-02-0019525,Tier-1,Tier-2,2026-07-17T13:00:48.998379,investigated_and_resolved
CAS-CSE-ENGY-02-0019528,Tier-1,Tier-2,2026-07-17T14:56:36.046292,investigated_and_resolved
CAS-CSE-ENGY-02-0019536,Tier-1,Tier-2,2026-07-17T19:56:24.403038,investigated_and_resolved
CAS-CSE-ENGY-02-0019546,Tier-1,Tier-2,2026-07-18T11:52:54.518548,investigated_and_resolved
CAS-CSE-ENGY-02-0019550,Tier-1,Tier-2,2026-07-18T15:42:32.183435,investigated_and_resolved
CAS-CSE-ENGY-02-0019552,Tier-1,Tier-2,2026-07-18T17:44:11.036836,investigated_and_resolved
CAS-CSE-ENGY-02-0019561,Tier-1,Tier-2,2026-07-18T22:53:53.466106,investigated_and_resolved
CAS-CSE-ENGY-02-0019570,Tier-1,Tier-2,2026-07-19T06:13:24.886036,investigated_and_resolved
CAS-CSE-ENGY-02-0019574,Tier-1,Tier-2,2026-07-19T08:18:20.268462,investigated_and_resolved
CAS-CSE-ENGY-02-0019580,Tier-1,Tier-2,2026-07-19T14:29:10.028467,investigated_and_resolved
CAS-CSE-ENGY-02-0019589,Tier-1,Tier-2,2026-07-19T23:11:40.824890,investigated_and_resolved
CAS-CSE-ENGY-02-0019596,Tier-1,Tier-2,2026-07-20T08:46:09.519370,investigated_and_resolved
CAS-CSE-ENGY-02-0019599,Tier-1,Tier-2,2026-07-20T14:13:52.453087,investigated_and_resolved
CAS-CSE-ENGY-02-0019601,Tier-1,Tier-2,2026-07-20T14:04:22.447816,investigated_and_resolved
CAS-CSE-ENGY-02-0019604,Tier-1,Tier-2,2026-07-20T18:02:57.499579,investigated_and_resolved
CAS-CSE-ENGY-02-0019607,Tier-1,Tier-2,2026-07-20T21:56:06.497692,investigated_and_resolved
CAS-CSE-ENGY-02-0019614,Tier-1,Tier-2,2026-07-21T04:45:17.412410,investigated_and_resolved
CAS-CSE-ENGY-02-0019627,Tier-1,Tier-2,2026-07-21T17:12:39.244631,investigated_and_resolved
CAS-CSE-ENGY-02-0019631,Tier-1,Tier-2,2026-07-21T17:35:47.779765,investigated_and_resolved
CAS-CSE-ENGY-02-0019638,Tier-1,Tier-2,2026-07-21T19:43:33.845434,investigated_and_resolved
CAS-CSE-ENGY-02-0019651,Tier-1,Tier-2,2026-07-22T06:11:24.693334,investigated_and_resolved
CAS-CSE-ENGY-02-0019654,Tier-1,Tier-2,2026-07-22T12:58:17.414854,investigated_and_resolved
CAS-CSE-ENGY-02-0019656,Tier-1,Tier-2,2026-07-22T15:43:17.194675,investigated_and_resolved
CAS-CSE-ENGY-02-0019657,Tier-1,Tier-2,2026-07-22T20:33:06.647993,investigated_and_resolved
CAS-CSE-ENGY-02-0019659,Tier-1,Tier-2,2026-07-22T16:57:34.671588,investigated_and_resolved
CAS-CSE-ENGY-02-0019660,Tier-1,Tier-2,2026-07-22T18:29:25.985471,investigated_and_resolved
CAS-CSE-ENGY-02-0019662,Tier-1,Tier-2,2026-07-22T23:04:51.628036,investigated_and_resolved
CAS-CSE-ENGY-02-0019674,Tier-1,Tier-2,2026-07-23T16:04:48.153213,investigated_and_resolved
CAS-CSE-ENGY-02-0019685,Tier-1,Tier-2,2026-07-23T22:56:03.741656,investigated_and_resolved
CAS-CSE-ENGY-02-0019686,Tier-1,Tier-2,2026-07-23T23:31:21.772592,investigated_and_resolved
CAS-CSE-ENGY-02-0019687,Tier-1,Tier-2,2026-07-24T02:29:22.711393,investigated_and_resolved
CAS-CSE-ENGY-02-0019689,Tier-1,Tier-2,2026-07-24T03:58:34.754208,investigated_and_resolved
CAS-CSE-ENGY-02-0019703,Tier-1,Tier-2,2026-07-24T11:43:04.482017,investigated_and_resolved
CAS-CSE-ENGY-02-0019707,Tier-1,Tier-2,2026-07-24T14:17:24.249956,investigated_and_resolved
CAS-CSE-ENGY-02-0019717,Tier-1,Tier-2,2026-07-24T23:50:01.972089,investigated_and_resolved
CAS-CSE-ENGY-02-0019718,Tier-1,Tier-2,2026-07-25T00:42:10.640116,investigated_and_resolved
CAS-CSE-ENGY-02-0019719,Tier-1,Tier-2,2026-07-25T02:03:01.848310,investigated_and_resolved
CAS-CSE-ENGY-02-0019724,Tier-1,Tier-2,2026-07-25T12:39:49.776560,investigated_and_resolved
CAS-CSE-ENGY-02-0019725,Tier-1,Tier-2,2026-07-25T15:01:58.713203,investigated_and_resolved
CAS-CSE-ENGY-02-0019726,Tier-1,Tier-2,2026-07-25T15:04:14.220358,investigated_and_resolved
CAS-CSE-ENGY-02-0019728,Tier-1,Tier-2,2026-07-25T16:02:02.822703,investigated_and_resolved
CAS-CSE-ENGY-02-0019729,Tier-1,Tier-2,2026-07-25T15:51:41.055714,investigated_and_resolved
CAS-CSE-ENGY-02-0019730,Tier-1,Tier-2,2026-07-25T16:54:35.429000,investigated_and_resolved
CAS-CSE-ENGY-02-0019732,Tier-1,Tier-2,2026-07-25T17:40:18.992153,investigated_and_resolved
CAS-CSE-ENGY-02-0019734,Tier-1,Tier-2,2026-07-25T19:57:44.788129,investigated_and_resolved
CAS-CSE-ENGY-02-0019740,Tier-1,Tier-2,2026-07-26T02:12:13.370266,investigated_and_resolved
CAS-CSE-ENGY-02-0019746,Tier-1,Tier-2,2026-07-26T10:21:23.825545,investigated_and_resolved
CAS-CSE-ENGY-02-0019747,Tier-1,Tier-2,2026-07-26T10:21:21.775347,investigated_and_resolved
CAS-CSE-ENGY-02-0019754,Tier-1,Tier-2,2026-07-26T17:26:12.402744,investigated_and_resolved
CAS-CSE-ENGY-02-0019755,Tier-1,Tier-2,2026-07-26T17:16:20.434599,investigated_and_resolved
CAS-CSE-ENGY-02-0019756,Tier-1,Tier-2,2026-07-26T18:50:34.967058,investigated_and_resolved
CAS-CSE-ENGY-02-0019762,Tier-1,Tier-2,2026-07-26T21:41:50.660679,investigated_and_resolved
CAS-CSE-ENGY-02-0019768,Tier-1,Tier-2,2026-07-27T01:34:41.314975,investigated_and_resolved
CAS-CSE-ENGY-02-0019775,Tier-1,Tier-2,2026-07-27T05:48:57.418848,investigated_and_resolved
CAS-CSE-ENGY-02-0019780,Tier-1,Tier-2,2026-07-27T07:34:06.075664,investigated_and_resolved
CAS-CSE-ENGY-02-0019793,Tier-1,Tier-2,2026-07-27T23:21:29.516031,investigated_and_resolved
CAS-CSE-ENGY-02-0019797,Tier-1,Tier-2,2026-07-28T02:22:38.895955,investigated_and_resolved
CAS-CSE-ENGY-02-0019800,Tier-1,Tier-2,2026-07-28T06:56:16.073268,investigated_and_resolved
CAS-CSE-ENGY-02-0019801,Tier-1,Tier-2,2026-07-28T06:51:10.030693,investigated_and_resolved
CAS-CSE-ENGY-02-0019804,Tier-1,Tier-2,2026-07-28T08:51:50.723979,investigated_and_resolved
CAS-CSE-ENGY-02-0019809,Tier-1,Tier-2,2026-07-28T16:28:57.056362,investigated_and_resolved
CAS-CSE-ENGY-02-0019816,Tier-1,Tier-2,2026-07-28T22:53:39.170943,investigated_and_resolved
CAS-CSE-ENGY-02-0019818,Tier-1,Tier-2,2026-07-29T01:42:13.462693,investigated_and_resolved
CAS-CSE-ENGY-02-0019821,Tier-1,Tier-2,2026-07-29T06:21:43.213082,investigated_and_resolved
CAS-CSE-ENGY-02-0019823,Tier-1,Tier-2,2026-07-29T07:58:04.380929,investigated_and_resolved
CAS-CSE-ENGY-02-0019824,Tier-1,Tier-2,2026-07-29T07:26:11.686543,investigated_and_resolved
CAS-CSE-ENGY-02-0019826,Tier-1,Tier-2,2026-07-29T08:16:40.738143,investigated_and_resolved
CAS-CSE-ENGY-02-0019828,Tier-1,Tier-2,2026-07-29T09:18:26.616460,investigated_and_resolved
CAS-CSE-ENGY-02-0019831,Tier-1,Tier-2,2026-07-29T11:02:25.948657,investigated_and_resolved
CAS-CSE-ENGY-02-0019832,Tier-1,Tier-2,2026-07-29T12:37:29.818001,investigated_and_resolved
CAS-CSE-ENGY-02-0019835,Tier-1,Tier-2,2026-07-29T14:11:17.817855,investigated_and_resolved
CAS-CSE-ENGY-02-0019842,Tier-1,Tier-2,2026-07-29T21:41:12.271924,investigated_and_resolved
CAS-CSE-ENGY-02-0019854,Tier-1,Tier-2,2026-07-30T09:30:34.854644,investigated_and_resolved
CAS-CSE-ENGY-02-0019855,Tier-1,Tier-2,2026-07-30T11:22:22.540092,investigated_and_resolved
CAS-CSE-ENGY-02-0019859,Tier-1,Tier-2,2026-07-30T19:38:46.699670,investigated_and_resolved
CAS-CSE-ENGY-02-0019866,Tier-1,Tier-2,2026-07-30T20:11:28.922212,investigated_and_resolved
CAS-CSE-ENGY-02-0019868,Tier-1,Tier-2,2026-07-30T21:53:47.466523,investigated_and_resolved
CAS-CSE-ENGY-02-0019877,Tier-1,Tier-2,2026-07-31T04:08:17.581921,investigated_and_resolved
CAS-CSE-ENGY-02-0019881,Tier-1,Tier-2,2026-07-31T10:32:01.672971,investigated_and_resolved
CAS-CSE-ENGY-02-0019887,Tier-1,Tier-2,2026-07-31T17:32:22.057400,investigated_and_resolved
CAS-CSE-ENGY-02-0019893,Tier-1,Tier-2,2026-08-01T02:26:43.812017,investigated_and_resolved
CAS-CSE-ENGY-02-0019899,Tier-1,Tier-2,2026-08-01T07:16:48.470094,investigated_and_resolved
CAS-CSE-ENGY-02-0019909,Tier-1,Tier-2,2026-08-01T12:36:20.980351,investigated_and_resolved
CAS-CSE-ENGY-02-0019918,Tier-1,Tier-2,2026-08-01T21:54:50.258755,investigated_and_resolved
CAS-CSE-ENGY-02-0019920,Tier-1,Tier-2,2026-08-01T23:44:16.577853,investigated_and_resolved
CAS-CSE-ENGY-02-0019921,Tier-1,Tier-2,2026-08-02T02:20:11.215890,investigated_and_resolved
CAS-CSE-ENGY-02-0019927,Tier-1,Tier-2,2026-08-02T08:29:25.217987,investigated_and_resolved
CAS-CSE-ENGY-02-0019928,Tier-1,Tier-2,2026-08-02T08:46:55.262888,investigated_and_resolved
CAS-CSE-ENGY-02-0019929,Tier-1,Tier-2,2026-08-02T09:06:46.350891,investigated_and_resolved
CAS-CSE-ENGY-02-0019932,Tier-1,Tier-2,2026-08-02T11:17:47.420476,investigated_and_resolved
CAS-CSE-ENGY-02-0019938,Tier-1,Tier-2,2026-08-02T13:14:45.661592,investigated_and_resolved
CAS-CSE-ENGY-02-0019955,Tier-1,Tier-2,2026-08-02T21:25:14.730271,investigated_and_resolved
CAS-CSE-ENGY-02-0019956,Tier-1,Tier-2,2026-08-02T20:24:09.252807,investigated_and_resolved
CAS-CSE-ENGY-02-0019959,Tier-1,Tier-2,2026-08-03T03:21:11.271628,investigated_and_resolved
CAS-CSE-ENGY-02-0019969,Tier-1,Tier-2,2026-08-03T08:07:26.115426,investigated_and_resolved
CAS-CSE-ENGY-02-0019970,Tier-1,Tier-2,2026-08-03T07:45:35.020218,investigated_and_resolved
CAS-CSE-ENGY-02-0019973,Tier-1,Tier-2,2026-08-03T08:47:16.432465,investigated_and_resolved
CAS-CSE-ENGY-02-0019978,Tier-1,Tier-2,2026-08-03T11:31:53.754993,investigated_and_resolved
CAS-CSE-ENGY-02-0019980,Tier-1,Tier-2,2026-08-03T14:05:25.601159,investigated_and_resolved
CAS-CSE-ENGY-02-0019984,Tier-1,Tier-2,2026-08-03T16:26:14.736925,investigated_and_resolved
CAS-CSE-ENGY-02-0019986,Tier-1,Tier-2,2026-08-03T19:30:59.535547,investigated_and_resolved
CAS-CSE-ENGY-02-0019991,Tier-1,Tier-2,2026-08-03T23:47:22.511769,investigated_and_resolved
CAS-CSE-ENGY-02-0019993,Tier-1,Tier-2,2026-08-03T23:04:17.446890,investigated_and_resolved
CAS-CSE-ENGY-02-0020005,Tier-1,Tier-2,2026-08-04T16:25:52.118226,investigated_and_resolved
CAS-CSE-ENGY-02-0020007,Tier-1,Tier-2,2026-08-04T16:55:32.438602,investigated_and_resolved
CAS-CSE-ENGY-02-0020015,Tier-1,Tier-2,2026-08-05T05:25:33.594728,investigated_and_resolved
CAS-CSE-ENGY-02-0020019,Tier-1,Tier-2,2026-08-05T08:19:49.015177,investigated_and_resolved
CAS-CSE-ENGY-02-0020020,Tier-1,Tier-2,2026-08-05T09:29:35.020866,investigated_and_resolved
CAS-CSE-ENGY-02-0020023,Tier-1,Tier-2,2026-08-05T13:56:51.928462,investigated_and_resolved
CAS-CSE-ENGY-02-0020036,Tier-1,Tier-2,2026-08-06T01:14:08.628851,investigated_and_resolved
CAS-CSE-ENGY-02-0020039,Tier-1,Tier-2,2026-08-06T04:09:57.940237,investigated_and_resolved
CAS-CSE-ENGY-02-0020046,Tier-1,Tier-2,2026-08-06T15:34:14.454474,investigated_and_resolved
CAS-CSE-ENGY-02-0020050,Tier-1,Tier-2,2026-08-06T19:25:16.976011,investigated_and_resolved
CAS-CSE-ENGY-02-0020054,Tier-1,Tier-2,2026-08-07T00:02:16.752074,investigated_and_resolved
CAS-CSE-ENGY-02-0020069,Tier-1,Tier-2,2026-08-07T12:05:36.971958,investigated_and_resolved
CAS-CSE-ENGY-02-0020070,Tier-1,Tier-2,2026-08-07T12:04:52.542269,investigated_and_resolved
CAS-CSE-ENGY-02-0020078,Tier-1,Tier-2,2026-08-07T20:15:16.390900,investigated_and_resolved
CAS-CSE-ENGY-02-0020084,Tier-1,Tier-2,2026-08-08T02:09:06.084527,investigated_and_resolved
CAS-CSE-ENGY-02-0020085,Tier-1,Tier-2,2026-08-08T02:33:37.171496,investigated_and_resolved
CAS-CSE-ENGY-02-0020087,Tier-1,Tier-2,2026-08-08T04:40:08.378305,investigated_and_resolved
CAS-CSE-ENGY-02-0020090,Tier-1,Tier-2,2026-08-08T08:39:36.318415,investigated_and_resolved
CAS-CSE-ENGY-02-0020095,Tier-1,Tier-2,2026-08-08T13:21:42.462352,investigated_and_resolved
CAS-CSE-ENGY-02-0020113,Tier-1,Tier-2,2026-08-09T03:06:20.325831,investigated_and_resolved
CAS-CSE-ENGY-02-0020121,Tier-1,Tier-2,2026-08-09T11:36:06.812164,investigated_and_resolved
CAS-CSE-ENGY-02-0020122,Tier-1,Tier-2,2026-08-09T12:56:27.290329,investigated_and_resolved
CAS-CSE-ENGY-02-0020124,Tier-1,Tier-2,2026-08-09T16:26:23.697331,investigated_and_resolved
CAS-CSE-ENGY-02-0020144,Tier-1,Tier-2,2026-08-10T09:36:03.097282,investigated_and_resolved
CAS-CSE-ENGY-02-0020148,Tier-1,Tier-2,2026-08-10T11:55:50.862555,investigated_and_resolved
CAS-CSE-ENGY-02-0020156,Tier-1,Tier-2,2026-08-10T20:06:56.967502,investigated_and_resolved
CAS-CSE-ENGY-02-0020170,Tier-1,Tier-2,2026-08-11T07:25:03.502532,investigated_and_resolved
CAS-CSE-ENGY-02-0020180,Tier-1,Tier-2,2026-08-11T15:50:45.463892,investigated_and_resolved
CAS-CSE-ENGY-02-0020186,Tier-1,Tier-2,2026-08-11T18:26:10.610949,investigated_and_resolved
CAS-CSE-ENGY-02-0020190,Tier-1,Tier-2,2026-08-12T00:54:21.967048,investigated_and_resolved
CAS-CSE-ENGY-02-0020193,Tier-1,Tier-2,2026-08-12T05:07:02.150702,investigated_and_resolved
CAS-CSE-ENGY-02-0020198,Tier-1,Tier-2,2026-08-12T09:30:14.835602,investigated_and_resolved
CAS-CSE-ENGY-02-0020205,Tier-1,Tier-2,2026-08-12T13:13:39.812465,investigated_and_resolved
CAS-CSE-ENGY-02-0020213,Tier-1,Tier-2,2026-08-12T17:32:33.319294,investigated_and_resolved
CAS-CSE-ENGY-02-0020224,Tier-1,Tier-2,2026-08-13T07:25:15.132471,investigated_and_resolved
CAS-CSE-ENGY-02-0020227,Tier-1,Tier-2,2026-08-13T11:00:43.945693,investigated_and_resolved
CAS-CSE-ENGY-02-0020236,Tier-1,Tier-2,2026-08-13T19:59:54.037792,investigated_and_resolved
CAS-CSE-ENGY-02-0020240,Tier-1,Tier-2,2026-08-13T21:58:42.466307,investigated_and_resolved
CAS-CSE-ENGY-02-0020244,Tier-1,Tier-2,2026-08-13T23:18:37.002780,investigated_and_resolved
CAS-CSE-ENGY-02-0020245,Tier-1,Tier-2,2026-08-14T00:26:58.125250,investigated_and_resolved
CAS-CSE-ENGY-02-0020251,Tier-1,Tier-2,2026-08-14T07:11:52.099251,investigated_and_resolved
CAS-CSE-ENGY-02-0020254,Tier-1,Tier-2,2026-08-14T10:14:37.814005,investigated_and_resolved
CAS-CSE-ENGY-02-0020255,Tier-1,Tier-2,2026-08-14T11:30:23.666952,investigated_and_resolved
CAS-CSE-ENGY-02-0020256,Tier-1,Tier-2,2026-08-14T14:43:11.646226,investigated_and_resolved
CAS-CSE-ENGY-02-0020263,Tier-1,Tier-2,2026-08-14T21:51:33.250921,investigated_and_resolved
CAS-CSE-ENGY-02-0020264,Tier-1,Tier-2,2026-08-15T02:21:27.041249,investigated_and_resolved
CAS-CSE-ENGY-02-0020268,Tier-1,Tier-2,2026-08-15T03:53:38.246895,investigated_and_resolved
CAS-CSE-ENGY-02-0020271,Tier-1,Tier-2,2026-08-15T06:05:14.884862,investigated_and_resolved
CAS-CSE-ENGY-02-0020273,Tier-1,Tier-2,2026-08-15T05:47:05.651811,investigated_and_resolved
CAS-CSE-ENGY-02-0020279,Tier-1,Tier-2,2026-08-15T08:43:02.769691,investigated_and_resolved
CAS-CSE-ENGY-02-0020291,Tier-1,Tier-2,2026-08-15T20:14:42.368165,investigated_and_resolved
CAS-CSE-ENGY-02-0020300,Tier-1,Tier-2,2026-08-16T08:25:17.583602,investigated_and_resolved
CAS-CSE-ENGY-02-0020303,Tier-1,Tier-2,2026-08-16T10:28:00.849365,investigated_and_resolved
CAS-CSE-ENGY-02-0020306,Tier-1,Tier-2,2026-08-16T13:17:22.767653,investigated_and_resolved
CAS-CSE-ENGY-02-0020307,Tier-1,Tier-2,2026-08-16T15:48:39.479031,investigated_and_resolved
CAS-CSE-ENGY-02-0020311,Tier-1,Tier-2,2026-08-16T19:24:33.108832,investigated_and_resolved
CAS-CSE-ENGY-02-0020328,Tier-1,Tier-2,2026-08-17T08:32:51.095098,investigated_and_resolved
CAS-CSE-ENGY-02-0020331,Tier-1,Tier-2,2026-08-17T12:37:05.266701,investigated_and_resolved
CAS-CSE-ENGY-02-0020340,Tier-1,Tier-2,2026-08-17T19:18:32.771308,investigated_and_resolved
CAS-CSE-ENGY-02-0020342,Tier-1,Tier-2,2026-08-18T01:45:34.824156,investigated_and_resolved
CAS-CSE-ENGY-02-0020355,Tier-1,Tier-2,2026-08-18T13:58:50.090726,investigated_and_resolved
CAS-CSE-ENGY-02-0020357,Tier-1,Tier-2,2026-08-18T15:50:03.525774,investigated_and_resolved
CAS-CSE-ENGY-02-0020360,Tier-1,Tier-2,2026-08-18T14:30:49.748367,investigated_and_resolved
CAS-CSE-ENGY-02-0020362,Tier-1,Tier-2,2026-08-18T16:46:32.919453,investigated_and_resolved
CAS-CSE-ENGY-02-0020369,Tier-1,Tier-2,2026-08-18T20:07:58.225953,investigated_and_resolved
CAS-CSE-ENGY-02-0020372,Tier-1,Tier-2,2026-08-18T22:48:11.829764,investigated_and_resolved
CAS-CSE-ENGY-02-0020388,Tier-1,Tier-2,2026-08-19T10:54:25.977498,investigated_and_resolved
CAS-CSE-ENGY-02-0020399,Tier-1,Tier-2,2026-08-19T22:39:33.076869,investigated_and_resolved
CAS-CSE-ENGY-02-0020405,Tier-1,Tier-2,2026-08-20T02:47:12.561543,investigated_and_resolved
CAS-CSE-ENGY-02-0020410,Tier-1,Tier-2,2026-08-20T07:12:32.954021,investigated_and_resolved
CAS-CSE-ENGY-02-0020416,Tier-1,Tier-2,2026-08-20T13:23:25.653932,investigated_and_resolved
CAS-CSE-ENGY-02-0020420,Tier-1,Tier-2,2026-08-20T13:38:29.809377,investigated_and_resolved
CAS-CSE-ENGY-02-0020426,Tier-1,Tier-2,2026-08-20T20:19:27.142600,investigated_and_resolved
CAS-CSE-ENGY-02-0020433,Tier-1,Tier-2,2026-08-21T03:18:50.853153,investigated_and_resolved
CAS-CSE-ENGY-02-0020434,Tier-1,Tier-2,2026-08-21T03:48:29.959738,investigated_and_resolved
CAS-CSE-ENGY-02-0020435,Tier-1,Tier-2,2026-08-21T03:57:38.704941,investigated_and_resolved
CAS-CSE-ENGY-02-0020436,Tier-1,Tier-2,2026-08-21T06:17:17.966222,investigated_and_resolved
CAS-CSE-ENGY-02-0020444,Tier-1,Tier-2,2026-08-21T14:13:38.747160,investigated_and_resolved
CAS-CSE-ENGY-02-0020450,Tier-1,Tier-2,2026-08-21T18:22:56.361337,investigated_and_resolved
CAS-CSE-ENGY-02-0020458,Tier-1,Tier-2,2026-08-22T02:16:27.035972,investigated_and_resolved
CAS-CSE-ENGY-02-0020463,Tier-1,Tier-2,2026-08-22T07:23:25.605144,investigated_and_resolved
CAS-CSE-ENGY-02-0020469,Tier-1,Tier-2,2026-08-22T12:13:18.540982,investigated_and_resolved
CAS-CSE-ENGY-02-0020472,Tier-1,Tier-2,2026-08-22T13:53:12.558894,investigated_and_resolved
CAS-CSE-ENGY-02-0020473,Tier-1,Tier-2,2026-08-22T17:17:01.859785,investigated_and_resolved
CAS-CSE-ENGY-02-0020475,Tier-1,Tier-2,2026-08-22T16:27:55.600095,investigated_and_resolved
CAS-CSE-ENGY-02-0020479,Tier-1,Tier-2,2026-08-23T00:05:17.178523,investigated_and_resolved
CAS-CSE-ENGY-02-0020487,Tier-1,Tier-2,2026-08-23T05:20:20.352944,investigated_and_resolved
CAS-CSE-ENGY-02-0020492,Tier-1,Tier-2,2026-08-23T10:42:36.993215,investigated_and_resolved
CAS-CSE-ENGY-02-0020493,Tier-1,Tier-2,2026-08-23T10:49:31.339501,investigated_and_resolved
CAS-CSE-ENGY-02-0020501,Tier-1,Tier-2,2026-08-23T18:02:44.410301,investigated_and_resolved
CAS-CSE-ENGY-02-0020503,Tier-1,Tier-2,2026-08-23T20:58:21.226864,investigated_and_resolved
CAS-CSE-ENGY-02-0020513,Tier-1,Tier-2,2026-08-24T03:08:10.569313,investigated_and_resolved
CAS-CSE-ENGY-02-0020520,Tier-1,Tier-2,2026-08-24T11:42:06.865870,investigated_and_resolved
CAS-CSE-ENGY-02-0020526,Tier-1,Tier-2,2026-08-24T13:52:49.122200,investigated_and_resolved
CAS-CSE-ENGY-02-0020528,Tier-1,Tier-2,2026-08-24T14:58:26.628444,investigated_and_resolved
CAS-CSE-ENGY-02-0020530,Tier-1,Tier-2,2026-08-24T16:20:32.414903,investigated_and_resolved
CAS-CSE-ENGY-02-0020531,Tier-1,Tier-2,2026-08-24T18:28:56.547365,investigated_and_resolved
CAS-CSE-ENGY-02-0020536,Tier-1,Tier-2,2026-08-25T02:14:08.688771,investigated_and_resolved
CAS-CSE-ENGY-02-0020539,Tier-1,Tier-2,2026-08-25T08:19:40.690672,investigated_and_resolved
CAS-CSE-ENGY-02-0020549,Tier-1,Tier-2,2026-08-25T11:47:59.601372,investigated_and_resolved
CAS-CSE-ENGY-02-0020556,Tier-1,Tier-2,2026-08-25T18:14:02.145521,investigated_and_resolved
CAS-CSE-ENGY-02-0020557,Tier-1,Tier-2,2026-08-25T19:00:09.986318,investigated_and_resolved
CAS-CSE-ENGY-02-0020571,Tier-1,Tier-2,2026-08-26T04:30:49.262459,investigated_and_resolved
CAS-CSE-ENGY-02-0020576,Tier-1,Tier-2,2026-08-26T15:36:37.674119,investigated_and_resolved
CAS-CSE-ENGY-02-0020577,Tier-1,Tier-2,2026-08-26T15:17:00.421891,investigated_and_resolved
CAS-CSE-ENGY-02-0020582,Tier-1,Tier-2,2026-08-26T23:38:54.560967,investigated_and_resolved
CAS-CSE-ENGY-02-0020600,Tier-1,Tier-2,2026-08-27T14:18:14.869764,investigated_and_resolved
CAS-CSE-ENGY-02-0020603,Tier-1,Tier-2,2026-08-27T17:12:15.471752,investigated_and_resolved
CAS-CSE-ENGY-02-0020606,Tier-1,Tier-2,2026-08-27T18:24:13.322126,investigated_and_resolved
CAS-CSE-ENGY-03-0020630,Tier-1,Tier-2,2026-03-01T21:53:23.889353,investigated_and_resolved
CAS-CSE-ENGY-03-0020632,Tier-1,Tier-2,2026-03-02T03:04:45.382863,investigated_and_resolved
CAS-CSE-ENGY-03-0020640,Tier-1,Tier-2,2026-03-02T10:20:58.252717,investigated_and_resolved
CAS-CSE-ENGY-03-0020643,Tier-1,Tier-2,2026-03-02T19:35:46.213689,investigated_and_resolved
CAS-CSE-ENGY-03-0020648,Tier-1,Tier-2,2026-03-03T02:50:33.015256,investigated_and_resolved
CAS-CSE-ENGY-03-0020651,Tier-1,Tier-2,2026-03-03T06:19:42.579865,investigated_and_resolved
CAS-CSE-ENGY-03-0020652,Tier-1,Tier-2,2026-03-03T06:53:33.631654,investigated_and_resolved
CAS-CSE-ENGY-03-0020654,Tier-1,Tier-2,2026-03-03T10:34:38.124507,investigated_and_resolved
CAS-CSE-ENGY-03-0020657,Tier-1,Tier-2,2026-03-03T13:22:14.086510,investigated_and_resolved
CAS-CSE-ENGY-03-0020663,Tier-1,Tier-2,2026-03-04T02:28:50.050966,investigated_and_resolved
CAS-CSE-ENGY-03-0020670,Tier-1,Tier-2,2026-03-04T12:04:29.424535,investigated_and_resolved
CAS-CSE-ENGY-03-0020674,Tier-1,Tier-2,2026-03-04T19:28:12.160822,investigated_and_resolved
CAS-CSE-ENGY-03-0020676,Tier-1,Tier-2,2026-03-04T21:37:10.183938,investigated_and_resolved
CAS-CSE-ENGY-03-0020679,Tier-1,Tier-2,2026-03-04T23:16:27.050031,investigated_and_resolved
CAS-CSE-ENGY-03-0020683,Tier-1,Tier-2,2026-03-05T04:49:39.967937,investigated_and_resolved
CAS-CSE-ENGY-03-0020690,Tier-1,Tier-2,2026-03-05T13:42:35.043862,investigated_and_resolved
CAS-CSE-ENGY-03-0020691,Tier-1,Tier-2,2026-03-05T15:06:16.568857,investigated_and_resolved
CAS-CSE-ENGY-03-0020701,Tier-1,Tier-2,2026-03-06T00:40:49.262019,investigated_and_resolved
CAS-CSE-ENGY-03-0020702,Tier-1,Tier-2,2026-03-05T23:15:57.474137,investigated_and_resolved
CAS-CSE-ENGY-03-0020704,Tier-1,Tier-2,2026-03-06T05:10:04.665064,investigated_and_resolved
CAS-CSE-ENGY-03-0020715,Tier-1,Tier-2,2026-03-07T01:11:27.490706,investigated_and_resolved
CAS-CSE-ENGY-03-0020717,Tier-1,Tier-2,2026-03-07T06:02:47.472829,investigated_and_resolved
CAS-CSE-ENGY-03-0020720,Tier-1,Tier-2,2026-03-07T07:49:39.591841,investigated_and_resolved
CAS-CSE-ENGY-03-0020727,Tier-1,Tier-2,2026-03-07T15:14:32.264290,investigated_and_resolved
CAS-CSE-ENGY-03-0020728,Tier-1,Tier-2,2026-03-07T15:35:07.039391,investigated_and_resolved
CAS-CSE-ENGY-03-0020731,Tier-1,Tier-2,2026-03-07T18:00:31.578545,investigated_and_resolved
CAS-CSE-ENGY-03-0020735,Tier-1,Tier-2,2026-03-08T01:18:53.902950,investigated_and_resolved
CAS-CSE-ENGY-03-0020740,Tier-1,Tier-2,2026-03-08T09:06:33.675517,investigated_and_resolved
CAS-CSE-ENGY-03-0020748,Tier-1,Tier-2,2026-03-08T20:07:53.812344,investigated_and_resolved
CAS-CSE-ENGY-03-0020755,Tier-1,Tier-2,2026-03-09T09:10:03.361774,investigated_and_resolved
CAS-CSE-ENGY-03-0020758,Tier-1,Tier-2,2026-03-09T10:59:43.270495,investigated_and_resolved
CAS-CSE-ENGY-03-0020759,Tier-1,Tier-2,2026-03-09T09:18:01.841041,investigated_and_resolved
CAS-CSE-ENGY-03-0020782,Tier-1,Tier-2,2026-03-10T22:38:23.043082,investigated_and_resolved
CAS-CSE-ENGY-03-0020794,Tier-1,Tier-2,2026-03-11T10:44:57.689381,investigated_and_resolved
CAS-CSE-ENGY-03-0020796,Tier-1,Tier-2,2026-03-11T13:06:24.333157,investigated_and_resolved
CAS-CSE-ENGY-03-0020799,Tier-1,Tier-2,2026-03-11T17:09:01.795299,investigated_and_resolved
CAS-CSE-ENGY-03-0020803,Tier-1,Tier-2,2026-03-11T23:22:05.447977,investigated_and_resolved
CAS-CSE-ENGY-03-0020806,Tier-1,Tier-2,2026-03-12T01:10:37.929936,investigated_and_resolved
CAS-CSE-ENGY-03-0020813,Tier-1,Tier-2,2026-03-12T20:54:27.199130,investigated_and_resolved
CAS-CSE-ENGY-03-0020818,Tier-1,Tier-2,2026-03-13T07:47:32.017209,investigated_and_resolved
CAS-CSE-ENGY-03-0020820,Tier-1,Tier-2,2026-03-13T07:57:23.291267,investigated_and_resolved
CAS-CSE-ENGY-03-0020825,Tier-1,Tier-2,2026-03-13T18:37:58.854964,investigated_and_resolved
CAS-CSE-ENGY-03-0020826,Tier-1,Tier-2,2026-03-13T19:10:45.357354,investigated_and_resolved
CAS-CSE-ENGY-03-0020830,Tier-1,Tier-2,2026-03-13T21:53:54.944575,investigated_and_resolved
CAS-CSE-ENGY-03-0020842,Tier-1,Tier-2,2026-03-14T13:27:18.831493,investigated_and_resolved
CAS-CSE-ENGY-03-0020845,Tier-1,Tier-2,2026-03-14T18:23:42.857108,investigated_and_resolved
CAS-CSE-ENGY-03-0020849,Tier-1,Tier-2,2026-03-14T18:40:16.691358,investigated_and_resolved
CAS-CSE-ENGY-03-0020850,Tier-1,Tier-2,2026-03-14T20:04:30.613524,investigated_and_resolved
CAS-CSE-ENGY-03-0020851,Tier-1,Tier-2,2026-03-14T22:14:13.321548,investigated_and_resolved
CAS-CSE-ENGY-03-0020858,Tier-1,Tier-2,2026-03-15T01:16:51.241784,investigated_and_resolved
CAS-CSE-ENGY-03-0020868,Tier-1,Tier-2,2026-03-15T19:13:30.921664,investigated_and_resolved
CAS-CSE-ENGY-03-0020872,Tier-1,Tier-2,2026-03-15T22:45:19.515184,investigated_and_resolved
CAS-CSE-ENGY-03-0020876,Tier-1,Tier-2,2026-03-16T05:29:29.406189,investigated_and_resolved
CAS-CSE-ENGY-03-0020877,Tier-1,Tier-2,2026-03-16T05:32:24.716175,investigated_and_resolved
CAS-CSE-ENGY-03-0020878,Tier-1,Tier-2,2026-03-16T08:31:13.380470,investigated_and_resolved
CAS-CSE-ENGY-03-0020881,Tier-1,Tier-2,2026-03-16T10:23:35.618034,investigated_and_resolved
CAS-CSE-ENGY-03-0020882,Tier-1,Tier-2,2026-03-16T10:56:06.804426,investigated_and_resolved
CAS-CSE-ENGY-03-0020894,Tier-1,Tier-2,2026-03-16T23:16:22.823627,investigated_and_resolved
CAS-CSE-ENGY-03-0020895,Tier-1,Tier-2,2026-03-17T00:24:28.164831,investigated_and_resolved
CAS-CSE-ENGY-03-0020908,Tier-1,Tier-2,2026-03-18T00:26:35.138148,investigated_and_resolved
CAS-CSE-ENGY-03-0020917,Tier-1,Tier-2,2026-03-18T11:05:42.337397,investigated_and_resolved
CAS-CSE-ENGY-03-0020918,Tier-1,Tier-2,2026-03-18T13:35:01.325055,investigated_and_resolved
CAS-CSE-ENGY-03-0020921,Tier-1,Tier-2,2026-03-18T13:26:22.349660,investigated_and_resolved
CAS-CSE-ENGY-03-0020925,Tier-1,Tier-2,2026-03-18T15:16:55.046712,investigated_and_resolved
CAS-CSE-ENGY-03-0020926,Tier-1,Tier-2,2026-03-18T16:39:15.002565,investigated_and_resolved
CAS-CSE-ENGY-03-0020930,Tier-1,Tier-2,2026-03-18T22:59:24.779207,investigated_and_resolved
CAS-CSE-ENGY-03-0020946,Tier-1,Tier-2,2026-03-19T23:29:09.171658,investigated_and_resolved
CAS-CSE-ENGY-03-0020947,Tier-1,Tier-2,2026-03-20T02:34:35.667509,investigated_and_resolved
CAS-CSE-ENGY-03-0020948,Tier-1,Tier-2,2026-03-20T03:06:05.824437,investigated_and_resolved
CAS-CSE-ENGY-03-0020953,Tier-1,Tier-2,2026-03-20T12:52:45.899852,investigated_and_resolved
CAS-CSE-ENGY-03-0020955,Tier-1,Tier-2,2026-03-20T12:26:51.218298,investigated_and_resolved
CAS-CSE-ENGY-03-0020958,Tier-1,Tier-2,2026-03-20T18:07:31.456046,investigated_and_resolved
CAS-CSE-ENGY-03-0020959,Tier-1,Tier-2,2026-03-20T18:02:15.336708,investigated_and_resolved
CAS-CSE-ENGY-03-0020962,Tier-1,Tier-2,2026-03-20T20:35:03.048675,investigated_and_resolved
CAS-CSE-ENGY-03-0020963,Tier-1,Tier-2,2026-03-21T00:12:35.911248,investigated_and_resolved
CAS-CSE-ENGY-03-0020969,Tier-1,Tier-2,2026-03-21T11:06:00.767384,investigated_and_resolved
CAS-CSE-ENGY-03-0020972,Tier-1,Tier-2,2026-03-21T14:34:32.800514,investigated_and_resolved
CAS-CSE-ENGY-03-0020980,Tier-1,Tier-2,2026-03-22T04:02:53.796342,investigated_and_resolved
CAS-CSE-ENGY-03-0020985,Tier-1,Tier-2,2026-03-22T11:31:21.352821,investigated_and_resolved
CAS-CSE-ENGY-03-0020990,Tier-1,Tier-2,2026-03-22T16:59:38.561908,investigated_and_resolved
CAS-CSE-ENGY-03-0020993,Tier-1,Tier-2,2026-03-23T00:16:45.982793,investigated_and_resolved
CAS-CSE-ENGY-03-0020995,Tier-1,Tier-2,2026-03-23T01:30:01.607252,investigated_and_resolved
CAS-CSE-ENGY-03-0020996,Tier-1,Tier-2,2026-03-23T03:33:25.069150,investigated_and_resolved
CAS-CSE-ENGY-03-0021000,Tier-1,Tier-2,2026-03-23T09:05:09.849531,investigated_and_resolved
CAS-CSE-ENGY-03-0021001,Tier-1,Tier-2,2026-03-23T10:53:26.527239,investigated_and_resolved
CAS-CSE-ENGY-03-0021009,Tier-1,Tier-2,2026-03-24T02:53:52.287013,investigated_and_resolved
CAS-CSE-ENGY-03-0021012,Tier-1,Tier-2,2026-03-24T11:38:51.925633,investigated_and_resolved
CAS-CSE-ENGY-03-0021018,Tier-1,Tier-2,2026-03-24T15:20:25.876622,investigated_and_resolved
CAS-CSE-ENGY-03-0021019,Tier-1,Tier-2,2026-03-24T15:45:43.677628,investigated_and_resolved
CAS-CSE-ENGY-03-0021020,Tier-1,Tier-2,2026-03-24T16:57:39.893962,investigated_and_resolved
CAS-CSE-ENGY-03-0021028,Tier-1,Tier-2,2026-03-25T00:11:24.569283,investigated_and_resolved
CAS-CSE-ENGY-03-0021031,Tier-1,Tier-2,2026-03-25T04:28:04.803999,investigated_and_resolved
CAS-CSE-ENGY-03-0021038,Tier-1,Tier-2,2026-03-25T13:54:19.509838,investigated_and_resolved
CAS-CSE-ENGY-03-0021040,Tier-1,Tier-2,2026-03-25T14:38:53.232747,investigated_and_resolved
CAS-CSE-ENGY-03-0021047,Tier-1,Tier-2,2026-03-25T22:14:16.950011,investigated_and_resolved
CAS-CSE-ENGY-03-0021049,Tier-1,Tier-2,2026-03-26T02:53:48.126845,investigated_and_resolved
CAS-CSE-ENGY-03-0021054,Tier-1,Tier-2,2026-03-26T14:25:15.338669,investigated_and_resolved
CAS-CSE-ENGY-03-0021055,Tier-1,Tier-2,2026-03-26T14:27:40.570754,investigated_and_resolved
CAS-CSE-ENGY-03-0021059,Tier-1,Tier-2,2026-03-26T21:05:11.595492,investigated_and_resolved
CAS-CSE-ENGY-03-0021075,Tier-1,Tier-2,2026-03-27T16:51:05.122492,investigated_and_resolved
CAS-CSE-ENGY-03-0021082,Tier-1,Tier-2,2026-03-28T12:55:30.588242,investigated_and_resolved
CAS-CSE-ENGY-03-0021084,Tier-1,Tier-2,2026-03-28T14:49:50.986000,investigated_and_resolved
CAS-CSE-ENGY-03-0021085,Tier-1,Tier-2,2026-03-28T17:34:15.880590,investigated_and_resolved
CAS-CSE-ENGY-03-0021098,Tier-1,Tier-2,2026-03-29T07:49:24.287124,investigated_and_resolved
CAS-CSE-ENGY-03-0021103,Tier-1,Tier-2,2026-03-29T10:09:33.300678,investigated_and_resolved
CAS-CSE-ENGY-03-0021107,Tier-1,Tier-2,2026-03-29T18:28:35.453252,investigated_and_resolved
CAS-CSE-ENGY-03-0021109,Tier-1,Tier-2,2026-03-29T17:18:18.205143,investigated_and_resolved
CAS-CSE-ENGY-03-0021110,Tier-1,Tier-2,2026-03-29T18:29:14.570374,investigated_and_resolved
CAS-CSE-ENGY-03-0021118,Tier-1,Tier-2,2026-03-30T05:10:35.094751,investigated_and_resolved
CAS-CSE-ENGY-03-0021122,Tier-1,Tier-2,2026-03-30T10:17:33.483832,investigated_and_resolved
CAS-CSE-ENGY-03-0021128,Tier-1,Tier-2,2026-03-30T20:53:03.494898,investigated_and_resolved
CAS-CSE-ENGY-03-0021132,Tier-1,Tier-2,2026-03-31T08:51:13.176488,investigated_and_resolved
CAS-CSE-ENGY-03-0021133,Tier-1,Tier-2,2026-03-31T10:07:56.005528,investigated_and_resolved
CAS-CSE-ENGY-03-0021136,Tier-1,Tier-2,2026-03-31T12:14:32.967173,investigated_and_resolved
CAS-CSE-ENGY-03-0021139,Tier-1,Tier-2,2026-03-31T15:51:41.962928,investigated_and_resolved
CAS-CSE-ENGY-03-0021140,Tier-1,Tier-2,2026-03-31T16:27:45.323377,investigated_and_resolved
CAS-CSE-ENGY-03-0021142,Tier-1,Tier-2,2026-03-31T17:11:19.486329,investigated_and_resolved
CAS-CSE-ENGY-03-0021145,Tier-1,Tier-2,2026-04-01T00:11:17.668294,investigated_and_resolved
CAS-CSE-ENGY-03-0021146,Tier-1,Tier-2,2026-04-01T02:49:55.940165,investigated_and_resolved
CAS-CSE-ENGY-03-0021147,Tier-1,Tier-2,2026-04-01T01:25:51.825436,investigated_and_resolved
CAS-CSE-ENGY-03-0021149,Tier-1,Tier-2,2026-04-01T03:17:38.115004,investigated_and_resolved
CAS-CSE-ENGY-03-0021152,Tier-1,Tier-2,2026-04-01T07:04:45.116756,investigated_and_resolved
CAS-CSE-ENGY-03-0021155,Tier-1,Tier-2,2026-04-01T08:29:08.166345,investigated_and_resolved
CAS-CSE-ENGY-03-0021158,Tier-1,Tier-2,2026-04-01T16:27:31.567509,investigated_and_resolved
CAS-CSE-ENGY-03-0021160,Tier-1,Tier-2,2026-04-01T21:55:19.821001,investigated_and_resolved
CAS-CSE-ENGY-03-0021161,Tier-1,Tier-2,2026-04-01T23:58:58.743081,investigated_and_resolved
CAS-CSE-ENGY-03-0021175,Tier-1,Tier-2,2026-04-02T14:19:18.163468,investigated_and_resolved
CAS-CSE-ENGY-03-0021180,Tier-1,Tier-2,2026-04-02T16:05:34.732711,investigated_and_resolved
CAS-CSE-ENGY-03-0021181,Tier-1,Tier-2,2026-04-02T15:47:14.399624,investigated_and_resolved
CAS-CSE-ENGY-03-0021185,Tier-1,Tier-2,2026-04-02T18:08:32.092902,investigated_and_resolved
CAS-CSE-ENGY-03-0021186,Tier-1,Tier-2,2026-04-02T22:19:16.403632,investigated_and_resolved
CAS-CSE-ENGY-03-0021187,Tier-1,Tier-2,2026-04-03T00:46:15.540591,investigated_and_resolved
CAS-CSE-ENGY-03-0021195,Tier-1,Tier-2,2026-04-03T10:45:43.925467,investigated_and_resolved
CAS-CSE-ENGY-03-0021204,Tier-1,Tier-2,2026-04-04T05:20:46.709539,investigated_and_resolved
CAS-CSE-ENGY-03-0021206,Tier-1,Tier-2,2026-04-04T10:14:36.371893,investigated_and_resolved
CAS-CSE-ENGY-03-0021214,Tier-1,Tier-2,2026-04-05T01:00:03.188894,investigated_and_resolved
CAS-CSE-ENGY-03-0021223,Tier-1,Tier-2,2026-04-05T11:01:27.640096,investigated_and_resolved
CAS-CSE-ENGY-03-0021226,Tier-1,Tier-2,2026-04-05T14:03:51.802936,investigated_and_resolved
CAS-CSE-ENGY-03-0021227,Tier-1,Tier-2,2026-04-05T14:14:41.019802,investigated_and_resolved
CAS-CSE-ENGY-03-0021228,Tier-1,Tier-2,2026-04-05T15:57:08.385339,investigated_and_resolved
CAS-CSE-ENGY-03-0021234,Tier-1,Tier-2,2026-04-05T22:02:41.294874,investigated_and_resolved
CAS-CSE-ENGY-03-0021235,Tier-1,Tier-2,2026-04-06T00:32:12.481998,investigated_and_resolved
CAS-CSE-ENGY-03-0021247,Tier-1,Tier-2,2026-04-06T11:44:58.151759,investigated_and_resolved
CAS-CSE-ENGY-03-0021251,Tier-1,Tier-2,2026-04-06T13:15:14.448430,investigated_and_resolved
CAS-CSE-ENGY-03-0021252,Tier-1,Tier-2,2026-04-06T13:33:02.510431,investigated_and_resolved
CAS-CSE-ENGY-03-0021255,Tier-1,Tier-2,2026-04-06T21:26:31.878953,investigated_and_resolved
CAS-CSE-ENGY-03-0021265,Tier-1,Tier-2,2026-04-07T07:44:16.329539,investigated_and_resolved
CAS-CSE-ENGY-03-0021268,Tier-1,Tier-2,2026-04-07T16:45:45.081770,investigated_and_resolved
CAS-CSE-ENGY-03-0021269,Tier-1,Tier-2,2026-04-07T16:14:14.129273,investigated_and_resolved
CAS-CSE-ENGY-03-0021271,Tier-1,Tier-2,2026-04-07T18:47:55.080452,investigated_and_resolved
CAS-CSE-ENGY-03-0021272,Tier-1,Tier-2,2026-04-07T19:08:13.968030,investigated_and_resolved
CAS-CSE-ENGY-03-0021274,Tier-1,Tier-2,2026-04-07T21:22:13.786057,investigated_and_resolved
CAS-CSE-ENGY-03-0021275,Tier-1,Tier-2,2026-04-08T00:03:41.831767,investigated_and_resolved
CAS-CSE-ENGY-03-0021277,Tier-1,Tier-2,2026-04-08T01:51:03.559819,investigated_and_resolved
CAS-CSE-ENGY-03-0021285,Tier-1,Tier-2,2026-04-08T10:36:56.117423,investigated_and_resolved
CAS-CSE-ENGY-03-0021303,Tier-1,Tier-2,2026-04-09T06:44:21.322236,investigated_and_resolved
CAS-CSE-ENGY-03-0021310,Tier-1,Tier-2,2026-04-09T17:37:36.474171,investigated_and_resolved
CAS-CSE-ENGY-03-0021325,Tier-1,Tier-2,2026-04-10T17:44:46.925528,investigated_and_resolved
CAS-CSE-ENGY-03-0021329,Tier-1,Tier-2,2026-04-10T23:05:36.123224,investigated_and_resolved
CAS-CSE-ENGY-03-0021330,Tier-1,Tier-2,2026-04-11T01:17:19.383498,investigated_and_resolved
CAS-CSE-ENGY-03-0021331,Tier-1,Tier-2,2026-04-11T02:08:55.681588,investigated_and_resolved
CAS-CSE-ENGY-03-0021334,Tier-1,Tier-2,2026-04-11T10:17:11.164291,investigated_and_resolved
CAS-CSE-ENGY-03-0021342,Tier-1,Tier-2,2026-04-11T23:42:38.721970,investigated_and_resolved
CAS-CSE-ENGY-03-0021352,Tier-1,Tier-2,2026-04-12T16:04:14.597239,investigated_and_resolved
CAS-CSE-ENGY-03-0021360,Tier-1,Tier-2,2026-04-13T04:32:31.166676,investigated_and_resolved
CAS-CSE-ENGY-03-0021364,Tier-1,Tier-2,2026-04-13T07:47:20.103079,investigated_and_resolved
CAS-CSE-ENGY-03-0021366,Tier-1,Tier-2,2026-04-13T12:28:31.575601,investigated_and_resolved
CAS-CSE-ENGY-03-0021375,Tier-1,Tier-2,2026-04-13T23:57:51.822670,investigated_and_resolved
CAS-CSE-ENGY-03-0021376,Tier-1,Tier-2,2026-04-14T00:33:23.955115,investigated_and_resolved
CAS-CSE-ENGY-03-0021382,Tier-1,Tier-2,2026-04-14T12:28:19.440274,investigated_and_resolved
CAS-CSE-ENGY-03-0021390,Tier-1,Tier-2,2026-04-15T01:46:17.784838,investigated_and_resolved
CAS-CSE-ENGY-03-0021391,Tier-1,Tier-2,2026-04-15T03:58:04.846262,investigated_and_resolved
CAS-CSE-ENGY-03-0021394,Tier-1,Tier-2,2026-04-15T07:57:28.488942,investigated_and_resolved
CAS-CSE-ENGY-03-0021397,Tier-1,Tier-2,2026-04-15T12:28:16.390466,investigated_and_resolved
CAS-CSE-ENGY-03-0021398,Tier-1,Tier-2,2026-04-15T14:03:32.277733,investigated_and_resolved
CAS-CSE-ENGY-03-0021401,Tier-1,Tier-2,2026-04-15T14:50:52.773213,investigated_and_resolved
CAS-CSE-ENGY-03-0021405,Tier-1,Tier-2,2026-04-15T20:32:11.382455,investigated_and_resolved
CAS-CSE-ENGY-03-0021414,Tier-1,Tier-2,2026-04-16T08:16:39.795999,investigated_and_resolved
CAS-CSE-ENGY-03-0021425,Tier-1,Tier-2,2026-04-16T23:40:09.866126,investigated_and_resolved
CAS-CSE-ENGY-03-0021427,Tier-1,Tier-2,2026-04-16T23:23:04.026968,investigated_and_resolved
CAS-CSE-ENGY-03-0021428,Tier-1,Tier-2,2026-04-17T02:45:52.924766,investigated_and_resolved
CAS-CSE-ENGY-03-0021429,Tier-1,Tier-2,2026-04-17T00:55:48.708239,investigated_and_resolved
CAS-CSE-ENGY-03-0021441,Tier-1,Tier-2,2026-04-17T17:46:09.661198,investigated_and_resolved
CAS-CSE-ENGY-03-0021442,Tier-1,Tier-2,2026-04-17T17:51:07.716630,investigated_and_resolved
CAS-CSE-ENGY-03-0021443,Tier-1,Tier-2,2026-04-17T17:34:53.601246,investigated_and_resolved
CAS-CSE-ENGY-03-0021446,Tier-1,Tier-2,2026-04-17T20:17:43.378725,investigated_and_resolved
CAS-CSE-ENGY-03-0021455,Tier-1,Tier-2,2026-04-18T10:00:02.482855,investigated_and_resolved
CAS-CSE-ENGY-03-0021456,Tier-1,Tier-2,2026-04-18T10:19:18.751577,investigated_and_resolved
CAS-CSE-ENGY-03-0021458,Tier-1,Tier-2,2026-04-18T11:02:03.656037,investigated_and_resolved
CAS-CSE-ENGY-03-0021459,Tier-1,Tier-2,2026-04-18T13:51:07.282901,investigated_and_resolved
CAS-CSE-ENGY-03-0021464,Tier-1,Tier-2,2026-04-18T17:33:34.828180,investigated_and_resolved
CAS-CSE-ENGY-03-0021473,Tier-1,Tier-2,2026-04-19T01:17:53.366054,investigated_and_resolved
CAS-CSE-ENGY-03-0021475,Tier-1,Tier-2,2026-04-19T02:17:54.907199,investigated_and_resolved
CAS-CSE-ENGY-03-0021476,Tier-1,Tier-2,2026-04-19T02:10:54.510350,investigated_and_resolved
CAS-CSE-ENGY-03-0021496,Tier-1,Tier-2,2026-04-20T11:04:44.704447,investigated_and_resolved
CAS-CSE-ENGY-03-0021497,Tier-1,Tier-2,2026-04-20T12:09:27.848418,investigated_and_resolved
CAS-CSE-ENGY-03-0021510,Tier-1,Tier-2,2026-04-21T08:25:29.833755,investigated_and_resolved
CAS-CSE-ENGY-03-0021515,Tier-1,Tier-2,2026-04-21T17:32:22.255390,investigated_and_resolved
CAS-CSE-ENGY-03-0021520,Tier-1,Tier-2,2026-04-22T01:39:30.276821,investigated_and_resolved
CAS-CSE-ENGY-03-0021523,Tier-1,Tier-2,2026-04-22T04:08:06.035410,investigated_and_resolved
CAS-CSE-ENGY-03-0021530,Tier-1,Tier-2,2026-04-22T17:04:42.834285,investigated_and_resolved
CAS-CSE-ENGY-03-0021534,Tier-1,Tier-2,2026-04-22T18:38:06.170539,investigated_and_resolved
CAS-CSE-ENGY-03-0021545,Tier-1,Tier-2,2026-04-23T19:51:14.223975,investigated_and_resolved
CAS-CSE-ENGY-03-0021550,Tier-1,Tier-2,2026-04-24T06:57:29.719387,investigated_and_resolved
CAS-CSE-ENGY-03-0021555,Tier-1,Tier-2,2026-04-24T10:25:28.117376,investigated_and_resolved
CAS-CSE-ENGY-03-0021560,Tier-1,Tier-2,2026-04-24T15:50:08.054669,investigated_and_resolved
CAS-CSE-ENGY-03-0021563,Tier-1,Tier-2,2026-04-24T19:26:09.824508,investigated_and_resolved
CAS-CSE-ENGY-03-0021569,Tier-1,Tier-2,2026-04-25T08:58:11.731710,investigated_and_resolved
CAS-CSE-ENGY-03-0021570,Tier-1,Tier-2,2026-04-25T10:26:48.173541,investigated_and_resolved
CAS-CSE-ENGY-03-0021574,Tier-1,Tier-2,2026-04-25T15:50:23.143204,investigated_and_resolved
CAS-CSE-ENGY-03-0021584,Tier-1,Tier-2,2026-04-26T09:31:09.613753,investigated_and_resolved
CAS-CSE-ENGY-03-0021585,Tier-1,Tier-2,2026-04-26T12:07:59.950515,investigated_and_resolved
CAS-CSE-ENGY-03-0021590,Tier-1,Tier-2,2026-04-26T23:10:51.264088,investigated_and_resolved
CAS-CSE-ENGY-03-0021592,Tier-1,Tier-2,2026-04-27T03:08:35.014526,investigated_and_resolved
CAS-CSE-ENGY-03-0021604,Tier-1,Tier-2,2026-04-27T15:38:17.096820,investigated_and_resolved
CAS-CSE-ENGY-03-0021607,Tier-1,Tier-2,2026-04-27T18:20:07.864882,investigated_and_resolved
CAS-CSE-ENGY-03-0021610,Tier-1,Tier-2,2026-04-28T06:26:58.952285,investigated_and_resolved
CAS-CSE-ENGY-03-0021622,Tier-1,Tier-2,2026-04-28T18:54:34.030830,investigated_and_resolved
CAS-CSE-ENGY-03-0021624,Tier-1,Tier-2,2026-04-28T20:02:51.981556,investigated_and_resolved
CAS-CSE-ENGY-03-0021626,Tier-1,Tier-2,2026-04-28T21:32:55.954809,investigated_and_resolved
CAS-CSE-ENGY-03-0021629,Tier-1,Tier-2,2026-04-29T08:33:36.277941,investigated_and_resolved
CAS-CSE-ENGY-03-0021632,Tier-1,Tier-2,2026-04-29T11:25:03.519196,investigated_and_resolved
CAS-CSE-ENGY-03-0021636,Tier-1,Tier-2,2026-04-29T23:51:56.880105,investigated_and_resolved
CAS-CSE-ENGY-03-0021641,Tier-1,Tier-2,2026-04-30T12:10:30.045809,investigated_and_resolved
CAS-CSE-ENGY-03-0021644,Tier-1,Tier-2,2026-04-30T15:49:17.052487,investigated_and_resolved
CAS-CSE-ENGY-03-0021647,Tier-1,Tier-2,2026-04-30T20:20:48.546769,investigated_and_resolved
CAS-CSE-ENGY-03-0021659,Tier-1,Tier-2,2026-05-01T14:57:52.071166,investigated_and_resolved
CAS-CSE-ENGY-03-0021663,Tier-1,Tier-2,2026-05-01T18:53:53.788547,investigated_and_resolved
CAS-CSE-ENGY-03-0021664,Tier-1,Tier-2,2026-05-01T19:27:50.721363,investigated_and_resolved
CAS-CSE-ENGY-03-0021668,Tier-1,Tier-2,2026-05-02T00:29:20.762705,investigated_and_resolved
CAS-CSE-ENGY-03-0021674,Tier-1,Tier-2,2026-05-02T09:34:39.464842,investigated_and_resolved
CAS-CSE-ENGY-03-0021676,Tier-1,Tier-2,2026-05-02T11:24:10.647000,investigated_and_resolved
CAS-CSE-ENGY-03-0021681,Tier-1,Tier-2,2026-05-02T22:18:43.780163,investigated_and_resolved
CAS-CSE-ENGY-03-0021683,Tier-1,Tier-2,2026-05-03T01:27:32.784110,investigated_and_resolved
CAS-CSE-ENGY-03-0021687,Tier-1,Tier-2,2026-05-03T08:45:43.337248,investigated_and_resolved
CAS-CSE-ENGY-03-0021693,Tier-1,Tier-2,2026-05-03T20:49:49.634150,investigated_and_resolved
CAS-CSE-ENGY-03-0021699,Tier-1,Tier-2,2026-05-04T04:57:02.164700,investigated_and_resolved
CAS-CSE-ENGY-03-0021700,Tier-1,Tier-2,2026-05-04T04:01:01.861024,investigated_and_resolved
CAS-CSE-ENGY-03-0021708,Tier-1,Tier-2,2026-05-04T14:05:53.988657,investigated_and_resolved
CAS-CSE-ENGY-03-0021720,Tier-1,Tier-2,2026-05-05T03:42:23.070312,investigated_and_resolved
CAS-CSE-ENGY-03-0021724,Tier-1,Tier-2,2026-05-05T12:31:47.556934,investigated_and_resolved
CAS-CSE-ENGY-03-0021729,Tier-1,Tier-2,2026-05-05T14:50:45.090089,investigated_and_resolved
CAS-CSE-ENGY-03-0021731,Tier-1,Tier-2,2026-05-05T17:08:30.403111,investigated_and_resolved
CAS-CSE-ENGY-03-0021735,Tier-1,Tier-2,2026-05-05T19:19:52.289098,investigated_and_resolved
CAS-CSE-ENGY-03-0021738,Tier-1,Tier-2,2026-05-05T21:23:58.531896,investigated_and_resolved
CAS-CSE-ENGY-03-0021740,Tier-1,Tier-2,2026-05-05T23:13:09.991794,investigated_and_resolved
CAS-CSE-ENGY-03-0021742,Tier-1,Tier-2,2026-05-06T00:53:01.659127,investigated_and_resolved
CAS-CSE-ENGY-03-0021745,Tier-1,Tier-2,2026-05-06T02:13:16.485223,investigated_and_resolved
CAS-CSE-ENGY-03-0021749,Tier-1,Tier-2,2026-05-06T09:19:25.371082,investigated_and_resolved
CAS-CSE-ENGY-03-0021754,Tier-1,Tier-2,2026-05-06T17:52:06.111120,investigated_and_resolved
CAS-CSE-ENGY-03-0021757,Tier-1,Tier-2,2026-05-06T18:22:45.627632,investigated_and_resolved
CAS-CSE-ENGY-03-0021769,Tier-1,Tier-2,2026-05-07T15:01:36.195895,investigated_and_resolved
CAS-CSE-ENGY-03-0021770,Tier-1,Tier-2,2026-05-07T17:22:12.648198,investigated_and_resolved
CAS-CSE-ENGY-03-0021771,Tier-1,Tier-2,2026-05-07T18:27:28.118291,investigated_and_resolved
CAS-CSE-ENGY-03-0021773,Tier-1,Tier-2,2026-05-07T19:31:07.201169,investigated_and_resolved
CAS-CSE-ENGY-03-0021776,Tier-1,Tier-2,2026-05-07T23:49:18.950005,investigated_and_resolved
CAS-CSE-ENGY-03-0021778,Tier-1,Tier-2,2026-05-08T01:27:19.527875,investigated_and_resolved
CAS-CSE-ENGY-03-0021784,Tier-1,Tier-2,2026-05-08T11:34:11.303905,investigated_and_resolved
CAS-CSE-ENGY-03-0021785,Tier-1,Tier-2,2026-05-08T11:43:52.180961,investigated_and_resolved
CAS-CSE-ENGY-03-0021790,Tier-1,Tier-2,2026-05-08T20:41:10.760935,investigated_and_resolved
CAS-CSE-ENGY-03-0021791,Tier-1,Tier-2,2026-05-08T20:27:22.300222,investigated_and_resolved
CAS-CSE-ENGY-03-0021795,Tier-1,Tier-2,2026-05-09T00:29:35.219157,investigated_and_resolved
CAS-CSE-ENGY-03-0021801,Tier-1,Tier-2,2026-05-09T09:56:58.783938,investigated_and_resolved
CAS-CSE-ENGY-03-0021803,Tier-1,Tier-2,2026-05-09T09:19:40.824247,investigated_and_resolved
CAS-CSE-ENGY-03-0021806,Tier-1,Tier-2,2026-05-09T12:20:50.484857,investigated_and_resolved
CAS-CSE-ENGY-03-0021818,Tier-1,Tier-2,2026-05-10T13:49:18.428704,investigated_and_resolved
CAS-CSE-ENGY-03-0021823,Tier-1,Tier-2,2026-05-11T05:16:13.574134,investigated_and_resolved
CAS-CSE-ENGY-03-0021842,Tier-1,Tier-2,2026-05-12T01:50:31.347541,investigated_and_resolved
CAS-CSE-ENGY-03-0021846,Tier-1,Tier-2,2026-05-12T11:56:22.727765,investigated_and_resolved
CAS-CSE-ENGY-03-0021849,Tier-1,Tier-2,2026-05-12T16:46:41.603239,investigated_and_resolved
CAS-CSE-ENGY-03-0021857,Tier-1,Tier-2,2026-05-13T05:34:38.376462,investigated_and_resolved
CAS-CSE-ENGY-03-0021862,Tier-1,Tier-2,2026-05-13T18:39:16.301707,investigated_and_resolved
CAS-CSE-ENGY-03-0021868,Tier-1,Tier-2,2026-05-14T00:45:20.706668,investigated_and_resolved
CAS-CSE-ENGY-03-0021872,Tier-1,Tier-2,2026-05-14T05:46:13.980180,investigated_and_resolved
CAS-CSE-ENGY-03-0021873,Tier-1,Tier-2,2026-05-14T08:40:00.496739,investigated_and_resolved
CAS-CSE-ENGY-03-0021875,Tier-1,Tier-2,2026-05-14T11:11:48.433539,investigated_and_resolved
CAS-CSE-ENGY-03-0021877,Tier-1,Tier-2,2026-05-14T11:43:04.759701,investigated_and_resolved
CAS-CSE-ENGY-03-0021879,Tier-1,Tier-2,2026-05-14T18:36:11.671365,investigated_and_resolved
CAS-CSE-ENGY-03-0021889,Tier-1,Tier-2,2026-05-15T08:36:28.255965,investigated_and_resolved
CAS-CSE-ENGY-03-0021890,Tier-1,Tier-2,2026-05-15T14:53:45.100766,investigated_and_resolved
CAS-CSE-ENGY-03-0021893,Tier-1,Tier-2,2026-05-15T19:58:51.839190,investigated_and_resolved
CAS-CSE-ENGY-03-0021894,Tier-1,Tier-2,2026-05-15T20:42:08.370748,investigated_and_resolved
CAS-CSE-ENGY-03-0021901,Tier-1,Tier-2,2026-05-16T02:54:56.052643,investigated_and_resolved
CAS-CSE-ENGY-03-0021902,Tier-1,Tier-2,2026-05-16T03:10:31.197475,investigated_and_resolved
CAS-CSE-ENGY-03-0021906,Tier-1,Tier-2,2026-05-16T05:32:09.401043,investigated_and_resolved
CAS-CSE-ENGY-03-0021909,Tier-1,Tier-2,2026-05-16T13:19:44.340042,investigated_and_resolved
CAS-CSE-ENGY-03-0021930,Tier-1,Tier-2,2026-05-17T13:38:51.761460,investigated_and_resolved
CAS-CSE-ENGY-03-0021942,Tier-1,Tier-2,2026-05-18T07:05:00.711369,investigated_and_resolved
CAS-CSE-ENGY-03-0021945,Tier-1,Tier-2,2026-05-18T12:38:58.230059,investigated_and_resolved
CAS-CSE-ENGY-03-0021948,Tier-1,Tier-2,2026-05-18T16:26:46.600671,investigated_and_resolved
CAS-CSE-ENGY-03-0021955,Tier-1,Tier-2,2026-05-18T18:54:59.238720,investigated_and_resolved
CAS-CSE-ENGY-03-0021960,Tier-1,Tier-2,2026-05-18T23:37:44.572716,investigated_and_resolved
CAS-CSE-ENGY-03-0021962,Tier-1,Tier-2,2026-05-19T01:49:21.646950,investigated_and_resolved
CAS-CSE-ENGY-03-0021963,Tier-1,Tier-2,2026-05-19T01:54:39.082222,investigated_and_resolved
CAS-CSE-ENGY-03-0021964,Tier-1,Tier-2,2026-05-19T05:51:56.422432,investigated_and_resolved
CAS-CSE-ENGY-03-0021975,Tier-1,Tier-2,2026-05-20T01:11:44.346001,investigated_and_resolved
CAS-CSE-ENGY-03-0021978,Tier-1,Tier-2,2026-05-20T02:54:00.535071,investigated_and_resolved
CAS-CSE-ENGY-03-0021986,Tier-1,Tier-2,2026-05-20T14:25:33.049482,investigated_and_resolved
CAS-CSE-ENGY-03-0021988,Tier-1,Tier-2,2026-05-20T19:28:32.273439,investigated_and_resolved
CAS-CSE-ENGY-03-0021991,Tier-1,Tier-2,2026-05-21T03:22:54.390391,investigated_and_resolved
CAS-CSE-ENGY-03-0021992,Tier-1,Tier-2,2026-05-21T07:21:46.195505,investigated_and_resolved
CAS-CSE-ENGY-03-0021998,Tier-1,Tier-2,2026-05-21T12:39:49.565825,investigated_and_resolved
CAS-CSE-ENGY-03-0022018,Tier-1,Tier-2,2026-05-22T17:50:04.349451,investigated_and_resolved
CAS-CSE-ENGY-03-0022020,Tier-1,Tier-2,2026-05-22T20:57:25.066077,investigated_and_resolved
CAS-CSE-ENGY-03-0022027,Tier-1,Tier-2,2026-05-23T15:08:44.664494,investigated_and_resolved
CAS-CSE-ENGY-03-0022029,Tier-1,Tier-2,2026-05-23T18:09:25.124495,investigated_and_resolved
CAS-CSE-ENGY-03-0022031,Tier-1,Tier-2,2026-05-23T18:30:47.341410,investigated_and_resolved
CAS-CSE-ENGY-03-0022034,Tier-1,Tier-2,2026-05-23T20:39:16.606833,investigated_and_resolved
CAS-CSE-ENGY-03-0022041,Tier-1,Tier-2,2026-05-24T02:11:15.919743,investigated_and_resolved
CAS-CSE-ENGY-03-0022044,Tier-1,Tier-2,2026-05-24T04:00:08.985304,investigated_and_resolved
CAS-CSE-ENGY-03-0022045,Tier-1,Tier-2,2026-05-24T06:20:56.033254,investigated_and_resolved
CAS-CSE-ENGY-03-0022059,Tier-1,Tier-2,2026-05-24T19:35:41.106558,investigated_and_resolved
CAS-CSE-ENGY-03-0022063,Tier-1,Tier-2,2026-05-25T05:18:03.633546,investigated_and_resolved
CAS-CSE-ENGY-03-0022085,Tier-1,Tier-2,2026-05-26T10:31:16.569705,investigated_and_resolved
CAS-CSE-ENGY-03-0022091,Tier-1,Tier-2,2026-05-27T00:35:16.417412,investigated_and_resolved
CAS-CSE-ENGY-03-0022093,Tier-1,Tier-2,2026-05-27T07:20:10.425896,investigated_and_resolved
CAS-CSE-ENGY-03-0022098,Tier-1,Tier-2,2026-05-27T17:54:29.631827,investigated_and_resolved
CAS-CSE-ENGY-03-0022102,Tier-1,Tier-2,2026-05-27T22:35:42.319789,investigated_and_resolved
CAS-CSE-ENGY-03-0022104,Tier-1,Tier-2,2026-05-27T23:32:48.344772,investigated_and_resolved
CAS-CSE-ENGY-03-0022106,Tier-1,Tier-2,2026-05-28T04:58:00.458985,investigated_and_resolved
CAS-CSE-ENGY-03-0022108,Tier-1,Tier-2,2026-05-28T08:06:02.247512,investigated_and_resolved
CAS-CSE-ENGY-03-0022110,Tier-1,Tier-2,2026-05-28T10:37:44.651668,investigated_and_resolved
CAS-CSE-ENGY-03-0022113,Tier-1,Tier-2,2026-05-28T14:34:37.428782,investigated_and_resolved
CAS-CSE-ENGY-03-0022118,Tier-1,Tier-2,2026-05-29T00:02:32.755526,investigated_and_resolved
CAS-CSE-ENGY-03-0022126,Tier-1,Tier-2,2026-05-29T09:35:42.916569,investigated_and_resolved
CAS-CSE-ENGY-03-0022133,Tier-1,Tier-2,2026-05-29T16:21:04.129900,investigated_and_resolved
CAS-CSE-ENGY-03-0022149,Tier-1,Tier-2,2026-05-30T16:46:06.505922,investigated_and_resolved
CAS-CSE-ENGY-03-0022154,Tier-1,Tier-2,2026-05-31T08:48:23.737402,investigated_and_resolved
CAS-CSE-ENGY-03-0022157,Tier-1,Tier-2,2026-05-31T08:32:05.550162,investigated_and_resolved
CAS-CSE-ENGY-03-0022161,Tier-1,Tier-2,2026-05-31T13:55:27.632067,investigated_and_resolved
CAS-CSE-ENGY-03-0022162,Tier-1,Tier-2,2026-05-31T17:33:58.887296,investigated_and_resolved
CAS-CSE-ENGY-03-0022169,Tier-1,Tier-2,2026-06-01T00:31:56.123794,investigated_and_resolved
CAS-CSE-ENGY-03-0022170,Tier-1,Tier-2,2026-06-01T00:38:02.509442,investigated_and_resolved
CAS-CSE-ENGY-03-0022176,Tier-1,Tier-2,2026-06-01T14:34:25.908533,investigated_and_resolved
CAS-CSE-ENGY-03-0022180,Tier-1,Tier-2,2026-06-02T00:17:37.058036,investigated_and_resolved
CAS-CSE-ENGY-03-0022181,Tier-1,Tier-2,2026-06-02T01:38:44.619294,investigated_and_resolved
CAS-CSE-ENGY-03-0022183,Tier-1,Tier-2,2026-06-02T01:28:48.627687,investigated_and_resolved
CAS-CSE-ENGY-03-0022186,Tier-1,Tier-2,2026-06-02T10:39:03.625252,investigated_and_resolved
CAS-CSE-ENGY-03-0022190,Tier-1,Tier-2,2026-06-02T18:29:10.428607,investigated_and_resolved
CAS-CSE-ENGY-03-0022193,Tier-1,Tier-2,2026-06-02T22:09:10.744717,investigated_and_resolved
CAS-CSE-ENGY-03-0022194,Tier-1,Tier-2,2026-06-02T21:52:59.719630,investigated_and_resolved
CAS-CSE-ENGY-03-0022212,Tier-1,Tier-2,2026-06-04T03:18:21.685456,investigated_and_resolved
CAS-CSE-ENGY-03-0022214,Tier-1,Tier-2,2026-06-04T08:31:53.185712,investigated_and_resolved
CAS-CSE-ENGY-03-0022223,Tier-1,Tier-2,2026-06-04T22:22:43.995253,investigated_and_resolved
CAS-CSE-ENGY-03-0022224,Tier-1,Tier-2,2026-06-05T00:38:05.936329,investigated_and_resolved
CAS-CSE-ENGY-03-0022226,Tier-1,Tier-2,2026-06-05T03:24:45.293650,investigated_and_resolved
CAS-CSE-ENGY-03-0022247,Tier-1,Tier-2,2026-06-06T16:07:49.010105,investigated_and_resolved
CAS-CSE-ENGY-03-0022250,Tier-1,Tier-2,2026-06-06T18:39:15.684999,investigated_and_resolved
CAS-CSE-ENGY-03-0022251,Tier-1,Tier-2,2026-06-06T19:17:33.992217,investigated_and_resolved
CAS-CSE-ENGY-03-0022257,Tier-1,Tier-2,2026-06-07T00:51:56.195569,investigated_and_resolved
CAS-CSE-ENGY-03-0022260,Tier-1,Tier-2,2026-06-07T06:31:09.263895,investigated_and_resolved
CAS-CSE-ENGY-03-0022261,Tier-1,Tier-2,2026-06-07T07:55:51.903633,investigated_and_resolved
CAS-CSE-ENGY-03-0022268,Tier-1,Tier-2,2026-06-07T15:05:41.883204,investigated_and_resolved
CAS-CSE-ENGY-03-0022269,Tier-1,Tier-2,2026-06-07T17:34:38.091903,investigated_and_resolved
CAS-CSE-ENGY-03-0022274,Tier-1,Tier-2,2026-06-08T04:27:18.933891,investigated_and_resolved
CAS-CSE-ENGY-03-0022279,Tier-1,Tier-2,2026-06-08T08:37:44.398394,investigated_and_resolved
CAS-CSE-ENGY-03-0022288,Tier-1,Tier-2,2026-06-08T20:04:05.099891,investigated_and_resolved
CAS-CSE-ENGY-03-0022290,Tier-1,Tier-2,2026-06-08T23:27:10.920947,investigated_and_resolved
CAS-CSE-ENGY-03-0022298,Tier-1,Tier-2,2026-06-09T07:19:32.780588,investigated_and_resolved
CAS-CSE-ENGY-03-0022299,Tier-1,Tier-2,2026-06-09T14:26:03.366618,investigated_and_resolved
CAS-CSE-ENGY-03-0022303,Tier-1,Tier-2,2026-06-09T20:41:01.608695,investigated_and_resolved
CAS-CSE-ENGY-03-0022308,Tier-1,Tier-2,2026-06-10T01:39:52.751402,investigated_and_resolved
CAS-CSE-ENGY-03-0022314,Tier-1,Tier-2,2026-06-10T05:13:47.391742,investigated_and_resolved
CAS-CSE-ENGY-03-0022318,Tier-1,Tier-2,2026-06-10T11:25:57.198417,investigated_and_resolved
CAS-CSE-ENGY-03-0022321,Tier-1,Tier-2,2026-06-10T13:19:20.044607,investigated_and_resolved
CAS-CSE-ENGY-03-0022322,Tier-1,Tier-2,2026-06-10T15:30:25.043598,investigated_and_resolved
CAS-CSE-ENGY-03-0022323,Tier-1,Tier-2,2026-06-10T19:52:59.815930,investigated_and_resolved
CAS-CSE-ENGY-03-0022331,Tier-1,Tier-2,2026-06-11T02:10:49.666828,investigated_and_resolved
CAS-CSE-ENGY-03-0022334,Tier-1,Tier-2,2026-06-11T07:45:03.114437,investigated_and_resolved
CAS-CSE-ENGY-03-0022337,Tier-1,Tier-2,2026-06-11T08:46:17.324012,investigated_and_resolved
CAS-CSE-ENGY-03-0022338,Tier-1,Tier-2,2026-06-11T09:55:35.715402,investigated_and_resolved
CAS-CSE-ENGY-03-0022341,Tier-1,Tier-2,2026-06-11T13:41:43.831011,investigated_and_resolved
CAS-CSE-ENGY-03-0022343,Tier-1,Tier-2,2026-06-11T15:40:15.610384,investigated_and_resolved
CAS-CSE-ENGY-03-0022356,Tier-1,Tier-2,2026-06-12T17:31:33.648979,investigated_and_resolved
CAS-CSE-ENGY-03-0022357,Tier-1,Tier-2,2026-06-12T15:16:23.397738,investigated_and_resolved
CAS-CSE-ENGY-03-0022360,Tier-1,Tier-2,2026-06-12T21:25:10.401144,investigated_and_resolved
CAS-CSE-ENGY-03-0022363,Tier-1,Tier-2,2026-06-12T23:49:16.373565,investigated_and_resolved
CAS-CSE-ENGY-03-0022365,Tier-1,Tier-2,2026-06-13T01:37:56.067346,investigated_and_resolved
CAS-CSE-ENGY-03-0022366,Tier-1,Tier-2,2026-06-13T02:00:21.576390,investigated_and_resolved
CAS-CSE-ENGY-03-0022367,Tier-1,Tier-2,2026-06-13T07:00:02.164294,investigated_and_resolved
CAS-CSE-ENGY-03-0022369,Tier-1,Tier-2,2026-06-13T12:01:13.124217,investigated_and_resolved
CAS-CSE-ENGY-03-0022371,Tier-1,Tier-2,2026-06-13T11:02:32.116106,investigated_and_resolved
CAS-CSE-ENGY-03-0022373,Tier-1,Tier-2,2026-06-13T18:59:23.020465,investigated_and_resolved
CAS-CSE-ENGY-03-0022374,Tier-1,Tier-2,2026-06-13T20:22:00.088056,investigated_and_resolved
CAS-CSE-ENGY-03-0022375,Tier-1,Tier-2,2026-06-13T20:26:06.941810,investigated_and_resolved
CAS-CSE-ENGY-03-0022376,Tier-1,Tier-2,2026-06-13T20:45:29.140385,investigated_and_resolved
CAS-CSE-ENGY-03-0022379,Tier-1,Tier-2,2026-06-13T22:54:53.976753,investigated_and_resolved
CAS-CSE-ENGY-03-0022381,Tier-1,Tier-2,2026-06-14T01:11:36.492591,investigated_and_resolved
CAS-CSE-ENGY-03-0022382,Tier-1,Tier-2,2026-06-14T01:01:29.050207,investigated_and_resolved
CAS-CSE-ENGY-03-0022387,Tier-1,Tier-2,2026-06-14T11:08:03.609127,investigated_and_resolved
CAS-CSE-ENGY-03-0022391,Tier-1,Tier-2,2026-06-14T20:04:43.086542,investigated_and_resolved
CAS-CSE-ENGY-03-0022397,Tier-1,Tier-2,2026-06-15T01:12:32.442665,investigated_and_resolved
CAS-CSE-ENGY-03-0022423,Tier-1,Tier-2,2026-06-17T05:40:18.388281,investigated_and_resolved
CAS-CSE-ENGY-03-0022427,Tier-1,Tier-2,2026-06-17T11:44:21.842108,investigated_and_resolved
CAS-CSE-ENGY-03-0022432,Tier-1,Tier-2,2026-06-17T20:23:51.130331,investigated_and_resolved
CAS-CSE-ENGY-03-0022446,Tier-1,Tier-2,2026-06-18T18:51:56.774209,investigated_and_resolved
CAS-CSE-ENGY-03-0022450,Tier-1,Tier-2,2026-06-18T23:19:36.021811,investigated_and_resolved
CAS-CSE-ENGY-03-0022452,Tier-1,Tier-2,2026-06-19T04:41:19.086672,investigated_and_resolved
CAS-CSE-ENGY-03-0022455,Tier-1,Tier-2,2026-06-19T12:55:34.773375,investigated_and_resolved
CAS-CSE-ENGY-03-0022456,Tier-1,Tier-2,2026-06-19T14:37:24.092998,investigated_and_resolved
CAS-CSE-ENGY-03-0022457,Tier-1,Tier-2,2026-06-19T18:40:32.679595,investigated_and_resolved
CAS-CSE-ENGY-03-0022459,Tier-1,Tier-2,2026-06-19T19:29:49.413409,investigated_and_resolved
CAS-CSE-ENGY-03-0022460,Tier-1,Tier-2,2026-06-19T19:57:44.099067,investigated_and_resolved
CAS-CSE-ENGY-03-0022468,Tier-1,Tier-2,2026-06-20T16:49:46.091337,investigated_and_resolved
CAS-CSE-ENGY-03-0022472,Tier-1,Tier-2,2026-06-20T20:16:21.684000,investigated_and_resolved
CAS-CSE-ENGY-03-0022483,Tier-1,Tier-2,2026-06-21T12:09:25.703849,investigated_and_resolved
CAS-CSE-ENGY-03-0022493,Tier-1,Tier-2,2026-06-22T00:02:21.398422,investigated_and_resolved
CAS-CSE-ENGY-03-0022500,Tier-1,Tier-2,2026-06-22T07:57:52.362261,investigated_and_resolved
CAS-CSE-ENGY-03-0022505,Tier-1,Tier-2,2026-06-22T10:52:51.294923,investigated_and_resolved
CAS-CSE-ENGY-03-0022510,Tier-1,Tier-2,2026-06-22T19:27:31.827359,investigated_and_resolved
CAS-CSE-ENGY-03-0022521,Tier-1,Tier-2,2026-06-23T10:13:16.841944,investigated_and_resolved
CAS-CSE-ENGY-03-0022530,Tier-1,Tier-2,2026-06-24T01:52:57.880586,investigated_and_resolved
CAS-CSE-ENGY-03-0022531,Tier-1,Tier-2,2026-06-24T04:34:30.901246,investigated_and_resolved
CAS-CSE-ENGY-03-0022546,Tier-1,Tier-2,2026-06-25T01:45:54.182461,investigated_and_resolved
CAS-CSE-ENGY-03-0022547,Tier-1,Tier-2,2026-06-25T01:28:41.827890,investigated_and_resolved
CAS-CSE-ENGY-03-0022549,Tier-1,Tier-2,2026-06-25T04:36:54.021227,investigated_and_resolved
CAS-CSE-ENGY-03-0022550,Tier-1,Tier-2,2026-06-25T04:49:34.875611,investigated_and_resolved
CAS-CSE-ENGY-03-0022552,Tier-1,Tier-2,2026-06-25T09:37:54.489014,investigated_and_resolved
CAS-CSE-ENGY-03-0022553,Tier-1,Tier-2,2026-06-25T12:08:40.568505,investigated_and_resolved
CAS-CSE-ENGY-03-0022556,Tier-1,Tier-2,2026-06-25T17:04:45.589525,investigated_and_resolved
CAS-CSE-ENGY-03-0022566,Tier-1,Tier-2,2026-06-25T23:27:22.386845,investigated_and_resolved
CAS-CSE-ENGY-03-0022570,Tier-1,Tier-2,2026-06-26T08:20:19.524718,investigated_and_resolved
CAS-CSE-ENGY-03-0022576,Tier-1,Tier-2,2026-06-26T22:09:28.706877,investigated_and_resolved
CAS-CSE-ENGY-03-0022579,Tier-1,Tier-2,2026-06-27T03:53:49.359521,investigated_and_resolved
CAS-CSE-ENGY-03-0022590,Tier-1,Tier-2,2026-06-27T12:57:14.094236,investigated_and_resolved
CAS-CSE-ENGY-03-0022601,Tier-1,Tier-2,2026-06-28T04:28:06.640716,investigated_and_resolved
CAS-CSE-ENGY-03-0022613,Tier-1,Tier-2,2026-06-29T03:07:39.065093,investigated_and_resolved
CAS-CSE-ENGY-03-0022619,Tier-1,Tier-2,2026-06-29T13:30:01.828049,investigated_and_resolved
CAS-CSE-ENGY-03-0022623,Tier-1,Tier-2,2026-06-29T16:02:13.599816,investigated_and_resolved
CAS-CSE-ENGY-03-0022635,Tier-1,Tier-2,2026-06-30T15:33:16.402636,investigated_and_resolved
CAS-CSE-ENGY-03-0022636,Tier-1,Tier-2,2026-06-30T17:33:54.494852,investigated_and_resolved
CAS-CSE-ENGY-03-0022647,Tier-1,Tier-2,2026-07-01T15:02:48.035216,investigated_and_resolved
CAS-CSE-ENGY-03-0022648,Tier-1,Tier-2,2026-07-01T17:46:41.974158,investigated_and_resolved
CAS-CSE-ENGY-03-0022656,Tier-1,Tier-2,2026-07-02T02:15:20.445275,investigated_and_resolved
CAS-CSE-ENGY-03-0022660,Tier-1,Tier-2,2026-07-02T14:28:36.330717,investigated_and_resolved
CAS-CSE-ENGY-03-0022665,Tier-1,Tier-2,2026-07-03T02:01:24.423106,investigated_and_resolved
CAS-CSE-ENGY-03-0022666,Tier-1,Tier-2,2026-07-03T05:21:02.114383,investigated_and_resolved
CAS-CSE-ENGY-03-0022667,Tier-1,Tier-2,2026-07-03T07:15:29.495454,investigated_and_resolved
CAS-CSE-ENGY-03-0022671,Tier-1,Tier-2,2026-07-03T11:05:46.360761,investigated_and_resolved
CAS-CSE-ENGY-03-0022678,Tier-1,Tier-2,2026-07-03T16:15:56.949701,investigated_and_resolved
CAS-CSE-ENGY-03-0022684,Tier-1,Tier-2,2026-07-03T18:24:56.746466,investigated_and_resolved
CAS-CSE-ENGY-03-0022687,Tier-1,Tier-2,2026-07-03T22:33:17.595348,investigated_and_resolved
CAS-CSE-ENGY-03-0022690,Tier-1,Tier-2,2026-07-03T23:53:04.969271,investigated_and_resolved
CAS-CSE-ENGY-03-0022696,Tier-1,Tier-2,2026-07-04T05:34:46.350704,investigated_and_resolved
CAS-CSE-ENGY-03-0022701,Tier-1,Tier-2,2026-07-04T18:59:04.051777,investigated_and_resolved
CAS-CSE-ENGY-03-0022702,Tier-1,Tier-2,2026-07-05T03:13:41.184890,investigated_and_resolved
CAS-CSE-ENGY-03-0022703,Tier-1,Tier-2,2026-07-05T04:07:28.919672,investigated_and_resolved
CAS-CSE-ENGY-03-0022706,Tier-1,Tier-2,2026-07-05T07:40:11.352690,investigated_and_resolved
CAS-CSE-ENGY-03-0022711,Tier-1,Tier-2,2026-07-05T11:54:58.749304,investigated_and_resolved
CAS-CSE-ENGY-03-0022717,Tier-1,Tier-2,2026-07-06T01:45:14.142645,investigated_and_resolved
CAS-CSE-ENGY-03-0022720,Tier-1,Tier-2,2026-07-06T04:18:28.684005,investigated_and_resolved
CAS-CSE-ENGY-03-0022724,Tier-1,Tier-2,2026-07-06T14:11:27.727142,investigated_and_resolved
CAS-CSE-ENGY-03-0022725,Tier-1,Tier-2,2026-07-06T15:10:47.087803,investigated_and_resolved
CAS-CSE-ENGY-03-0022729,Tier-1,Tier-2,2026-07-06T21:47:38.075989,investigated_and_resolved
CAS-CSE-ENGY-03-0022734,Tier-1,Tier-2,2026-07-07T10:39:25.149959,investigated_and_resolved
CAS-CSE-ENGY-03-0022737,Tier-1,Tier-2,2026-07-07T17:00:37.991424,investigated_and_resolved
CAS-CSE-ENGY-03-0022740,Tier-1,Tier-2,2026-07-07T21:35:06.981300,investigated_and_resolved
CAS-CSE-ENGY-03-0022742,Tier-1,Tier-2,2026-07-08T00:57:10.708392,investigated_and_resolved
CAS-CSE-ENGY-03-0022747,Tier-1,Tier-2,2026-07-08T07:01:57.344132,investigated_and_resolved
CAS-CSE-ENGY-03-0022750,Tier-1,Tier-2,2026-07-08T10:46:22.685584,investigated_and_resolved
CAS-CSE-ENGY-03-0022754,Tier-1,Tier-2,2026-07-08T18:11:48.957655,investigated_and_resolved
CAS-CSE-ENGY-03-0022760,Tier-1,Tier-2,2026-07-09T06:02:55.145573,investigated_and_resolved
CAS-CSE-ENGY-03-0022761,Tier-1,Tier-2,2026-07-09T09:56:20.647093,investigated_and_resolved
CAS-CSE-ENGY-03-0022763,Tier-1,Tier-2,2026-07-09T12:41:47.561522,investigated_and_resolved
CAS-CSE-ENGY-03-0022782,Tier-1,Tier-2,2026-07-10T21:19:53.782453,investigated_and_resolved
CAS-CSE-ENGY-03-0022786,Tier-1,Tier-2,2026-07-11T03:08:47.380384,investigated_and_resolved
CAS-CSE-ENGY-03-0022792,Tier-1,Tier-2,2026-07-11T15:10:18.943000,investigated_and_resolved
CAS-CSE-ENGY-03-0022796,Tier-1,Tier-2,2026-07-11T20:33:54.998958,investigated_and_resolved
CAS-CSE-ENGY-03-0022797,Tier-1,Tier-2,2026-07-12T00:21:04.522945,investigated_and_resolved
CAS-CSE-ENGY-03-0022802,Tier-1,Tier-2,2026-07-12T05:11:40.380711,investigated_and_resolved
CAS-CSE-ENGY-03-0022803,Tier-1,Tier-2,2026-07-12T08:12:48.848436,investigated_and_resolved
CAS-CSE-ENGY-03-0022804,Tier-1,Tier-2,2026-07-12T08:14:07.579424,investigated_and_resolved
CAS-CSE-ENGY-03-0022808,Tier-1,Tier-2,2026-07-12T13:14:18.415214,investigated_and_resolved
CAS-CSE-ENGY-03-0022819,Tier-1,Tier-2,2026-07-13T04:26:18.890078,investigated_and_resolved
CAS-CSE-ENGY-03-0022825,Tier-1,Tier-2,2026-07-13T10:35:30.494503,investigated_and_resolved
CAS-CSE-ENGY-03-0022827,Tier-1,Tier-2,2026-07-13T15:19:53.735626,investigated_and_resolved
CAS-CSE-ENGY-03-0022831,Tier-1,Tier-2,2026-07-13T17:12:59.554449,investigated_and_resolved
CAS-CSE-ENGY-03-0022832,Tier-1,Tier-2,2026-07-13T18:17:40.290654,investigated_and_resolved
CAS-CSE-ENGY-03-0022844,Tier-1,Tier-2,2026-07-14T14:55:50.137910,investigated_and_resolved
CAS-CSE-ENGY-03-0022851,Tier-1,Tier-2,2026-07-15T08:00:52.740039,investigated_and_resolved
CAS-CSE-ENGY-03-0022854,Tier-1,Tier-2,2026-07-15T10:13:56.464042,investigated_and_resolved
CAS-CSE-ENGY-03-0022855,Tier-1,Tier-2,2026-07-15T10:12:14.827968,investigated_and_resolved
CAS-CSE-ENGY-03-0022858,Tier-1,Tier-2,2026-07-15T13:53:44.759899,investigated_and_resolved
CAS-CSE-ENGY-03-0022864,Tier-1,Tier-2,2026-07-15T22:41:00.638522,investigated_and_resolved
CAS-CSE-ENGY-03-0022868,Tier-1,Tier-2,2026-07-16T08:19:59.075370,investigated_and_resolved
CAS-CSE-ENGY-03-0022870,Tier-1,Tier-2,2026-07-16T11:58:43.845421,investigated_and_resolved
CAS-CSE-ENGY-03-0022885,Tier-1,Tier-2,2026-07-17T04:44:32.690439,investigated_and_resolved
CAS-CSE-ENGY-03-0022889,Tier-1,Tier-2,2026-07-17T10:07:00.449121,investigated_and_resolved
CAS-CSE-ENGY-03-0022893,Tier-1,Tier-2,2026-07-17T20:23:14.121543,investigated_and_resolved
CAS-CSE-ENGY-03-0022896,Tier-1,Tier-2,2026-07-17T22:39:01.056313,investigated_and_resolved
CAS-CSE-ENGY-03-0022899,Tier-1,Tier-2,2026-07-18T02:04:30.696209,investigated_and_resolved
CAS-CSE-ENGY-03-0022901,Tier-1,Tier-2,2026-07-18T05:02:26.570742,investigated_and_resolved
CAS-CSE-ENGY-03-0022903,Tier-1,Tier-2,2026-07-18T09:42:22.122572,investigated_and_resolved
CAS-CSE-ENGY-03-0022912,Tier-1,Tier-2,2026-07-18T21:45:33.941089,investigated_and_resolved
CAS-CSE-ENGY-03-0022915,Tier-1,Tier-2,2026-07-19T03:43:34.816241,investigated_and_resolved
CAS-CSE-ENGY-03-0022918,Tier-1,Tier-2,2026-07-19T06:30:48.066045,investigated_and_resolved
CAS-CSE-ENGY-03-0022919,Tier-1,Tier-2,2026-07-19T07:31:54.879630,investigated_and_resolved
CAS-CSE-ENGY-03-0022923,Tier-1,Tier-2,2026-07-19T11:25:32.634170,investigated_and_resolved
CAS-CSE-ENGY-03-0022941,Tier-1,Tier-2,2026-07-21T04:02:28.757789,investigated_and_resolved
CAS-CSE-ENGY-03-0022952,Tier-1,Tier-2,2026-07-21T16:49:23.117827,investigated_and_resolved
CAS-CSE-ENGY-03-0022953,Tier-1,Tier-2,2026-07-21T16:56:56.661990,investigated_and_resolved
CAS-CSE-ENGY-03-0022965,Tier-1,Tier-2,2026-07-22T08:51:48.499778,investigated_and_resolved
CAS-CSE-ENGY-03-0022968,Tier-1,Tier-2,2026-07-22T10:19:48.187341,investigated_and_resolved
CAS-CSE-ENGY-03-0022971,Tier-1,Tier-2,2026-07-22T12:08:52.303004,investigated_and_resolved
CAS-CSE-ENGY-03-0022987,Tier-1,Tier-2,2026-07-23T05:03:16.078693,investigated_and_resolved
CAS-CSE-ENGY-03-0022989,Tier-1,Tier-2,2026-07-23T06:42:36.304301,investigated_and_resolved
CAS-CSE-ENGY-03-0023000,Tier-1,Tier-2,2026-07-23T22:30:35.604234,investigated_and_resolved
CAS-CSE-ENGY-03-0023002,Tier-1,Tier-2,2026-07-23T23:01:29.518154,investigated_and_resolved
CAS-CSE-ENGY-03-0023004,Tier-1,Tier-2,2026-07-24T03:08:09.970783,investigated_and_resolved
CAS-CSE-ENGY-03-0023013,Tier-1,Tier-2,2026-07-24T12:04:45.136431,investigated_and_resolved
CAS-CSE-ENGY-03-0023015,Tier-1,Tier-2,2026-07-24T15:57:22.945933,investigated_and_resolved
CAS-CSE-ENGY-03-0023018,Tier-1,Tier-2,2026-07-24T22:56:01.759331,investigated_and_resolved
CAS-CSE-ENGY-03-0023029,Tier-1,Tier-2,2026-07-25T15:54:19.840273,investigated_and_resolved
CAS-CSE-ENGY-03-0023031,Tier-1,Tier-2,2026-07-25T16:59:10.616470,investigated_and_resolved
CAS-CSE-ENGY-03-0023032,Tier-1,Tier-2,2026-07-25T19:20:35.503753,investigated_and_resolved
CAS-CSE-ENGY-03-0023033,Tier-1,Tier-2,2026-07-25T18:40:08.787592,investigated_and_resolved
CAS-CSE-ENGY-03-0023035,Tier-1,Tier-2,2026-07-25T20:42:39.807244,investigated_and_resolved
CAS-CSE-ENGY-03-0023039,Tier-1,Tier-2,2026-07-26T00:58:48.922949,investigated_and_resolved
CAS-CSE-ENGY-03-0023053,Tier-1,Tier-2,2026-07-26T21:40:16.969121,investigated_and_resolved
CAS-CSE-ENGY-03-0023057,Tier-1,Tier-2,2026-07-27T01:44:58.280456,investigated_and_resolved
CAS-CSE-ENGY-03-0023059,Tier-1,Tier-2,2026-07-27T04:16:22.508954,investigated_and_resolved
CAS-CSE-ENGY-03-0023061,Tier-1,Tier-2,2026-07-27T06:44:50.527480,investigated_and_resolved
CAS-CSE-ENGY-03-0023064,Tier-1,Tier-2,2026-07-27T07:31:17.750599,investigated_and_resolved
CAS-CSE-ENGY-03-0023065,Tier-1,Tier-2,2026-07-27T07:30:36.050100,investigated_and_resolved
CAS-CSE-ENGY-03-0023075,Tier-1,Tier-2,2026-07-27T16:57:49.016271,investigated_and_resolved
CAS-CSE-ENGY-03-0023087,Tier-1,Tier-2,2026-07-28T12:50:42.336313,investigated_and_resolved
CAS-CSE-ENGY-03-0023092,Tier-1,Tier-2,2026-07-28T15:19:15.724325,investigated_and_resolved
CAS-CSE-ENGY-03-0023094,Tier-1,Tier-2,2026-07-28T17:23:28.050160,investigated_and_resolved
CAS-CSE-ENGY-03-0023109,Tier-1,Tier-2,2026-07-29T12:36:05.563541,investigated_and_resolved
CAS-CSE-ENGY-03-0023114,Tier-1,Tier-2,2026-07-29T15:54:57.516244,investigated_and_resolved
CAS-CSE-ENGY-03-0023122,Tier-1,Tier-2,2026-07-29T23:08:30.835366,investigated_and_resolved
CAS-CSE-ENGY-03-0023123,Tier-1,Tier-2,2026-07-29T22:24:15.177982,investigated_and_resolved
CAS-CSE-ENGY-03-0023141,Tier-1,Tier-2,2026-07-31T07:07:02.299307,investigated_and_resolved
CAS-CSE-ENGY-03-0023147,Tier-1,Tier-2,2026-07-31T13:44:24.382129,investigated_and_resolved
CAS-CSE-ENGY-03-0023157,Tier-1,Tier-2,2026-08-01T01:40:00.788894,investigated_and_resolved
CAS-CSE-ENGY-03-0023159,Tier-1,Tier-2,2026-08-01T01:45:38.054783,investigated_and_resolved
CAS-CSE-ENGY-03-0023160,Tier-1,Tier-2,2026-08-01T01:38:56.008002,investigated_and_resolved
CAS-CSE-ENGY-03-0023178,Tier-1,Tier-2,2026-08-02T05:02:41.975221,investigated_and_resolved
CAS-CSE-ENGY-03-0023181,Tier-1,Tier-2,2026-08-02T12:00:36.217993,investigated_and_resolved
CAS-CSE-ENGY-03-0023184,Tier-1,Tier-2,2026-08-02T11:18:41.986495,investigated_and_resolved
CAS-CSE-ENGY-03-0023185,Tier-1,Tier-2,2026-08-02T17:04:17.993219,investigated_and_resolved
CAS-CSE-ENGY-03-0023189,Tier-1,Tier-2,2026-08-02T23:26:53.298408,investigated_and_resolved
CAS-CSE-ENGY-03-0023201,Tier-1,Tier-2,2026-08-03T20:25:56.983082,investigated_and_resolved
CAS-CSE-ENGY-03-0023205,Tier-1,Tier-2,2026-08-03T23:13:01.975028,investigated_and_resolved
CAS-CSE-ENGY-03-0023213,Tier-1,Tier-2,2026-08-04T11:07:22.120585,investigated_and_resolved
CAS-CSE-ENGY-03-0023215,Tier-1,Tier-2,2026-08-04T11:40:55.419962,investigated_and_resolved
CAS-CSE-ENGY-03-0023216,Tier-1,Tier-2,2026-08-04T11:56:34.616280,investigated_and_resolved
CAS-CSE-ENGY-03-0023217,Tier-1,Tier-2,2026-08-04T13:35:42.692042,investigated_and_resolved
CAS-CSE-ENGY-03-0023219,Tier-1,Tier-2,2026-08-04T19:52:20.625915,investigated_and_resolved
CAS-CSE-ENGY-03-0023221,Tier-1,Tier-2,2026-08-04T20:45:10.724779,investigated_and_resolved
CAS-CSE-ENGY-03-0023224,Tier-1,Tier-2,2026-08-05T01:06:02.752371,investigated_and_resolved
CAS-CSE-ENGY-03-0023226,Tier-1,Tier-2,2026-08-05T06:33:12.041206,investigated_and_resolved
CAS-CSE-ENGY-03-0023229,Tier-1,Tier-2,2026-08-05T16:40:15.003560,investigated_and_resolved
CAS-CSE-ENGY-03-0023230,Tier-1,Tier-2,2026-08-05T20:21:34.488671,investigated_and_resolved
CAS-CSE-ENGY-03-0023231,Tier-1,Tier-2,2026-08-05T22:02:55.925450,investigated_and_resolved
CAS-CSE-ENGY-03-0023232,Tier-1,Tier-2,2026-08-06T01:44:51.264647,investigated_and_resolved
CAS-CSE-ENGY-03-0023236,Tier-1,Tier-2,2026-08-06T06:41:25.778053,investigated_and_resolved
CAS-CSE-ENGY-03-0023251,Tier-1,Tier-2,2026-08-07T04:12:38.771866,investigated_and_resolved
CAS-CSE-ENGY-03-0023253,Tier-1,Tier-2,2026-08-07T09:45:59.940219,investigated_and_resolved
CAS-CSE-ENGY-03-0023265,Tier-1,Tier-2,2026-08-08T04:06:26.096930,investigated_and_resolved
CAS-CSE-ENGY-03-0023268,Tier-1,Tier-2,2026-08-08T08:02:55.187468,investigated_and_resolved
CAS-CSE-ENGY-03-0023270,Tier-1,Tier-2,2026-08-08T14:47:17.946533,investigated_and_resolved
CAS-CSE-ENGY-03-0023277,Tier-1,Tier-2,2026-08-08T20:15:29.921950,investigated_and_resolved
CAS-CSE-ENGY-03-0023280,Tier-1,Tier-2,2026-08-09T00:16:10.246744,investigated_and_resolved
CAS-CSE-ENGY-03-0023284,Tier-1,Tier-2,2026-08-09T06:10:11.091327,investigated_and_resolved
CAS-CSE-ENGY-03-0023288,Tier-1,Tier-2,2026-08-09T19:16:03.623975,investigated_and_resolved
CAS-CSE-ENGY-03-0023291,Tier-1,Tier-2,2026-08-09T23:32:50.256022,investigated_and_resolved
CAS-CSE-ENGY-03-0023294,Tier-1,Tier-2,2026-08-10T03:35:59.380756,investigated_and_resolved
CAS-CSE-ENGY-03-0023308,Tier-1,Tier-2,2026-08-10T19:12:11.308010,investigated_and_resolved
CAS-CSE-ENGY-03-0023320,Tier-1,Tier-2,2026-08-11T15:19:43.826503,investigated_and_resolved
CAS-CSE-ENGY-03-0023321,Tier-1,Tier-2,2026-08-11T13:30:00.113575,investigated_and_resolved
CAS-CSE-ENGY-03-0023324,Tier-1,Tier-2,2026-08-11T16:11:04.267190,investigated_and_resolved
CAS-CSE-ENGY-03-0023332,Tier-1,Tier-2,2026-08-11T22:38:55.828800,investigated_and_resolved
CAS-CSE-ENGY-03-0023341,Tier-1,Tier-2,2026-08-12T11:06:59.364262,investigated_and_resolved
CAS-CSE-ENGY-03-0023344,Tier-1,Tier-2,2026-08-12T17:40:14.551676,investigated_and_resolved
CAS-CSE-ENGY-03-0023355,Tier-1,Tier-2,2026-08-13T23:08:11.734254,investigated_and_resolved
CAS-CSE-ENGY-03-0023358,Tier-1,Tier-2,2026-08-14T02:53:45.048791,investigated_and_resolved
CAS-CSE-ENGY-03-0023362,Tier-1,Tier-2,2026-08-14T07:07:03.383997,investigated_and_resolved
CAS-CSE-ENGY-03-0023363,Tier-1,Tier-2,2026-08-14T08:50:06.844110,investigated_and_resolved
CAS-CSE-ENGY-03-0023365,Tier-1,Tier-2,2026-08-14T15:31:44.450082,investigated_and_resolved
CAS-CSE-ENGY-03-0023372,Tier-1,Tier-2,2026-08-15T02:24:07.380593,investigated_and_resolved
CAS-CSE-ENGY-03-0023374,Tier-1,Tier-2,2026-08-15T04:01:55.052504,investigated_and_resolved
CAS-CSE-ENGY-03-0023377,Tier-1,Tier-2,2026-08-15T10:49:01.964851,investigated_and_resolved
CAS-CSE-ENGY-03-0023379,Tier-1,Tier-2,2026-08-15T12:51:05.512874,investigated_and_resolved
CAS-CSE-ENGY-03-0023380,Tier-1,Tier-2,2026-08-15T12:40:24.720030,investigated_and_resolved
CAS-CSE-ENGY-03-0023383,Tier-1,Tier-2,2026-08-15T15:00:37.637072,investigated_and_resolved
CAS-CSE-ENGY-03-0023391,Tier-1,Tier-2,2026-08-16T08:39:50.078050,investigated_and_resolved
CAS-CSE-ENGY-03-0023402,Tier-1,Tier-2,2026-08-17T02:31:13.105686,investigated_and_resolved
CAS-CSE-ENGY-03-0023404,Tier-1,Tier-2,2026-08-17T03:34:56.635412,investigated_and_resolved
CAS-CSE-ENGY-03-0023406,Tier-1,Tier-2,2026-08-17T05:42:53.844362,investigated_and_resolved
CAS-CSE-ENGY-03-0023409,Tier-1,Tier-2,2026-08-17T09:46:28.326244,investigated_and_resolved
CAS-CSE-ENGY-03-0023420,Tier-1,Tier-2,2026-08-17T18:31:15.683956,investigated_and_resolved
CAS-CSE-ENGY-03-0023421,Tier-1,Tier-2,2026-08-17T21:13:10.340404,investigated_and_resolved
CAS-CSE-ENGY-03-0023429,Tier-1,Tier-2,2026-08-18T07:22:14.642461,investigated_and_resolved
CAS-CSE-ENGY-03-0023437,Tier-1,Tier-2,2026-08-18T14:56:59.650234,investigated_and_resolved
CAS-CSE-ENGY-03-0023438,Tier-1,Tier-2,2026-08-18T16:29:36.413697,investigated_and_resolved
CAS-CSE-ENGY-03-0023449,Tier-1,Tier-2,2026-08-19T09:48:47.408963,investigated_and_resolved
CAS-CSE-ENGY-03-0023451,Tier-1,Tier-2,2026-08-19T11:18:57.508364,investigated_and_resolved
CAS-CSE-ENGY-03-0023454,Tier-1,Tier-2,2026-08-19T18:50:17.342910,investigated_and_resolved
CAS-CSE-ENGY-03-0023457,Tier-1,Tier-2,2026-08-19T22:52:30.264795,investigated_and_resolved
CAS-CSE-ENGY-03-0023463,Tier-1,Tier-2,2026-08-20T11:43:50.450934,investigated_and_resolved
CAS-CSE-ENGY-03-0023474,Tier-1,Tier-2,2026-08-20T22:23:38.568972,investigated_and_resolved
CAS-CSE-ENGY-03-0023475,Tier-1,Tier-2,2026-08-20T22:07:12.430192,investigated_and_resolved
CAS-CSE-ENGY-03-0023482,Tier-1,Tier-2,2026-08-21T12:05:54.706521,investigated_and_resolved
CAS-CSE-ENGY-03-0023486,Tier-1,Tier-2,2026-08-21T18:50:55.756730,investigated_and_resolved
CAS-CSE-ENGY-03-0023489,Tier-1,Tier-2,2026-08-22T00:11:58.102045,investigated_and_resolved
CAS-CSE-ENGY-03-0023490,Tier-1,Tier-2,2026-08-22T02:34:30.678514,investigated_and_resolved
CAS-CSE-ENGY-03-0023495,Tier-1,Tier-2,2026-08-22T06:23:16.048105,investigated_and_resolved
CAS-CSE-ENGY-03-0023499,Tier-1,Tier-2,2026-08-22T14:30:47.970955,investigated_and_resolved
CAS-CSE-ENGY-03-0023509,Tier-1,Tier-2,2026-08-23T04:51:57.999191,investigated_and_resolved
CAS-CSE-ENGY-03-0023520,Tier-1,Tier-2,2026-08-23T17:13:51.810114,investigated_and_resolved
CAS-CSE-ENGY-03-0023523,Tier-1,Tier-2,2026-08-23T17:40:03.298029,investigated_and_resolved
CAS-CSE-ENGY-03-0023526,Tier-1,Tier-2,2026-08-23T20:42:18.962093,investigated_and_resolved
CAS-CSE-ENGY-03-0023528,Tier-1,Tier-2,2026-08-23T21:19:29.848288,investigated_and_resolved
CAS-CSE-ENGY-03-0023529,Tier-1,Tier-2,2026-08-24T00:56:49.685835,investigated_and_resolved
CAS-CSE-ENGY-03-0023533,Tier-1,Tier-2,2026-08-24T04:16:30.057833,investigated_and_resolved
CAS-CSE-ENGY-03-0023541,Tier-1,Tier-2,2026-08-24T13:04:39.356014,investigated_and_resolved
CAS-CSE-ENGY-03-0023545,Tier-1,Tier-2,2026-08-24T15:22:11.865944,investigated_and_resolved
CAS-CSE-ENGY-03-0023550,Tier-1,Tier-2,2026-08-24T23:11:26.724870,investigated_and_resolved
CAS-CSE-ENGY-03-0023560,Tier-1,Tier-2,2026-08-25T20:21:08.129181,investigated_and_resolved
CAS-CSE-ENGY-03-0023563,Tier-1,Tier-2,2026-08-26T00:36:00.075933,investigated_and_resolved
CAS-CSE-ENGY-03-0023564,Tier-1,Tier-2,2026-08-26T03:35:16.039287,investigated_and_resolved
CAS-CSE-ENGY-03-0023566,Tier-1,Tier-2,2026-08-26T04:26:53.093174,investigated_and_resolved
CAS-CSE-ENGY-03-0023567,Tier-1,Tier-2,2026-08-26T06:20:31.849776,investigated_and_resolved
CAS-CSE-ENGY-03-0023569,Tier-1,Tier-2,2026-08-26T06:15:47.901598,investigated_and_resolved
CAS-CSE-ENGY-03-0023572,Tier-1,Tier-2,2026-08-26T09:17:07.970123,investigated_and_resolved
CAS-CSE-ENGY-03-0023592,Tier-1,Tier-2,2026-08-27T15:47:17.348026,investigated_and_resolved
CAS-CSE-ENGY-03-0023595,Tier-1,Tier-2,2026-08-27T18:13:56.956132,investigated_and_resolved
CAS-CSE-ENGY-03-0023598,Tier-1,Tier-2,2026-08-27T22:57:12.404259,investigated_and_resolved
CAS-CSE-ENGY-04-0023610,Tier-1,Tier-2,2026-03-02T06:36:20.980420,investigated_and_resolved
CAS-CSE-ENGY-04-0023615,Tier-1,Tier-2,2026-03-02T17:32:21.882528,investigated_and_resolved
CAS-CSE-ENGY-04-0023617,Tier-1,Tier-2,2026-03-02T19:24:26.831763,investigated_and_resolved
CAS-CSE-ENGY-04-0023619,Tier-1,Tier-2,2026-03-02T21:24:28.437394,investigated_and_resolved
CAS-CSE-ENGY-04-0023627,Tier-1,Tier-2,2026-03-03T09:19:21.567882,investigated_and_resolved
CAS-CSE-ENGY-04-0023631,Tier-1,Tier-2,2026-03-04T00:53:31.193979,investigated_and_resolved
CAS-CSE-ENGY-04-0023633,Tier-1,Tier-2,2026-03-04T01:50:58.058476,investigated_and_resolved
CAS-CSE-ENGY-04-0023649,Tier-1,Tier-2,2026-03-05T02:32:22.595615,investigated_and_resolved
CAS-CSE-ENGY-04-0023650,Tier-1,Tier-2,2026-03-05T02:45:10.347371,investigated_and_resolved
CAS-CSE-ENGY-04-0023653,Tier-1,Tier-2,2026-03-05T14:45:11.582935,investigated_and_resolved
CAS-CSE-ENGY-04-0023654,Tier-1,Tier-2,2026-03-05T19:51:03.151562,investigated_and_resolved
CAS-CSE-ENGY-04-0023661,Tier-1,Tier-2,2026-03-06T17:03:27.091805,investigated_and_resolved
CAS-CSE-ENGY-04-0023674,Tier-1,Tier-2,2026-03-07T16:24:44.046810,investigated_and_resolved
CAS-CSE-ENGY-04-0023678,Tier-1,Tier-2,2026-03-08T11:15:51.743368,investigated_and_resolved
CAS-CSE-ENGY-04-0023689,Tier-1,Tier-2,2026-03-08T23:59:08.925107,investigated_and_resolved
CAS-CSE-ENGY-04-0023693,Tier-1,Tier-2,2026-03-09T05:37:30.906363,investigated_and_resolved
CAS-CSE-ENGY-04-0023701,Tier-1,Tier-2,2026-03-09T18:51:04.373608,investigated_and_resolved
CAS-CSE-ENGY-04-0023708,Tier-1,Tier-2,2026-03-10T09:46:23.463939,investigated_and_resolved
CAS-CSE-ENGY-04-0023714,Tier-1,Tier-2,2026-03-11T03:50:08.062698,investigated_and_resolved
CAS-CSE-ENGY-04-0023720,Tier-1,Tier-2,2026-03-11T13:38:43.630176,investigated_and_resolved
CAS-CSE-ENGY-04-0023725,Tier-1,Tier-2,2026-03-11T21:03:08.261907,investigated_and_resolved
CAS-CSE-ENGY-04-0023736,Tier-1,Tier-2,2026-03-13T06:12:03.787948,investigated_and_resolved
CAS-CSE-ENGY-04-0023741,Tier-1,Tier-2,2026-03-13T22:18:19.303138,investigated_and_resolved
CAS-CSE-ENGY-04-0023743,Tier-1,Tier-2,2026-03-14T04:41:54.404956,investigated_and_resolved
CAS-CSE-ENGY-04-0023749,Tier-1,Tier-2,2026-03-14T23:00:47.774023,investigated_and_resolved
CAS-CSE-ENGY-04-0023754,Tier-1,Tier-2,2026-03-15T04:43:13.854325,investigated_and_resolved
CAS-CSE-ENGY-04-0023762,Tier-1,Tier-2,2026-03-16T00:13:12.270449,investigated_and_resolved
CAS-CSE-ENGY-04-0023763,Tier-1,Tier-2,2026-03-16T04:12:33.706406,investigated_and_resolved
CAS-CSE-ENGY-04-0023765,Tier-1,Tier-2,2026-03-16T08:02:27.610212,investigated_and_resolved
CAS-CSE-ENGY-04-0023766,Tier-1,Tier-2,2026-03-16T09:39:00.813411,investigated_and_resolved
CAS-CSE-ENGY-04-0023768,Tier-1,Tier-2,2026-03-16T18:13:03.464675,investigated_and_resolved
CAS-CSE-ENGY-04-0023779,Tier-1,Tier-2,2026-03-17T22:37:13.466632,investigated_and_resolved
CAS-CSE-ENGY-04-0023786,Tier-1,Tier-2,2026-03-18T06:18:40.399827,investigated_and_resolved
CAS-CSE-ENGY-04-0023790,Tier-1,Tier-2,2026-03-18T08:23:49.683339,investigated_and_resolved
CAS-CSE-ENGY-04-0023795,Tier-1,Tier-2,2026-03-18T19:13:02.500737,investigated_and_resolved
CAS-CSE-ENGY-04-0023796,Tier-1,Tier-2,2026-03-18T22:01:10.476786,investigated_and_resolved
CAS-CSE-ENGY-04-0023799,Tier-1,Tier-2,2026-03-19T01:03:52.854641,investigated_and_resolved
CAS-CSE-ENGY-04-0023800,Tier-1,Tier-2,2026-03-19T00:25:40.292736,investigated_and_resolved
CAS-CSE-ENGY-04-0023801,Tier-1,Tier-2,2026-03-19T03:19:50.242030,investigated_and_resolved
CAS-CSE-ENGY-04-0023803,Tier-1,Tier-2,2026-03-19T09:28:58.834918,investigated_and_resolved
CAS-CSE-ENGY-04-0023804,Tier-1,Tier-2,2026-03-19T12:39:20.027192,investigated_and_resolved
CAS-CSE-ENGY-04-0023831,Tier-1,Tier-2,2026-03-21T12:10:01.544289,investigated_and_resolved
CAS-CSE-ENGY-04-0023838,Tier-1,Tier-2,2026-03-22T02:10:56.131908,investigated_and_resolved
CAS-CSE-ENGY-04-0023843,Tier-1,Tier-2,2026-03-22T15:15:49.610464,investigated_and_resolved
CAS-CSE-ENGY-04-0023847,Tier-1,Tier-2,2026-03-22T21:53:27.163016,investigated_and_resolved
CAS-CSE-ENGY-04-0023853,Tier-1,Tier-2,2026-03-23T13:00:28.176532,investigated_and_resolved
CAS-CSE-ENGY-04-0023858,Tier-1,Tier-2,2026-03-23T20:43:16.309130,investigated_and_resolved
CAS-CSE-ENGY-04-0023860,Tier-1,Tier-2,2026-03-23T23:08:03.103663,investigated_and_resolved
CAS-CSE-ENGY-04-0023862,Tier-1,Tier-2,2026-03-24T05:03:29.989243,investigated_and_resolved
CAS-CSE-ENGY-04-0023870,Tier-1,Tier-2,2026-03-24T16:45:55.881081,investigated_and_resolved
CAS-CSE-ENGY-04-0023874,Tier-1,Tier-2,2026-03-24T20:31:44.781778,investigated_and_resolved
CAS-CSE-ENGY-04-0023880,Tier-1,Tier-2,2026-03-25T07:08:15.079696,investigated_and_resolved
CAS-CSE-ENGY-04-0023884,Tier-1,Tier-2,2026-03-25T11:13:45.722210,investigated_and_resolved
CAS-CSE-ENGY-04-0023888,Tier-1,Tier-2,2026-03-25T23:33:34.837616,investigated_and_resolved
CAS-CSE-ENGY-04-0023898,Tier-1,Tier-2,2026-03-26T15:21:51.388373,investigated_and_resolved
CAS-CSE-ENGY-04-0023903,Tier-1,Tier-2,2026-03-27T02:31:30.352071,investigated_and_resolved
CAS-CSE-ENGY-04-0023906,Tier-1,Tier-2,2026-03-27T06:17:14.439661,investigated_and_resolved
CAS-CSE-ENGY-04-0023920,Tier-1,Tier-2,2026-03-28T20:32:32.310066,investigated_and_resolved
CAS-CSE-ENGY-04-0023926,Tier-1,Tier-2,2026-03-29T15:25:51.045414,investigated_and_resolved
CAS-CSE-ENGY-04-0023950,Tier-1,Tier-2,2026-03-31T16:14:31.325000,investigated_and_resolved
CAS-CSE-ENGY-04-0023954,Tier-1,Tier-2,2026-04-01T02:14:27.721867,investigated_and_resolved
CAS-CSE-ENGY-04-0023955,Tier-1,Tier-2,2026-04-01T05:41:48.322051,investigated_and_resolved
CAS-CSE-ENGY-04-0023961,Tier-1,Tier-2,2026-04-01T11:27:33.453981,investigated_and_resolved
CAS-CSE-ENGY-04-0023966,Tier-1,Tier-2,2026-04-01T15:25:13.367453,investigated_and_resolved
CAS-CSE-ENGY-04-0023967,Tier-1,Tier-2,2026-04-02T01:53:12.712073,investigated_and_resolved
CAS-CSE-ENGY-04-0023972,Tier-1,Tier-2,2026-04-02T22:57:24.127262,investigated_and_resolved
CAS-CSE-ENGY-04-0023973,Tier-1,Tier-2,2026-04-03T01:22:47.350502,investigated_and_resolved
CAS-CSE-ENGY-04-0023975,Tier-1,Tier-2,2026-04-03T06:51:11.127770,investigated_and_resolved
CAS-CSE-ENGY-04-0023983,Tier-1,Tier-2,2026-04-03T22:41:48.658070,investigated_and_resolved
CAS-CSE-ENGY-04-0023988,Tier-1,Tier-2,2026-04-04T04:08:12.391428,investigated_and_resolved
CAS-CSE-ENGY-04-0024006,Tier-1,Tier-2,2026-04-05T14:07:11.965385,investigated_and_resolved
CAS-CSE-ENGY-04-0024018,Tier-1,Tier-2,2026-04-06T23:41:59.872689,investigated_and_resolved
CAS-CSE-ENGY-04-0024019,Tier-1,Tier-2,2026-04-06T22:44:56.743715,investigated_and_resolved
CAS-CSE-ENGY-04-0024020,Tier-1,Tier-2,2026-04-06T23:44:06.796353,investigated_and_resolved
CAS-CSE-ENGY-04-0024028,Tier-1,Tier-2,2026-04-07T12:57:10.274073,investigated_and_resolved
CAS-CSE-ENGY-04-0024029,Tier-1,Tier-2,2026-04-07T17:29:22.906951,investigated_and_resolved
CAS-CSE-ENGY-04-0024035,Tier-1,Tier-2,2026-04-08T02:08:31.763668,investigated_and_resolved
CAS-CSE-ENGY-04-0024040,Tier-1,Tier-2,2026-04-08T10:47:30.188642,investigated_and_resolved
CAS-CSE-ENGY-04-0024047,Tier-1,Tier-2,2026-04-09T05:53:39.114256,investigated_and_resolved
CAS-CSE-ENGY-04-0024053,Tier-1,Tier-2,2026-04-10T08:08:16.339858,investigated_and_resolved
CAS-CSE-ENGY-04-0024054,Tier-1,Tier-2,2026-04-10T08:45:27.546404,investigated_and_resolved
CAS-CSE-ENGY-04-0024064,Tier-1,Tier-2,2026-04-11T09:49:13.934798,investigated_and_resolved
CAS-CSE-ENGY-04-0024069,Tier-1,Tier-2,2026-04-12T00:34:00.108233,investigated_and_resolved
CAS-CSE-ENGY-04-0024074,Tier-1,Tier-2,2026-04-12T11:55:27.784562,investigated_and_resolved
CAS-CSE-ENGY-04-0024076,Tier-1,Tier-2,2026-04-12T12:20:10.463793,investigated_and_resolved
CAS-CSE-ENGY-04-0024080,Tier-1,Tier-2,2026-04-12T17:17:42.299314,investigated_and_resolved
CAS-CSE-ENGY-04-0024084,Tier-1,Tier-2,2026-04-12T23:59:37.468374,investigated_and_resolved
CAS-CSE-ENGY-04-0024085,Tier-1,Tier-2,2026-04-12T23:34:24.374131,investigated_and_resolved
CAS-CSE-ENGY-04-0024091,Tier-1,Tier-2,2026-04-13T08:47:25.565424,investigated_and_resolved
CAS-CSE-ENGY-04-0024092,Tier-1,Tier-2,2026-04-13T16:00:24.988119,investigated_and_resolved
CAS-CSE-ENGY-04-0024098,Tier-1,Tier-2,2026-04-14T03:08:41.496576,investigated_and_resolved
CAS-CSE-ENGY-04-0024105,Tier-1,Tier-2,2026-04-14T13:44:41.311977,investigated_and_resolved
CAS-CSE-ENGY-04-0024113,Tier-1,Tier-2,2026-04-15T18:49:07.566295,investigated_and_resolved
CAS-CSE-ENGY-04-0024132,Tier-1,Tier-2,2026-04-17T03:11:41.682317,investigated_and_resolved
CAS-CSE-ENGY-04-0024136,Tier-1,Tier-2,2026-04-17T14:22:11.939165,investigated_and_resolved
CAS-CSE-ENGY-04-0024149,Tier-1,Tier-2,2026-04-18T07:22:34.235128,investigated_and_resolved
CAS-CSE-ENGY-04-0024153,Tier-1,Tier-2,2026-04-18T16:53:47.337007,investigated_and_resolved
CAS-CSE-ENGY-04-0024156,Tier-1,Tier-2,2026-04-18T19:46:16.676102,investigated_and_resolved
CAS-CSE-ENGY-04-0024157,Tier-1,Tier-2,2026-04-18T23:20:59.665734,investigated_and_resolved
CAS-CSE-ENGY-04-0024160,Tier-1,Tier-2,2026-04-19T16:45:57.634610,investigated_and_resolved
CAS-CSE-ENGY-04-0024162,Tier-1,Tier-2,2026-04-19T22:08:40.995631,investigated_and_resolved
CAS-CSE-ENGY-04-0024164,Tier-1,Tier-2,2026-04-19T23:45:36.045622,investigated_and_resolved
CAS-CSE-ENGY-04-0024172,Tier-1,Tier-2,2026-04-20T18:46:03.969029,investigated_and_resolved
CAS-CSE-ENGY-04-0024199,Tier-1,Tier-2,2026-04-22T15:47:58.446383,investigated_and_resolved
CAS-CSE-ENGY-04-0024201,Tier-1,Tier-2,2026-04-23T01:05:12.486015,investigated_and_resolved
CAS-CSE-ENGY-04-0024203,Tier-1,Tier-2,2026-04-23T04:04:11.134871,investigated_and_resolved
CAS-CSE-ENGY-04-0024209,Tier-1,Tier-2,2026-04-23T10:03:29.237924,investigated_and_resolved
CAS-CSE-ENGY-04-0024213,Tier-1,Tier-2,2026-04-24T00:21:37.314522,investigated_and_resolved
CAS-CSE-ENGY-04-0024221,Tier-1,Tier-2,2026-04-24T09:55:25.722980,investigated_and_resolved
CAS-CSE-ENGY-04-0024222,Tier-1,Tier-2,2026-04-24T09:35:28.121780,investigated_and_resolved
CAS-CSE-ENGY-04-0024225,Tier-1,Tier-2,2026-04-24T16:29:24.141238,investigated_and_resolved
CAS-CSE-ENGY-04-0024232,Tier-1,Tier-2,2026-04-25T10:50:11.375620,investigated_and_resolved
CAS-CSE-ENGY-04-0024238,Tier-1,Tier-2,2026-04-26T00:15:54.413420,investigated_and_resolved
CAS-CSE-ENGY-04-0024242,Tier-1,Tier-2,2026-04-26T03:30:14.251669,investigated_and_resolved
CAS-CSE-ENGY-04-0024243,Tier-1,Tier-2,2026-04-26T06:45:25.223396,investigated_and_resolved
CAS-CSE-ENGY-04-0024245,Tier-1,Tier-2,2026-04-26T05:52:39.615591,investigated_and_resolved
CAS-CSE-ENGY-04-0024246,Tier-1,Tier-2,2026-04-26T13:19:50.213046,investigated_and_resolved
CAS-CSE-ENGY-04-0024249,Tier-1,Tier-2,2026-04-26T13:20:39.763452,investigated_and_resolved
CAS-CSE-ENGY-04-0024257,Tier-1,Tier-2,2026-04-27T08:42:43.808690,investigated_and_resolved
CAS-CSE-ENGY-04-0024264,Tier-1,Tier-2,2026-04-27T13:07:18.009789,investigated_and_resolved
CAS-CSE-ENGY-04-0024274,Tier-1,Tier-2,2026-04-28T03:05:59.050259,investigated_and_resolved
CAS-CSE-ENGY-04-0024275,Tier-1,Tier-2,2026-04-28T06:35:41.181781,investigated_and_resolved
CAS-CSE-ENGY-04-0024276,Tier-1,Tier-2,2026-04-28T08:21:56.221573,investigated_and_resolved
CAS-CSE-ENGY-04-0024290,Tier-1,Tier-2,2026-04-29T03:23:48.107224,investigated_and_resolved
CAS-CSE-ENGY-04-0024294,Tier-1,Tier-2,2026-04-29T13:06:51.234573,investigated_and_resolved
CAS-CSE-ENGY-04-0024295,Tier-1,Tier-2,2026-04-29T12:43:29.278543,investigated_and_resolved
CAS-CSE-ENGY-04-0024302,Tier-1,Tier-2,2026-04-30T18:05:40.316232,investigated_and_resolved
CAS-CSE-ENGY-04-0024303,Tier-1,Tier-2,2026-04-30T20:42:43.905992,investigated_and_resolved
CAS-CSE-ENGY-04-0024307,Tier-1,Tier-2,2026-05-01T08:44:04.537350,investigated_and_resolved
CAS-CSE-ENGY-04-0024308,Tier-1,Tier-2,2026-05-01T13:44:05.831235,investigated_and_resolved
CAS-CSE-ENGY-04-0024313,Tier-1,Tier-2,2026-05-02T07:15:08.684506,investigated_and_resolved
CAS-CSE-ENGY-04-0024314,Tier-1,Tier-2,2026-05-02T09:06:37.423084,investigated_and_resolved
CAS-CSE-ENGY-04-0024332,Tier-1,Tier-2,2026-05-03T13:17:53.623762,investigated_and_resolved
CAS-CSE-ENGY-04-0024335,Tier-1,Tier-2,2026-05-03T18:19:59.932464,investigated_and_resolved
CAS-CSE-ENGY-04-0024340,Tier-1,Tier-2,2026-05-04T10:09:06.126307,investigated_and_resolved
CAS-CSE-ENGY-04-0024350,Tier-1,Tier-2,2026-05-05T02:01:11.132036,investigated_and_resolved
CAS-CSE-ENGY-04-0024353,Tier-1,Tier-2,2026-05-05T07:26:02.030384,investigated_and_resolved
CAS-CSE-ENGY-04-0024358,Tier-1,Tier-2,2026-05-05T13:34:44.019588,investigated_and_resolved
CAS-CSE-ENGY-04-0024362,Tier-1,Tier-2,2026-05-05T20:13:13.022487,investigated_and_resolved
CAS-CSE-ENGY-04-0024380,Tier-1,Tier-2,2026-05-07T22:58:51.098832,investigated_and_resolved
CAS-CSE-ENGY-04-0024382,Tier-1,Tier-2,2026-05-07T22:21:51.800100,investigated_and_resolved
CAS-CSE-ENGY-04-0024393,Tier-1,Tier-2,2026-05-08T18:02:24.978256,investigated_and_resolved
CAS-CSE-ENGY-04-0024400,Tier-1,Tier-2,2026-05-09T10:19:48.582679,investigated_and_resolved
CAS-CSE-ENGY-04-0024405,Tier-1,Tier-2,2026-05-09T13:00:47.813907,investigated_and_resolved
CAS-CSE-ENGY-04-0024413,Tier-1,Tier-2,2026-05-10T02:26:01.821588,investigated_and_resolved
CAS-CSE-ENGY-04-0024436,Tier-1,Tier-2,2026-05-12T21:01:00.517992,investigated_and_resolved
CAS-CSE-ENGY-04-0024441,Tier-1,Tier-2,2026-05-12T23:24:28.009024,investigated_and_resolved
CAS-CSE-ENGY-04-0024454,Tier-1,Tier-2,2026-05-14T03:39:22.724342,investigated_and_resolved
CAS-CSE-ENGY-04-0024464,Tier-1,Tier-2,2026-05-15T01:28:45.744182,investigated_and_resolved
CAS-CSE-ENGY-04-0024466,Tier-1,Tier-2,2026-05-15T01:19:50.058293,investigated_and_resolved
CAS-CSE-ENGY-04-0024467,Tier-1,Tier-2,2026-05-15T01:56:32.980507,investigated_and_resolved
CAS-CSE-ENGY-04-0024471,Tier-1,Tier-2,2026-05-15T10:54:38.748013,investigated_and_resolved
CAS-CSE-ENGY-04-0024473,Tier-1,Tier-2,2026-05-15T11:16:55.691283,investigated_and_resolved
CAS-CSE-ENGY-04-0024484,Tier-1,Tier-2,2026-05-16T04:41:49.395369,investigated_and_resolved
CAS-CSE-ENGY-04-0024495,Tier-1,Tier-2,2026-05-17T05:17:42.675076,investigated_and_resolved
CAS-CSE-ENGY-04-0024499,Tier-1,Tier-2,2026-05-17T12:55:37.571386,investigated_and_resolved
CAS-CSE-ENGY-04-0024502,Tier-1,Tier-2,2026-05-17T20:58:09.105363,investigated_and_resolved
CAS-CSE-ENGY-04-0024503,Tier-1,Tier-2,2026-05-17T22:08:31.781262,investigated_and_resolved
CAS-CSE-ENGY-04-0024511,Tier-1,Tier-2,2026-05-18T09:37:57.287545,investigated_and_resolved
CAS-CSE-ENGY-04-0024513,Tier-1,Tier-2,2026-05-18T13:24:49.101106,investigated_and_resolved
CAS-CSE-ENGY-04-0024514,Tier-1,Tier-2,2026-05-18T12:55:53.675668,investigated_and_resolved
CAS-CSE-ENGY-04-0024517,Tier-1,Tier-2,2026-05-19T03:35:05.360021,investigated_and_resolved
CAS-CSE-ENGY-04-0024519,Tier-1,Tier-2,2026-05-19T17:42:43.288855,investigated_and_resolved
CAS-CSE-ENGY-04-0024520,Tier-1,Tier-2,2026-05-19T20:24:25.655489,investigated_and_resolved
CAS-CSE-ENGY-04-0024529,Tier-1,Tier-2,2026-05-21T10:25:49.924522,investigated_and_resolved
CAS-CSE-ENGY-04-0024530,Tier-1,Tier-2,2026-05-21T13:16:31.115110,investigated_and_resolved
CAS-CSE-ENGY-04-0024536,Tier-1,Tier-2,2026-05-21T19:13:11.498776,investigated_and_resolved
CAS-CSE-ENGY-04-0024540,Tier-1,Tier-2,2026-05-22T06:56:24.117339,investigated_and_resolved
CAS-CSE-ENGY-04-0024542,Tier-1,Tier-2,2026-05-22T11:47:25.457051,investigated_and_resolved
CAS-CSE-ENGY-04-0024544,Tier-1,Tier-2,2026-05-22T14:10:55.919714,investigated_and_resolved
CAS-CSE-ENGY-04-0024549,Tier-1,Tier-2,2026-05-22T16:39:10.175563,investigated_and_resolved
CAS-CSE-ENGY-04-0024551,Tier-1,Tier-2,2026-05-23T05:08:16.674526,investigated_and_resolved
CAS-CSE-ENGY-04-0024557,Tier-1,Tier-2,2026-05-23T20:20:56.819800,investigated_and_resolved
CAS-CSE-ENGY-04-0024561,Tier-1,Tier-2,2026-05-23T23:24:13.980558,investigated_and_resolved
CAS-CSE-ENGY-04-0024562,Tier-1,Tier-2,2026-05-24T02:24:39.284074,investigated_and_resolved
CAS-CSE-ENGY-04-0024563,Tier-1,Tier-2,2026-05-24T03:18:11.581270,investigated_and_resolved
CAS-CSE-ENGY-04-0024565,Tier-1,Tier-2,2026-05-24T05:09:44.473116,investigated_and_resolved
CAS-CSE-ENGY-04-0024567,Tier-1,Tier-2,2026-05-24T07:56:10.332168,investigated_and_resolved
CAS-CSE-ENGY-04-0024568,Tier-1,Tier-2,2026-05-24T09:09:03.202117,investigated_and_resolved
CAS-CSE-ENGY-04-0024570,Tier-1,Tier-2,2026-05-24T13:41:08.560040,investigated_and_resolved
CAS-CSE-ENGY-04-0024588,Tier-1,Tier-2,2026-05-26T04:00:51.711361,investigated_and_resolved
CAS-CSE-ENGY-04-0024589,Tier-1,Tier-2,2026-05-26T04:57:10.085060,investigated_and_resolved
CAS-CSE-ENGY-04-0024592,Tier-1,Tier-2,2026-05-26T07:30:08.651600,investigated_and_resolved
CAS-CSE-ENGY-04-0024594,Tier-1,Tier-2,2026-05-26T13:45:43.429104,investigated_and_resolved
CAS-CSE-ENGY-04-0024599,Tier-1,Tier-2,2026-05-26T23:50:39.172096,investigated_and_resolved
CAS-CSE-ENGY-04-0024604,Tier-1,Tier-2,2026-05-28T01:19:22.789095,investigated_and_resolved
CAS-CSE-ENGY-04-0024607,Tier-1,Tier-2,2026-05-28T17:02:38.684438,investigated_and_resolved
CAS-CSE-ENGY-04-0024609,Tier-1,Tier-2,2026-05-29T01:16:07.654197,investigated_and_resolved
CAS-CSE-ENGY-04-0024617,Tier-1,Tier-2,2026-05-29T11:54:51.348393,investigated_and_resolved
CAS-CSE-ENGY-04-0024618,Tier-1,Tier-2,2026-05-29T14:12:16.758564,investigated_and_resolved
CAS-CSE-ENGY-04-0024620,Tier-1,Tier-2,2026-05-29T18:56:32.002419,investigated_and_resolved
CAS-CSE-ENGY-04-0024636,Tier-1,Tier-2,2026-05-31T00:15:56.180064,investigated_and_resolved
CAS-CSE-ENGY-04-0024637,Tier-1,Tier-2,2026-05-31T01:54:29.642087,investigated_and_resolved
CAS-CSE-ENGY-04-0024639,Tier-1,Tier-2,2026-05-31T11:19:00.770801,investigated_and_resolved
CAS-CSE-ENGY-04-0024642,Tier-1,Tier-2,2026-05-31T23:49:00.408977,investigated_and_resolved
CAS-CSE-ENGY-04-0024646,Tier-1,Tier-2,2026-06-01T08:34:48.558078,investigated_and_resolved
CAS-CSE-ENGY-04-0024654,Tier-1,Tier-2,2026-06-02T03:58:57.169479,investigated_and_resolved
CAS-CSE-ENGY-04-0024655,Tier-1,Tier-2,2026-06-02T04:24:03.264000,investigated_and_resolved
CAS-CSE-ENGY-04-0024659,Tier-1,Tier-2,2026-06-02T13:27:06.158350,investigated_and_resolved
CAS-CSE-ENGY-04-0024660,Tier-1,Tier-2,2026-06-02T11:22:16.238437,investigated_and_resolved
CAS-CSE-ENGY-04-0024662,Tier-1,Tier-2,2026-06-02T13:52:51.610601,investigated_and_resolved
CAS-CSE-ENGY-04-0024665,Tier-1,Tier-2,2026-06-02T18:15:35.267662,investigated_and_resolved
CAS-CSE-ENGY-04-0024668,Tier-1,Tier-2,2026-06-02T22:40:25.430890,investigated_and_resolved
CAS-CSE-ENGY-04-0024670,Tier-1,Tier-2,2026-06-03T02:34:18.156017,investigated_and_resolved
CAS-CSE-ENGY-04-0024672,Tier-1,Tier-2,2026-06-03T05:44:10.675671,investigated_and_resolved
CAS-CSE-ENGY-04-0024680,Tier-1,Tier-2,2026-06-03T23:20:11.953215,investigated_and_resolved
CAS-CSE-ENGY-04-0024697,Tier-1,Tier-2,2026-06-05T02:16:27.435507,investigated_and_resolved
CAS-CSE-ENGY-04-0024702,Tier-1,Tier-2,2026-06-05T11:30:18.707849,investigated_and_resolved
CAS-CSE-ENGY-04-0024703,Tier-1,Tier-2,2026-06-05T15:38:37.044003,investigated_and_resolved
CAS-CSE-ENGY-04-0024730,Tier-1,Tier-2,2026-06-08T00:02:11.012288,investigated_and_resolved
CAS-CSE-ENGY-04-0024735,Tier-1,Tier-2,2026-06-08T08:32:48.143783,investigated_and_resolved
CAS-CSE-ENGY-04-0024736,Tier-1,Tier-2,2026-06-08T09:23:32.631932,investigated_and_resolved
CAS-CSE-ENGY-04-0024745,Tier-1,Tier-2,2026-06-16T01:54:34.666501,investigated_and_resolved
CAS-CSE-ENGY-04-0024751,Tier-1,Tier-2,2026-06-16T09:47:42.284108,investigated_and_resolved
CAS-CSE-ENGY-04-0024755,Tier-1,Tier-2,2026-06-16T20:22:42.434477,investigated_and_resolved
CAS-CSE-ENGY-04-0024758,Tier-1,Tier-2,2026-06-17T02:42:46.057184,investigated_and_resolved
CAS-CSE-ENGY-04-0024761,Tier-1,Tier-2,2026-06-17T04:39:53.780321,investigated_and_resolved
CAS-CSE-ENGY-04-0024765,Tier-1,Tier-2,2026-06-17T11:17:13.572316,investigated_and_resolved
CAS-CSE-ENGY-04-0024766,Tier-1,Tier-2,2026-06-17T10:50:34.583142,investigated_and_resolved
CAS-CSE-ENGY-04-0024767,Tier-1,Tier-2,2026-06-17T14:43:13.392685,investigated_and_resolved
CAS-CSE-ENGY-04-0024779,Tier-1,Tier-2,2026-06-18T18:38:22.549887,investigated_and_resolved
CAS-CSE-ENGY-04-0024783,Tier-1,Tier-2,2026-06-19T01:37:22.322265,investigated_and_resolved
CAS-CSE-ENGY-04-0024785,Tier-1,Tier-2,2026-06-19T07:56:21.001466,investigated_and_resolved
CAS-CSE-ENGY-04-0024797,Tier-1,Tier-2,2026-06-20T08:03:06.971332,investigated_and_resolved
CAS-CSE-ENGY-04-0024802,Tier-1,Tier-2,2026-06-20T17:14:50.536383,investigated_and_resolved
CAS-CSE-ENGY-04-0024809,Tier-1,Tier-2,2026-06-21T13:21:09.363616,investigated_and_resolved
CAS-CSE-ENGY-04-0024814,Tier-1,Tier-2,2026-06-21T21:06:21.807887,investigated_and_resolved
CAS-CSE-ENGY-04-0024818,Tier-1,Tier-2,2026-06-22T04:56:57.011397,investigated_and_resolved
CAS-CSE-ENGY-04-0024829,Tier-1,Tier-2,2026-06-23T10:53:02.907407,investigated_and_resolved
CAS-CSE-ENGY-04-0024832,Tier-1,Tier-2,2026-06-23T14:23:32.756984,investigated_and_resolved
CAS-CSE-ENGY-04-0024837,Tier-1,Tier-2,2026-06-23T17:55:38.523368,investigated_and_resolved
CAS-CSE-ENGY-04-0024840,Tier-1,Tier-2,2026-06-23T22:28:17.733826,investigated_and_resolved
CAS-CSE-ENGY-04-0024845,Tier-1,Tier-2,2026-06-24T09:10:28.914786,investigated_and_resolved
CAS-CSE-ENGY-04-0024847,Tier-1,Tier-2,2026-06-24T18:10:47.438206,investigated_and_resolved
CAS-CSE-ENGY-04-0024864,Tier-1,Tier-2,2026-06-26T06:59:50.040235,investigated_and_resolved
CAS-CSE-ENGY-04-0024877,Tier-1,Tier-2,2026-06-27T10:25:32.111547,investigated_and_resolved
CAS-CSE-ENGY-04-0024880,Tier-1,Tier-2,2026-06-27T17:54:17.308700,investigated_and_resolved
CAS-CSE-ENGY-04-0024888,Tier-1,Tier-2,2026-06-28T00:50:02.612019,investigated_and_resolved
CAS-CSE-ENGY-04-0024899,Tier-1,Tier-2,2026-06-28T17:25:55.785490,investigated_and_resolved
CAS-CSE-ENGY-04-0024900,Tier-1,Tier-2,2026-06-28T20:56:22.556861,investigated_and_resolved
CAS-CSE-ENGY-04-0024905,Tier-1,Tier-2,2026-06-29T12:29:44.704552,investigated_and_resolved
CAS-CSE-ENGY-04-0024912,Tier-1,Tier-2,2026-06-29T22:59:02.531202,investigated_and_resolved
CAS-CSE-ENGY-04-0024928,Tier-1,Tier-2,2026-07-01T22:52:33.890756,investigated_and_resolved
CAS-CSE-ENGY-04-0024935,Tier-1,Tier-2,2026-07-02T22:34:03.962254,investigated_and_resolved
CAS-CSE-ENGY-04-0024936,Tier-1,Tier-2,2026-07-02T21:15:58.428990,investigated_and_resolved
CAS-CSE-ENGY-04-0024940,Tier-1,Tier-2,2026-07-03T02:43:59.296676,investigated_and_resolved
CAS-CSE-ENGY-04-0024946,Tier-1,Tier-2,2026-07-03T13:10:23.520055,investigated_and_resolved
CAS-CSE-ENGY-04-0024947,Tier-1,Tier-2,2026-07-03T15:06:33.948678,investigated_and_resolved
CAS-CSE-ENGY-04-0024948,Tier-1,Tier-2,2026-07-03T17:50:54.721264,investigated_and_resolved
CAS-CSE-ENGY-04-0024953,Tier-1,Tier-2,2026-07-04T11:08:32.876029,investigated_and_resolved
CAS-CSE-ENGY-04-0024966,Tier-1,Tier-2,2026-07-05T15:42:25.771019,investigated_and_resolved
CAS-CSE-ENGY-04-0024970,Tier-1,Tier-2,2026-07-05T20:02:31.782917,investigated_and_resolved
CAS-CSE-ENGY-04-0024973,Tier-1,Tier-2,2026-07-05T23:41:07.967830,investigated_and_resolved
CAS-CSE-ENGY-04-0024989,Tier-1,Tier-2,2026-07-06T22:59:46.299148,investigated_and_resolved
CAS-CSE-ENGY-04-0024994,Tier-1,Tier-2,2026-07-07T13:18:10.704476,investigated_and_resolved
CAS-CSE-ENGY-04-0024999,Tier-1,Tier-2,2026-07-08T04:58:48.842996,investigated_and_resolved
CAS-CSE-ENGY-04-0025001,Tier-1,Tier-2,2026-07-08T06:34:01.144325,investigated_and_resolved
CAS-CSE-ENGY-04-0025011,Tier-1,Tier-2,2026-07-08T17:52:51.131415,investigated_and_resolved
CAS-CSE-ENGY-04-0025012,Tier-1,Tier-2,2026-07-08T21:11:41.613482,investigated_and_resolved
CAS-CSE-ENGY-04-0025024,Tier-1,Tier-2,2026-07-09T22:33:19.066913,investigated_and_resolved
CAS-CSE-ENGY-04-0025027,Tier-1,Tier-2,2026-07-10T01:43:01.700104,investigated_and_resolved
CAS-CSE-ENGY-04-0025031,Tier-1,Tier-2,2026-07-10T06:29:21.471541,investigated_and_resolved
CAS-CSE-ENGY-04-0025043,Tier-1,Tier-2,2026-07-11T17:30:54.091286,investigated_and_resolved
CAS-CSE-ENGY-04-0025046,Tier-1,Tier-2,2026-07-12T08:08:50.131713,investigated_and_resolved
CAS-CSE-ENGY-04-0025048,Tier-1,Tier-2,2026-07-12T13:05:04.951828,investigated_and_resolved
CAS-CSE-ENGY-04-0025049,Tier-1,Tier-2,2026-07-12T13:51:19.866227,investigated_and_resolved
CAS-CSE-ENGY-04-0025052,Tier-1,Tier-2,2026-07-12T14:26:02.870715,investigated_and_resolved
CAS-CSE-ENGY-04-0025054,Tier-1,Tier-2,2026-07-12T18:31:08.620623,investigated_and_resolved
CAS-CSE-ENGY-04-0025057,Tier-1,Tier-2,2026-07-12T19:02:55.752967,investigated_and_resolved
CAS-CSE-ENGY-04-0025060,Tier-1,Tier-2,2026-07-12T23:59:30.152235,investigated_and_resolved
CAS-CSE-ENGY-04-0025064,Tier-1,Tier-2,2026-07-13T07:17:37.678113,investigated_and_resolved
CAS-CSE-ENGY-04-0025072,Tier-1,Tier-2,2026-07-13T23:50:07.118263,investigated_and_resolved
CAS-CSE-ENGY-04-0025074,Tier-1,Tier-2,2026-07-14T03:00:45.993247,investigated_and_resolved
CAS-CSE-ENGY-04-0025077,Tier-1,Tier-2,2026-07-14T07:23:31.322343,investigated_and_resolved
CAS-CSE-ENGY-04-0025086,Tier-1,Tier-2,2026-07-14T22:27:20.119385,investigated_and_resolved
CAS-CSE-ENGY-04-0025098,Tier-1,Tier-2,2026-07-15T16:39:23.197687,investigated_and_resolved
CAS-CSE-ENGY-04-0025105,Tier-1,Tier-2,2026-07-16T06:20:30.291766,investigated_and_resolved
CAS-CSE-ENGY-04-0025107,Tier-1,Tier-2,2026-07-16T10:27:19.283432,investigated_and_resolved
CAS-CSE-ENGY-04-0025108,Tier-1,Tier-2,2026-07-16T11:10:41.241964,investigated_and_resolved
CAS-CSE-ENGY-04-0025112,Tier-1,Tier-2,2026-07-16T16:33:32.434917,investigated_and_resolved
CAS-CSE-ENGY-04-0025117,Tier-1,Tier-2,2026-07-17T06:51:40.582041,investigated_and_resolved
CAS-CSE-ENGY-04-0025118,Tier-1,Tier-2,2026-07-17T06:00:47.891096,investigated_and_resolved
CAS-CSE-ENGY-04-0025122,Tier-1,Tier-2,2026-07-17T10:11:05.740287,investigated_and_resolved
CAS-CSE-ENGY-04-0025123,Tier-1,Tier-2,2026-07-17T10:28:33.313330,investigated_and_resolved
CAS-CSE-ENGY-04-0025124,Tier-1,Tier-2,2026-07-17T16:54:13.744306,investigated_and_resolved
CAS-CSE-ENGY-04-0025131,Tier-1,Tier-2,2026-07-18T06:14:34.840775,investigated_and_resolved
CAS-CSE-ENGY-04-0025134,Tier-1,Tier-2,2026-07-19T11:55:07.794591,investigated_and_resolved
CAS-CSE-ENGY-04-0025144,Tier-1,Tier-2,2026-07-20T07:10:07.339574,investigated_and_resolved
CAS-CSE-ENGY-04-0025146,Tier-1,Tier-2,2026-07-20T12:16:24.199092,investigated_and_resolved
CAS-CSE-ENGY-04-0025147,Tier-1,Tier-2,2026-07-20T12:15:15.614969,investigated_and_resolved
CAS-CSE-ENGY-04-0025152,Tier-1,Tier-2,2026-07-21T02:36:16.749971,investigated_and_resolved
CAS-CSE-ENGY-04-0025159,Tier-1,Tier-2,2026-07-21T15:07:15.395483,investigated_and_resolved
CAS-CSE-ENGY-04-0025190,Tier-1,Tier-2,2026-07-23T21:36:46.993493,investigated_and_resolved
CAS-CSE-ENGY-04-0025197,Tier-1,Tier-2,2026-07-24T08:19:36.525357,investigated_and_resolved
CAS-CSE-ENGY-04-0025198,Tier-1,Tier-2,2026-07-24T10:13:34.394480,investigated_and_resolved
CAS-CSE-ENGY-04-0025204,Tier-1,Tier-2,2026-07-25T06:36:58.613203,investigated_and_resolved
CAS-CSE-ENGY-04-0025208,Tier-1,Tier-2,2026-07-25T10:44:53.815928,investigated_and_resolved
CAS-CSE-ENGY-04-0025210,Tier-1,Tier-2,2026-07-25T17:28:21.680930,investigated_and_resolved
CAS-CSE-ENGY-04-0025211,Tier-1,Tier-2,2026-07-25T22:07:19.278712,investigated_and_resolved
CAS-CSE-ENGY-04-0025216,Tier-1,Tier-2,2026-07-26T09:19:58.834165,investigated_and_resolved
CAS-CSE-ENGY-04-0025219,Tier-1,Tier-2,2026-07-26T11:14:09.100936,investigated_and_resolved
CAS-CSE-ENGY-04-0025223,Tier-1,Tier-2,2026-07-26T15:33:39.065706,investigated_and_resolved
CAS-CSE-ENGY-04-0025226,Tier-1,Tier-2,2026-07-26T21:30:15.682100,investigated_and_resolved
CAS-CSE-ENGY-04-0025229,Tier-1,Tier-2,2026-07-26T23:15:58.592283,investigated_and_resolved
CAS-CSE-ENGY-04-0025243,Tier-1,Tier-2,2026-07-27T19:18:36.123807,investigated_and_resolved
CAS-CSE-ENGY-04-0025244,Tier-1,Tier-2,2026-07-27T19:17:42.146910,investigated_and_resolved
CAS-CSE-ENGY-04-0025255,Tier-1,Tier-2,2026-07-29T07:15:40.007791,investigated_and_resolved
CAS-CSE-ENGY-04-0025256,Tier-1,Tier-2,2026-07-29T09:45:48.001087,investigated_and_resolved
CAS-CSE-ENGY-04-0025261,Tier-1,Tier-2,2026-07-30T08:04:22.515049,investigated_and_resolved
CAS-CSE-ENGY-04-0025264,Tier-1,Tier-2,2026-07-30T11:46:53.208752,investigated_and_resolved
CAS-CSE-ENGY-04-0025271,Tier-1,Tier-2,2026-07-31T04:46:45.886800,investigated_and_resolved
CAS-CSE-ENGY-04-0025274,Tier-1,Tier-2,2026-07-31T08:48:02.325124,investigated_and_resolved
CAS-CSE-ENGY-04-0025275,Tier-1,Tier-2,2026-07-31T08:38:53.740474,investigated_and_resolved
CAS-CSE-ENGY-04-0025278,Tier-1,Tier-2,2026-07-31T14:15:56.935529,investigated_and_resolved
CAS-CSE-ENGY-04-0025288,Tier-1,Tier-2,2026-08-01T04:13:22.576138,investigated_and_resolved
CAS-CSE-ENGY-04-0025289,Tier-1,Tier-2,2026-08-01T06:05:25.322046,investigated_and_resolved
CAS-CSE-ENGY-04-0025297,Tier-1,Tier-2,2026-08-01T21:17:45.544865,investigated_and_resolved
CAS-CSE-ENGY-04-0025304,Tier-1,Tier-2,2026-08-02T07:23:12.690538,investigated_and_resolved
CAS-CSE-ENGY-04-0025305,Tier-1,Tier-2,2026-08-02T11:15:55.834655,investigated_and_resolved
CAS-CSE-ENGY-04-0025312,Tier-1,Tier-2,2026-08-03T10:23:10.368344,investigated_and_resolved
CAS-CSE-ENGY-04-0025318,Tier-1,Tier-2,2026-08-04T03:29:36.082458,investigated_and_resolved
CAS-CSE-ENGY-04-0025325,Tier-1,Tier-2,2026-08-04T12:44:34.281863,investigated_and_resolved
CAS-CSE-ENGY-04-0025338,Tier-1,Tier-2,2026-08-05T10:55:32.251343,investigated_and_resolved
CAS-CSE-ENGY-04-0025340,Tier-1,Tier-2,2026-08-05T10:12:40.537055,investigated_and_resolved
CAS-CSE-ENGY-04-0025341,Tier-1,Tier-2,2026-08-05T12:25:08.843012,investigated_and_resolved
CAS-CSE-ENGY-04-0025344,Tier-1,Tier-2,2026-08-05T14:24:51.794084,investigated_and_resolved
CAS-CSE-ENGY-04-0025358,Tier-1,Tier-2,2026-08-06T20:15:56.437357,investigated_and_resolved
CAS-CSE-ENGY-04-0025372,Tier-1,Tier-2,2026-08-08T09:15:38.166405,investigated_and_resolved
CAS-CSE-ENGY-04-0025379,Tier-1,Tier-2,2026-08-09T02:11:18.188781,investigated_and_resolved
CAS-CSE-ENGY-04-0025380,Tier-1,Tier-2,2026-08-09T03:06:41.830183,investigated_and_resolved
CAS-CSE-ENGY-04-0025381,Tier-1,Tier-2,2026-08-09T10:30:28.912831,investigated_and_resolved
CAS-CSE-ENGY-04-0025382,Tier-1,Tier-2,2026-08-09T13:32:33.367952,investigated_and_resolved
CAS-CSE-ENGY-04-0025385,Tier-1,Tier-2,2026-08-09T15:34:38.218230,investigated_and_resolved
CAS-CSE-ENGY-04-0025386,Tier-1,Tier-2,2026-08-09T16:24:45.590145,investigated_and_resolved
CAS-CSE-ENGY-04-0025388,Tier-1,Tier-2,2026-08-09T22:49:44.009585,investigated_and_resolved
CAS-CSE-ENGY-04-0025392,Tier-1,Tier-2,2026-08-10T00:09:52.888367,investigated_and_resolved
CAS-CSE-ENGY-04-0025403,Tier-1,Tier-2,2026-08-10T17:39:11.466097,investigated_and_resolved
CAS-CSE-ENGY-04-0025404,Tier-1,Tier-2,2026-08-11T03:56:36.217724,investigated_and_resolved
CAS-CSE-ENGY-04-0025405,Tier-1,Tier-2,2026-08-11T02:53:22.747792,investigated_and_resolved
CAS-CSE-ENGY-04-0025408,Tier-1,Tier-2,2026-08-11T04:37:15.878970,investigated_and_resolved
CAS-CSE-ENGY-04-0025416,Tier-1,Tier-2,2026-08-12T09:10:58.909026,investigated_and_resolved
CAS-CSE-ENGY-04-0025421,Tier-1,Tier-2,2026-08-12T15:29:51.968568,investigated_and_resolved
CAS-CSE-ENGY-04-0025426,Tier-1,Tier-2,2026-08-12T19:49:32.556136,investigated_and_resolved
CAS-CSE-ENGY-04-0025427,Tier-1,Tier-2,2026-08-12T21:59:03.783289,investigated_and_resolved
CAS-CSE-ENGY-04-0025439,Tier-1,Tier-2,2026-08-14T08:07:04.040698,investigated_and_resolved
CAS-CSE-ENGY-04-0025448,Tier-1,Tier-2,2026-08-15T04:40:09.807539,investigated_and_resolved
CAS-CSE-ENGY-04-0025450,Tier-1,Tier-2,2026-08-15T09:31:22.085466,investigated_and_resolved
CAS-CSE-ENGY-04-0025464,Tier-1,Tier-2,2026-08-16T12:27:24.757034,investigated_and_resolved
CAS-CSE-ENGY-04-0025471,Tier-1,Tier-2,2026-08-17T06:50:24.061851,investigated_and_resolved
CAS-CSE-ENGY-04-0025478,Tier-1,Tier-2,2026-08-17T23:30:39.223898,investigated_and_resolved
CAS-CSE-ENGY-04-0025482,Tier-1,Tier-2,2026-08-18T04:35:06.425991,investigated_and_resolved
CAS-CSE-ENGY-04-0025487,Tier-1,Tier-2,2026-08-18T19:33:41.246518,investigated_and_resolved
CAS-CSE-ENGY-04-0025489,Tier-1,Tier-2,2026-08-18T22:45:01.114375,investigated_and_resolved
CAS-CSE-ENGY-04-0025494,Tier-1,Tier-2,2026-08-19T01:57:56.213583,investigated_and_resolved
CAS-CSE-ENGY-04-0025495,Tier-1,Tier-2,2026-08-19T07:23:47.475952,investigated_and_resolved
CAS-CSE-ENGY-04-0025500,Tier-1,Tier-2,2026-08-19T13:56:32.468681,investigated_and_resolved
CAS-CSE-ENGY-04-0025507,Tier-1,Tier-2,2026-08-20T10:23:02.490777,investigated_and_resolved
CAS-CSE-ENGY-04-0025510,Tier-1,Tier-2,2026-08-20T13:43:06.235594,investigated_and_resolved
CAS-CSE-ENGY-04-0025515,Tier-1,Tier-2,2026-08-20T17:39:35.410354,investigated_and_resolved
CAS-CSE-ENGY-04-0025520,Tier-1,Tier-2,2026-08-21T22:13:46.639309,investigated_and_resolved
CAS-CSE-ENGY-04-0025521,Tier-1,Tier-2,2026-08-22T02:04:46.607900,investigated_and_resolved
CAS-CSE-ENGY-04-0025522,Tier-1,Tier-2,2026-08-22T02:27:48.117832,investigated_and_resolved
CAS-CSE-ENGY-04-0025523,Tier-1,Tier-2,2026-08-22T05:11:01.799622,investigated_and_resolved
CAS-CSE-ENGY-04-0025524,Tier-1,Tier-2,2026-08-22T06:27:32.861100,investigated_and_resolved
CAS-CSE-ENGY-04-0025533,Tier-1,Tier-2,2026-08-22T23:55:03.611673,investigated_and_resolved
CAS-CSE-ENGY-04-0025539,Tier-1,Tier-2,2026-08-23T05:20:32.926833,investigated_and_resolved
CAS-CSE-ENGY-04-0025552,Tier-1,Tier-2,2026-08-25T06:35:06.135794,investigated_and_resolved
CAS-CSE-ENGY-04-0025555,Tier-1,Tier-2,2026-08-25T13:53:01.998050,investigated_and_resolved
CAS-CSE-ENGY-04-0025558,Tier-1,Tier-2,2026-08-25T19:02:21.898962,investigated_and_resolved
CAS-CSE-ENGY-04-0025559,Tier-1,Tier-2,2026-08-25T20:53:13.312096,investigated_and_resolved
CAS-CSE-ENGY-04-0025560,Tier-1,Tier-2,2026-08-25T23:35:09.404156,investigated_and_resolved
CAS-CSE-ENGY-04-0025570,Tier-1,Tier-2,2026-08-26T12:11:19.887533,investigated_and_resolved
CAS-CSE-ENGY-04-0025573,Tier-1,Tier-2,2026-08-26T20:28:55.021302,investigated_and_resolved
CAS-CSE-ENGY-04-0025574,Tier-1,Tier-2,2026-08-26T20:59:30.742430,investigated_and_resolved
CAS-CSE-ENGY-04-0025579,Tier-1,Tier-2,2026-08-27T10:26:16.124973,investigated_and_resolved
CAS-CSE-ENGY-04-0025583,Tier-1,Tier-2,2026-08-27T15:06:59.612695,investigated_and_resolved
CAS-CSE-ENGY-04-0025586,Tier-1,Tier-2,2026-08-27T21:03:15.644369,investigated_and_resolved
CAS-CSE-TELC-01-0025593,Tier-1,Tier-2,2026-03-01T12:20:42.614621,investigated_and_resolved
CAS-CSE-TELC-01-0025594,Tier-1,Tier-2,2026-03-01T12:51:28.386901,investigated_and_resolved
CAS-CSE-TELC-01-0025601,Tier-1,Tier-2,2026-03-01T16:22:54.236513,investigated_and_resolved
CAS-CSE-TELC-01-0025606,Tier-1,Tier-2,2026-03-01T21:46:25.880871,investigated_and_resolved
CAS-CSE-TELC-01-0025607,Tier-1,Tier-2,2026-03-01T21:09:36.203204,investigated_and_resolved
CAS-CSE-TELC-01-0025611,Tier-1,Tier-2,2026-03-01T23:36:25.744017,investigated_and_resolved
CAS-CSE-TELC-01-0025615,Tier-1,Tier-2,2026-03-02T03:31:30.434758,investigated_and_resolved
CAS-CSE-TELC-01-0025620,Tier-1,Tier-2,2026-03-02T12:15:06.333182,investigated_and_resolved
CAS-CSE-TELC-01-0025630,Tier-1,Tier-2,2026-03-02T21:53:51.382833,investigated_and_resolved
CAS-CSE-TELC-01-0025632,Tier-1,Tier-2,2026-03-03T01:02:34.977931,investigated_and_resolved
CAS-CSE-TELC-01-0025633,Tier-1,Tier-2,2026-03-03T02:20:29.376334,investigated_and_resolved
CAS-CSE-TELC-01-0025637,Tier-1,Tier-2,2026-03-03T08:10:17.962369,investigated_and_resolved
CAS-CSE-TELC-01-0025644,Tier-1,Tier-2,2026-03-03T15:10:06.030245,investigated_and_resolved
CAS-CSE-TELC-01-0025647,Tier-1,Tier-2,2026-03-03T16:22:05.631453,investigated_and_resolved
CAS-CSE-TELC-01-0025650,Tier-1,Tier-2,2026-03-03T21:30:00.150495,investigated_and_resolved
CAS-CSE-TELC-01-0025655,Tier-1,Tier-2,2026-03-04T04:47:08.204570,investigated_and_resolved
CAS-CSE-TELC-01-0025657,Tier-1,Tier-2,2026-03-04T05:21:02.842884,investigated_and_resolved
CAS-CSE-TELC-01-0025658,Tier-1,Tier-2,2026-03-04T06:44:52.721298,investigated_and_resolved
CAS-CSE-TELC-01-0025660,Tier-1,Tier-2,2026-03-04T07:47:07.449839,investigated_and_resolved
CAS-CSE-TELC-01-0025661,Tier-1,Tier-2,2026-03-04T07:49:50.747385,investigated_and_resolved
CAS-CSE-TELC-01-0025669,Tier-1,Tier-2,2026-03-04T15:44:13.422405,investigated_and_resolved
CAS-CSE-TELC-01-0025678,Tier-1,Tier-2,2026-03-05T05:23:08.828635,investigated_and_resolved
CAS-CSE-TELC-01-0025682,Tier-1,Tier-2,2026-03-05T06:56:11.927563,investigated_and_resolved
CAS-CSE-TELC-01-0025683,Tier-1,Tier-2,2026-03-05T08:52:43.874734,investigated_and_resolved
CAS-CSE-TELC-01-0025692,Tier-1,Tier-2,2026-03-05T11:47:03.111137,investigated_and_resolved
CAS-CSE-TELC-01-0025697,Tier-1,Tier-2,2026-03-05T21:16:23.404290,investigated_and_resolved
CAS-CSE-TELC-01-0025700,Tier-1,Tier-2,2026-03-05T22:05:57.742290,investigated_and_resolved
CAS-CSE-TELC-01-0025708,Tier-1,Tier-2,2026-03-06T03:14:01.081321,investigated_and_resolved
CAS-CSE-TELC-01-0025715,Tier-1,Tier-2,2026-03-06T08:11:36.792345,investigated_and_resolved
CAS-CSE-TELC-01-0025719,Tier-1,Tier-2,2026-03-06T10:29:00.893871,investigated_and_resolved
CAS-CSE-TELC-01-0025724,Tier-1,Tier-2,2026-03-06T13:23:58.099108,investigated_and_resolved
CAS-CSE-TELC-01-0025725,Tier-1,Tier-2,2026-03-06T17:15:01.405396,investigated_and_resolved
CAS-CSE-TELC-01-0025726,Tier-1,Tier-2,2026-03-06T15:52:33.880833,investigated_and_resolved
CAS-CSE-TELC-01-0025731,Tier-1,Tier-2,2026-03-06T19:36:56.611486,investigated_and_resolved
CAS-CSE-TELC-01-0025733,Tier-1,Tier-2,2026-03-06T22:04:48.730663,investigated_and_resolved
CAS-CSE-TELC-01-0025741,Tier-1,Tier-2,2026-03-07T04:04:45.065216,investigated_and_resolved
CAS-CSE-TELC-01-0025744,Tier-1,Tier-2,2026-03-07T08:17:11.196155,investigated_and_resolved
CAS-CSE-TELC-01-0025745,Tier-1,Tier-2,2026-03-07T08:19:39.199603,investigated_and_resolved
CAS-CSE-TELC-01-0025755,Tier-1,Tier-2,2026-03-07T17:54:55.384573,investigated_and_resolved
CAS-CSE-TELC-01-0025761,Tier-1,Tier-2,2026-03-08T02:22:40.706393,investigated_and_resolved
CAS-CSE-TELC-01-0025766,Tier-1,Tier-2,2026-03-08T11:58:24.911710,investigated_and_resolved
CAS-CSE-TELC-01-0025769,Tier-1,Tier-2,2026-03-08T18:25:20.602593,investigated_and_resolved
CAS-CSE-TELC-01-0025774,Tier-1,Tier-2,2026-03-09T02:10:54.060110,investigated_and_resolved
CAS-CSE-TELC-01-0025775,Tier-1,Tier-2,2026-03-09T01:31:52.425860,investigated_and_resolved
CAS-CSE-TELC-01-0025780,Tier-1,Tier-2,2026-03-09T05:23:43.585202,investigated_and_resolved
CAS-CSE-TELC-01-0025787,Tier-1,Tier-2,2026-03-09T09:06:05.795723,investigated_and_resolved
CAS-CSE-TELC-01-0025795,Tier-1,Tier-2,2026-03-09T23:01:37.907051,investigated_and_resolved
CAS-CSE-TELC-01-0025798,Tier-1,Tier-2,2026-03-10T02:56:28.353427,investigated_and_resolved
CAS-CSE-TELC-01-0025801,Tier-1,Tier-2,2026-03-10T07:51:40.185037,investigated_and_resolved
CAS-CSE-TELC-01-0025805,Tier-1,Tier-2,2026-03-10T10:47:36.184345,investigated_and_resolved
CAS-CSE-TELC-01-0025806,Tier-1,Tier-2,2026-03-10T10:44:43.181504,investigated_and_resolved
CAS-CSE-TELC-01-0025807,Tier-1,Tier-2,2026-03-10T13:34:25.106063,investigated_and_resolved
CAS-CSE-TELC-01-0025814,Tier-1,Tier-2,2026-03-11T01:18:42.019787,investigated_and_resolved
CAS-CSE-TELC-01-0025819,Tier-1,Tier-2,2026-03-11T03:08:42.039803,investigated_and_resolved
CAS-CSE-TELC-01-0025826,Tier-1,Tier-2,2026-03-11T13:24:03.272512,investigated_and_resolved
CAS-CSE-TELC-01-0025837,Tier-1,Tier-2,2026-03-12T02:52:14.576649,investigated_and_resolved
CAS-CSE-TELC-01-0025840,Tier-1,Tier-2,2026-03-12T01:48:11.921638,investigated_and_resolved
CAS-CSE-TELC-01-0025851,Tier-1,Tier-2,2026-03-12T18:22:52.832249,investigated_and_resolved
CAS-CSE-TELC-01-0025854,Tier-1,Tier-2,2026-03-12T17:47:20.276328,investigated_and_resolved
CAS-CSE-TELC-01-0025859,Tier-1,Tier-2,2026-03-12T19:54:08.968233,investigated_and_resolved
CAS-CSE-TELC-01-0025860,Tier-1,Tier-2,2026-03-12T20:37:11.562238,investigated_and_resolved
CAS-CSE-TELC-01-0025861,Tier-1,Tier-2,2026-03-12T21:29:17.879312,investigated_and_resolved
CAS-CSE-TELC-01-0025864,Tier-1,Tier-2,2026-03-13T01:15:56.340929,investigated_and_resolved
CAS-CSE-TELC-01-0025865,Tier-1,Tier-2,2026-03-13T01:50:19.003594,investigated_and_resolved
CAS-CSE-TELC-01-0025869,Tier-1,Tier-2,2026-03-13T04:51:22.717119,investigated_and_resolved
CAS-CSE-TELC-01-0025872,Tier-1,Tier-2,2026-03-13T09:44:51.475502,investigated_and_resolved
CAS-CSE-TELC-01-0025873,Tier-1,Tier-2,2026-03-13T11:18:21.656843,investigated_and_resolved
CAS-CSE-TELC-01-0025874,Tier-1,Tier-2,2026-03-13T11:31:30.644342,investigated_and_resolved
CAS-CSE-TELC-01-0025875,Tier-1,Tier-2,2026-03-13T12:31:00.137098,investigated_and_resolved
CAS-CSE-TELC-01-0025885,Tier-1,Tier-2,2026-03-13T19:15:46.696908,investigated_and_resolved
CAS-CSE-TELC-01-0025886,Tier-1,Tier-2,2026-03-13T20:07:28.930977,investigated_and_resolved
CAS-CSE-TELC-01-0025905,Tier-1,Tier-2,2026-03-14T12:12:42.350839,investigated_and_resolved
CAS-CSE-TELC-01-0025916,Tier-1,Tier-2,2026-03-15T07:26:12.570408,investigated_and_resolved
CAS-CSE-TELC-01-0025924,Tier-1,Tier-2,2026-03-15T21:20:06.469850,investigated_and_resolved
CAS-CSE-TELC-01-0025936,Tier-1,Tier-2,2026-03-16T07:21:38.222138,investigated_and_resolved
CAS-CSE-TELC-01-0025937,Tier-1,Tier-2,2026-03-16T07:43:27.017213,investigated_and_resolved
CAS-CSE-TELC-01-0025938,Tier-1,Tier-2,2026-03-16T10:24:29.374789,investigated_and_resolved
CAS-CSE-TELC-01-0025939,Tier-1,Tier-2,2026-03-16T09:28:53.083208,investigated_and_resolved
CAS-CSE-TELC-01-0025944,Tier-1,Tier-2,2026-03-16T18:09:00.314277,investigated_and_resolved
CAS-CSE-TELC-01-0025949,Tier-1,Tier-2,2026-03-16T22:52:44.870440,investigated_and_resolved
CAS-CSE-TELC-01-0025951,Tier-1,Tier-2,2026-03-17T02:30:00.764378,investigated_and_resolved
CAS-CSE-TELC-01-0025956,Tier-1,Tier-2,2026-03-17T08:27:04.906060,investigated_and_resolved
CAS-CSE-TELC-01-0025960,Tier-1,Tier-2,2026-03-17T17:50:42.985107,investigated_and_resolved
CAS-CSE-TELC-01-0025963,Tier-1,Tier-2,2026-03-17T17:59:28.369920,investigated_and_resolved
CAS-CSE-TELC-01-0025964,Tier-1,Tier-2,2026-03-17T17:18:24.102828,investigated_and_resolved
CAS-CSE-TELC-01-0025965,Tier-1,Tier-2,2026-03-17T18:16:01.168180,investigated_and_resolved
CAS-CSE-TELC-01-0025968,Tier-1,Tier-2,2026-03-17T22:30:02.068570,investigated_and_resolved
CAS-CSE-TELC-01-0025970,Tier-1,Tier-2,2026-03-18T01:30:43.953848,investigated_and_resolved
CAS-CSE-TELC-01-0025971,Tier-1,Tier-2,2026-03-17T23:45:17.713907,investigated_and_resolved
CAS-CSE-TELC-01-0025976,Tier-1,Tier-2,2026-03-18T00:46:10.673684,investigated_and_resolved
CAS-CSE-TELC-01-0025987,Tier-1,Tier-2,2026-03-18T15:02:06.577285,investigated_and_resolved
CAS-CSE-TELC-01-0025988,Tier-1,Tier-2,2026-03-18T16:35:53.027015,investigated_and_resolved
CAS-CSE-TELC-01-0025994,Tier-1,Tier-2,2026-03-18T22:44:41.652502,investigated_and_resolved
CAS-CSE-TELC-01-0026003,Tier-1,Tier-2,2026-03-19T03:41:55.682468,investigated_and_resolved
CAS-CSE-TELC-01-0026007,Tier-1,Tier-2,2026-03-19T05:58:15.037036,investigated_and_resolved
CAS-CSE-TELC-01-0026014,Tier-1,Tier-2,2026-03-19T09:28:57.112978,investigated_and_resolved
CAS-CSE-TELC-01-0026019,Tier-1,Tier-2,2026-03-19T17:54:52.046466,investigated_and_resolved
CAS-CSE-TELC-01-0026023,Tier-1,Tier-2,2026-03-19T20:00:00.813992,investigated_and_resolved
CAS-CSE-TELC-01-0026024,Tier-1,Tier-2,2026-03-19T22:18:27.284186,investigated_and_resolved
CAS-CSE-TELC-01-0026026,Tier-1,Tier-2,2026-03-20T00:02:01.200764,investigated_and_resolved
CAS-CSE-TELC-01-0026030,Tier-1,Tier-2,2026-03-20T05:23:19.863334,investigated_and_resolved
CAS-CSE-TELC-01-0026031,Tier-1,Tier-2,2026-03-20T05:46:10.519043,investigated_and_resolved
CAS-CSE-TELC-01-0026033,Tier-1,Tier-2,2026-03-20T11:37:18.792313,investigated_and_resolved
CAS-CSE-TELC-01-0026044,Tier-1,Tier-2,2026-03-21T00:02:33.876096,investigated_and_resolved
CAS-CSE-TELC-01-0026055,Tier-1,Tier-2,2026-03-21T16:50:20.438726,investigated_and_resolved
CAS-CSE-TELC-01-0026069,Tier-1,Tier-2,2026-03-22T01:12:57.055173,investigated_and_resolved
CAS-CSE-TELC-01-0026073,Tier-1,Tier-2,2026-03-22T05:05:08.994527,investigated_and_resolved
CAS-CSE-TELC-01-0026075,Tier-1,Tier-2,2026-03-22T08:07:39.298540,investigated_and_resolved
CAS-CSE-TELC-01-0026077,Tier-1,Tier-2,2026-03-22T11:20:52.755754,investigated_and_resolved
CAS-CSE-TELC-01-0026093,Tier-1,Tier-2,2026-03-22T23:20:28.010448,investigated_and_resolved
CAS-CSE-TELC-01-0026096,Tier-1,Tier-2,2026-03-23T03:58:33.715860,investigated_and_resolved
CAS-CSE-TELC-01-0026098,Tier-1,Tier-2,2026-03-23T03:06:13.343205,investigated_and_resolved
CAS-CSE-TELC-01-0026101,Tier-1,Tier-2,2026-03-23T06:32:48.739423,investigated_and_resolved
CAS-CSE-TELC-01-0026111,Tier-1,Tier-2,2026-03-24T01:16:54.058584,investigated_and_resolved
CAS-CSE-TELC-01-0026112,Tier-1,Tier-2,2026-03-24T04:58:08.360238,investigated_and_resolved
CAS-CSE-TELC-01-0026123,Tier-1,Tier-2,2026-03-24T19:10:07.636347,investigated_and_resolved
CAS-CSE-TELC-01-0026135,Tier-1,Tier-2,2026-03-25T05:47:26.030417,investigated_and_resolved
CAS-CSE-TELC-01-0026136,Tier-1,Tier-2,2026-03-25T08:36:30.903363,investigated_and_resolved
CAS-CSE-TELC-01-0026139,Tier-1,Tier-2,2026-03-25T11:00:00.334232,investigated_and_resolved
CAS-CSE-TELC-01-0026140,Tier-1,Tier-2,2026-03-25T11:09:39.023086,investigated_and_resolved
CAS-CSE-TELC-01-0026143,Tier-1,Tier-2,2026-03-25T16:46:39.033048,investigated_and_resolved
CAS-CSE-TELC-01-0026162,Tier-1,Tier-2,2026-03-26T05:52:32.880651,investigated_and_resolved
CAS-CSE-TELC-01-0026164,Tier-1,Tier-2,2026-03-26T07:50:33.274723,investigated_and_resolved
CAS-CSE-TELC-01-0026174,Tier-1,Tier-2,2026-03-27T00:39:01.096186,investigated_and_resolved
CAS-CSE-TELC-01-0026175,Tier-1,Tier-2,2026-03-27T04:02:40.390146,investigated_and_resolved
CAS-CSE-TELC-01-0026179,Tier-1,Tier-2,2026-03-27T05:19:47.607505,investigated_and_resolved
CAS-CSE-TELC-01-0026183,Tier-1,Tier-2,2026-03-27T07:52:07.500716,investigated_and_resolved
CAS-CSE-TELC-01-0026186,Tier-1,Tier-2,2026-03-27T11:49:07.989586,investigated_and_resolved
CAS-CSE-TELC-01-0026190,Tier-1,Tier-2,2026-03-27T15:07:09.239857,investigated_and_resolved
CAS-CSE-TELC-01-0026191,Tier-1,Tier-2,2026-03-27T15:44:48.084817,investigated_and_resolved
CAS-CSE-TELC-01-0026193,Tier-1,Tier-2,2026-03-27T18:43:34.593333,investigated_and_resolved
CAS-CSE-TELC-01-0026195,Tier-1,Tier-2,2026-03-28T01:17:25.610627,investigated_and_resolved
CAS-CSE-TELC-01-0026200,Tier-1,Tier-2,2026-03-28T01:07:16.307809,investigated_and_resolved
CAS-CSE-TELC-01-0026202,Tier-1,Tier-2,2026-03-28T02:50:26.822543,investigated_and_resolved
CAS-CSE-TELC-01-0026205,Tier-1,Tier-2,2026-03-28T06:12:25.720840,investigated_and_resolved
CAS-CSE-TELC-01-0026209,Tier-1,Tier-2,2026-03-28T12:26:15.892992,investigated_and_resolved
CAS-CSE-TELC-01-0026216,Tier-1,Tier-2,2026-03-28T23:12:11.886532,investigated_and_resolved
CAS-CSE-TELC-01-0026218,Tier-1,Tier-2,2026-03-29T00:34:37.900951,investigated_and_resolved
CAS-CSE-TELC-01-0026226,Tier-1,Tier-2,2026-03-29T03:03:55.237071,investigated_and_resolved
CAS-CSE-TELC-01-0026231,Tier-1,Tier-2,2026-03-29T06:55:35.577394,investigated_and_resolved
CAS-CSE-TELC-01-0026238,Tier-1,Tier-2,2026-03-29T14:16:13.602842,investigated_and_resolved
CAS-CSE-TELC-01-0026247,Tier-1,Tier-2,2026-03-29T18:30:11.594396,investigated_and_resolved
CAS-CSE-TELC-01-0026248,Tier-1,Tier-2,2026-03-29T19:13:22.072997,investigated_and_resolved
CAS-CSE-TELC-01-0026249,Tier-1,Tier-2,2026-03-29T19:51:38.943475,investigated_and_resolved
CAS-CSE-TELC-01-0026252,Tier-1,Tier-2,2026-03-29T22:12:10.983916,investigated_and_resolved
CAS-CSE-TELC-01-0026260,Tier-1,Tier-2,2026-03-30T04:56:26.164298,investigated_and_resolved
CAS-CSE-TELC-01-0026265,Tier-1,Tier-2,2026-03-30T08:46:45.166842,investigated_and_resolved
CAS-CSE-TELC-01-0026270,Tier-1,Tier-2,2026-03-30T11:42:28.980015,investigated_and_resolved
CAS-CSE-TELC-01-0026275,Tier-1,Tier-2,2026-03-30T16:50:18.850136,investigated_and_resolved
CAS-CSE-TELC-01-0026276,Tier-1,Tier-2,2026-03-30T18:35:46.364635,investigated_and_resolved
CAS-CSE-TELC-01-0026277,Tier-1,Tier-2,2026-03-30T21:53:13.075531,investigated_and_resolved
CAS-CSE-TELC-01-0026292,Tier-1,Tier-2,2026-03-31T13:59:04.319562,investigated_and_resolved
CAS-CSE-TELC-01-0026302,Tier-1,Tier-2,2026-04-01T02:28:17.537669,investigated_and_resolved
CAS-CSE-TELC-01-0026303,Tier-1,Tier-2,2026-04-01T04:03:19.307059,investigated_and_resolved
CAS-CSE-TELC-01-0026304,Tier-1,Tier-2,2026-04-01T03:37:32.404723,investigated_and_resolved
CAS-CSE-TELC-01-0026308,Tier-1,Tier-2,2026-04-01T10:49:43.055280,investigated_and_resolved
CAS-CSE-TELC-01-0026311,Tier-1,Tier-2,2026-04-01T12:26:59.637893,investigated_and_resolved
CAS-CSE-TELC-01-0026316,Tier-1,Tier-2,2026-04-01T19:19:58.263568,investigated_and_resolved
CAS-CSE-TELC-01-0026317,Tier-1,Tier-2,2026-04-01T20:26:00.037411,investigated_and_resolved
CAS-CSE-TELC-01-0026326,Tier-1,Tier-2,2026-04-02T10:19:15.887360,investigated_and_resolved
CAS-CSE-TELC-01-0026327,Tier-1,Tier-2,2026-04-02T11:07:43.366738,investigated_and_resolved
CAS-CSE-TELC-01-0026330,Tier-1,Tier-2,2026-04-02T12:28:10.125604,investigated_and_resolved
CAS-CSE-TELC-01-0026332,Tier-1,Tier-2,2026-04-02T15:13:37.894747,investigated_and_resolved
CAS-CSE-TELC-01-0026338,Tier-1,Tier-2,2026-04-02T18:56:14.966689,investigated_and_resolved
CAS-CSE-TELC-01-0026340,Tier-1,Tier-2,2026-04-02T23:30:23.453533,investigated_and_resolved
CAS-CSE-TELC-01-0026351,Tier-1,Tier-2,2026-04-03T14:33:46.577821,investigated_and_resolved
CAS-CSE-TELC-01-0026353,Tier-1,Tier-2,2026-04-03T14:48:45.482111,investigated_and_resolved
CAS-CSE-TELC-01-0026355,Tier-1,Tier-2,2026-04-03T15:09:51.972632,investigated_and_resolved
CAS-CSE-TELC-01-0026357,Tier-1,Tier-2,2026-04-03T18:24:29.021506,investigated_and_resolved
CAS-CSE-TELC-01-0026367,Tier-1,Tier-2,2026-04-04T12:21:30.713775,investigated_and_resolved
CAS-CSE-TELC-01-0026374,Tier-1,Tier-2,2026-04-04T18:10:06.204392,investigated_and_resolved
CAS-CSE-TELC-01-0026381,Tier-1,Tier-2,2026-04-04T22:09:07.282686,investigated_and_resolved
CAS-CSE-TELC-01-0026404,Tier-1,Tier-2,2026-04-05T18:23:45.464582,investigated_and_resolved
CAS-CSE-TELC-01-0026412,Tier-1,Tier-2,2026-04-06T02:39:03.544170,investigated_and_resolved
CAS-CSE-TELC-01-0026415,Tier-1,Tier-2,2026-04-06T05:05:04.413281,investigated_and_resolved
CAS-CSE-TELC-01-0026419,Tier-1,Tier-2,2026-04-06T05:58:38.792917,investigated_and_resolved
CAS-CSE-TELC-01-0026422,Tier-1,Tier-2,2026-04-06T09:54:28.201107,investigated_and_resolved
CAS-CSE-TELC-01-0026425,Tier-1,Tier-2,2026-04-06T13:12:25.968859,investigated_and_resolved
CAS-CSE-TELC-01-0026429,Tier-1,Tier-2,2026-04-06T15:10:54.080789,investigated_and_resolved
CAS-CSE-TELC-01-0026437,Tier-1,Tier-2,2026-04-06T22:17:09.709093,investigated_and_resolved
CAS-CSE-TELC-01-0026438,Tier-1,Tier-2,2026-04-06T20:51:24.395991,investigated_and_resolved
CAS-CSE-TELC-01-0026441,Tier-1,Tier-2,2026-04-07T06:03:32.963772,investigated_and_resolved
CAS-CSE-TELC-01-0026463,Tier-1,Tier-2,2026-04-08T09:29:59.815332,investigated_and_resolved
CAS-CSE-TELC-01-0026465,Tier-1,Tier-2,2026-04-08T12:34:09.293100,investigated_and_resolved
CAS-CSE-TELC-01-0026478,Tier-1,Tier-2,2026-04-08T20:46:59.126787,investigated_and_resolved
CAS-CSE-TELC-01-0026483,Tier-1,Tier-2,2026-04-09T01:08:05.890291,investigated_and_resolved
CAS-CSE-TELC-01-0026488,Tier-1,Tier-2,2026-04-09T04:57:50.839724,investigated_and_resolved
CAS-CSE-TELC-01-0026493,Tier-1,Tier-2,2026-04-09T07:50:49.216280,investigated_and_resolved
CAS-CSE-TELC-01-0026494,Tier-1,Tier-2,2026-04-09T11:06:54.314273,investigated_and_resolved
CAS-CSE-TELC-01-0026495,Tier-1,Tier-2,2026-04-09T11:01:54.180501,investigated_and_resolved
CAS-CSE-TELC-01-0026503,Tier-1,Tier-2,2026-04-09T18:29:52.331872,investigated_and_resolved
CAS-CSE-TELC-01-0026510,Tier-1,Tier-2,2026-04-10T00:37:19.825383,investigated_and_resolved
CAS-CSE-TELC-01-0026511,Tier-1,Tier-2,2026-04-10T03:08:24.210171,investigated_and_resolved
CAS-CSE-TELC-01-0026521,Tier-1,Tier-2,2026-04-10T10:34:01.833003,investigated_and_resolved
CAS-CSE-TELC-01-0026526,Tier-1,Tier-2,2026-04-10T18:55:07.353268,investigated_and_resolved
CAS-CSE-TELC-01-0026528,Tier-1,Tier-2,2026-04-10T19:39:45.065199,investigated_and_resolved
CAS-CSE-TELC-01-0026529,Tier-1,Tier-2,2026-04-10T19:29:37.419208,investigated_and_resolved
CAS-CSE-TELC-01-0026553,Tier-1,Tier-2,2026-04-11T23:20:35.367619,investigated_and_resolved
CAS-CSE-TELC-01-0026563,Tier-1,Tier-2,2026-04-12T15:08:51.482272,investigated_and_resolved
CAS-CSE-TELC-01-0026565,Tier-1,Tier-2,2026-04-12T16:13:11.833276,investigated_and_resolved
CAS-CSE-TELC-01-0026571,Tier-1,Tier-2,2026-04-12T19:35:57.352403,investigated_and_resolved
CAS-CSE-TELC-01-0026593,Tier-1,Tier-2,2026-04-13T16:14:10.795223,investigated_and_resolved
CAS-CSE-TELC-01-0026597,Tier-1,Tier-2,2026-04-14T03:22:28.171369,investigated_and_resolved
CAS-CSE-TELC-01-0026599,Tier-1,Tier-2,2026-04-14T02:40:07.632889,investigated_and_resolved
CAS-CSE-TELC-01-0026606,Tier-1,Tier-2,2026-04-14T08:14:57.974794,investigated_and_resolved
CAS-CSE-TELC-01-0026614,Tier-1,Tier-2,2026-04-14T15:23:29.292966,investigated_and_resolved
CAS-CSE-TELC-01-0026622,Tier-1,Tier-2,2026-04-15T03:43:44.130859,investigated_and_resolved
CAS-CSE-TELC-01-0026627,Tier-1,Tier-2,2026-04-15T09:40:43.085708,investigated_and_resolved
CAS-CSE-TELC-01-0026636,Tier-1,Tier-2,2026-04-15T22:37:44.783549,investigated_and_resolved
CAS-CSE-TELC-01-0026638,Tier-1,Tier-2,2026-04-16T03:56:52.427102,investigated_and_resolved
CAS-CSE-TELC-01-0026642,Tier-1,Tier-2,2026-04-16T08:34:49.616252,investigated_and_resolved
CAS-CSE-TELC-01-0026643,Tier-1,Tier-2,2026-04-16T11:34:33.607995,investigated_and_resolved
CAS-CSE-TELC-01-0026645,Tier-1,Tier-2,2026-04-16T13:00:05.065624,investigated_and_resolved
CAS-CSE-TELC-01-0026648,Tier-1,Tier-2,2026-04-16T15:31:28.220550,investigated_and_resolved
CAS-CSE-TELC-01-0026654,Tier-1,Tier-2,2026-04-16T17:27:41.144506,investigated_and_resolved
CAS-CSE-TELC-01-0026664,Tier-1,Tier-2,2026-04-16T22:54:38.437004,investigated_and_resolved
CAS-CSE-TELC-01-0026682,Tier-1,Tier-2,2026-04-17T14:24:19.933846,investigated_and_resolved
CAS-CSE-TELC-01-0026690,Tier-1,Tier-2,2026-04-17T17:05:40.177147,investigated_and_resolved
CAS-CSE-TELC-01-0026691,Tier-1,Tier-2,2026-04-17T18:18:16.098798,investigated_and_resolved
CAS-CSE-TELC-01-0026700,Tier-1,Tier-2,2026-04-18T03:42:57.109004,investigated_and_resolved
CAS-CSE-TELC-01-0026705,Tier-1,Tier-2,2026-04-18T11:30:15.106546,investigated_and_resolved
CAS-CSE-TELC-01-0026707,Tier-1,Tier-2,2026-04-18T12:29:23.085641,investigated_and_resolved
CAS-CSE-TELC-01-0026711,Tier-1,Tier-2,2026-04-18T14:01:33.894597,investigated_and_resolved
CAS-CSE-TELC-01-0026739,Tier-1,Tier-2,2026-04-20T01:59:30.603742,investigated_and_resolved
CAS-CSE-TELC-01-0026742,Tier-1,Tier-2,2026-04-20T04:07:49.496280,investigated_and_resolved
CAS-CSE-TELC-01-0026743,Tier-1,Tier-2,2026-04-20T04:46:11.937749,investigated_and_resolved
CAS-CSE-TELC-01-0026746,Tier-1,Tier-2,2026-04-20T06:36:38.407779,investigated_and_resolved
CAS-CSE-TELC-01-0026753,Tier-1,Tier-2,2026-04-20T17:37:50.212688,investigated_and_resolved
CAS-CSE-TELC-01-0026754,Tier-1,Tier-2,2026-04-20T17:21:04.011071,investigated_and_resolved
CAS-CSE-TELC-01-0026755,Tier-1,Tier-2,2026-04-20T16:45:16.901643,investigated_and_resolved
CAS-CSE-TELC-01-0026756,Tier-1,Tier-2,2026-04-20T17:28:46.724977,investigated_and_resolved
CAS-CSE-TELC-01-0026757,Tier-1,Tier-2,2026-04-20T20:26:47.263256,investigated_and_resolved
CAS-CSE-TELC-01-0026758,Tier-1,Tier-2,2026-04-20T20:10:38.677362,investigated_and_resolved
CAS-CSE-TELC-01-0026759,Tier-1,Tier-2,2026-04-20T22:14:43.100432,investigated_and_resolved
CAS-CSE-TELC-01-0026769,Tier-1,Tier-2,2026-04-21T02:09:07.193570,investigated_and_resolved
CAS-CSE-TELC-01-0026777,Tier-1,Tier-2,2026-04-21T08:00:26.502432,investigated_and_resolved
CAS-CSE-TELC-01-0026779,Tier-1,Tier-2,2026-04-21T06:40:12.727921,investigated_and_resolved
CAS-CSE-TELC-01-0026788,Tier-1,Tier-2,2026-04-21T14:14:05.194718,investigated_and_resolved
CAS-CSE-TELC-01-0026792,Tier-1,Tier-2,2026-04-21T19:43:55.314325,investigated_and_resolved
CAS-CSE-TELC-01-0026803,Tier-1,Tier-2,2026-04-22T05:41:03.011533,investigated_and_resolved
CAS-CSE-TELC-01-0026805,Tier-1,Tier-2,2026-04-22T06:06:38.708317,investigated_and_resolved
CAS-CSE-TELC-01-0026807,Tier-1,Tier-2,2026-04-22T06:45:11.849536,investigated_and_resolved
CAS-CSE-TELC-01-0026817,Tier-1,Tier-2,2026-04-22T16:15:02.576739,investigated_and_resolved
CAS-CSE-TELC-01-0026824,Tier-1,Tier-2,2026-04-22T21:45:10.479683,investigated_and_resolved
CAS-CSE-TELC-01-0026825,Tier-1,Tier-2,2026-04-22T22:08:38.808920,investigated_and_resolved
CAS-CSE-TELC-01-0026833,Tier-1,Tier-2,2026-04-23T07:32:43.574753,investigated_and_resolved
CAS-CSE-TELC-01-0026835,Tier-1,Tier-2,2026-04-23T08:04:44.902029,investigated_and_resolved
CAS-CSE-TELC-01-0026836,Tier-1,Tier-2,2026-04-23T09:16:40.442934,investigated_and_resolved
CAS-CSE-TELC-01-0026840,Tier-1,Tier-2,2026-04-23T13:20:40.916096,investigated_and_resolved
CAS-CSE-TELC-01-0026843,Tier-1,Tier-2,2026-04-23T17:31:00.871094,investigated_and_resolved
CAS-CSE-TELC-01-0026844,Tier-1,Tier-2,2026-04-23T18:37:56.262739,investigated_and_resolved
CAS-CSE-TELC-01-0026848,Tier-1,Tier-2,2026-04-23T23:28:11.185362,investigated_and_resolved
CAS-CSE-TELC-01-0026856,Tier-1,Tier-2,2026-04-24T04:32:09.269623,investigated_and_resolved
CAS-CSE-TELC-01-0026858,Tier-1,Tier-2,2026-04-24T11:34:59.415882,investigated_and_resolved
CAS-CSE-TELC-01-0026866,Tier-1,Tier-2,2026-04-24T14:35:30.501034,investigated_and_resolved
CAS-CSE-TELC-01-0026868,Tier-1,Tier-2,2026-04-24T13:43:49.875429,investigated_and_resolved
CAS-CSE-TELC-01-0026873,Tier-1,Tier-2,2026-04-24T23:48:57.424897,investigated_and_resolved
CAS-CSE-TELC-01-0026881,Tier-1,Tier-2,2026-04-25T07:06:15.394420,investigated_and_resolved
CAS-CSE-TELC-01-0026900,Tier-1,Tier-2,2026-04-25T23:18:18.743357,investigated_and_resolved
CAS-CSE-TELC-01-0026902,Tier-1,Tier-2,2026-04-26T01:08:13.955734,investigated_and_resolved
CAS-CSE-TELC-01-0026907,Tier-1,Tier-2,2026-04-26T05:41:50.466790,investigated_and_resolved
CAS-CSE-TELC-01-0026911,Tier-1,Tier-2,2026-04-26T05:52:38.329227,investigated_and_resolved
CAS-CSE-TELC-01-0026921,Tier-1,Tier-2,2026-04-26T14:48:38.902746,investigated_and_resolved
CAS-CSE-TELC-01-0026926,Tier-1,Tier-2,2026-04-26T18:17:07.033992,investigated_and_resolved
CAS-CSE-TELC-01-0026934,Tier-1,Tier-2,2026-04-27T03:28:14.951130,investigated_and_resolved
CAS-CSE-TELC-01-0026937,Tier-1,Tier-2,2026-04-27T07:41:16.137496,investigated_and_resolved
CAS-CSE-TELC-01-0026943,Tier-1,Tier-2,2026-04-27T19:41:25.344854,investigated_and_resolved
CAS-CSE-TELC-01-0026945,Tier-1,Tier-2,2026-04-27T20:52:48.071960,investigated_and_resolved
CAS-CSE-TELC-01-0026946,Tier-1,Tier-2,2026-04-27T21:07:43.280904,investigated_and_resolved
CAS-CSE-TELC-01-0026949,Tier-1,Tier-2,2026-04-28T03:40:42.035636,investigated_and_resolved
CAS-CSE-TELC-01-0026952,Tier-1,Tier-2,2026-04-28T05:23:05.638933,investigated_and_resolved
CAS-CSE-TELC-01-0026963,Tier-1,Tier-2,2026-04-28T16:15:34.911387,investigated_and_resolved
CAS-CSE-TELC-01-0026965,Tier-1,Tier-2,2026-04-28T16:51:10.311590,investigated_and_resolved
CAS-CSE-TELC-01-0026972,Tier-1,Tier-2,2026-04-28T21:34:47.938639,investigated_and_resolved
CAS-CSE-TELC-01-0026973,Tier-1,Tier-2,2026-04-28T23:33:17.598832,investigated_and_resolved
CAS-CSE-TELC-01-0026974,Tier-1,Tier-2,2026-04-29T03:47:48.399049,investigated_and_resolved
CAS-CSE-TELC-01-0026988,Tier-1,Tier-2,2026-04-29T23:47:12.064411,investigated_and_resolved
CAS-CSE-TELC-01-0027001,Tier-1,Tier-2,2026-04-30T06:30:59.601681,investigated_and_resolved
CAS-CSE-TELC-01-0027002,Tier-1,Tier-2,2026-04-30T07:40:51.349370,investigated_and_resolved
CAS-CSE-TELC-01-0027006,Tier-1,Tier-2,2026-04-30T10:36:56.763067,investigated_and_resolved
CAS-CSE-TELC-01-0027011,Tier-1,Tier-2,2026-04-30T12:44:38.697626,investigated_and_resolved
CAS-CSE-TELC-01-0027015,Tier-1,Tier-2,2026-04-30T16:17:50.284878,investigated_and_resolved
CAS-CSE-TELC-01-0027018,Tier-1,Tier-2,2026-04-30T21:12:47.503742,investigated_and_resolved
CAS-CSE-TELC-01-0027022,Tier-1,Tier-2,2026-05-01T00:07:16.594058,investigated_and_resolved
CAS-CSE-TELC-01-0027025,Tier-1,Tier-2,2026-05-01T02:28:40.986879,investigated_and_resolved
CAS-CSE-TELC-01-0027029,Tier-1,Tier-2,2026-05-01T06:45:47.993047,investigated_and_resolved
CAS-CSE-TELC-01-0027030,Tier-1,Tier-2,2026-05-01T07:46:10.595688,investigated_and_resolved
CAS-CSE-TELC-01-0027056,Tier-1,Tier-2,2026-05-02T08:48:04.369893,investigated_and_resolved
CAS-CSE-TELC-01-0027059,Tier-1,Tier-2,2026-05-02T13:21:39.840220,investigated_and_resolved
CAS-CSE-TELC-01-0027062,Tier-1,Tier-2,2026-05-02T15:41:18.295725,investigated_and_resolved
CAS-CSE-TELC-01-0027070,Tier-1,Tier-2,2026-05-02T20:32:25.866571,investigated_and_resolved
CAS-CSE-TELC-01-0027072,Tier-1,Tier-2,2026-05-02T21:29:14.240059,investigated_and_resolved
CAS-CSE-TELC-01-0027079,Tier-1,Tier-2,2026-05-03T00:44:59.310854,investigated_and_resolved
CAS-CSE-TELC-01-0027081,Tier-1,Tier-2,2026-05-03T02:40:50.685576,investigated_and_resolved
CAS-CSE-TELC-01-0027092,Tier-1,Tier-2,2026-05-03T10:40:19.344225,investigated_and_resolved
CAS-CSE-TELC-01-0027094,Tier-1,Tier-2,2026-05-03T12:06:20.985268,investigated_and_resolved
CAS-CSE-TELC-01-0027099,Tier-1,Tier-2,2026-05-03T17:57:26.476207,investigated_and_resolved
CAS-CSE-TELC-01-0027106,Tier-1,Tier-2,2026-05-04T02:41:52.034457,investigated_and_resolved
CAS-CSE-TELC-01-0027111,Tier-1,Tier-2,2026-05-04T03:49:24.198073,investigated_and_resolved
CAS-CSE-TELC-01-0027115,Tier-1,Tier-2,2026-05-04T08:25:05.490738,investigated_and_resolved
CAS-CSE-TELC-01-0027118,Tier-1,Tier-2,2026-05-04T10:21:10.864248,investigated_and_resolved
CAS-CSE-TELC-01-0027121,Tier-1,Tier-2,2026-05-04T13:02:40.635275,investigated_and_resolved
CAS-CSE-TELC-01-0027123,Tier-1,Tier-2,2026-05-04T13:57:11.753678,investigated_and_resolved
CAS-CSE-TELC-01-0027127,Tier-1,Tier-2,2026-05-04T18:41:40.226988,investigated_and_resolved
CAS-CSE-TELC-01-0027131,Tier-1,Tier-2,2026-05-04T19:50:17.767840,investigated_and_resolved
CAS-CSE-TELC-01-0027133,Tier-1,Tier-2,2026-05-04T21:25:57.017344,investigated_and_resolved
CAS-CSE-TELC-01-0027153,Tier-1,Tier-2,2026-05-05T09:05:13.384737,investigated_and_resolved
CAS-CSE-TELC-01-0027169,Tier-1,Tier-2,2026-05-05T23:13:24.767618,investigated_and_resolved
CAS-CSE-TELC-01-0027170,Tier-1,Tier-2,2026-05-06T00:02:47.575537,investigated_and_resolved
CAS-CSE-TELC-01-0027172,Tier-1,Tier-2,2026-05-06T03:22:15.082170,investigated_and_resolved
CAS-CSE-TELC-01-0027173,Tier-1,Tier-2,2026-05-06T03:49:22.918634,investigated_and_resolved
CAS-CSE-TELC-01-0027174,Tier-1,Tier-2,2026-05-06T04:15:36.074920,investigated_and_resolved
CAS-CSE-TELC-01-0027177,Tier-1,Tier-2,2026-05-06T08:49:44.740090,investigated_and_resolved
CAS-CSE-TELC-01-0027185,Tier-1,Tier-2,2026-05-06T18:48:09.923649,investigated_and_resolved
CAS-CSE-TELC-01-0027189,Tier-1,Tier-2,2026-05-06T19:06:59.362417,investigated_and_resolved
CAS-CSE-TELC-01-0027192,Tier-1,Tier-2,2026-05-07T02:08:37.240593,investigated_and_resolved
CAS-CSE-TELC-01-0027197,Tier-1,Tier-2,2026-05-07T06:08:58.870460,investigated_and_resolved
CAS-CSE-TELC-01-0027198,Tier-1,Tier-2,2026-05-07T05:34:03.742668,investigated_and_resolved
CAS-CSE-TELC-01-0027201,Tier-1,Tier-2,2026-05-07T08:44:22.373450,investigated_and_resolved
CAS-CSE-TELC-01-0027213,Tier-1,Tier-2,2026-05-07T20:40:18.026248,investigated_and_resolved
CAS-CSE-TELC-01-0027220,Tier-1,Tier-2,2026-05-08T07:04:52.367965,investigated_and_resolved
CAS-CSE-TELC-01-0027228,Tier-1,Tier-2,2026-05-08T11:20:47.809945,investigated_and_resolved
CAS-CSE-TELC-01-0027229,Tier-1,Tier-2,2026-05-08T14:58:38.986450,investigated_and_resolved
CAS-CSE-TELC-01-0027231,Tier-1,Tier-2,2026-05-08T15:15:28.464086,investigated_and_resolved
CAS-CSE-TELC-01-0027234,Tier-1,Tier-2,2026-05-08T18:08:18.777354,investigated_and_resolved
CAS-CSE-TELC-01-0027247,Tier-1,Tier-2,2026-05-09T07:13:20.435198,investigated_and_resolved
CAS-CSE-TELC-01-0027248,Tier-1,Tier-2,2026-05-09T08:05:04.438157,investigated_and_resolved
CAS-CSE-TELC-01-0027249,Tier-1,Tier-2,2026-05-09T08:22:40.056863,investigated_and_resolved
CAS-CSE-TELC-01-0027251,Tier-1,Tier-2,2026-05-09T09:05:43.494467,investigated_and_resolved
CAS-CSE-TELC-01-0027252,Tier-1,Tier-2,2026-05-09T09:36:13.906452,investigated_and_resolved
CAS-CSE-TELC-01-0027254,Tier-1,Tier-2,2026-05-09T12:17:20.463230,investigated_and_resolved
CAS-CSE-TELC-01-0027256,Tier-1,Tier-2,2026-05-09T14:54:30.132971,investigated_and_resolved
CAS-CSE-TELC-01-0027264,Tier-1,Tier-2,2026-05-09T21:39:28.162215,investigated_and_resolved
CAS-CSE-TELC-01-0027269,Tier-1,Tier-2,2026-05-09T23:02:56.777875,investigated_and_resolved
CAS-CSE-TELC-01-0027281,Tier-1,Tier-2,2026-05-10T07:35:57.350870,investigated_and_resolved
CAS-CSE-TELC-01-0027283,Tier-1,Tier-2,2026-05-10T08:40:54.200162,investigated_and_resolved
CAS-CSE-TELC-01-0027284,Tier-1,Tier-2,2026-05-10T10:56:10.379973,investigated_and_resolved
CAS-CSE-TELC-01-0027287,Tier-1,Tier-2,2026-05-10T13:31:19.111338,investigated_and_resolved
CAS-CSE-TELC-01-0027291,Tier-1,Tier-2,2026-05-10T14:49:22.201175,investigated_and_resolved
CAS-CSE-TELC-01-0027292,Tier-1,Tier-2,2026-05-10T16:24:14.449994,investigated_and_resolved
CAS-CSE-TELC-01-0027314,Tier-1,Tier-2,2026-05-11T11:13:55.563932,investigated_and_resolved
CAS-CSE-TELC-01-0027316,Tier-1,Tier-2,2026-05-11T11:35:17.051615,investigated_and_resolved
CAS-CSE-TELC-01-0027317,Tier-1,Tier-2,2026-05-11T13:38:24.643837,investigated_and_resolved
CAS-CSE-TELC-01-0027320,Tier-1,Tier-2,2026-05-11T16:17:12.340121,investigated_and_resolved
CAS-CSE-TELC-01-0027327,Tier-1,Tier-2,2026-05-12T03:59:52.501981,investigated_and_resolved
CAS-CSE-TELC-01-0027337,Tier-1,Tier-2,2026-05-12T18:37:14.162152,investigated_and_resolved
CAS-CSE-TELC-01-0027339,Tier-1,Tier-2,2026-05-12T20:19:22.233766,investigated_and_resolved
CAS-CSE-TELC-01-0027341,Tier-1,Tier-2,2026-05-13T00:51:38.691447,investigated_and_resolved
CAS-CSE-TELC-01-0027342,Tier-1,Tier-2,2026-05-13T01:31:32.424490,investigated_and_resolved
CAS-CSE-TELC-01-0027356,Tier-1,Tier-2,2026-05-13T23:14:36.059054,investigated_and_resolved
CAS-CSE-TELC-01-0027364,Tier-1,Tier-2,2026-05-14T08:42:10.547591,investigated_and_resolved
CAS-CSE-TELC-01-0027365,Tier-1,Tier-2,2026-05-14T09:47:37.220252,investigated_and_resolved
CAS-CSE-TELC-01-0027372,Tier-1,Tier-2,2026-05-14T17:24:21.859697,investigated_and_resolved
CAS-CSE-TELC-01-0027374,Tier-1,Tier-2,2026-05-14T18:30:16.735161,investigated_and_resolved
CAS-CSE-TELC-01-0027375,Tier-1,Tier-2,2026-05-14T22:12:32.300801,investigated_and_resolved
CAS-CSE-TELC-01-0027379,Tier-1,Tier-2,2026-05-15T02:35:59.343116,investigated_and_resolved
CAS-CSE-TELC-01-0027389,Tier-1,Tier-2,2026-05-15T14:54:32.870343,investigated_and_resolved
CAS-CSE-TELC-01-0027395,Tier-1,Tier-2,2026-05-15T17:58:17.902498,investigated_and_resolved
CAS-CSE-TELC-01-0027405,Tier-1,Tier-2,2026-05-16T04:45:26.985448,investigated_and_resolved
CAS-CSE-TELC-01-0027408,Tier-1,Tier-2,2026-05-16T05:46:02.657420,investigated_and_resolved
CAS-CSE-TELC-01-0027413,Tier-1,Tier-2,2026-05-16T06:56:58.735382,investigated_and_resolved
CAS-CSE-TELC-01-0027415,Tier-1,Tier-2,2026-05-16T11:01:46.389027,investigated_and_resolved
CAS-CSE-TELC-01-0027416,Tier-1,Tier-2,2026-05-16T11:20:06.745898,investigated_and_resolved
CAS-CSE-TELC-01-0027417,Tier-1,Tier-2,2026-05-16T11:33:37.737875,investigated_and_resolved
CAS-CSE-TELC-01-0027418,Tier-1,Tier-2,2026-05-16T12:27:22.754897,investigated_and_resolved
CAS-CSE-TELC-01-0027426,Tier-1,Tier-2,2026-05-16T18:49:32.025228,investigated_and_resolved
CAS-CSE-TELC-01-0027448,Tier-1,Tier-2,2026-05-18T00:15:03.596800,investigated_and_resolved
CAS-CSE-TELC-01-0027450,Tier-1,Tier-2,2026-05-18T02:38:00.273413,investigated_and_resolved
CAS-CSE-TELC-01-0027454,Tier-1,Tier-2,2026-05-18T06:40:21.709329,investigated_and_resolved
CAS-CSE-TELC-01-0027460,Tier-1,Tier-2,2026-05-18T14:10:02.635902,investigated_and_resolved
CAS-CSE-TELC-01-0027468,Tier-1,Tier-2,2026-05-18T22:31:23.552688,investigated_and_resolved
CAS-CSE-TELC-01-0027475,Tier-1,Tier-2,2026-05-19T07:35:30.788224,investigated_and_resolved
CAS-CSE-TELC-01-0027477,Tier-1,Tier-2,2026-05-19T13:48:12.754981,investigated_and_resolved
CAS-CSE-TELC-01-0027488,Tier-1,Tier-2,2026-05-20T00:44:10.176070,investigated_and_resolved
CAS-CSE-TELC-01-0027494,Tier-1,Tier-2,2026-05-20T05:42:01.885887,investigated_and_resolved
CAS-CSE-TELC-01-0027503,Tier-1,Tier-2,2026-05-20T16:15:45.750673,investigated_and_resolved
CAS-CSE-TELC-01-0027504,Tier-1,Tier-2,2026-05-20T15:38:17.935310,investigated_and_resolved
CAS-CSE-TELC-01-0027509,Tier-1,Tier-2,2026-05-20T21:02:32.728133,investigated_and_resolved
CAS-CSE-TELC-01-0027523,Tier-1,Tier-2,2026-05-21T14:44:58.619410,investigated_and_resolved
CAS-CSE-TELC-01-0027524,Tier-1,Tier-2,2026-05-21T15:12:43.649808,investigated_and_resolved
CAS-CSE-TELC-01-0027525,Tier-1,Tier-2,2026-05-21T17:47:34.779028,investigated_and_resolved
CAS-CSE-TELC-01-0027533,Tier-1,Tier-2,2026-05-22T00:00:18.440052,investigated_and_resolved
CAS-CSE-TELC-01-0027538,Tier-1,Tier-2,2026-05-22T06:46:37.162903,investigated_and_resolved
CAS-CSE-TELC-01-0027545,Tier-1,Tier-2,2026-05-22T18:10:49.824149,investigated_and_resolved
CAS-CSE-TELC-01-0027553,Tier-1,Tier-2,2026-05-23T01:56:41.851475,investigated_and_resolved
CAS-CSE-TELC-01-0027554,Tier-1,Tier-2,2026-05-23T02:02:45.467079,investigated_and_resolved
CAS-CSE-TELC-01-0027560,Tier-1,Tier-2,2026-05-23T09:41:01.606726,investigated_and_resolved
CAS-CSE-TELC-01-0027565,Tier-1,Tier-2,2026-05-23T16:05:58.869234,investigated_and_resolved
CAS-CSE-TELC-01-0027566,Tier-1,Tier-2,2026-05-23T18:11:03.849549,investigated_and_resolved
CAS-CSE-TELC-01-0027568,Tier-1,Tier-2,2026-05-24T03:26:47.900285,investigated_and_resolved
CAS-CSE-TELC-01-0027570,Tier-1,Tier-2,2026-05-24T03:12:56.067870,investigated_and_resolved
CAS-CSE-TELC-01-0027572,Tier-1,Tier-2,2026-05-24T03:12:00.979541,investigated_and_resolved
CAS-CSE-TELC-01-0027579,Tier-1,Tier-2,2026-05-24T11:12:16.531633,investigated_and_resolved
CAS-CSE-TELC-01-0027581,Tier-1,Tier-2,2026-05-24T12:09:56.841615,investigated_and_resolved
CAS-CSE-TELC-01-0027583,Tier-1,Tier-2,2026-05-24T13:25:55.293593,investigated_and_resolved
CAS-CSE-TELC-01-0027596,Tier-1,Tier-2,2026-05-25T04:34:57.986496,investigated_and_resolved
CAS-CSE-TELC-01-0027598,Tier-1,Tier-2,2026-05-25T11:37:46.986035,investigated_and_resolved
CAS-CSE-TELC-01-0027599,Tier-1,Tier-2,2026-05-25T13:20:32.322769,investigated_and_resolved
CAS-CSE-TELC-01-0027601,Tier-1,Tier-2,2026-05-25T14:05:53.216510,investigated_and_resolved
CAS-CSE-TELC-01-0027604,Tier-1,Tier-2,2026-05-25T16:07:29.050047,investigated_and_resolved
CAS-CSE-TELC-01-0027615,Tier-1,Tier-2,2026-05-26T06:41:33.962214,investigated_and_resolved
CAS-CSE-TELC-01-0027617,Tier-1,Tier-2,2026-05-26T08:55:36.249196,investigated_and_resolved
CAS-CSE-TELC-01-0027618,Tier-1,Tier-2,2026-05-26T09:44:43.477566,investigated_and_resolved
CAS-CSE-TELC-01-0027620,Tier-1,Tier-2,2026-05-26T12:29:38.440194,investigated_and_resolved
CAS-CSE-TELC-01-0027626,Tier-1,Tier-2,2026-05-26T18:22:07.094802,investigated_and_resolved
CAS-CSE-TELC-01-0027629,Tier-1,Tier-2,2026-05-26T21:00:30.168278,investigated_and_resolved
CAS-CSE-TELC-01-0027633,Tier-1,Tier-2,2026-05-27T01:32:15.020232,investigated_and_resolved
CAS-CSE-TELC-01-0027636,Tier-1,Tier-2,2026-05-27T08:50:10.633038,investigated_and_resolved
CAS-CSE-TELC-01-0027637,Tier-1,Tier-2,2026-05-27T07:18:43.179672,investigated_and_resolved
CAS-CSE-TELC-01-0027640,Tier-1,Tier-2,2026-05-27T09:48:45.250050,investigated_and_resolved
CAS-CSE-TELC-01-0027650,Tier-1,Tier-2,2026-05-27T13:41:06.488381,investigated_and_resolved
CAS-CSE-TELC-01-0027668,Tier-1,Tier-2,2026-05-28T07:04:07.351443,investigated_and_resolved
CAS-CSE-TELC-01-0027669,Tier-1,Tier-2,2026-05-28T07:21:16.482638,investigated_and_resolved
CAS-CSE-TELC-01-0027671,Tier-1,Tier-2,2026-05-28T10:00:02.559411,investigated_and_resolved
CAS-CSE-TELC-01-0027672,Tier-1,Tier-2,2026-05-28T10:06:22.340792,investigated_and_resolved
CAS-CSE-TELC-01-0027682,Tier-1,Tier-2,2026-05-28T18:17:00.553850,investigated_and_resolved
CAS-CSE-TELC-01-0027683,Tier-1,Tier-2,2026-05-28T19:13:14.033802,investigated_and_resolved
CAS-CSE-TELC-01-0027684,Tier-1,Tier-2,2026-05-28T20:08:24.415247,investigated_and_resolved
CAS-CSE-TELC-01-0027689,Tier-1,Tier-2,2026-05-29T03:27:54.467217,investigated_and_resolved
CAS-CSE-TELC-01-0027700,Tier-1,Tier-2,2026-05-29T14:49:27.016657,investigated_and_resolved
CAS-CSE-TELC-01-0027701,Tier-1,Tier-2,2026-05-29T14:15:39.360312,investigated_and_resolved
CAS-CSE-TELC-01-0027707,Tier-1,Tier-2,2026-05-29T23:07:20.761525,investigated_and_resolved
CAS-CSE-TELC-01-0027708,Tier-1,Tier-2,2026-05-29T22:35:53.863216,investigated_and_resolved
CAS-CSE-TELC-01-0027709,Tier-1,Tier-2,2026-05-29T22:23:06.759661,investigated_and_resolved
CAS-CSE-TELC-01-0027710,Tier-1,Tier-2,2026-05-29T23:18:06.830506,investigated_and_resolved
CAS-CSE-TELC-01-0027714,Tier-1,Tier-2,2026-05-30T05:16:25.409642,investigated_and_resolved
CAS-CSE-TELC-01-0027721,Tier-1,Tier-2,2026-05-30T13:31:24.972879,investigated_and_resolved
CAS-CSE-TELC-01-0027722,Tier-1,Tier-2,2026-05-30T13:59:35.942232,investigated_and_resolved
CAS-CSE-TELC-01-0027742,Tier-1,Tier-2,2026-05-31T10:15:08.327810,investigated_and_resolved
CAS-CSE-TELC-01-0027746,Tier-1,Tier-2,2026-05-31T12:41:43.331985,investigated_and_resolved
CAS-CSE-TELC-01-0027759,Tier-1,Tier-2,2026-06-01T00:22:35.733756,investigated_and_resolved
CAS-CSE-TELC-01-0027764,Tier-1,Tier-2,2026-06-01T05:25:30.749836,investigated_and_resolved
CAS-CSE-TELC-01-0027771,Tier-1,Tier-2,2026-06-01T14:35:22.309217,investigated_and_resolved
CAS-CSE-TELC-01-0027772,Tier-1,Tier-2,2026-06-01T14:13:23.172831,investigated_and_resolved
CAS-CSE-TELC-01-0027777,Tier-1,Tier-2,2026-06-01T20:02:50.524522,investigated_and_resolved
CAS-CSE-TELC-01-0027778,Tier-1,Tier-2,2026-06-01T21:55:28.042014,investigated_and_resolved
CAS-CSE-TELC-01-0027782,Tier-1,Tier-2,2026-06-02T01:51:53.122416,investigated_and_resolved
CAS-CSE-TELC-01-0027791,Tier-1,Tier-2,2026-06-02T16:19:32.324889,investigated_and_resolved
CAS-CSE-TELC-01-0027799,Tier-1,Tier-2,2026-06-02T20:29:13.818771,investigated_and_resolved
CAS-CSE-TELC-01-0027800,Tier-1,Tier-2,2026-06-02T20:50:32.044587,investigated_and_resolved
CAS-CSE-TELC-01-0027802,Tier-1,Tier-2,2026-06-03T00:44:07.802950,investigated_and_resolved
CAS-CSE-TELC-01-0027808,Tier-1,Tier-2,2026-06-03T06:19:07.710576,investigated_and_resolved
CAS-CSE-TELC-01-0027811,Tier-1,Tier-2,2026-06-03T12:08:07.455151,investigated_and_resolved
CAS-CSE-TELC-01-0027813,Tier-1,Tier-2,2026-06-03T13:51:51.461225,investigated_and_resolved
CAS-CSE-TELC-01-0027815,Tier-1,Tier-2,2026-06-03T17:03:36.457168,investigated_and_resolved
CAS-CSE-TELC-01-0027817,Tier-1,Tier-2,2026-06-03T19:15:25.116120,investigated_and_resolved
CAS-CSE-TELC-01-0027821,Tier-1,Tier-2,2026-06-04T01:44:08.055283,investigated_and_resolved
CAS-CSE-TELC-01-0027822,Tier-1,Tier-2,2026-06-03T23:40:21.982691,investigated_and_resolved
CAS-CSE-TELC-01-0027823,Tier-1,Tier-2,2026-06-03T22:40:32.334959,investigated_and_resolved
CAS-CSE-TELC-01-0027824,Tier-1,Tier-2,2026-06-03T23:48:26.918907,investigated_and_resolved
CAS-CSE-TELC-01-0027828,Tier-1,Tier-2,2026-06-04T06:59:11.568367,investigated_and_resolved
CAS-CSE-TELC-01-0027829,Tier-1,Tier-2,2026-06-04T07:40:10.374603,investigated_and_resolved
CAS-CSE-TELC-01-0027835,Tier-1,Tier-2,2026-06-04T17:42:58.469536,investigated_and_resolved
CAS-CSE-TELC-01-0027841,Tier-1,Tier-2,2026-06-05T05:34:28.537328,investigated_and_resolved
CAS-CSE-TELC-01-0027843,Tier-1,Tier-2,2026-06-05T07:48:56.950380,investigated_and_resolved
CAS-CSE-TELC-01-0027844,Tier-1,Tier-2,2026-06-05T08:58:37.971637,investigated_and_resolved
CAS-CSE-TELC-01-0027846,Tier-1,Tier-2,2026-06-05T11:22:08.240474,investigated_and_resolved
CAS-CSE-TELC-01-0027851,Tier-1,Tier-2,2026-06-05T20:17:31.854514,investigated_and_resolved
CAS-CSE-TELC-01-0027865,Tier-1,Tier-2,2026-06-06T09:44:10.453808,investigated_and_resolved
CAS-CSE-TELC-01-0027872,Tier-1,Tier-2,2026-06-06T19:19:45.011250,investigated_and_resolved
CAS-CSE-TELC-01-0027876,Tier-1,Tier-2,2026-06-07T01:59:14.704100,investigated_and_resolved
CAS-CSE-TELC-01-0027877,Tier-1,Tier-2,2026-06-07T02:42:56.743391,investigated_and_resolved
CAS-CSE-TELC-01-0027881,Tier-1,Tier-2,2026-06-07T06:34:54.004157,investigated_and_resolved
CAS-CSE-TELC-01-0027893,Tier-1,Tier-2,2026-06-07T22:44:26.021505,investigated_and_resolved
CAS-CSE-TELC-01-0027902,Tier-1,Tier-2,2026-06-08T10:26:13.895869,investigated_and_resolved
CAS-CSE-TELC-01-0027903,Tier-1,Tier-2,2026-06-08T11:39:20.590188,investigated_and_resolved
CAS-CSE-TELC-01-0027908,Tier-1,Tier-2,2026-06-08T13:06:14.113642,investigated_and_resolved
CAS-CSE-TELC-01-0027910,Tier-1,Tier-2,2026-06-08T17:01:06.662787,investigated_and_resolved
CAS-CSE-TELC-01-0027914,Tier-1,Tier-2,2026-06-08T21:59:53.728071,investigated_and_resolved
CAS-CSE-TELC-01-0027915,Tier-1,Tier-2,2026-06-08T20:31:59.166072,investigated_and_resolved
CAS-CSE-TELC-01-0027916,Tier-1,Tier-2,2026-06-08T20:13:23.253990,investigated_and_resolved
CAS-CSE-TELC-01-0027921,Tier-1,Tier-2,2026-06-09T02:53:16.714453,investigated_and_resolved
CAS-CSE-TELC-01-0027943,Tier-1,Tier-2,2026-06-09T20:43:49.613917,investigated_and_resolved
CAS-CSE-TELC-01-0027945,Tier-1,Tier-2,2026-06-09T20:41:22.463023,investigated_and_resolved
CAS-CSE-TELC-01-0027953,Tier-1,Tier-2,2026-06-10T03:44:47.954794,investigated_and_resolved
CAS-CSE-TELC-01-0027957,Tier-1,Tier-2,2026-06-10T06:24:50.122285,investigated_and_resolved
CAS-CSE-TELC-01-0027961,Tier-1,Tier-2,2026-06-10T08:03:55.168572,investigated_and_resolved
CAS-CSE-TELC-01-0027962,Tier-1,Tier-2,2026-06-10T08:06:17.122744,investigated_and_resolved
CAS-CSE-TELC-01-0027969,Tier-1,Tier-2,2026-06-10T19:57:28.446043,investigated_and_resolved
CAS-CSE-TELC-01-0027970,Tier-1,Tier-2,2026-06-10T20:51:14.714732,investigated_and_resolved
CAS-CSE-TELC-01-0027978,Tier-1,Tier-2,2026-06-11T04:44:47.134122,investigated_and_resolved
CAS-CSE-TELC-01-0027990,Tier-1,Tier-2,2026-06-11T15:33:16.898833,investigated_and_resolved
CAS-CSE-TELC-01-0027994,Tier-1,Tier-2,2026-06-11T19:07:10.251815,investigated_and_resolved
CAS-CSE-TELC-01-0027995,Tier-1,Tier-2,2026-06-11T21:45:32.638600,investigated_and_resolved
CAS-CSE-TELC-01-0027996,Tier-1,Tier-2,2026-06-11T22:12:14.227715,investigated_and_resolved
CAS-CSE-TELC-01-0027998,Tier-1,Tier-2,2026-06-11T22:51:31.354552,investigated_and_resolved
CAS-CSE-TELC-01-0028005,Tier-1,Tier-2,2026-06-12T05:53:04.804935,investigated_and_resolved
CAS-CSE-TELC-01-0028009,Tier-1,Tier-2,2026-06-12T10:33:47.384790,investigated_and_resolved
CAS-CSE-TELC-01-0028010,Tier-1,Tier-2,2026-06-12T10:03:12.844796,investigated_and_resolved
CAS-CSE-TELC-01-0028011,Tier-1,Tier-2,2026-06-12T12:22:27.694725,investigated_and_resolved
CAS-CSE-TELC-01-0028015,Tier-1,Tier-2,2026-06-12T14:50:54.514354,investigated_and_resolved
CAS-CSE-TELC-01-0028020,Tier-1,Tier-2,2026-06-12T19:36:01.999795,investigated_and_resolved
CAS-CSE-TELC-01-0028026,Tier-1,Tier-2,2026-06-13T01:36:26.549344,investigated_and_resolved
CAS-CSE-TELC-01-0028029,Tier-1,Tier-2,2026-06-13T04:22:04.499266,investigated_and_resolved
CAS-CSE-TELC-01-0028035,Tier-1,Tier-2,2026-06-13T06:47:00.128101,investigated_and_resolved
CAS-CSE-TELC-01-0028037,Tier-1,Tier-2,2026-06-13T13:04:45.646847,investigated_and_resolved
CAS-CSE-TELC-01-0028041,Tier-1,Tier-2,2026-06-13T13:13:08.631332,investigated_and_resolved
CAS-CSE-TELC-01-0028042,Tier-1,Tier-2,2026-06-13T14:55:28.194228,investigated_and_resolved
CAS-CSE-TELC-01-0028043,Tier-1,Tier-2,2026-06-13T18:22:24.751849,investigated_and_resolved
CAS-CSE-TELC-01-0028045,Tier-1,Tier-2,2026-06-13T21:06:06.553086,investigated_and_resolved
CAS-CSE-TELC-01-0028048,Tier-1,Tier-2,2026-06-13T21:37:30.408295,investigated_and_resolved
CAS-CSE-TELC-01-0028051,Tier-1,Tier-2,2026-06-14T01:24:50.142132,investigated_and_resolved
CAS-CSE-TELC-01-0028052,Tier-1,Tier-2,2026-06-14T02:32:10.249324,investigated_and_resolved
CAS-CSE-TELC-01-0028055,Tier-1,Tier-2,2026-06-14T06:33:32.638051,investigated_and_resolved
CAS-CSE-TELC-01-0028060,Tier-1,Tier-2,2026-06-14T10:15:47.301059,investigated_and_resolved
CAS-CSE-TELC-01-0028062,Tier-1,Tier-2,2026-06-14T12:14:10.229232,investigated_and_resolved
CAS-CSE-TELC-01-0028064,Tier-1,Tier-2,2026-06-14T14:48:32.952116,investigated_and_resolved
CAS-CSE-TELC-01-0028068,Tier-1,Tier-2,2026-06-14T19:22:47.734932,investigated_and_resolved
CAS-CSE-TELC-01-0028072,Tier-1,Tier-2,2026-06-15T04:10:11.146598,investigated_and_resolved
CAS-CSE-TELC-01-0028082,Tier-1,Tier-2,2026-06-15T11:44:37.430120,investigated_and_resolved
CAS-CSE-TELC-01-0028087,Tier-1,Tier-2,2026-06-15T16:30:03.574855,investigated_and_resolved
CAS-CSE-TELC-01-0028089,Tier-1,Tier-2,2026-06-15T16:30:39.675341,investigated_and_resolved
CAS-CSE-TELC-01-0028090,Tier-1,Tier-2,2026-06-15T17:38:25.930382,investigated_and_resolved
CAS-CSE-TELC-01-0028091,Tier-1,Tier-2,2026-06-15T17:43:30.483849,investigated_and_resolved
CAS-CSE-TELC-01-0028094,Tier-1,Tier-2,2026-06-15T19:52:42.143157,investigated_and_resolved
CAS-CSE-TELC-01-0028105,Tier-1,Tier-2,2026-06-16T11:47:04.688456,investigated_and_resolved
CAS-CSE-TELC-01-0028107,Tier-1,Tier-2,2026-06-16T16:00:13.297512,investigated_and_resolved
CAS-CSE-TELC-01-0028111,Tier-1,Tier-2,2026-06-16T19:27:13.470777,investigated_and_resolved
CAS-CSE-TELC-01-0028114,Tier-1,Tier-2,2026-06-16T22:49:17.082325,investigated_and_resolved
CAS-CSE-TELC-01-0028116,Tier-1,Tier-2,2026-06-17T02:22:32.583162,investigated_and_resolved
CAS-CSE-TELC-01-0028117,Tier-1,Tier-2,2026-06-17T04:22:00.476621,investigated_and_resolved
CAS-CSE-TELC-01-0028127,Tier-1,Tier-2,2026-06-17T12:04:05.934553,investigated_and_resolved
CAS-CSE-TELC-01-0028132,Tier-1,Tier-2,2026-06-17T19:28:41.593046,investigated_and_resolved
CAS-CSE-TELC-01-0028146,Tier-1,Tier-2,2026-06-18T08:13:13.881254,investigated_and_resolved
CAS-CSE-TELC-01-0028149,Tier-1,Tier-2,2026-06-18T11:59:46.295607,investigated_and_resolved
CAS-CSE-TELC-01-0028155,Tier-1,Tier-2,2026-06-18T15:30:45.661628,investigated_and_resolved
CAS-CSE-TELC-01-0028160,Tier-1,Tier-2,2026-06-19T06:35:33.055728,investigated_and_resolved
CAS-CSE-TELC-01-0028169,Tier-1,Tier-2,2026-06-19T11:52:42.020795,investigated_and_resolved
CAS-CSE-TELC-01-0028172,Tier-1,Tier-2,2026-06-19T14:29:07.042948,investigated_and_resolved
CAS-CSE-TELC-01-0028173,Tier-1,Tier-2,2026-06-19T15:41:00.296198,investigated_and_resolved
CAS-CSE-TELC-01-0028174,Tier-1,Tier-2,2026-06-19T15:24:31.368553,investigated_and_resolved
CAS-CSE-TELC-01-0028177,Tier-1,Tier-2,2026-06-19T16:03:47.419422,investigated_and_resolved
CAS-CSE-TELC-01-0028181,Tier-1,Tier-2,2026-06-19T17:11:26.154970,investigated_and_resolved
CAS-CSE-TELC-01-0028183,Tier-1,Tier-2,2026-06-19T19:06:27.129559,investigated_and_resolved
CAS-CSE-TELC-01-0028185,Tier-1,Tier-2,2026-06-19T20:18:17.074803,investigated_and_resolved
CAS-CSE-TELC-01-0028190,Tier-1,Tier-2,2026-06-20T02:34:36.597252,investigated_and_resolved
CAS-CSE-TELC-01-0028207,Tier-1,Tier-2,2026-06-20T23:50:12.862256,investigated_and_resolved
CAS-CSE-TELC-01-0028215,Tier-1,Tier-2,2026-06-21T02:46:49.473748,investigated_and_resolved
CAS-CSE-TELC-01-0028222,Tier-1,Tier-2,2026-06-21T11:11:04.307337,investigated_and_resolved
CAS-CSE-TELC-01-0028224,Tier-1,Tier-2,2026-06-21T10:49:23.887689,investigated_and_resolved
CAS-CSE-TELC-01-0028226,Tier-1,Tier-2,2026-06-21T12:34:45.195039,investigated_and_resolved
CAS-CSE-TELC-01-0028235,Tier-1,Tier-2,2026-06-21T22:05:56.438081,investigated_and_resolved
CAS-CSE-TELC-01-0028236,Tier-1,Tier-2,2026-06-21T22:26:35.070330,investigated_and_resolved
CAS-CSE-TELC-01-0028256,Tier-1,Tier-2,2026-06-22T15:17:40.251295,investigated_and_resolved
CAS-CSE-TELC-01-0028257,Tier-1,Tier-2,2026-06-22T16:28:56.907524,investigated_and_resolved
CAS-CSE-TELC-01-0028260,Tier-1,Tier-2,2026-06-22T18:19:27.492205,investigated_and_resolved
CAS-CSE-TELC-01-0028268,Tier-1,Tier-2,2026-06-23T02:34:58.224298,investigated_and_resolved
CAS-CSE-TELC-01-0028270,Tier-1,Tier-2,2026-06-23T04:09:57.130245,investigated_and_resolved
CAS-CSE-TELC-01-0028275,Tier-1,Tier-2,2026-06-23T13:01:07.623846,investigated_and_resolved
CAS-CSE-TELC-01-0028277,Tier-1,Tier-2,2026-06-23T12:46:40.175619,investigated_and_resolved
CAS-CSE-TELC-01-0028291,Tier-1,Tier-2,2026-06-24T03:12:26.696349,investigated_and_resolved
CAS-CSE-TELC-01-0028298,Tier-1,Tier-2,2026-06-24T12:58:39.649818,investigated_and_resolved
CAS-CSE-TELC-01-0028302,Tier-1,Tier-2,2026-06-24T17:25:58.910720,investigated_and_resolved
CAS-CSE-TELC-01-0028303,Tier-1,Tier-2,2026-06-24T18:26:20.518015,investigated_and_resolved
CAS-CSE-TELC-01-0028307,Tier-1,Tier-2,2026-06-24T18:06:29.691184,investigated_and_resolved
CAS-CSE-TELC-01-0028309,Tier-1,Tier-2,2026-06-24T21:23:48.069559,investigated_and_resolved
CAS-CSE-TELC-01-0028310,Tier-1,Tier-2,2026-06-24T20:41:18.565572,investigated_and_resolved
CAS-CSE-TELC-01-0028312,Tier-1,Tier-2,2026-06-24T21:13:35.492156,investigated_and_resolved
CAS-CSE-TELC-01-0028317,Tier-1,Tier-2,2026-06-24T21:49:19.479118,investigated_and_resolved
CAS-CSE-TELC-01-0028326,Tier-1,Tier-2,2026-06-25T07:27:53.145488,investigated_and_resolved
CAS-CSE-TELC-01-0028327,Tier-1,Tier-2,2026-06-25T07:45:02.197586,investigated_and_resolved
CAS-CSE-TELC-01-0028336,Tier-1,Tier-2,2026-06-25T16:21:02.640721,investigated_and_resolved
CAS-CSE-TELC-01-0028341,Tier-1,Tier-2,2026-06-25T23:03:45.137658,investigated_and_resolved
CAS-CSE-TELC-01-0028345,Tier-1,Tier-2,2026-06-25T22:26:05.061838,investigated_and_resolved
CAS-CSE-TELC-01-0028350,Tier-1,Tier-2,2026-06-26T05:23:42.071949,investigated_and_resolved
CAS-CSE-TELC-01-0028351,Tier-1,Tier-2,2026-06-26T10:08:12.041453,investigated_and_resolved
CAS-CSE-TELC-01-0028353,Tier-1,Tier-2,2026-06-26T13:43:55.516402,investigated_and_resolved
CAS-CSE-TELC-01-0028356,Tier-1,Tier-2,2026-06-26T17:36:51.005482,investigated_and_resolved
CAS-CSE-TELC-01-0028366,Tier-1,Tier-2,2026-06-27T02:18:37.894305,investigated_and_resolved
CAS-CSE-TELC-01-0028375,Tier-1,Tier-2,2026-06-27T09:47:20.520321,investigated_and_resolved
CAS-CSE-TELC-01-0028378,Tier-1,Tier-2,2026-06-27T14:08:06.456531,investigated_and_resolved
CAS-CSE-TELC-01-0028381,Tier-1,Tier-2,2026-06-27T15:46:02.713335,investigated_and_resolved
CAS-CSE-TELC-01-0028385,Tier-1,Tier-2,2026-06-27T18:54:40.565969,investigated_and_resolved
CAS-CSE-TELC-01-0028390,Tier-1,Tier-2,2026-06-28T01:27:24.889697,investigated_and_resolved
CAS-CSE-TELC-01-0028391,Tier-1,Tier-2,2026-06-28T00:42:32.321686,investigated_and_resolved
CAS-CSE-TELC-01-0028399,Tier-1,Tier-2,2026-06-28T12:09:32.618153,investigated_and_resolved
CAS-CSE-TELC-01-0028403,Tier-1,Tier-2,2026-06-28T14:10:21.558673,investigated_and_resolved
CAS-CSE-TELC-01-0028411,Tier-1,Tier-2,2026-06-28T23:06:06.666733,investigated_and_resolved
CAS-CSE-TELC-01-0028422,Tier-1,Tier-2,2026-06-29T09:01:03.312202,investigated_and_resolved
CAS-CSE-TELC-01-0028427,Tier-1,Tier-2,2026-06-29T22:05:13.999037,investigated_and_resolved
CAS-CSE-TELC-01-0028428,Tier-1,Tier-2,2026-06-30T00:57:44.599444,investigated_and_resolved
CAS-CSE-TELC-01-0028429,Tier-1,Tier-2,2026-06-29T23:59:48.990892,investigated_and_resolved
CAS-CSE-TELC-01-0028430,Tier-1,Tier-2,2026-06-29T23:58:19.288015,investigated_and_resolved
CAS-CSE-TELC-01-0028432,Tier-1,Tier-2,2026-06-30T02:14:20.217928,investigated_and_resolved
CAS-CSE-TELC-01-0028433,Tier-1,Tier-2,2026-06-30T02:47:19.467003,investigated_and_resolved
CAS-CSE-TELC-01-0028436,Tier-1,Tier-2,2026-06-30T05:10:22.295278,investigated_and_resolved
CAS-CSE-TELC-01-0028438,Tier-1,Tier-2,2026-06-30T07:26:49.720402,investigated_and_resolved
CAS-CSE-TELC-01-0028439,Tier-1,Tier-2,2026-06-30T07:02:09.773653,investigated_and_resolved
CAS-CSE-TELC-01-0028452,Tier-1,Tier-2,2026-06-30T21:30:49.963388,investigated_and_resolved
CAS-CSE-TELC-01-0028459,Tier-1,Tier-2,2026-07-01T06:46:49.637418,investigated_and_resolved
CAS-CSE-TELC-01-0028460,Tier-1,Tier-2,2026-07-01T07:26:13.248943,investigated_and_resolved
CAS-CSE-TELC-01-0028470,Tier-1,Tier-2,2026-07-02T00:02:49.586352,investigated_and_resolved
CAS-CSE-TELC-01-0028474,Tier-1,Tier-2,2026-07-02T02:57:36.334027,investigated_and_resolved
CAS-CSE-TELC-01-0028476,Tier-1,Tier-2,2026-07-02T03:36:09.590496,investigated_and_resolved
CAS-CSE-TELC-01-0028477,Tier-1,Tier-2,2026-07-02T04:28:27.019179,investigated_and_resolved
CAS-CSE-TELC-01-0028478,Tier-1,Tier-2,2026-07-02T04:52:43.725553,investigated_and_resolved
CAS-CSE-TELC-01-0028480,Tier-1,Tier-2,2026-07-02T04:47:25.180571,investigated_and_resolved
CAS-CSE-TELC-01-0028483,Tier-1,Tier-2,2026-07-02T07:49:56.974301,investigated_and_resolved
CAS-CSE-TELC-01-0028491,Tier-1,Tier-2,2026-07-02T11:59:13.989159,investigated_and_resolved
CAS-CSE-TELC-01-0028493,Tier-1,Tier-2,2026-07-02T13:21:39.600632,investigated_and_resolved
CAS-CSE-TELC-01-0028501,Tier-1,Tier-2,2026-07-03T04:53:01.664124,investigated_and_resolved
CAS-CSE-TELC-01-0028502,Tier-1,Tier-2,2026-07-03T04:37:22.258864,investigated_and_resolved
CAS-CSE-TELC-01-0028505,Tier-1,Tier-2,2026-07-03T06:21:43.186440,investigated_and_resolved
CAS-CSE-TELC-01-0028513,Tier-1,Tier-2,2026-07-03T16:16:53.742342,investigated_and_resolved
CAS-CSE-TELC-01-0028525,Tier-1,Tier-2,2026-07-04T01:32:13.962823,investigated_and_resolved
CAS-CSE-TELC-01-0028526,Tier-1,Tier-2,2026-07-04T03:21:48.805314,investigated_and_resolved
CAS-CSE-TELC-01-0028531,Tier-1,Tier-2,2026-07-04T07:56:38.781252,investigated_and_resolved
CAS-CSE-TELC-01-0028534,Tier-1,Tier-2,2026-07-04T10:55:45.187263,investigated_and_resolved
CAS-CSE-TELC-01-0028539,Tier-1,Tier-2,2026-07-04T16:03:43.406181,investigated_and_resolved
CAS-CSE-TELC-01-0028550,Tier-1,Tier-2,2026-07-05T00:52:12.434733,investigated_and_resolved
CAS-CSE-TELC-01-0028556,Tier-1,Tier-2,2026-07-05T11:43:40.660619,investigated_and_resolved
CAS-CSE-TELC-01-0028565,Tier-1,Tier-2,2026-07-05T17:37:20.560080,investigated_and_resolved
CAS-CSE-TELC-01-0028566,Tier-1,Tier-2,2026-07-05T18:16:49.075338,investigated_and_resolved
CAS-CSE-TELC-01-0028570,Tier-1,Tier-2,2026-07-05T20:18:27.421950,investigated_and_resolved
CAS-CSE-TELC-01-0028575,Tier-1,Tier-2,2026-07-06T02:53:15.126819,investigated_and_resolved
CAS-CSE-TELC-01-0028576,Tier-1,Tier-2,2026-07-06T04:22:49.850673,investigated_and_resolved
CAS-CSE-TELC-01-0028577,Tier-1,Tier-2,2026-07-06T05:59:25.957176,investigated_and_resolved
CAS-CSE-TELC-01-0028579,Tier-1,Tier-2,2026-07-06T05:21:02.435838,investigated_and_resolved
CAS-CSE-TELC-01-0028584,Tier-1,Tier-2,2026-07-06T08:26:25.026906,investigated_and_resolved
CAS-CSE-TELC-01-0028589,Tier-1,Tier-2,2026-07-06T13:45:41.728163,investigated_and_resolved
CAS-CSE-TELC-01-0028600,Tier-1,Tier-2,2026-07-06T23:59:54.055335,investigated_and_resolved
CAS-CSE-TELC-01-0028604,Tier-1,Tier-2,2026-07-07T01:04:28.142161,investigated_and_resolved
CAS-CSE-TELC-01-0028605,Tier-1,Tier-2,2026-07-07T03:02:07.573743,investigated_and_resolved
CAS-CSE-TELC-01-0028607,Tier-1,Tier-2,2026-07-07T06:14:34.057147,investigated_and_resolved
CAS-CSE-TELC-01-0028623,Tier-1,Tier-2,2026-07-07T23:52:15.943687,investigated_and_resolved
CAS-CSE-TELC-01-0028625,Tier-1,Tier-2,2026-07-07T22:37:25.039891,investigated_and_resolved
CAS-CSE-TELC-01-0028629,Tier-1,Tier-2,2026-07-07T23:53:17.234946,investigated_and_resolved
CAS-CSE-TELC-01-0028631,Tier-1,Tier-2,2026-07-08T00:14:56.727735,investigated_and_resolved
CAS-CSE-TELC-01-0028633,Tier-1,Tier-2,2026-07-08T01:32:54.883763,investigated_and_resolved
CAS-CSE-TELC-01-0028637,Tier-1,Tier-2,2026-07-08T02:43:07.136118,investigated_and_resolved
CAS-CSE-TELC-01-0028640,Tier-1,Tier-2,2026-07-08T05:33:10.352968,investigated_and_resolved
CAS-CSE-TELC-01-0028657,Tier-1,Tier-2,2026-07-08T20:22:01.562580,investigated_and_resolved
CAS-CSE-TELC-01-0028671,Tier-1,Tier-2,2026-07-09T07:47:35.909586,investigated_and_resolved
CAS-CSE-TELC-01-0028673,Tier-1,Tier-2,2026-07-09T08:52:25.486113,investigated_and_resolved
CAS-CSE-TELC-01-0028676,Tier-1,Tier-2,2026-07-09T10:22:38.958907,investigated_and_resolved
CAS-CSE-TELC-01-0028684,Tier-1,Tier-2,2026-07-09T20:55:11.608643,investigated_and_resolved
CAS-CSE-TELC-01-0028691,Tier-1,Tier-2,2026-07-10T01:19:24.287120,investigated_and_resolved
CAS-CSE-TELC-01-0028692,Tier-1,Tier-2,2026-07-10T02:39:53.165231,investigated_and_resolved
CAS-CSE-TELC-01-0028700,Tier-1,Tier-2,2026-07-10T12:18:49.976818,investigated_and_resolved
CAS-CSE-TELC-01-0028701,Tier-1,Tier-2,2026-07-10T12:58:55.909521,investigated_and_resolved
CAS-CSE-TELC-01-0028704,Tier-1,Tier-2,2026-07-10T14:48:15.074645,investigated_and_resolved
CAS-CSE-TELC-01-0028707,Tier-1,Tier-2,2026-07-10T16:12:59.075428,investigated_and_resolved
CAS-CSE-TELC-01-0028712,Tier-1,Tier-2,2026-07-10T22:19:32.095923,investigated_and_resolved
CAS-CSE-TELC-01-0028713,Tier-1,Tier-2,2026-07-10T21:49:43.982799,investigated_and_resolved
CAS-CSE-TELC-01-0028715,Tier-1,Tier-2,2026-07-10T22:33:03.923961,investigated_and_resolved
CAS-CSE-TELC-01-0028720,Tier-1,Tier-2,2026-07-11T04:53:23.824168,investigated_and_resolved
CAS-CSE-TELC-01-0028722,Tier-1,Tier-2,2026-07-11T10:28:11.000534,investigated_and_resolved
CAS-CSE-TELC-01-0028724,Tier-1,Tier-2,2026-07-11T11:39:39.107865,investigated_and_resolved
CAS-CSE-TELC-01-0028730,Tier-1,Tier-2,2026-07-11T16:55:32.644984,investigated_and_resolved
CAS-CSE-TELC-01-0028738,Tier-1,Tier-2,2026-07-11T21:44:01.191817,investigated_and_resolved
CAS-CSE-TELC-01-0028739,Tier-1,Tier-2,2026-07-11T22:36:47.189104,investigated_and_resolved
CAS-CSE-TELC-01-0028743,Tier-1,Tier-2,2026-07-12T05:43:41.467354,investigated_and_resolved
CAS-CSE-TELC-01-0028748,Tier-1,Tier-2,2026-07-12T12:09:01.485033,investigated_and_resolved
CAS-CSE-TELC-01-0028751,Tier-1,Tier-2,2026-07-12T16:46:29.118374,investigated_and_resolved
CAS-CSE-TELC-01-0028763,Tier-1,Tier-2,2026-07-13T04:28:59.426129,investigated_and_resolved
CAS-CSE-TELC-01-0028773,Tier-1,Tier-2,2026-07-13T14:22:01.003337,investigated_and_resolved
CAS-CSE-TELC-01-0028780,Tier-1,Tier-2,2026-07-13T17:42:55.661245,investigated_and_resolved
CAS-CSE-TELC-01-0028782,Tier-1,Tier-2,2026-07-13T23:06:46.844624,investigated_and_resolved
CAS-CSE-TELC-01-0028783,Tier-1,Tier-2,2026-07-13T23:24:54.065162,investigated_and_resolved
CAS-CSE-TELC-01-0028786,Tier-1,Tier-2,2026-07-14T03:33:31.636435,investigated_and_resolved
CAS-CSE-TELC-01-0028791,Tier-1,Tier-2,2026-07-14T17:10:00.714565,investigated_and_resolved
CAS-CSE-TELC-01-0028793,Tier-1,Tier-2,2026-07-14T17:42:24.077037,investigated_and_resolved
CAS-CSE-TELC-01-0028794,Tier-1,Tier-2,2026-07-14T17:44:21.779444,investigated_and_resolved
CAS-CSE-TELC-01-0028796,Tier-1,Tier-2,2026-07-14T20:43:57.613824,investigated_and_resolved
CAS-CSE-TELC-01-0028797,Tier-1,Tier-2,2026-07-14T20:35:28.864934,investigated_and_resolved
CAS-CSE-TELC-01-0028798,Tier-1,Tier-2,2026-07-14T20:11:46.638489,investigated_and_resolved
CAS-CSE-TELC-01-0028799,Tier-1,Tier-2,2026-07-14T21:36:40.996327,investigated_and_resolved
CAS-CSE-TELC-01-0028815,Tier-1,Tier-2,2026-07-15T11:43:24.741824,investigated_and_resolved
CAS-CSE-TELC-01-0028816,Tier-1,Tier-2,2026-07-15T13:01:42.372855,investigated_and_resolved
CAS-CSE-TELC-01-0028818,Tier-1,Tier-2,2026-07-15T14:04:48.034507,investigated_and_resolved
CAS-CSE-TELC-01-0028821,Tier-1,Tier-2,2026-07-15T20:07:41.053288,investigated_and_resolved
CAS-CSE-TELC-01-0028826,Tier-1,Tier-2,2026-07-16T03:04:24.063432,investigated_and_resolved
CAS-CSE-TELC-01-0028828,Tier-1,Tier-2,2026-07-16T04:00:23.775725,investigated_and_resolved
CAS-CSE-TELC-01-0028831,Tier-1,Tier-2,2026-07-16T08:14:29.972108,investigated_and_resolved
CAS-CSE-TELC-01-0028840,Tier-1,Tier-2,2026-07-16T14:56:15.977427,investigated_and_resolved
CAS-CSE-TELC-01-0028842,Tier-1,Tier-2,2026-07-16T14:59:27.341595,investigated_and_resolved
CAS-CSE-TELC-01-0028848,Tier-1,Tier-2,2026-07-16T20:32:54.434483,investigated_and_resolved
CAS-CSE-TELC-01-0028852,Tier-1,Tier-2,2026-07-16T23:47:09.297731,investigated_and_resolved
CAS-CSE-TELC-01-0028853,Tier-1,Tier-2,2026-07-17T00:10:06.742330,investigated_and_resolved
CAS-CSE-TELC-01-0028857,Tier-1,Tier-2,2026-07-17T02:45:30.835628,investigated_and_resolved
CAS-CSE-TELC-01-0028863,Tier-1,Tier-2,2026-07-17T11:20:36.395363,investigated_and_resolved
CAS-CSE-TELC-01-0028870,Tier-1,Tier-2,2026-07-17T16:33:02.595512,investigated_and_resolved
CAS-CSE-TELC-01-0028871,Tier-1,Tier-2,2026-07-17T18:57:24.542985,investigated_and_resolved
CAS-CSE-TELC-01-0028873,Tier-1,Tier-2,2026-07-17T23:39:17.270606,investigated_and_resolved
CAS-CSE-TELC-01-0028875,Tier-1,Tier-2,2026-07-18T00:13:15.421592,investigated_and_resolved
CAS-CSE-TELC-01-0028886,Tier-1,Tier-2,2026-07-18T14:32:17.754494,investigated_and_resolved
CAS-CSE-TELC-01-0028888,Tier-1,Tier-2,2026-07-18T15:34:16.711056,investigated_and_resolved
CAS-CSE-TELC-01-0028891,Tier-1,Tier-2,2026-07-18T15:30:29.319288,investigated_and_resolved
CAS-CSE-TELC-01-0028895,Tier-1,Tier-2,2026-07-18T18:37:46.294496,investigated_and_resolved
CAS-CSE-TELC-01-0028896,Tier-1,Tier-2,2026-07-18T18:32:08.954137,investigated_and_resolved
CAS-CSE-TELC-01-0028897,Tier-1,Tier-2,2026-07-18T17:36:20.029248,investigated_and_resolved
CAS-CSE-TELC-01-0028905,Tier-1,Tier-2,2026-07-19T02:48:50.198752,investigated_and_resolved
CAS-CSE-TELC-01-0028921,Tier-1,Tier-2,2026-07-19T14:00:34.636432,investigated_and_resolved
CAS-CSE-TELC-01-0028923,Tier-1,Tier-2,2026-07-19T14:49:42.510788,investigated_and_resolved
CAS-CSE-TELC-01-0028924,Tier-1,Tier-2,2026-07-19T18:13:43.311211,investigated_and_resolved
CAS-CSE-TELC-01-0028926,Tier-1,Tier-2,2026-07-19T17:16:18.945931,investigated_and_resolved
CAS-CSE-TELC-01-0028933,Tier-1,Tier-2,2026-07-20T02:08:28.724224,investigated_and_resolved
CAS-CSE-TELC-01-0028938,Tier-1,Tier-2,2026-07-20T12:26:50.517420,investigated_and_resolved
CAS-CSE-TELC-01-0028942,Tier-1,Tier-2,2026-07-20T14:49:12.223239,investigated_and_resolved
CAS-CSE-TELC-01-0028943,Tier-1,Tier-2,2026-07-20T14:42:55.202021,investigated_and_resolved
CAS-CSE-TELC-01-0028948,Tier-1,Tier-2,2026-07-20T18:07:52.551709,investigated_and_resolved
CAS-CSE-TELC-01-0028950,Tier-1,Tier-2,2026-07-20T19:33:01.078639,investigated_and_resolved
CAS-CSE-TELC-01-0028951,Tier-1,Tier-2,2026-07-20T23:01:39.583533,investigated_and_resolved
CAS-CSE-TELC-01-0028956,Tier-1,Tier-2,2026-07-21T07:51:29.217961,investigated_and_resolved
CAS-CSE-TELC-01-0028963,Tier-1,Tier-2,2026-07-21T12:23:56.880988,investigated_and_resolved
CAS-CSE-TELC-01-0028966,Tier-1,Tier-2,2026-07-21T16:11:12.149327,investigated_and_resolved
CAS-CSE-TELC-01-0028979,Tier-1,Tier-2,2026-07-22T06:10:23.568682,investigated_and_resolved
CAS-CSE-TELC-01-0028986,Tier-1,Tier-2,2026-07-22T11:36:42.966095,investigated_and_resolved
CAS-CSE-TELC-01-0028991,Tier-1,Tier-2,2026-07-22T14:56:43.624652,investigated_and_resolved
CAS-CSE-TELC-01-0028996,Tier-1,Tier-2,2026-07-22T19:49:15.689370,investigated_and_resolved
CAS-CSE-TELC-01-0028998,Tier-1,Tier-2,2026-07-22T20:46:03.221183,investigated_and_resolved
CAS-CSE-TELC-01-0029006,Tier-1,Tier-2,2026-07-23T05:41:13.751695,investigated_and_resolved
CAS-CSE-TELC-01-0029016,Tier-1,Tier-2,2026-07-23T17:01:59.952399,investigated_and_resolved
CAS-CSE-TELC-01-0029017,Tier-1,Tier-2,2026-07-23T19:14:22.223990,investigated_and_resolved
CAS-CSE-TELC-01-0029019,Tier-1,Tier-2,2026-07-23T18:54:08.678894,investigated_and_resolved
CAS-CSE-TELC-01-0029025,Tier-1,Tier-2,2026-07-24T01:53:24.379463,investigated_and_resolved
CAS-CSE-TELC-01-0029041,Tier-1,Tier-2,2026-07-24T08:50:10.019976,investigated_and_resolved
CAS-CSE-TELC-01-0029044,Tier-1,Tier-2,2026-07-24T13:29:45.845313,investigated_and_resolved
CAS-CSE-TELC-01-0029046,Tier-1,Tier-2,2026-07-24T13:18:11.923760,investigated_and_resolved
CAS-CSE-TELC-01-0029054,Tier-1,Tier-2,2026-07-24T19:15:03.859596,investigated_and_resolved
CAS-CSE-TELC-01-0029058,Tier-1,Tier-2,2026-07-24T21:25:38.469913,investigated_and_resolved
CAS-CSE-TELC-01-0029075,Tier-1,Tier-2,2026-07-25T15:37:36.151177,investigated_and_resolved
CAS-CSE-TELC-01-0029078,Tier-1,Tier-2,2026-07-25T19:41:13.000253,investigated_and_resolved
CAS-CSE-TELC-01-0029084,Tier-1,Tier-2,2026-07-26T01:06:08.022452,investigated_and_resolved
CAS-CSE-TELC-01-0029086,Tier-1,Tier-2,2026-07-26T03:17:18.230111,investigated_and_resolved
CAS-CSE-TELC-01-0029087,Tier-1,Tier-2,2026-07-26T04:05:44.307924,investigated_and_resolved
CAS-CSE-TELC-01-0029093,Tier-1,Tier-2,2026-07-26T08:45:13.713383,investigated_and_resolved
CAS-CSE-TELC-01-0029103,Tier-1,Tier-2,2026-07-26T17:27:16.744641,investigated_and_resolved
CAS-CSE-TELC-01-0029107,Tier-1,Tier-2,2026-07-26T23:26:52.565210,investigated_and_resolved
CAS-CSE-TELC-01-0029122,Tier-1,Tier-2,2026-07-27T19:29:13.140371,investigated_and_resolved
CAS-CSE-TELC-01-0029135,Tier-1,Tier-2,2026-07-28T10:18:28.237865,investigated_and_resolved
CAS-CSE-TELC-01-0029137,Tier-1,Tier-2,2026-07-28T11:09:51.477419,investigated_and_resolved
CAS-CSE-TELC-01-0029144,Tier-1,Tier-2,2026-07-28T17:33:44.660127,investigated_and_resolved
CAS-CSE-TELC-01-0029146,Tier-1,Tier-2,2026-07-28T19:37:45.393226,investigated_and_resolved
CAS-CSE-TELC-01-0029147,Tier-1,Tier-2,2026-07-28T21:34:34.714932,investigated_and_resolved
CAS-CSE-TELC-01-0029153,Tier-1,Tier-2,2026-07-29T05:39:38.062825,investigated_and_resolved
CAS-CSE-TELC-01-0029158,Tier-1,Tier-2,2026-07-29T10:55:18.864339,investigated_and_resolved
CAS-CSE-TELC-01-0029161,Tier-1,Tier-2,2026-07-29T14:51:19.934718,investigated_and_resolved
CAS-CSE-TELC-01-0029167,Tier-1,Tier-2,2026-07-29T23:35:22.385535,investigated_and_resolved
CAS-CSE-TELC-01-0029168,Tier-1,Tier-2,2026-07-29T21:09:34.264082,investigated_and_resolved
CAS-CSE-TELC-01-0029176,Tier-1,Tier-2,2026-07-30T02:04:29.368905,investigated_and_resolved
CAS-CSE-TELC-01-0029177,Tier-1,Tier-2,2026-07-30T04:47:49.816762,investigated_and_resolved
CAS-CSE-TELC-01-0029186,Tier-1,Tier-2,2026-07-30T17:03:11.066457,investigated_and_resolved
CAS-CSE-TELC-01-0029189,Tier-1,Tier-2,2026-07-30T17:46:55.532011,investigated_and_resolved
CAS-CSE-TELC-01-0029195,Tier-1,Tier-2,2026-07-30T23:46:17.821030,investigated_and_resolved
CAS-CSE-TELC-01-0029202,Tier-1,Tier-2,2026-07-31T08:34:28.525131,investigated_and_resolved
CAS-CSE-TELC-01-0029204,Tier-1,Tier-2,2026-07-31T09:09:43.271770,investigated_and_resolved
CAS-CSE-TELC-01-0029218,Tier-1,Tier-2,2026-08-01T02:01:39.369259,investigated_and_resolved
CAS-CSE-TELC-01-0029220,Tier-1,Tier-2,2026-08-01T04:49:25.728222,investigated_and_resolved
CAS-CSE-TELC-01-0029224,Tier-1,Tier-2,2026-08-01T09:10:25.321913,investigated_and_resolved
CAS-CSE-TELC-01-0029228,Tier-1,Tier-2,2026-08-01T09:11:12.305619,investigated_and_resolved
CAS-CSE-TELC-01-0029229,Tier-1,Tier-2,2026-08-01T10:13:40.476931,investigated_and_resolved
CAS-CSE-TELC-01-0029234,Tier-1,Tier-2,2026-08-01T11:19:16.772821,investigated_and_resolved
CAS-CSE-TELC-01-0029237,Tier-1,Tier-2,2026-08-01T13:52:53.769101,investigated_and_resolved
CAS-CSE-TELC-01-0029244,Tier-1,Tier-2,2026-08-01T20:23:29.064708,investigated_and_resolved
CAS-CSE-TELC-01-0029249,Tier-1,Tier-2,2026-08-02T02:05:56.804977,investigated_and_resolved
CAS-CSE-TELC-01-0029252,Tier-1,Tier-2,2026-08-02T01:23:09.995981,investigated_and_resolved
CAS-CSE-TELC-01-0029255,Tier-1,Tier-2,2026-08-02T06:03:58.567360,investigated_and_resolved
CAS-CSE-TELC-01-0029262,Tier-1,Tier-2,2026-08-02T09:32:13.093483,investigated_and_resolved
CAS-CSE-TELC-01-0029263,Tier-1,Tier-2,2026-08-02T14:13:46.091322,investigated_and_resolved
CAS-CSE-TELC-01-0029269,Tier-1,Tier-2,2026-08-02T17:47:57.431072,investigated_and_resolved
CAS-CSE-TELC-01-0029272,Tier-1,Tier-2,2026-08-03T01:04:38.007479,investigated_and_resolved
CAS-CSE-TELC-01-0029276,Tier-1,Tier-2,2026-08-03T06:51:16.605531,investigated_and_resolved
CAS-CSE-TELC-01-0029281,Tier-1,Tier-2,2026-08-03T13:27:20.541176,investigated_and_resolved
CAS-CSE-TELC-01-0029285,Tier-1,Tier-2,2026-08-03T22:24:48.598674,investigated_and_resolved
CAS-CSE-TELC-01-0029287,Tier-1,Tier-2,2026-08-03T23:03:40.465748,investigated_and_resolved
CAS-CSE-TELC-01-0029302,Tier-1,Tier-2,2026-08-04T11:34:26.856685,investigated_and_resolved
CAS-CSE-TELC-01-0029304,Tier-1,Tier-2,2026-08-04T13:54:25.377651,investigated_and_resolved
CAS-CSE-TELC-01-0029308,Tier-1,Tier-2,2026-08-04T16:42:36.164981,investigated_and_resolved
CAS-CSE-TELC-01-0029310,Tier-1,Tier-2,2026-08-04T18:23:28.326808,investigated_and_resolved
CAS-CSE-TELC-01-0029315,Tier-1,Tier-2,2026-08-05T00:56:47.279119,investigated_and_resolved
CAS-CSE-TELC-01-0029319,Tier-1,Tier-2,2026-08-05T04:30:37.179352,investigated_and_resolved
CAS-CSE-TELC-01-0029322,Tier-1,Tier-2,2026-08-05T05:24:39.771960,investigated_and_resolved
CAS-CSE-TELC-01-0029328,Tier-1,Tier-2,2026-08-05T10:48:26.885146,investigated_and_resolved
CAS-CSE-TELC-01-0029330,Tier-1,Tier-2,2026-08-05T12:34:47.224807,investigated_and_resolved
CAS-CSE-TELC-01-0029331,Tier-1,Tier-2,2026-08-05T13:25:21.531482,investigated_and_resolved
CAS-CSE-TELC-01-0029335,Tier-1,Tier-2,2026-08-05T15:55:37.190558,investigated_and_resolved
CAS-CSE-TELC-01-0029337,Tier-1,Tier-2,2026-08-05T16:43:13.440367,investigated_and_resolved
CAS-CSE-TELC-01-0029340,Tier-1,Tier-2,2026-08-05T19:55:32.667037,investigated_and_resolved
CAS-CSE-TELC-01-0029342,Tier-1,Tier-2,2026-08-05T20:57:50.026547,investigated_and_resolved
CAS-CSE-TELC-01-0029343,Tier-1,Tier-2,2026-08-05T20:41:34.101102,investigated_and_resolved
CAS-CSE-TELC-01-0029367,Tier-1,Tier-2,2026-08-06T19:34:01.343745,investigated_and_resolved
CAS-CSE-TELC-01-0029369,Tier-1,Tier-2,2026-08-06T21:32:41.004052,investigated_and_resolved
CAS-CSE-TELC-01-0029379,Tier-1,Tier-2,2026-08-07T03:50:24.071175,investigated_and_resolved
CAS-CSE-TELC-01-0029388,Tier-1,Tier-2,2026-08-07T15:43:55.154698,investigated_and_resolved
CAS-CSE-TELC-01-0029389,Tier-1,Tier-2,2026-08-07T17:12:01.730585,investigated_and_resolved
CAS-CSE-TELC-01-0029394,Tier-1,Tier-2,2026-08-07T21:16:01.390039,investigated_and_resolved
CAS-CSE-TELC-01-0029397,Tier-1,Tier-2,2026-08-08T00:38:41.017691,investigated_and_resolved
CAS-CSE-TELC-01-0029398,Tier-1,Tier-2,2026-08-08T00:44:25.686827,investigated_and_resolved
CAS-CSE-TELC-01-0029409,Tier-1,Tier-2,2026-08-08T16:22:39.587456,investigated_and_resolved
CAS-CSE-TELC-01-0029410,Tier-1,Tier-2,2026-08-08T18:21:10.833376,investigated_and_resolved
CAS-CSE-TELC-01-0029412,Tier-1,Tier-2,2026-08-08T19:59:14.651173,investigated_and_resolved
CAS-CSE-TELC-01-0029414,Tier-1,Tier-2,2026-08-08T22:15:22.473163,investigated_and_resolved
CAS-CSE-TELC-01-0029415,Tier-1,Tier-2,2026-08-08T22:35:05.524999,investigated_and_resolved
CAS-CSE-TELC-01-0029418,Tier-1,Tier-2,2026-08-09T01:38:15.436132,investigated_and_resolved
CAS-CSE-TELC-01-0029422,Tier-1,Tier-2,2026-08-09T08:04:26.471865,investigated_and_resolved
CAS-CSE-TELC-01-0029430,Tier-1,Tier-2,2026-08-09T12:06:38.836119,investigated_and_resolved
CAS-CSE-TELC-01-0029438,Tier-1,Tier-2,2026-08-09T19:29:52.578085,investigated_and_resolved
CAS-CSE-TELC-01-0029441,Tier-1,Tier-2,2026-08-09T20:28:02.644734,investigated_and_resolved
CAS-CSE-TELC-01-0029457,Tier-1,Tier-2,2026-08-10T17:03:33.176913,investigated_and_resolved
CAS-CSE-TELC-01-0029459,Tier-1,Tier-2,2026-08-10T21:27:18.442619,investigated_and_resolved
CAS-CSE-TELC-01-0029466,Tier-1,Tier-2,2026-08-11T04:10:11.074469,investigated_and_resolved
CAS-CSE-TELC-01-0029468,Tier-1,Tier-2,2026-08-11T08:36:05.120162,investigated_and_resolved
CAS-CSE-TELC-01-0029470,Tier-1,Tier-2,2026-08-11T12:20:51.324469,investigated_and_resolved
CAS-CSE-TELC-01-0029475,Tier-1,Tier-2,2026-08-11T16:43:39.451545,investigated_and_resolved
CAS-CSE-TELC-01-0029489,Tier-1,Tier-2,2026-08-12T05:52:47.799392,investigated_and_resolved
CAS-CSE-TELC-01-0029493,Tier-1,Tier-2,2026-08-12T08:31:55.926172,investigated_and_resolved
CAS-CSE-TELC-01-0029498,Tier-1,Tier-2,2026-08-12T12:21:08.370999,investigated_and_resolved
CAS-CSE-TELC-01-0029499,Tier-1,Tier-2,2026-08-12T12:31:52.116690,investigated_and_resolved
CAS-CSE-TELC-01-0029501,Tier-1,Tier-2,2026-08-12T12:56:02.399258,investigated_and_resolved
CAS-CSE-TELC-01-0029504,Tier-1,Tier-2,2026-08-12T16:04:22.570073,investigated_and_resolved
CAS-CSE-TELC-01-0029510,Tier-1,Tier-2,2026-08-12T18:00:15.240837,investigated_and_resolved
CAS-CSE-TELC-01-0029519,Tier-1,Tier-2,2026-08-13T03:25:04.661505,investigated_and_resolved
CAS-CSE-TELC-01-0029521,Tier-1,Tier-2,2026-08-13T04:00:25.444421,investigated_and_resolved
CAS-CSE-TELC-01-0029528,Tier-1,Tier-2,2026-08-13T08:36:21.610383,investigated_and_resolved
CAS-CSE-TELC-01-0029542,Tier-1,Tier-2,2026-08-14T00:25:41.212530,investigated_and_resolved
CAS-CSE-TELC-01-0029551,Tier-1,Tier-2,2026-08-14T11:36:57.270580,investigated_and_resolved
CAS-CSE-TELC-01-0029559,Tier-1,Tier-2,2026-08-14T19:58:08.517625,investigated_and_resolved
CAS-CSE-TELC-01-0029561,Tier-1,Tier-2,2026-08-14T22:18:33.438663,investigated_and_resolved
CAS-CSE-TELC-01-0029562,Tier-1,Tier-2,2026-08-15T00:40:08.574390,investigated_and_resolved
CAS-CSE-TELC-01-0029575,Tier-1,Tier-2,2026-08-15T15:48:29.815230,investigated_and_resolved
CAS-CSE-TELC-01-0029577,Tier-1,Tier-2,2026-08-15T17:56:12.260237,investigated_and_resolved
CAS-CSE-TELC-01-0029580,Tier-1,Tier-2,2026-08-15T18:25:21.568720,investigated_and_resolved
CAS-CSE-TELC-01-0029591,Tier-1,Tier-2,2026-08-16T09:20:56.620361,investigated_and_resolved
CAS-CSE-TELC-01-0029595,Tier-1,Tier-2,2026-08-16T11:53:09.271465,investigated_and_resolved
CAS-CSE-TELC-01-0029597,Tier-1,Tier-2,2026-08-16T13:08:41.727835,investigated_and_resolved
CAS-CSE-TELC-01-0029606,Tier-1,Tier-2,2026-08-16T17:36:57.999757,investigated_and_resolved
CAS-CSE-TELC-01-0029609,Tier-1,Tier-2,2026-08-16T22:29:35.174806,investigated_and_resolved
CAS-CSE-TELC-01-0029613,Tier-1,Tier-2,2026-08-17T05:40:52.509965,investigated_and_resolved
CAS-CSE-TELC-01-0029614,Tier-1,Tier-2,2026-08-17T04:06:52.943978,investigated_and_resolved
CAS-CSE-TELC-01-0029621,Tier-1,Tier-2,2026-08-17T13:41:44.992576,investigated_and_resolved
CAS-CSE-TELC-01-0029624,Tier-1,Tier-2,2026-08-17T14:42:25.190586,investigated_and_resolved
CAS-CSE-TELC-01-0029626,Tier-1,Tier-2,2026-08-17T17:35:47.654883,investigated_and_resolved
CAS-CSE-TELC-01-0029632,Tier-1,Tier-2,2026-08-18T01:18:33.233654,investigated_and_resolved
CAS-CSE-TELC-01-0029650,Tier-1,Tier-2,2026-08-18T16:14:27.377615,investigated_and_resolved
CAS-CSE-TELC-01-0029651,Tier-1,Tier-2,2026-08-18T17:01:48.299740,investigated_and_resolved
CAS-CSE-TELC-01-0029655,Tier-1,Tier-2,2026-08-18T21:40:10.539059,investigated_and_resolved
CAS-CSE-TELC-01-0029658,Tier-1,Tier-2,2026-08-18T23:55:48.968301,investigated_and_resolved
CAS-CSE-TELC-01-0029673,Tier-1,Tier-2,2026-08-19T17:51:19.794498,investigated_and_resolved
CAS-CSE-TELC-01-0029686,Tier-1,Tier-2,2026-08-20T09:49:16.457999,investigated_and_resolved
CAS-CSE-TELC-01-0029687,Tier-1,Tier-2,2026-08-20T13:07:31.177751,investigated_and_resolved
CAS-CSE-TELC-01-0029688,Tier-1,Tier-2,2026-08-20T11:26:43.608622,investigated_and_resolved
CAS-CSE-TELC-01-0029690,Tier-1,Tier-2,2026-08-20T14:07:57.239102,investigated_and_resolved
CAS-CSE-TELC-01-0029694,Tier-1,Tier-2,2026-08-20T19:30:37.943270,investigated_and_resolved
CAS-CSE-TELC-01-0029698,Tier-1,Tier-2,2026-08-21T00:24:23.565424,investigated_and_resolved
CAS-CSE-TELC-01-0029708,Tier-1,Tier-2,2026-08-21T04:52:43.389638,investigated_and_resolved
CAS-CSE-TELC-01-0029723,Tier-1,Tier-2,2026-08-21T15:40:02.603083,investigated_and_resolved
CAS-CSE-TELC-01-0029724,Tier-1,Tier-2,2026-08-21T17:50:05.085749,investigated_and_resolved
CAS-CSE-TELC-01-0029731,Tier-1,Tier-2,2026-08-22T02:19:16.605411,investigated_and_resolved
CAS-CSE-TELC-01-0029743,Tier-1,Tier-2,2026-08-22T15:51:40.467941,investigated_and_resolved
CAS-CSE-TELC-01-0029746,Tier-1,Tier-2,2026-08-22T19:01:41.272953,investigated_and_resolved
CAS-CSE-TELC-01-0029748,Tier-1,Tier-2,2026-08-22T19:53:02.410767,investigated_and_resolved
CAS-CSE-TELC-01-0029752,Tier-1,Tier-2,2026-08-22T23:37:40.509814,investigated_and_resolved
CAS-CSE-TELC-01-0029761,Tier-1,Tier-2,2026-08-23T05:09:18.027713,investigated_and_resolved
CAS-CSE-TELC-01-0029768,Tier-1,Tier-2,2026-08-23T08:48:20.179193,investigated_and_resolved
CAS-CSE-TELC-01-0029775,Tier-1,Tier-2,2026-08-23T19:31:30.568570,investigated_and_resolved
CAS-CSE-TELC-01-0029782,Tier-1,Tier-2,2026-08-23T23:51:22.176948,investigated_and_resolved
CAS-CSE-TELC-01-0029792,Tier-1,Tier-2,2026-08-24T12:48:11.829763,investigated_and_resolved
CAS-CSE-TELC-01-0029796,Tier-1,Tier-2,2026-08-24T14:11:31.316675,investigated_and_resolved
CAS-CSE-TELC-01-0029797,Tier-1,Tier-2,2026-08-24T18:00:28.647258,investigated_and_resolved
CAS-CSE-TELC-01-0029798,Tier-1,Tier-2,2026-08-24T18:25:34.785336,investigated_and_resolved
CAS-CSE-TELC-01-0029807,Tier-1,Tier-2,2026-08-25T04:51:05.938507,investigated_and_resolved
CAS-CSE-TELC-01-0029811,Tier-1,Tier-2,2026-08-25T09:01:09.020097,investigated_and_resolved
CAS-CSE-TELC-01-0029812,Tier-1,Tier-2,2026-08-25T09:07:42.221025,investigated_and_resolved
CAS-CSE-TELC-01-0029814,Tier-1,Tier-2,2026-08-25T09:32:57.704764,investigated_and_resolved
CAS-CSE-TELC-01-0029817,Tier-1,Tier-2,2026-08-25T15:12:20.647819,investigated_and_resolved
CAS-CSE-TELC-01-0029823,Tier-1,Tier-2,2026-08-25T20:09:15.029298,investigated_and_resolved
CAS-CSE-TELC-01-0029829,Tier-1,Tier-2,2026-08-26T00:26:05.558930,investigated_and_resolved
CAS-CSE-TELC-01-0029832,Tier-1,Tier-2,2026-08-26T02:48:48.904130,investigated_and_resolved
CAS-CSE-TELC-01-0029834,Tier-1,Tier-2,2026-08-26T03:27:39.026889,investigated_and_resolved
CAS-CSE-TELC-01-0029836,Tier-1,Tier-2,2026-08-26T05:03:58.567009,investigated_and_resolved
CAS-CSE-TELC-01-0029841,Tier-1,Tier-2,2026-08-26T12:51:20.048372,investigated_and_resolved
CAS-CSE-TELC-01-0029842,Tier-1,Tier-2,2026-08-26T13:44:31.449699,investigated_and_resolved
CAS-CSE-TELC-01-0029853,Tier-1,Tier-2,2026-08-26T20:48:06.050115,investigated_and_resolved
CAS-CSE-TELC-01-0029854,Tier-1,Tier-2,2026-08-26T22:58:20.669877,investigated_and_resolved
CAS-CSE-TELC-01-0029856,Tier-1,Tier-2,2026-08-27T02:39:36.262639,investigated_and_resolved
CAS-CSE-TELC-01-0029862,Tier-1,Tier-2,2026-08-27T06:58:16.183712,investigated_and_resolved
CAS-CSE-TELC-01-0029866,Tier-1,Tier-2,2026-08-27T11:33:12.583690,investigated_and_resolved
CAS-CSE-TELC-01-0029868,Tier-1,Tier-2,2026-08-27T09:32:21.098549,investigated_and_resolved
CAS-CSE-TELC-01-0029870,Tier-1,Tier-2,2026-08-27T10:14:49.034718,investigated_and_resolved
CAS-CSE-TELC-01-0029873,Tier-1,Tier-2,2026-08-27T13:22:07.170703,investigated_and_resolved
CAS-CSE-TELC-01-0029880,Tier-1,Tier-2,2026-08-27T20:41:46.583860,investigated_and_resolved
CAS-CSE-TELC-02-0029884,Tier-1,Tier-2,2026-03-01T08:29:05.897586,investigated_and_resolved
CAS-CSE-TELC-02-0029888,Tier-1,Tier-2,2026-03-01T15:23:10.113170,investigated_and_resolved
CAS-CSE-TELC-02-0029892,Tier-1,Tier-2,2026-03-01T15:41:24.030256,investigated_and_resolved
CAS-CSE-TELC-02-0029898,Tier-1,Tier-2,2026-03-01T22:23:37.448761,investigated_and_resolved
CAS-CSE-TELC-02-0029901,Tier-1,Tier-2,2026-03-01T23:46:36.363935,investigated_and_resolved
CAS-CSE-TELC-02-0029902,Tier-1,Tier-2,2026-03-01T23:02:54.393270,investigated_and_resolved
CAS-CSE-TELC-02-0029911,Tier-1,Tier-2,2026-03-02T06:42:28.913986,investigated_and_resolved
CAS-CSE-TELC-02-0029918,Tier-1,Tier-2,2026-03-02T15:50:51.019033,investigated_and_resolved
CAS-CSE-TELC-02-0029921,Tier-1,Tier-2,2026-03-03T00:39:05.020250,investigated_and_resolved
CAS-CSE-TELC-02-0029922,Tier-1,Tier-2,2026-03-03T00:01:42.340214,investigated_and_resolved
CAS-CSE-TELC-02-0029923,Tier-1,Tier-2,2026-03-03T05:50:42.191068,investigated_and_resolved
CAS-CSE-TELC-02-0029934,Tier-1,Tier-2,2026-03-03T13:38:25.845247,investigated_and_resolved
CAS-CSE-TELC-02-0029948,Tier-1,Tier-2,2026-03-04T03:12:09.003329,investigated_and_resolved
CAS-CSE-TELC-02-0029951,Tier-1,Tier-2,2026-03-04T04:35:59.935695,investigated_and_resolved
CAS-CSE-TELC-02-0029953,Tier-1,Tier-2,2026-03-04T06:26:36.264989,investigated_and_resolved
CAS-CSE-TELC-02-0029958,Tier-1,Tier-2,2026-03-04T14:33:37.964177,investigated_and_resolved
CAS-CSE-TELC-02-0029959,Tier-1,Tier-2,2026-03-04T14:27:28.200817,investigated_and_resolved
CAS-CSE-TELC-02-0029964,Tier-1,Tier-2,2026-03-04T21:17:04.563110,investigated_and_resolved
CAS-CSE-TELC-02-0029973,Tier-1,Tier-2,2026-03-05T07:11:06.809161,investigated_and_resolved
CAS-CSE-TELC-02-0029979,Tier-1,Tier-2,2026-03-05T13:27:11.245126,investigated_and_resolved
CAS-CSE-TELC-02-0029993,Tier-1,Tier-2,2026-03-06T05:24:54.000806,investigated_and_resolved
CAS-CSE-TELC-02-0029996,Tier-1,Tier-2,2026-03-06T08:56:45.545556,investigated_and_resolved
CAS-CSE-TELC-02-0030003,Tier-1,Tier-2,2026-03-06T15:46:04.050317,investigated_and_resolved
CAS-CSE-TELC-02-0030004,Tier-1,Tier-2,2026-03-06T15:37:43.771862,investigated_and_resolved
CAS-CSE-TELC-02-0030006,Tier-1,Tier-2,2026-03-06T18:22:30.081189,investigated_and_resolved
CAS-CSE-TELC-02-0030008,Tier-1,Tier-2,2026-03-06T19:24:13.581816,investigated_and_resolved
CAS-CSE-TELC-02-0030010,Tier-1,Tier-2,2026-03-06T23:02:27.885464,investigated_and_resolved
CAS-CSE-TELC-02-0030030,Tier-1,Tier-2,2026-03-08T00:37:26.572116,investigated_and_resolved
CAS-CSE-TELC-02-0030043,Tier-1,Tier-2,2026-03-08T12:30:13.762138,investigated_and_resolved
CAS-CSE-TELC-02-0030048,Tier-1,Tier-2,2026-03-08T21:23:14.063286,investigated_and_resolved
CAS-CSE-TELC-02-0030053,Tier-1,Tier-2,2026-03-08T23:00:20.112878,investigated_and_resolved
CAS-CSE-TELC-02-0030054,Tier-1,Tier-2,2026-03-08T23:50:21.847564,investigated_and_resolved
CAS-CSE-TELC-02-0030062,Tier-1,Tier-2,2026-03-09T11:21:08.216787,investigated_and_resolved
CAS-CSE-TELC-02-0030075,Tier-1,Tier-2,2026-03-10T02:30:52.964289,investigated_and_resolved
CAS-CSE-TELC-02-0030081,Tier-1,Tier-2,2026-03-10T06:17:29.969399,investigated_and_resolved
CAS-CSE-TELC-02-0030088,Tier-1,Tier-2,2026-03-10T13:37:40.868264,investigated_and_resolved
CAS-CSE-TELC-02-0030096,Tier-1,Tier-2,2026-03-11T02:24:10.067359,investigated_and_resolved
CAS-CSE-TELC-02-0030098,Tier-1,Tier-2,2026-03-11T12:10:45.113576,investigated_and_resolved
CAS-CSE-TELC-02-0030101,Tier-1,Tier-2,2026-03-11T16:22:24.421107,investigated_and_resolved
CAS-CSE-TELC-02-0030103,Tier-1,Tier-2,2026-03-11T20:39:05.533079,investigated_and_resolved
CAS-CSE-TELC-02-0030107,Tier-1,Tier-2,2026-03-12T00:51:50.902695,investigated_and_resolved
CAS-CSE-TELC-02-0030113,Tier-1,Tier-2,2026-03-12T07:45:34.410792,investigated_and_resolved
CAS-CSE-TELC-02-0030116,Tier-1,Tier-2,2026-03-12T12:37:36.879085,investigated_and_resolved
CAS-CSE-TELC-02-0030118,Tier-1,Tier-2,2026-03-12T13:56:38.207790,investigated_and_resolved
CAS-CSE-TELC-02-0030119,Tier-1,Tier-2,2026-03-12T15:20:30.351252,investigated_and_resolved
CAS-CSE-TELC-02-0030120,Tier-1,Tier-2,2026-03-12T17:29:46.722291,investigated_and_resolved
CAS-CSE-TELC-02-0030124,Tier-1,Tier-2,2026-03-12T20:58:04.883878,investigated_and_resolved
CAS-CSE-TELC-02-0030127,Tier-1,Tier-2,2026-03-13T02:16:40.249773,investigated_and_resolved
CAS-CSE-TELC-02-0030129,Tier-1,Tier-2,2026-03-13T03:08:30.514837,investigated_and_resolved
CAS-CSE-TELC-02-0030135,Tier-1,Tier-2,2026-03-13T13:43:17.092044,investigated_and_resolved
CAS-CSE-TELC-02-0030149,Tier-1,Tier-2,2026-03-14T00:37:31.096497,investigated_and_resolved
CAS-CSE-TELC-02-0030161,Tier-1,Tier-2,2026-03-14T13:10:01.478225,investigated_and_resolved
CAS-CSE-TELC-02-0030163,Tier-1,Tier-2,2026-03-14T12:03:14.860220,investigated_and_resolved
CAS-CSE-TELC-02-0030164,Tier-1,Tier-2,2026-03-14T14:36:30.638033,investigated_and_resolved
CAS-CSE-TELC-02-0030174,Tier-1,Tier-2,2026-03-14T21:21:20.110704,investigated_and_resolved
CAS-CSE-TELC-02-0030184,Tier-1,Tier-2,2026-03-15T07:32:33.004780,investigated_and_resolved
CAS-CSE-TELC-02-0030188,Tier-1,Tier-2,2026-03-15T10:17:32.479951,investigated_and_resolved
CAS-CSE-TELC-02-0030196,Tier-1,Tier-2,2026-03-15T23:19:02.045727,investigated_and_resolved
CAS-CSE-TELC-02-0030201,Tier-1,Tier-2,2026-03-16T05:27:08.925831,investigated_and_resolved
CAS-CSE-TELC-02-0030202,Tier-1,Tier-2,2026-03-16T06:39:08.448885,investigated_and_resolved
CAS-CSE-TELC-02-0030205,Tier-1,Tier-2,2026-03-16T11:37:35.456856,investigated_and_resolved
CAS-CSE-TELC-02-0030215,Tier-1,Tier-2,2026-03-16T20:40:25.989741,investigated_and_resolved
CAS-CSE-TELC-02-0030216,Tier-1,Tier-2,2026-03-16T20:55:34.065711,investigated_and_resolved
CAS-CSE-TELC-02-0030223,Tier-1,Tier-2,2026-03-17T04:42:21.500195,investigated_and_resolved
CAS-CSE-TELC-02-0030226,Tier-1,Tier-2,2026-03-17T06:52:32.687600,investigated_and_resolved
CAS-CSE-TELC-02-0030227,Tier-1,Tier-2,2026-03-17T06:20:00.019186,investigated_and_resolved
CAS-CSE-TELC-02-0030231,Tier-1,Tier-2,2026-03-17T09:22:55.045822,investigated_and_resolved
CAS-CSE-TELC-02-0030234,Tier-1,Tier-2,2026-03-17T08:47:59.643568,investigated_and_resolved
CAS-CSE-TELC-02-0030235,Tier-1,Tier-2,2026-03-17T10:21:53.669549,investigated_and_resolved
CAS-CSE-TELC-02-0030239,Tier-1,Tier-2,2026-03-17T12:58:58.297008,investigated_and_resolved
CAS-CSE-TELC-02-0030240,Tier-1,Tier-2,2026-03-17T17:08:33.442718,investigated_and_resolved
CAS-CSE-TELC-02-0030244,Tier-1,Tier-2,2026-03-17T21:07:38.731854,investigated_and_resolved
CAS-CSE-TELC-02-0030251,Tier-1,Tier-2,2026-03-18T10:00:15.268912,investigated_and_resolved
CAS-CSE-TELC-02-0030254,Tier-1,Tier-2,2026-03-18T11:03:47.154636,investigated_and_resolved
CAS-CSE-TELC-02-0030266,Tier-1,Tier-2,2026-03-19T01:36:20.796497,investigated_and_resolved
CAS-CSE-TELC-02-0030269,Tier-1,Tier-2,2026-03-19T03:04:15.339551,investigated_and_resolved
CAS-CSE-TELC-02-0030278,Tier-1,Tier-2,2026-03-19T12:30:08.952358,investigated_and_resolved
CAS-CSE-TELC-02-0030279,Tier-1,Tier-2,2026-03-19T13:42:27.157808,investigated_and_resolved
CAS-CSE-TELC-02-0030280,Tier-1,Tier-2,2026-03-19T15:03:04.299413,investigated_and_resolved
CAS-CSE-TELC-02-0030282,Tier-1,Tier-2,2026-03-19T18:43:15.337570,investigated_and_resolved
CAS-CSE-TELC-02-0030285,Tier-1,Tier-2,2026-03-19T20:44:55.729502,investigated_and_resolved
CAS-CSE-TELC-02-0030289,Tier-1,Tier-2,2026-03-20T00:36:41.452592,investigated_and_resolved
CAS-CSE-TELC-02-0030298,Tier-1,Tier-2,2026-03-20T07:50:36.256177,investigated_and_resolved
CAS-CSE-TELC-02-0030303,Tier-1,Tier-2,2026-03-20T14:19:40.021860,investigated_and_resolved
CAS-CSE-TELC-02-0030328,Tier-1,Tier-2,2026-03-21T20:31:04.915768,investigated_and_resolved
CAS-CSE-TELC-02-0030331,Tier-1,Tier-2,2026-03-21T22:39:37.479909,investigated_and_resolved
CAS-CSE-TELC-02-0030338,Tier-1,Tier-2,2026-03-22T06:59:54.479172,investigated_and_resolved
CAS-CSE-TELC-02-0030341,Tier-1,Tier-2,2026-03-22T11:39:06.869678,investigated_and_resolved
CAS-CSE-TELC-02-0030343,Tier-1,Tier-2,2026-03-22T13:30:14.393478,investigated_and_resolved
CAS-CSE-TELC-02-0030345,Tier-1,Tier-2,2026-03-22T15:13:30.426044,investigated_and_resolved
CAS-CSE-TELC-02-0030346,Tier-1,Tier-2,2026-03-22T17:41:31.413899,investigated_and_resolved
CAS-CSE-TELC-02-0030347,Tier-1,Tier-2,2026-03-22T19:13:03.454127,investigated_and_resolved
CAS-CSE-TELC-02-0030363,Tier-1,Tier-2,2026-03-23T07:41:26.072075,investigated_and_resolved
CAS-CSE-TELC-02-0030366,Tier-1,Tier-2,2026-03-23T11:30:07.980716,investigated_and_resolved
CAS-CSE-TELC-02-0030374,Tier-1,Tier-2,2026-03-23T21:32:50.635332,investigated_and_resolved
CAS-CSE-TELC-02-0030378,Tier-1,Tier-2,2026-03-24T02:42:22.318175,investigated_and_resolved
CAS-CSE-TELC-02-0030384,Tier-1,Tier-2,2026-03-24T09:28:30.024519,investigated_and_resolved
CAS-CSE-TELC-02-0030386,Tier-1,Tier-2,2026-03-24T08:32:58.458057,investigated_and_resolved
CAS-CSE-TELC-02-0030387,Tier-1,Tier-2,2026-03-24T09:12:19.172448,investigated_and_resolved
CAS-CSE-TELC-02-0030390,Tier-1,Tier-2,2026-03-24T09:13:24.639878,investigated_and_resolved
CAS-CSE-TELC-02-0030391,Tier-1,Tier-2,2026-03-24T11:51:07.319944,investigated_and_resolved
CAS-CSE-TELC-02-0030392,Tier-1,Tier-2,2026-03-24T12:30:33.851015,investigated_and_resolved
CAS-CSE-TELC-02-0030394,Tier-1,Tier-2,2026-03-24T12:18:48.622644,investigated_and_resolved
CAS-CSE-TELC-02-0030398,Tier-1,Tier-2,2026-03-24T15:30:13.130750,investigated_and_resolved
CAS-CSE-TELC-02-0030400,Tier-1,Tier-2,2026-03-24T17:45:53.468235,investigated_and_resolved
CAS-CSE-TELC-02-0030404,Tier-1,Tier-2,2026-03-24T21:59:01.139565,investigated_and_resolved
CAS-CSE-TELC-02-0030406,Tier-1,Tier-2,2026-03-24T23:22:59.676019,investigated_and_resolved
CAS-CSE-TELC-02-0030407,Tier-1,Tier-2,2026-03-25T00:14:58.628043,investigated_and_resolved
CAS-CSE-TELC-02-0030408,Tier-1,Tier-2,2026-03-25T00:45:45.866802,investigated_and_resolved
CAS-CSE-TELC-02-0030413,Tier-1,Tier-2,2026-03-25T09:20:49.342990,investigated_and_resolved
CAS-CSE-TELC-02-0030424,Tier-1,Tier-2,2026-03-25T22:12:43.497207,investigated_and_resolved
CAS-CSE-TELC-02-0030431,Tier-1,Tier-2,2026-03-26T03:15:32.880400,investigated_and_resolved
CAS-CSE-TELC-02-0030432,Tier-1,Tier-2,2026-03-26T03:19:11.878720,investigated_and_resolved
CAS-CSE-TELC-02-0030441,Tier-1,Tier-2,2026-03-26T10:34:40.194554,investigated_and_resolved
CAS-CSE-TELC-02-0030446,Tier-1,Tier-2,2026-03-26T14:05:53.239539,investigated_and_resolved
CAS-CSE-TELC-02-0030458,Tier-1,Tier-2,2026-03-27T02:15:19.287310,investigated_and_resolved
CAS-CSE-TELC-02-0030467,Tier-1,Tier-2,2026-03-27T14:49:26.584981,investigated_and_resolved
CAS-CSE-TELC-02-0030476,Tier-1,Tier-2,2026-03-28T01:43:35.794984,investigated_and_resolved
CAS-CSE-TELC-02-0030479,Tier-1,Tier-2,2026-03-28T02:55:01.792873,investigated_and_resolved
CAS-CSE-TELC-02-0030483,Tier-1,Tier-2,2026-03-28T09:10:49.008569,investigated_and_resolved
CAS-CSE-TELC-02-0030487,Tier-1,Tier-2,2026-03-28T17:34:23.472539,investigated_and_resolved
CAS-CSE-TELC-02-0030488,Tier-1,Tier-2,2026-03-28T20:00:34.176584,investigated_and_resolved
CAS-CSE-TELC-02-0030491,Tier-1,Tier-2,2026-03-28T22:17:11.149084,investigated_and_resolved
CAS-CSE-TELC-02-0030493,Tier-1,Tier-2,2026-03-28T23:47:22.248099,investigated_and_resolved
CAS-CSE-TELC-02-0030494,Tier-1,Tier-2,2026-03-29T00:55:43.456120,investigated_and_resolved
CAS-CSE-TELC-02-0030526,Tier-1,Tier-2,2026-03-30T09:02:03.791574,investigated_and_resolved
CAS-CSE-TELC-02-0030531,Tier-1,Tier-2,2026-03-30T13:36:03.198836,investigated_and_resolved
CAS-CSE-TELC-02-0030532,Tier-1,Tier-2,2026-03-30T16:17:59.557769,investigated_and_resolved
CAS-CSE-TELC-02-0030542,Tier-1,Tier-2,2026-03-30T20:05:35.359272,investigated_and_resolved
CAS-CSE-TELC-02-0030543,Tier-1,Tier-2,2026-03-30T22:08:12.038791,investigated_and_resolved
CAS-CSE-TELC-02-0030549,Tier-1,Tier-2,2026-03-31T03:44:25.573670,investigated_and_resolved
CAS-CSE-TELC-02-0030557,Tier-1,Tier-2,2026-03-31T10:30:49.347625,investigated_and_resolved
CAS-CSE-TELC-02-0030564,Tier-1,Tier-2,2026-03-31T22:16:04.141326,investigated_and_resolved
CAS-CSE-TELC-02-0030570,Tier-1,Tier-2,2026-04-01T01:52:13.550068,investigated_and_resolved
CAS-CSE-TELC-02-0030572,Tier-1,Tier-2,2026-04-01T03:26:35.670029,investigated_and_resolved
CAS-CSE-TELC-02-0030579,Tier-1,Tier-2,2026-04-01T09:56:19.136574,investigated_and_resolved
CAS-CSE-TELC-02-0030580,Tier-1,Tier-2,2026-04-01T11:56:03.962470,investigated_and_resolved
CAS-CSE-TELC-02-0030585,Tier-1,Tier-2,2026-04-01T16:48:28.329970,investigated_and_resolved
CAS-CSE-TELC-02-0030597,Tier-1,Tier-2,2026-04-02T05:21:22.164804,investigated_and_resolved
CAS-CSE-TELC-02-0030616,Tier-1,Tier-2,2026-04-02T23:22:31.418656,investigated_and_resolved
CAS-CSE-TELC-02-0030618,Tier-1,Tier-2,2026-04-02T23:32:31.127134,investigated_and_resolved
CAS-CSE-TELC-02-0030623,Tier-1,Tier-2,2026-04-03T02:46:15.129256,investigated_and_resolved
CAS-CSE-TELC-02-0030633,Tier-1,Tier-2,2026-04-03T07:57:51.496354,investigated_and_resolved
CAS-CSE-TELC-02-0030634,Tier-1,Tier-2,2026-04-03T09:14:05.715870,investigated_and_resolved
CAS-CSE-TELC-02-0030635,Tier-1,Tier-2,2026-04-03T08:39:33.817929,investigated_and_resolved
CAS-CSE-TELC-02-0030638,Tier-1,Tier-2,2026-04-03T10:24:17.442557,investigated_and_resolved
CAS-CSE-TELC-02-0030658,Tier-1,Tier-2,2026-04-04T05:53:15.480445,investigated_and_resolved
CAS-CSE-TELC-02-0030661,Tier-1,Tier-2,2026-04-04T06:49:08.151844,investigated_and_resolved
CAS-CSE-TELC-02-0030662,Tier-1,Tier-2,2026-04-04T07:56:02.462162,investigated_and_resolved
CAS-CSE-TELC-02-0030665,Tier-1,Tier-2,2026-04-04T09:25:54.414979,investigated_and_resolved
CAS-CSE-TELC-02-0030673,Tier-1,Tier-2,2026-04-04T13:01:02.995761,investigated_and_resolved
CAS-CSE-TELC-02-0030675,Tier-1,Tier-2,2026-04-04T17:36:33.799984,investigated_and_resolved
CAS-CSE-TELC-02-0030678,Tier-1,Tier-2,2026-04-04T20:16:34.670450,investigated_and_resolved
CAS-CSE-TELC-02-0030682,Tier-1,Tier-2,2026-04-04T22:19:12.693712,investigated_and_resolved
CAS-CSE-TELC-02-0030705,Tier-1,Tier-2,2026-04-05T22:15:31.645510,investigated_and_resolved
CAS-CSE-TELC-02-0030715,Tier-1,Tier-2,2026-04-06T08:52:17.339310,investigated_and_resolved
CAS-CSE-TELC-02-0030719,Tier-1,Tier-2,2026-04-06T15:08:54.911311,investigated_and_resolved
CAS-CSE-TELC-02-0030722,Tier-1,Tier-2,2026-04-06T19:55:07.540673,investigated_and_resolved
CAS-CSE-TELC-02-0030729,Tier-1,Tier-2,2026-04-07T02:26:27.378939,investigated_and_resolved
CAS-CSE-TELC-02-0030736,Tier-1,Tier-2,2026-04-07T13:24:55.761308,investigated_and_resolved
CAS-CSE-TELC-02-0030743,Tier-1,Tier-2,2026-04-07T22:56:58.175420,investigated_and_resolved
CAS-CSE-TELC-02-0030748,Tier-1,Tier-2,2026-04-08T00:36:48.126759,investigated_and_resolved
CAS-CSE-TELC-02-0030758,Tier-1,Tier-2,2026-04-08T11:32:23.752944,investigated_and_resolved
CAS-CSE-TELC-02-0030766,Tier-1,Tier-2,2026-04-08T21:23:51.682401,investigated_and_resolved
CAS-CSE-TELC-02-0030768,Tier-1,Tier-2,2026-04-08T23:20:03.732339,investigated_and_resolved
CAS-CSE-TELC-02-0030770,Tier-1,Tier-2,2026-04-08T23:39:17.105953,investigated_and_resolved
CAS-CSE-TELC-02-0030775,Tier-1,Tier-2,2026-04-09T07:24:41.031765,investigated_and_resolved
CAS-CSE-TELC-02-0030777,Tier-1,Tier-2,2026-04-09T10:30:45.761318,investigated_and_resolved
CAS-CSE-TELC-02-0030779,Tier-1,Tier-2,2026-04-09T12:43:59.975264,investigated_and_resolved
CAS-CSE-TELC-02-0030783,Tier-1,Tier-2,2026-04-09T16:38:41.460130,investigated_and_resolved
CAS-CSE-TELC-02-0030791,Tier-1,Tier-2,2026-04-10T03:29:02.928706,investigated_and_resolved
CAS-CSE-TELC-02-0030792,Tier-1,Tier-2,2026-04-10T04:04:14.536265,investigated_and_resolved
CAS-CSE-TELC-02-0030796,Tier-1,Tier-2,2026-04-10T13:26:34.271698,investigated_and_resolved
CAS-CSE-TELC-02-0030816,Tier-1,Tier-2,2026-04-11T03:33:26.744012,investigated_and_resolved
CAS-CSE-TELC-02-0030819,Tier-1,Tier-2,2026-04-11T09:27:02.194767,investigated_and_resolved
CAS-CSE-TELC-02-0030825,Tier-1,Tier-2,2026-04-11T15:20:05.803438,investigated_and_resolved
CAS-CSE-TELC-02-0030826,Tier-1,Tier-2,2026-04-11T16:13:18.984850,investigated_and_resolved
CAS-CSE-TELC-02-0030829,Tier-1,Tier-2,2026-04-11T20:08:42.892408,investigated_and_resolved
CAS-CSE-TELC-02-0030832,Tier-1,Tier-2,2026-04-11T21:00:04.997194,investigated_and_resolved
CAS-CSE-TELC-02-0030834,Tier-1,Tier-2,2026-04-12T03:07:26.218277,investigated_and_resolved
CAS-CSE-TELC-02-0030862,Tier-1,Tier-2,2026-04-13T02:53:27.126892,investigated_and_resolved
CAS-CSE-TELC-02-0030863,Tier-1,Tier-2,2026-04-13T02:05:53.057605,investigated_and_resolved
CAS-CSE-TELC-02-0030865,Tier-1,Tier-2,2026-04-13T03:08:27.213676,investigated_and_resolved
CAS-CSE-TELC-02-0030877,Tier-1,Tier-2,2026-04-13T12:53:17.601519,investigated_and_resolved
CAS-CSE-TELC-02-0030889,Tier-1,Tier-2,2026-04-13T22:17:56.168971,investigated_and_resolved
CAS-CSE-TELC-02-0030906,Tier-1,Tier-2,2026-04-14T07:54:06.602534,investigated_and_resolved
CAS-CSE-TELC-02-0030912,Tier-1,Tier-2,2026-04-14T12:05:08.277261,investigated_and_resolved
CAS-CSE-TELC-02-0030915,Tier-1,Tier-2,2026-04-14T13:19:48.971926,investigated_and_resolved
CAS-CSE-TELC-02-0030916,Tier-1,Tier-2,2026-04-14T15:49:08.329632,investigated_and_resolved
CAS-CSE-TELC-02-0030925,Tier-1,Tier-2,2026-04-14T21:30:54.627894,investigated_and_resolved
CAS-CSE-TELC-02-0030927,Tier-1,Tier-2,2026-04-15T02:53:35.029740,investigated_and_resolved
CAS-CSE-TELC-02-0030933,Tier-1,Tier-2,2026-04-15T05:12:06.387024,investigated_and_resolved
CAS-CSE-TELC-02-0030935,Tier-1,Tier-2,2026-04-15T07:20:10.162227,investigated_and_resolved
CAS-CSE-TELC-02-0030939,Tier-1,Tier-2,2026-04-15T11:41:27.580994,investigated_and_resolved
CAS-CSE-TELC-02-0030953,Tier-1,Tier-2,2026-04-16T02:53:03.344096,investigated_and_resolved
CAS-CSE-TELC-02-0030957,Tier-1,Tier-2,2026-04-16T05:33:46.414196,investigated_and_resolved
CAS-CSE-TELC-02-0030958,Tier-1,Tier-2,2026-04-16T06:32:57.552849,investigated_and_resolved
CAS-CSE-TELC-02-0030963,Tier-1,Tier-2,2026-04-16T13:36:46.834391,investigated_and_resolved
CAS-CSE-TELC-02-0030964,Tier-1,Tier-2,2026-04-16T14:45:23.874924,investigated_and_resolved
CAS-CSE-TELC-02-0030973,Tier-1,Tier-2,2026-04-16T22:01:49.180400,investigated_and_resolved
CAS-CSE-TELC-02-0030978,Tier-1,Tier-2,2026-04-17T06:14:22.683357,investigated_and_resolved
CAS-CSE-TELC-02-0030983,Tier-1,Tier-2,2026-04-17T05:55:42.225897,investigated_and_resolved
CAS-CSE-TELC-02-0030988,Tier-1,Tier-2,2026-04-17T10:13:48.570733,investigated_and_resolved
CAS-CSE-TELC-02-0030992,Tier-1,Tier-2,2026-04-17T20:24:21.672554,investigated_and_resolved
CAS-CSE-TELC-02-0030993,Tier-1,Tier-2,2026-04-17T19:29:34.082813,investigated_and_resolved
CAS-CSE-TELC-02-0030995,Tier-1,Tier-2,2026-04-17T22:43:42.365762,investigated_and_resolved
CAS-CSE-TELC-02-0031004,Tier-1,Tier-2,2026-04-18T06:38:04.520052,investigated_and_resolved
CAS-CSE-TELC-02-0031006,Tier-1,Tier-2,2026-04-18T07:30:08.724270,investigated_and_resolved
CAS-CSE-TELC-02-0031024,Tier-1,Tier-2,2026-04-19T00:18:54.343351,investigated_and_resolved
CAS-CSE-TELC-02-0031028,Tier-1,Tier-2,2026-04-19T02:52:43.037696,investigated_and_resolved
CAS-CSE-TELC-02-0031032,Tier-1,Tier-2,2026-04-19T09:50:19.041910,investigated_and_resolved
CAS-CSE-TELC-02-0031053,Tier-1,Tier-2,2026-04-20T08:03:29.740898,investigated_and_resolved
CAS-CSE-TELC-02-0031058,Tier-1,Tier-2,2026-04-20T11:57:02.891630,investigated_and_resolved
CAS-CSE-TELC-02-0031068,Tier-1,Tier-2,2026-04-20T22:05:24.506463,investigated_and_resolved
CAS-CSE-TELC-02-0031071,Tier-1,Tier-2,2026-04-21T03:36:57.457993,investigated_and_resolved
CAS-CSE-TELC-02-0031072,Tier-1,Tier-2,2026-04-21T03:30:36.738275,investigated_and_resolved
CAS-CSE-TELC-02-0031083,Tier-1,Tier-2,2026-04-21T13:08:12.099961,investigated_and_resolved
CAS-CSE-TELC-02-0031089,Tier-1,Tier-2,2026-04-21T16:48:48.256700,investigated_and_resolved
CAS-CSE-TELC-02-0031094,Tier-1,Tier-2,2026-04-22T06:14:49.551542,investigated_and_resolved
CAS-CSE-TELC-02-0031100,Tier-1,Tier-2,2026-04-22T12:13:30.443418,investigated_and_resolved
CAS-CSE-TELC-02-0031103,Tier-1,Tier-2,2026-04-22T13:23:27.599741,investigated_and_resolved
CAS-CSE-TELC-02-0031107,Tier-1,Tier-2,2026-04-22T21:28:39.531097,investigated_and_resolved
CAS-CSE-TELC-02-0031108,Tier-1,Tier-2,2026-04-22T21:07:11.514395,investigated_and_resolved
CAS-CSE-TELC-02-0031113,Tier-1,Tier-2,2026-04-23T03:00:10.293032,investigated_and_resolved
CAS-CSE-TELC-02-0031122,Tier-1,Tier-2,2026-04-23T13:41:43.388095,investigated_and_resolved
CAS-CSE-TELC-02-0031123,Tier-1,Tier-2,2026-04-23T13:27:52.799520,investigated_and_resolved
CAS-CSE-TELC-02-0031126,Tier-1,Tier-2,2026-04-23T16:23:36.846866,investigated_and_resolved
CAS-CSE-TELC-02-0031135,Tier-1,Tier-2,2026-04-23T20:32:30.292652,investigated_and_resolved
CAS-CSE-TELC-02-0031147,Tier-1,Tier-2,2026-04-24T13:46:39.527870,investigated_and_resolved
CAS-CSE-TELC-02-0031152,Tier-1,Tier-2,2026-04-24T16:22:24.881642,investigated_and_resolved
CAS-CSE-TELC-02-0031155,Tier-1,Tier-2,2026-04-24T21:08:40.607022,investigated_and_resolved
CAS-CSE-TELC-02-0031156,Tier-1,Tier-2,2026-04-24T22:01:14.135068,investigated_and_resolved
CAS-CSE-TELC-02-0031162,Tier-1,Tier-2,2026-04-25T06:49:04.387376,investigated_and_resolved
CAS-CSE-TELC-02-0031168,Tier-1,Tier-2,2026-04-25T10:59:37.613045,investigated_and_resolved
CAS-CSE-TELC-02-0031169,Tier-1,Tier-2,2026-04-25T13:09:57.441202,investigated_and_resolved
CAS-CSE-TELC-02-0031170,Tier-1,Tier-2,2026-04-25T15:12:37.702925,investigated_and_resolved
CAS-CSE-TELC-02-0031173,Tier-1,Tier-2,2026-04-25T18:50:25.373761,investigated_and_resolved
CAS-CSE-TELC-02-0031177,Tier-1,Tier-2,2026-04-26T00:25:35.643789,investigated_and_resolved
CAS-CSE-TELC-02-0031180,Tier-1,Tier-2,2026-04-26T02:04:26.390305,investigated_and_resolved
CAS-CSE-TELC-02-0031185,Tier-1,Tier-2,2026-04-26T06:40:48.692324,investigated_and_resolved
CAS-CSE-TELC-02-0031186,Tier-1,Tier-2,2026-04-26T09:01:53.665803,investigated_and_resolved
CAS-CSE-TELC-02-0031187,Tier-1,Tier-2,2026-04-26T09:55:39.156826,investigated_and_resolved
CAS-CSE-TELC-02-0031188,Tier-1,Tier-2,2026-04-26T09:12:45.757986,investigated_and_resolved
CAS-CSE-TELC-02-0031202,Tier-1,Tier-2,2026-04-26T20:29:34.352145,investigated_and_resolved
CAS-CSE-TELC-02-0031204,Tier-1,Tier-2,2026-04-26T22:26:04.230464,investigated_and_resolved
CAS-CSE-TELC-02-0031208,Tier-1,Tier-2,2026-04-27T05:13:37.578975,investigated_and_resolved
CAS-CSE-TELC-02-0031212,Tier-1,Tier-2,2026-04-27T07:25:39.736629,investigated_and_resolved
CAS-CSE-TELC-02-0031227,Tier-1,Tier-2,2026-04-28T00:41:39.684918,investigated_and_resolved
CAS-CSE-TELC-02-0031233,Tier-1,Tier-2,2026-04-28T05:28:21.675713,investigated_and_resolved
CAS-CSE-TELC-02-0031236,Tier-1,Tier-2,2026-04-28T08:01:03.233326,investigated_and_resolved
CAS-CSE-TELC-02-0031238,Tier-1,Tier-2,2026-04-28T09:02:10.829894,investigated_and_resolved
CAS-CSE-TELC-02-0031241,Tier-1,Tier-2,2026-04-28T11:17:52.522432,investigated_and_resolved
CAS-CSE-TELC-02-0031243,Tier-1,Tier-2,2026-04-28T14:53:50.374005,investigated_and_resolved
CAS-CSE-TELC-02-0031244,Tier-1,Tier-2,2026-04-28T12:44:19.424584,investigated_and_resolved
CAS-CSE-TELC-02-0031245,Tier-1,Tier-2,2026-04-28T15:36:22.442757,investigated_and_resolved
CAS-CSE-TELC-02-0031247,Tier-1,Tier-2,2026-04-28T18:39:44.557462,investigated_and_resolved
CAS-CSE-TELC-02-0031248,Tier-1,Tier-2,2026-04-28T19:06:25.157684,investigated_and_resolved
CAS-CSE-TELC-02-0031252,Tier-1,Tier-2,2026-04-28T23:18:01.420331,investigated_and_resolved
CAS-CSE-TELC-02-0031253,Tier-1,Tier-2,2026-04-29T01:36:27.771107,investigated_and_resolved
CAS-CSE-TELC-02-0031263,Tier-1,Tier-2,2026-04-29T17:32:58.128783,investigated_and_resolved
CAS-CSE-TELC-02-0031271,Tier-1,Tier-2,2026-04-30T02:29:49.219964,investigated_and_resolved
CAS-CSE-TELC-02-0031273,Tier-1,Tier-2,2026-04-30T05:51:51.058715,investigated_and_resolved
CAS-CSE-TELC-02-0031281,Tier-1,Tier-2,2026-04-30T16:02:14.207408,investigated_and_resolved
CAS-CSE-TELC-02-0031290,Tier-1,Tier-2,2026-05-01T03:10:29.077750,investigated_and_resolved
CAS-CSE-TELC-02-0031291,Tier-1,Tier-2,2026-05-01T02:33:41.667007,investigated_and_resolved
CAS-CSE-TELC-02-0031292,Tier-1,Tier-2,2026-05-01T02:26:35.377511,investigated_and_resolved
CAS-CSE-TELC-02-0031294,Tier-1,Tier-2,2026-05-01T03:38:29.182644,investigated_and_resolved
CAS-CSE-TELC-02-0031297,Tier-1,Tier-2,2026-05-01T05:32:25.114558,investigated_and_resolved
CAS-CSE-TELC-02-0031302,Tier-1,Tier-2,2026-05-01T12:06:26.496378,investigated_and_resolved
CAS-CSE-TELC-02-0031306,Tier-1,Tier-2,2026-05-01T19:39:53.367058,investigated_and_resolved
CAS-CSE-TELC-02-0031313,Tier-1,Tier-2,2026-05-02T01:57:34.834476,investigated_and_resolved
CAS-CSE-TELC-02-0031315,Tier-1,Tier-2,2026-05-02T02:49:18.856589,investigated_and_resolved
CAS-CSE-TELC-02-0031326,Tier-1,Tier-2,2026-05-02T18:20:17.995587,investigated_and_resolved
CAS-CSE-TELC-02-0031329,Tier-1,Tier-2,2026-05-02T20:14:28.145023,investigated_and_resolved
CAS-CSE-TELC-02-0031366,Tier-1,Tier-2,2026-05-04T09:49:09.858575,investigated_and_resolved
CAS-CSE-TELC-02-0031370,Tier-1,Tier-2,2026-05-04T16:55:20.200457,investigated_and_resolved
CAS-CSE-TELC-02-0031372,Tier-1,Tier-2,2026-05-04T22:15:28.521378,investigated_and_resolved
CAS-CSE-TELC-02-0031374,Tier-1,Tier-2,2026-05-05T00:43:53.440349,investigated_and_resolved
CAS-CSE-TELC-02-0031379,Tier-1,Tier-2,2026-05-05T04:10:34.154956,investigated_and_resolved
CAS-CSE-TELC-02-0031382,Tier-1,Tier-2,2026-05-05T05:07:54.525549,investigated_and_resolved
CAS-CSE-TELC-02-0031386,Tier-1,Tier-2,2026-05-05T07:07:57.570532,investigated_and_resolved
CAS-CSE-TELC-02-0031394,Tier-1,Tier-2,2026-05-05T12:17:29.242653,investigated_and_resolved
CAS-CSE-TELC-02-0031399,Tier-1,Tier-2,2026-05-05T18:30:15.124393,investigated_and_resolved
CAS-CSE-TELC-02-0031402,Tier-1,Tier-2,2026-05-05T20:14:41.996841,investigated_and_resolved
CAS-CSE-TELC-02-0031405,Tier-1,Tier-2,2026-05-06T02:20:42.435100,investigated_and_resolved
CAS-CSE-TELC-02-0031411,Tier-1,Tier-2,2026-05-06T04:45:29.533764,investigated_and_resolved
CAS-CSE-TELC-02-0031412,Tier-1,Tier-2,2026-05-06T04:28:16.082374,investigated_and_resolved
CAS-CSE-TELC-02-0031413,Tier-1,Tier-2,2026-05-06T04:44:49.844670,investigated_and_resolved
CAS-CSE-TELC-02-0031415,Tier-1,Tier-2,2026-05-06T07:23:37.434051,investigated_and_resolved
CAS-CSE-TELC-02-0031416,Tier-1,Tier-2,2026-05-06T09:37:09.589512,investigated_and_resolved
CAS-CSE-TELC-02-0031441,Tier-1,Tier-2,2026-05-07T16:40:17.919357,investigated_and_resolved
CAS-CSE-TELC-02-0031442,Tier-1,Tier-2,2026-05-07T16:56:36.904226,investigated_and_resolved
CAS-CSE-TELC-02-0031446,Tier-1,Tier-2,2026-05-07T22:37:10.107638,investigated_and_resolved
CAS-CSE-TELC-02-0031447,Tier-1,Tier-2,2026-05-07T23:00:23.323323,investigated_and_resolved
CAS-CSE-TELC-02-0031448,Tier-1,Tier-2,2026-05-07T23:45:48.925900,investigated_and_resolved
CAS-CSE-TELC-02-0031451,Tier-1,Tier-2,2026-05-08T02:18:59.652997,investigated_and_resolved
CAS-CSE-TELC-02-0031458,Tier-1,Tier-2,2026-05-08T06:40:16.727954,investigated_and_resolved
CAS-CSE-TELC-02-0031460,Tier-1,Tier-2,2026-05-08T05:13:55.724305,investigated_and_resolved
CAS-CSE-TELC-02-0031467,Tier-1,Tier-2,2026-05-08T09:22:26.151517,investigated_and_resolved
CAS-CSE-TELC-02-0031471,Tier-1,Tier-2,2026-05-08T13:57:55.548728,investigated_and_resolved
CAS-CSE-TELC-02-0031473,Tier-1,Tier-2,2026-05-08T16:03:25.123875,investigated_and_resolved
CAS-CSE-TELC-02-0031476,Tier-1,Tier-2,2026-05-08T18:14:42.461712,investigated_and_resolved
CAS-CSE-TELC-02-0031485,Tier-1,Tier-2,2026-05-08T23:31:12.604759,investigated_and_resolved
CAS-CSE-TELC-02-0031493,Tier-1,Tier-2,2026-05-09T07:12:57.945344,investigated_and_resolved
CAS-CSE-TELC-02-0031498,Tier-1,Tier-2,2026-05-09T13:02:49.361654,investigated_and_resolved
CAS-CSE-TELC-02-0031500,Tier-1,Tier-2,2026-05-09T18:42:21.853833,investigated_and_resolved
CAS-CSE-TELC-02-0031513,Tier-1,Tier-2,2026-05-10T13:52:40.567111,investigated_and_resolved
CAS-CSE-TELC-02-0031514,Tier-1,Tier-2,2026-05-10T12:06:32.958188,investigated_and_resolved
CAS-CSE-TELC-02-0031515,Tier-1,Tier-2,2026-05-10T13:17:31.874025,investigated_and_resolved
CAS-CSE-TELC-02-0031519,Tier-1,Tier-2,2026-05-10T20:14:01.668528,investigated_and_resolved
CAS-CSE-TELC-02-0031522,Tier-1,Tier-2,2026-05-11T00:24:16.938926,investigated_and_resolved
CAS-CSE-TELC-02-0031528,Tier-1,Tier-2,2026-05-11T07:04:44.976100,investigated_and_resolved
CAS-CSE-TELC-02-0031531,Tier-1,Tier-2,2026-05-11T09:45:12.276601,investigated_and_resolved
CAS-CSE-TELC-02-0031534,Tier-1,Tier-2,2026-05-11T10:07:36.515672,investigated_and_resolved
CAS-CSE-TELC-02-0031565,Tier-1,Tier-2,2026-05-13T03:42:25.440868,investigated_and_resolved
CAS-CSE-TELC-02-0031566,Tier-1,Tier-2,2026-05-13T03:17:00.606082,investigated_and_resolved
CAS-CSE-TELC-02-0031567,Tier-1,Tier-2,2026-05-13T09:46:58.071461,investigated_and_resolved
CAS-CSE-TELC-02-0031573,Tier-1,Tier-2,2026-05-13T20:48:41.427513,investigated_and_resolved
CAS-CSE-TELC-02-0031578,Tier-1,Tier-2,2026-05-13T23:34:26.778959,investigated_and_resolved
CAS-CSE-TELC-02-0031585,Tier-1,Tier-2,2026-05-14T11:24:39.207412,investigated_and_resolved
CAS-CSE-TELC-02-0031586,Tier-1,Tier-2,2026-05-14T12:49:07.753990,investigated_and_resolved
CAS-CSE-TELC-02-0031588,Tier-1,Tier-2,2026-05-14T15:52:05.726323,investigated_and_resolved
CAS-CSE-TELC-02-0031590,Tier-1,Tier-2,2026-05-14T16:56:40.392910,investigated_and_resolved
CAS-CSE-TELC-02-0031598,Tier-1,Tier-2,2026-05-15T01:54:15.420450,investigated_and_resolved
CAS-CSE-TELC-02-0031613,Tier-1,Tier-2,2026-05-15T15:07:34.789133,investigated_and_resolved
CAS-CSE-TELC-02-0031628,Tier-1,Tier-2,2026-05-16T08:31:34.295137,investigated_and_resolved
CAS-CSE-TELC-02-0031638,Tier-1,Tier-2,2026-05-16T16:46:54.615292,investigated_and_resolved
CAS-CSE-TELC-02-0031652,Tier-1,Tier-2,2026-05-17T08:04:27.505879,investigated_and_resolved
CAS-CSE-TELC-02-0031658,Tier-1,Tier-2,2026-05-17T12:53:22.782555,investigated_and_resolved
CAS-CSE-TELC-02-0031662,Tier-1,Tier-2,2026-05-17T18:16:50.840522,investigated_and_resolved
CAS-CSE-TELC-02-0031664,Tier-1,Tier-2,2026-05-17T18:51:18.959513,investigated_and_resolved
CAS-CSE-TELC-02-0031681,Tier-1,Tier-2,2026-05-18T10:38:41.403157,investigated_and_resolved
CAS-CSE-TELC-02-0031687,Tier-1,Tier-2,2026-05-18T23:26:38.443504,investigated_and_resolved
CAS-CSE-TELC-02-0031694,Tier-1,Tier-2,2026-05-19T06:04:13.919896,investigated_and_resolved
CAS-CSE-TELC-02-0031696,Tier-1,Tier-2,2026-05-19T09:50:04.332879,investigated_and_resolved
CAS-CSE-TELC-02-0031698,Tier-1,Tier-2,2026-05-19T13:47:10.239198,investigated_and_resolved
CAS-CSE-TELC-02-0031699,Tier-1,Tier-2,2026-05-19T17:36:59.626517,investigated_and_resolved
CAS-CSE-TELC-02-0031701,Tier-1,Tier-2,2026-05-19T18:12:46.430092,investigated_and_resolved
CAS-CSE-TELC-02-0031714,Tier-1,Tier-2,2026-05-20T14:32:13.872758,investigated_and_resolved
CAS-CSE-TELC-02-0031724,Tier-1,Tier-2,2026-05-20T23:56:04.490317,investigated_and_resolved
CAS-CSE-TELC-02-0031730,Tier-1,Tier-2,2026-05-21T04:14:54.748348,investigated_and_resolved
CAS-CSE-TELC-02-0031740,Tier-1,Tier-2,2026-05-21T16:17:55.950136,investigated_and_resolved
CAS-CSE-TELC-02-0031742,Tier-1,Tier-2,2026-05-21T17:58:05.956978,investigated_and_resolved
CAS-CSE-TELC-02-0031743,Tier-1,Tier-2,2026-05-21T18:40:32.667336,investigated_and_resolved
CAS-CSE-TELC-02-0031744,Tier-1,Tier-2,2026-05-21T20:43:55.015183,investigated_and_resolved
CAS-CSE-TELC-02-0031746,Tier-1,Tier-2,2026-05-21T22:07:27.229146,investigated_and_resolved
CAS-CSE-TELC-02-0031752,Tier-1,Tier-2,2026-05-22T04:12:40.485605,investigated_and_resolved
CAS-CSE-TELC-02-0031755,Tier-1,Tier-2,2026-05-22T06:32:21.280758,investigated_and_resolved
CAS-CSE-TELC-02-0031757,Tier-1,Tier-2,2026-05-22T14:47:15.992884,investigated_and_resolved
CAS-CSE-TELC-02-0031758,Tier-1,Tier-2,2026-05-22T15:34:14.665604,investigated_and_resolved
CAS-CSE-TELC-02-0031762,Tier-1,Tier-2,2026-05-22T20:15:13.328240,investigated_and_resolved
CAS-CSE-TELC-02-0031768,Tier-1,Tier-2,2026-05-22T21:44:01.936503,investigated_and_resolved
CAS-CSE-TELC-02-0031769,Tier-1,Tier-2,2026-05-22T21:59:04.594851,investigated_and_resolved
CAS-CSE-TELC-02-0031771,Tier-1,Tier-2,2026-05-22T22:23:16.456081,investigated_and_resolved
CAS-CSE-TELC-02-0031776,Tier-1,Tier-2,2026-05-23T02:59:48.988100,investigated_and_resolved
CAS-CSE-TELC-02-0031783,Tier-1,Tier-2,2026-05-23T09:00:45.448152,investigated_and_resolved
CAS-CSE-TELC-02-0031786,Tier-1,Tier-2,2026-05-23T12:06:10.696954,investigated_and_resolved
CAS-CSE-TELC-02-0031802,Tier-1,Tier-2,2026-05-24T10:59:07.019349,investigated_and_resolved
CAS-CSE-TELC-02-0031809,Tier-1,Tier-2,2026-05-24T19:19:18.248309,investigated_and_resolved
CAS-CSE-TELC-02-0031817,Tier-1,Tier-2,2026-05-25T03:36:45.564500,investigated_and_resolved
CAS-CSE-TELC-02-0031820,Tier-1,Tier-2,2026-05-25T10:52:32.611016,investigated_and_resolved
CAS-CSE-TELC-02-0031822,Tier-1,Tier-2,2026-05-25T14:39:40.887531,investigated_and_resolved
CAS-CSE-TELC-02-0031830,Tier-1,Tier-2,2026-05-25T17:23:02.687995,investigated_and_resolved
CAS-CSE-TELC-02-0031833,Tier-1,Tier-2,2026-05-25T20:01:13.070259,investigated_and_resolved
CAS-CSE-TELC-02-0031835,Tier-1,Tier-2,2026-05-26T02:29:57.852573,investigated_and_resolved
CAS-CSE-TELC-02-0031836,Tier-1,Tier-2,2026-05-26T03:47:41.489670,investigated_and_resolved
CAS-CSE-TELC-02-0031850,Tier-1,Tier-2,2026-05-26T21:08:28.227387,investigated_and_resolved
CAS-CSE-TELC-02-0031851,Tier-1,Tier-2,2026-05-26T23:21:45.945744,investigated_and_resolved
CAS-CSE-TELC-02-0031852,Tier-1,Tier-2,2026-05-27T00:11:01.853900,investigated_and_resolved
CAS-CSE-TELC-02-0031855,Tier-1,Tier-2,2026-05-27T00:09:44.386538,investigated_and_resolved
CAS-CSE-TELC-02-0031860,Tier-1,Tier-2,2026-05-27T04:46:06.735636,investigated_and_resolved
CAS-CSE-TELC-02-0031863,Tier-1,Tier-2,2026-05-27T07:39:20.241239,investigated_and_resolved
CAS-CSE-TELC-02-0031868,Tier-1,Tier-2,2026-05-27T09:35:33.518625,investigated_and_resolved
CAS-CSE-TELC-02-0031870,Tier-1,Tier-2,2026-05-27T12:22:42.820785,investigated_and_resolved
CAS-CSE-TELC-02-0031877,Tier-1,Tier-2,2026-05-27T20:29:51.719056,investigated_and_resolved
CAS-CSE-TELC-02-0031890,Tier-1,Tier-2,2026-05-28T08:26:24.232958,investigated_and_resolved
CAS-CSE-TELC-02-0031899,Tier-1,Tier-2,2026-05-28T12:43:33.686515,investigated_and_resolved
CAS-CSE-TELC-02-0031912,Tier-1,Tier-2,2026-05-29T03:38:29.983439,investigated_and_resolved
CAS-CSE-TELC-02-0031917,Tier-1,Tier-2,2026-05-29T07:00:23.477612,investigated_and_resolved
CAS-CSE-TELC-02-0031918,Tier-1,Tier-2,2026-05-29T10:07:22.159179,investigated_and_resolved
CAS-CSE-TELC-02-0031922,Tier-1,Tier-2,2026-05-29T14:54:55.615108,investigated_and_resolved
CAS-CSE-TELC-02-0031927,Tier-1,Tier-2,2026-05-29T19:08:35.023285,investigated_and_resolved
CAS-CSE-TELC-02-0031951,Tier-1,Tier-2,2026-05-30T18:20:07.321821,investigated_and_resolved
CAS-CSE-TELC-02-0031956,Tier-1,Tier-2,2026-05-31T01:14:12.899518,investigated_and_resolved
CAS-CSE-TELC-02-0031961,Tier-1,Tier-2,2026-05-31T04:36:05.651779,investigated_and_resolved
CAS-CSE-TELC-02-0031963,Tier-1,Tier-2,2026-05-31T05:56:37.581926,investigated_and_resolved
CAS-CSE-TELC-02-0031972,Tier-1,Tier-2,2026-05-31T14:11:25.325976,investigated_and_resolved
CAS-CSE-TELC-02-0031980,Tier-1,Tier-2,2026-05-31T23:02:38.721035,investigated_and_resolved
CAS-CSE-TELC-02-0031985,Tier-1,Tier-2,2026-06-01T01:49:04.005828,investigated_and_resolved
CAS-CSE-TELC-02-0031997,Tier-1,Tier-2,2026-06-01T10:28:40.199483,investigated_and_resolved
CAS-CSE-TELC-02-0032015,Tier-1,Tier-2,2026-06-02T04:13:44.670628,investigated_and_resolved
CAS-CSE-TELC-02-0032016,Tier-1,Tier-2,2026-06-02T03:45:22.178940,investigated_and_resolved
CAS-CSE-TELC-02-0032024,Tier-1,Tier-2,2026-06-02T10:53:39.251937,investigated_and_resolved
CAS-CSE-TELC-02-0032028,Tier-1,Tier-2,2026-06-02T12:17:07.819019,investigated_and_resolved
CAS-CSE-TELC-02-0032035,Tier-1,Tier-2,2026-06-02T17:33:42.061292,investigated_and_resolved
CAS-CSE-TELC-02-0032040,Tier-1,Tier-2,2026-06-02T18:32:49.465987,investigated_and_resolved
CAS-CSE-TELC-02-0032046,Tier-1,Tier-2,2026-06-03T04:12:28.882929,investigated_and_resolved
CAS-CSE-TELC-02-0032055,Tier-1,Tier-2,2026-06-03T12:56:54.894486,investigated_and_resolved
CAS-CSE-TELC-02-0032056,Tier-1,Tier-2,2026-06-03T13:19:40.710173,investigated_and_resolved
CAS-CSE-TELC-02-0032060,Tier-1,Tier-2,2026-06-03T16:40:59.654427,investigated_and_resolved
CAS-CSE-TELC-02-0032064,Tier-1,Tier-2,2026-06-03T22:15:17.838694,investigated_and_resolved
CAS-CSE-TELC-02-0032075,Tier-1,Tier-2,2026-06-04T08:30:12.633608,investigated_and_resolved
CAS-CSE-TELC-02-0032078,Tier-1,Tier-2,2026-06-04T07:34:00.239691,investigated_and_resolved
CAS-CSE-TELC-02-0032102,Tier-1,Tier-2,2026-06-05T08:39:54.463499,investigated_and_resolved
CAS-CSE-TELC-02-0032103,Tier-1,Tier-2,2026-06-05T09:52:34.741946,investigated_and_resolved
CAS-CSE-TELC-02-0032105,Tier-1,Tier-2,2026-06-05T11:40:46.277254,investigated_and_resolved
CAS-CSE-TELC-02-0032109,Tier-1,Tier-2,2026-06-05T15:59:39.242284,investigated_and_resolved
CAS-CSE-TELC-02-0032111,Tier-1,Tier-2,2026-06-05T20:52:19.142206,investigated_and_resolved
CAS-CSE-TELC-02-0032113,Tier-1,Tier-2,2026-06-05T21:04:56.259727,investigated_and_resolved
CAS-CSE-TELC-02-0032118,Tier-1,Tier-2,2026-06-06T01:02:24.225060,investigated_and_resolved
CAS-CSE-TELC-02-0032121,Tier-1,Tier-2,2026-06-06T04:20:21.954758,investigated_and_resolved
CAS-CSE-TELC-02-0032130,Tier-1,Tier-2,2026-06-06T12:24:51.683157,investigated_and_resolved
CAS-CSE-TELC-02-0032131,Tier-1,Tier-2,2026-06-06T15:52:32.618864,investigated_and_resolved
CAS-CSE-TELC-02-0032135,Tier-1,Tier-2,2026-06-06T23:34:04.437783,investigated_and_resolved
CAS-CSE-TELC-02-0032138,Tier-1,Tier-2,2026-06-07T08:46:05.857835,investigated_and_resolved
CAS-CSE-TELC-02-0032142,Tier-1,Tier-2,2026-06-07T11:18:48.588504,investigated_and_resolved
CAS-CSE-TELC-02-0032145,Tier-1,Tier-2,2026-06-07T12:44:07.645375,investigated_and_resolved
CAS-CSE-TELC-02-0032152,Tier-1,Tier-2,2026-06-07T16:35:47.263901,investigated_and_resolved
CAS-CSE-TELC-02-0032155,Tier-1,Tier-2,2026-06-07T22:17:51.712191,investigated_and_resolved
CAS-CSE-TELC-02-0032158,Tier-1,Tier-2,2026-06-08T02:31:49.236235,investigated_and_resolved
CAS-CSE-TELC-02-0032165,Tier-1,Tier-2,2026-06-08T09:23:36.351336,investigated_and_resolved
CAS-CSE-TELC-02-0032168,Tier-1,Tier-2,2026-06-08T14:58:08.388662,investigated_and_resolved
CAS-CSE-TELC-02-0032169,Tier-1,Tier-2,2026-06-08T17:30:53.604964,investigated_and_resolved
CAS-CSE-TELC-02-0032175,Tier-1,Tier-2,2026-06-08T22:02:42.273191,investigated_and_resolved
CAS-CSE-TELC-02-0032178,Tier-1,Tier-2,2026-06-08T23:16:30.099935,investigated_and_resolved
CAS-CSE-TELC-02-0032179,Tier-1,Tier-2,2026-06-08T23:57:17.832319,investigated_and_resolved
CAS-CSE-TELC-02-0032186,Tier-1,Tier-2,2026-06-09T06:59:12.324690,investigated_and_resolved
CAS-CSE-TELC-02-0032198,Tier-1,Tier-2,2026-06-09T16:59:51.424128,investigated_and_resolved
CAS-CSE-TELC-02-0032200,Tier-1,Tier-2,2026-06-09T18:15:58.257664,investigated_and_resolved
CAS-CSE-TELC-02-0032201,Tier-1,Tier-2,2026-06-09T16:38:38.276163,investigated_and_resolved
CAS-CSE-TELC-02-0032203,Tier-1,Tier-2,2026-06-09T18:20:39.022381,investigated_and_resolved
CAS-CSE-TELC-02-0032210,Tier-1,Tier-2,2026-06-10T06:15:30.605523,investigated_and_resolved
CAS-CSE-TELC-02-0032223,Tier-1,Tier-2,2026-06-10T14:48:15.875002,investigated_and_resolved
CAS-CSE-TELC-02-0032224,Tier-1,Tier-2,2026-06-10T18:28:08.314473,investigated_and_resolved
CAS-CSE-TELC-02-0032226,Tier-1,Tier-2,2026-06-10T18:43:20.015571,investigated_and_resolved
CAS-CSE-TELC-02-0032232,Tier-1,Tier-2,2026-06-11T04:09:34.442224,investigated_and_resolved
CAS-CSE-TELC-02-0032237,Tier-1,Tier-2,2026-06-11T03:41:06.711285,investigated_and_resolved
CAS-CSE-TELC-02-0032240,Tier-1,Tier-2,2026-06-11T06:15:31.424864,investigated_and_resolved
CAS-CSE-TELC-02-0032250,Tier-1,Tier-2,2026-06-11T11:39:44.869695,investigated_and_resolved
CAS-CSE-TELC-02-0032257,Tier-1,Tier-2,2026-06-11T22:29:14.599224,investigated_and_resolved
CAS-CSE-TELC-02-0032265,Tier-1,Tier-2,2026-06-12T07:34:41.663656,investigated_and_resolved
CAS-CSE-TELC-02-0032274,Tier-1,Tier-2,2026-06-12T15:25:41.003936,investigated_and_resolved
CAS-CSE-TELC-02-0032275,Tier-1,Tier-2,2026-06-12T20:30:57.334197,investigated_and_resolved
CAS-CSE-TELC-02-0032283,Tier-1,Tier-2,2026-06-13T02:13:07.435972,investigated_and_resolved
CAS-CSE-TELC-02-0032289,Tier-1,Tier-2,2026-06-13T10:40:45.023262,investigated_and_resolved
CAS-CSE-TELC-02-0032293,Tier-1,Tier-2,2026-06-13T12:28:58.320027,investigated_and_resolved
CAS-CSE-TELC-02-0032305,Tier-1,Tier-2,2026-06-14T04:49:35.979608,investigated_and_resolved
CAS-CSE-TELC-02-0032316,Tier-1,Tier-2,2026-06-14T21:18:41.969295,investigated_and_resolved
CAS-CSE-TELC-02-0032338,Tier-1,Tier-2,2026-06-16T00:02:54.216490,investigated_and_resolved
CAS-CSE-TELC-02-0032342,Tier-1,Tier-2,2026-06-16T05:23:54.501087,investigated_and_resolved
CAS-CSE-TELC-02-0032345,Tier-1,Tier-2,2026-06-16T07:05:25.747310,investigated_and_resolved
CAS-CSE-TELC-02-0032356,Tier-1,Tier-2,2026-06-16T20:54:55.411691,investigated_and_resolved
CAS-CSE-TELC-02-0032358,Tier-1,Tier-2,2026-06-16T21:48:57.478601,investigated_and_resolved
CAS-CSE-TELC-02-0032365,Tier-1,Tier-2,2026-06-17T04:59:12.069640,investigated_and_resolved
CAS-CSE-TELC-02-0032369,Tier-1,Tier-2,2026-06-17T06:52:27.122052,investigated_and_resolved
CAS-CSE-TELC-02-0032371,Tier-1,Tier-2,2026-06-17T08:56:23.567205,investigated_and_resolved
CAS-CSE-TELC-02-0032376,Tier-1,Tier-2,2026-06-17T16:01:54.147031,investigated_and_resolved
CAS-CSE-TELC-02-0032394,Tier-1,Tier-2,2026-06-18T13:57:32.741912,investigated_and_resolved
CAS-CSE-TELC-02-0032395,Tier-1,Tier-2,2026-06-18T14:19:02.629618,investigated_and_resolved
CAS-CSE-TELC-02-0032399,Tier-1,Tier-2,2026-06-18T19:41:42.030565,investigated_and_resolved
CAS-CSE-TELC-02-0032401,Tier-1,Tier-2,2026-06-18T21:07:05.947996,investigated_and_resolved
CAS-CSE-TELC-02-0032412,Tier-1,Tier-2,2026-06-19T09:50:19.310040,investigated_and_resolved
CAS-CSE-TELC-02-0032421,Tier-1,Tier-2,2026-06-19T18:05:12.158727,investigated_and_resolved
CAS-CSE-TELC-02-0032445,Tier-1,Tier-2,2026-06-20T19:27:53.486043,investigated_and_resolved
CAS-CSE-TELC-02-0032448,Tier-1,Tier-2,2026-06-21T02:52:39.906942,investigated_and_resolved
CAS-CSE-TELC-02-0032460,Tier-1,Tier-2,2026-06-21T12:43:00.146878,investigated_and_resolved
CAS-CSE-TELC-02-0032461,Tier-1,Tier-2,2026-06-21T17:04:45.089650,investigated_and_resolved
CAS-CSE-TELC-02-0032463,Tier-1,Tier-2,2026-06-21T20:06:41.003719,investigated_and_resolved
CAS-CSE-TELC-02-0032467,Tier-1,Tier-2,2026-06-22T00:44:34.687729,investigated_and_resolved
CAS-CSE-TELC-02-0032481,Tier-1,Tier-2,2026-06-22T18:29:23.180126,investigated_and_resolved
CAS-CSE-TELC-02-0032486,Tier-1,Tier-2,2026-06-23T02:28:31.120055,investigated_and_resolved
CAS-CSE-TELC-02-0032500,Tier-1,Tier-2,2026-06-23T14:29:24.646538,investigated_and_resolved
CAS-CSE-TELC-02-0032511,Tier-1,Tier-2,2026-06-24T00:12:51.011903,investigated_and_resolved
CAS-CSE-TELC-02-0032517,Tier-1,Tier-2,2026-06-24T07:08:35.906742,investigated_and_resolved
CAS-CSE-TELC-02-0032523,Tier-1,Tier-2,2026-06-24T11:56:59.559283,investigated_and_resolved
CAS-CSE-TELC-02-0032525,Tier-1,Tier-2,2026-06-24T16:32:12.966381,investigated_and_resolved
CAS-CSE-TELC-02-0032532,Tier-1,Tier-2,2026-06-25T02:16:49.303806,investigated_and_resolved
CAS-CSE-TELC-02-0032535,Tier-1,Tier-2,2026-06-25T06:11:11.514764,investigated_and_resolved
CAS-CSE-TELC-02-0032539,Tier-1,Tier-2,2026-06-25T07:34:58.353025,investigated_and_resolved
CAS-CSE-TELC-02-0032550,Tier-1,Tier-2,2026-06-25T19:17:43.129210,investigated_and_resolved
CAS-CSE-TELC-02-0032567,Tier-1,Tier-2,2026-06-26T12:18:50.596043,investigated_and_resolved
CAS-CSE-TELC-02-0032571,Tier-1,Tier-2,2026-06-26T16:43:38.003645,investigated_and_resolved
CAS-CSE-TELC-02-0032577,Tier-1,Tier-2,2026-06-26T20:53:07.942836,investigated_and_resolved
CAS-CSE-TELC-02-0032580,Tier-1,Tier-2,2026-06-27T00:57:39.941454,investigated_and_resolved
CAS-CSE-TELC-02-0032588,Tier-1,Tier-2,2026-06-27T20:21:09.961799,investigated_and_resolved
CAS-CSE-TELC-02-0032589,Tier-1,Tier-2,2026-06-27T20:58:20.466136,investigated_and_resolved
CAS-CSE-TELC-02-0032593,Tier-1,Tier-2,2026-06-28T05:22:49.745834,investigated_and_resolved
CAS-CSE-TELC-02-0032596,Tier-1,Tier-2,2026-06-28T08:24:29.922826,investigated_and_resolved
CAS-CSE-TELC-02-0032611,Tier-1,Tier-2,2026-06-28T19:42:34.431602,investigated_and_resolved
CAS-CSE-TELC-02-0032622,Tier-1,Tier-2,2026-06-29T04:51:06.394863,investigated_and_resolved
CAS-CSE-TELC-02-0032625,Tier-1,Tier-2,2026-06-29T11:26:39.085174,investigated_and_resolved
CAS-CSE-TELC-02-0032638,Tier-1,Tier-2,2026-06-30T00:46:54.016015,investigated_and_resolved
CAS-CSE-TELC-02-0032641,Tier-1,Tier-2,2026-06-30T08:56:22.797354,investigated_and_resolved
CAS-CSE-TELC-02-0032642,Tier-1,Tier-2,2026-06-30T06:59:34.379111,investigated_and_resolved
CAS-CSE-TELC-02-0032643,Tier-1,Tier-2,2026-06-30T08:09:14.838313,investigated_and_resolved
CAS-CSE-TELC-02-0032645,Tier-1,Tier-2,2026-06-30T09:47:01.161974,investigated_and_resolved
CAS-CSE-TELC-02-0032649,Tier-1,Tier-2,2026-06-30T13:45:30.680294,investigated_and_resolved
CAS-CSE-TELC-02-0032650,Tier-1,Tier-2,2026-06-30T16:16:40.406962,investigated_and_resolved
CAS-CSE-TELC-02-0032651,Tier-1,Tier-2,2026-06-30T14:48:25.852230,investigated_and_resolved
CAS-CSE-TELC-02-0032658,Tier-1,Tier-2,2026-06-30T19:40:39.928729,investigated_and_resolved
CAS-CSE-TELC-02-0032659,Tier-1,Tier-2,2026-06-30T19:50:19.156056,investigated_and_resolved
CAS-CSE-TELC-02-0032666,Tier-1,Tier-2,2026-07-01T08:52:50.214947,investigated_and_resolved
CAS-CSE-TELC-02-0032667,Tier-1,Tier-2,2026-07-01T08:57:48.206341,investigated_and_resolved
CAS-CSE-TELC-02-0032678,Tier-1,Tier-2,2026-07-01T17:40:46.427297,investigated_and_resolved
CAS-CSE-TELC-02-0032697,Tier-1,Tier-2,2026-07-02T12:58:04.317592,investigated_and_resolved
CAS-CSE-TELC-02-0032699,Tier-1,Tier-2,2026-07-02T15:21:20.277545,investigated_and_resolved
CAS-CSE-TELC-02-0032701,Tier-1,Tier-2,2026-07-02T20:13:59.931409,investigated_and_resolved
CAS-CSE-TELC-02-0032721,Tier-1,Tier-2,2026-07-03T18:24:28.964395,investigated_and_resolved
CAS-CSE-TELC-02-0032729,Tier-1,Tier-2,2026-07-03T23:35:55.399052,investigated_and_resolved
CAS-CSE-TELC-02-0032730,Tier-1,Tier-2,2026-07-03T23:41:59.759716,investigated_and_resolved
CAS-CSE-TELC-02-0032731,Tier-1,Tier-2,2026-07-04T00:50:56.362440,investigated_and_resolved
CAS-CSE-TELC-02-0032735,Tier-1,Tier-2,2026-07-04T09:04:39.914384,investigated_and_resolved
CAS-CSE-TELC-02-0032741,Tier-1,Tier-2,2026-07-04T12:31:05.585346,investigated_and_resolved
CAS-CSE-TELC-02-0032749,Tier-1,Tier-2,2026-07-04T22:47:01.904327,investigated_and_resolved
CAS-CSE-TELC-02-0032772,Tier-1,Tier-2,2026-07-06T06:56:23.254279,investigated_and_resolved
CAS-CSE-TELC-02-0032781,Tier-1,Tier-2,2026-07-06T15:45:29.467363,investigated_and_resolved
CAS-CSE-TELC-02-0032785,Tier-1,Tier-2,2026-07-06T21:46:27.879276,investigated_and_resolved
CAS-CSE-TELC-02-0032789,Tier-1,Tier-2,2026-07-07T06:50:14.727412,investigated_and_resolved
CAS-CSE-TELC-02-0032791,Tier-1,Tier-2,2026-07-07T09:24:23.070102,investigated_and_resolved
CAS-CSE-TELC-02-0032793,Tier-1,Tier-2,2026-07-07T09:57:52.373182,investigated_and_resolved
CAS-CSE-TELC-02-0032820,Tier-1,Tier-2,2026-07-08T11:35:23.200799,investigated_and_resolved
CAS-CSE-TELC-02-0032829,Tier-1,Tier-2,2026-07-08T21:36:01.089894,investigated_and_resolved
CAS-CSE-TELC-02-0032833,Tier-1,Tier-2,2026-07-09T01:11:14.895155,investigated_and_resolved
CAS-CSE-TELC-02-0032834,Tier-1,Tier-2,2026-07-08T23:26:27.028330,investigated_and_resolved
CAS-CSE-TELC-02-0032835,Tier-1,Tier-2,2026-07-08T23:54:07.234742,investigated_and_resolved
CAS-CSE-TELC-02-0032842,Tier-1,Tier-2,2026-07-09T11:01:36.102492,investigated_and_resolved
CAS-CSE-TELC-02-0032857,Tier-1,Tier-2,2026-07-09T19:59:55.097865,investigated_and_resolved
CAS-CSE-TELC-02-0032859,Tier-1,Tier-2,2026-07-09T20:32:59.094618,investigated_and_resolved
CAS-CSE-TELC-02-0032863,Tier-1,Tier-2,2026-07-10T00:53:10.544725,investigated_and_resolved
CAS-CSE-TELC-02-0032865,Tier-1,Tier-2,2026-07-10T04:40:12.750749,investigated_and_resolved
CAS-CSE-TELC-02-0032868,Tier-1,Tier-2,2026-07-10T06:50:24.827739,investigated_and_resolved
CAS-CSE-TELC-02-0032872,Tier-1,Tier-2,2026-07-10T11:31:54.706350,investigated_and_resolved
CAS-CSE-TELC-02-0032873,Tier-1,Tier-2,2026-07-10T12:13:44.207063,investigated_and_resolved
CAS-CSE-TELC-02-0032903,Tier-1,Tier-2,2026-07-11T23:13:26.080857,investigated_and_resolved
CAS-CSE-TELC-02-0032914,Tier-1,Tier-2,2026-07-12T16:08:33.065624,investigated_and_resolved
CAS-CSE-TELC-02-0032920,Tier-1,Tier-2,2026-07-13T01:06:46.846570,investigated_and_resolved
CAS-CSE-TELC-02-0032926,Tier-1,Tier-2,2026-07-13T13:48:20.935750,investigated_and_resolved
CAS-CSE-TELC-02-0032930,Tier-1,Tier-2,2026-07-13T16:53:31.310274,investigated_and_resolved
CAS-CSE-TELC-02-0032936,Tier-1,Tier-2,2026-07-14T01:25:40.576700,investigated_and_resolved
CAS-CSE-TELC-02-0032944,Tier-1,Tier-2,2026-07-14T13:38:25.993820,investigated_and_resolved
CAS-CSE-TELC-02-0032960,Tier-1,Tier-2,2026-07-15T06:53:56.978066,investigated_and_resolved
CAS-CSE-TELC-02-0032961,Tier-1,Tier-2,2026-07-15T05:45:29.031143,investigated_and_resolved
CAS-CSE-TELC-02-0032962,Tier-1,Tier-2,2026-07-15T06:11:03.643481,investigated_and_resolved
CAS-CSE-TELC-02-0032963,Tier-1,Tier-2,2026-07-15T07:51:29.356743,investigated_and_resolved
CAS-CSE-TELC-02-0032965,Tier-1,Tier-2,2026-07-15T09:23:23.724494,investigated_and_resolved
CAS-CSE-TELC-02-0032967,Tier-1,Tier-2,2026-07-15T09:23:45.389784,investigated_and_resolved
CAS-CSE-TELC-02-0032972,Tier-1,Tier-2,2026-07-15T18:55:10.172208,investigated_and_resolved
CAS-CSE-TELC-02-0032990,Tier-1,Tier-2,2026-07-16T11:04:09.367400,investigated_and_resolved
CAS-CSE-TELC-02-0032998,Tier-1,Tier-2,2026-07-16T18:20:03.374815,investigated_and_resolved
CAS-CSE-TELC-02-0033000,Tier-1,Tier-2,2026-07-16T22:19:29.946653,investigated_and_resolved
CAS-CSE-TELC-02-0033004,Tier-1,Tier-2,2026-07-17T00:07:43.493894,investigated_and_resolved
CAS-CSE-TELC-02-0033005,Tier-1,Tier-2,2026-07-17T00:31:21.329895,investigated_and_resolved
CAS-CSE-TELC-02-0033006,Tier-1,Tier-2,2026-07-16T23:47:54.205721,investigated_and_resolved
CAS-CSE-TELC-02-0033007,Tier-1,Tier-2,2026-07-17T01:35:02.554435,investigated_and_resolved
CAS-CSE-TELC-02-0033010,Tier-1,Tier-2,2026-07-17T05:56:54.624914,investigated_and_resolved
CAS-CSE-TELC-02-0033021,Tier-1,Tier-2,2026-07-17T23:43:36.098209,investigated_and_resolved
CAS-CSE-TELC-02-0033035,Tier-1,Tier-2,2026-07-18T10:29:27.501273,investigated_and_resolved
CAS-CSE-TELC-02-0033044,Tier-1,Tier-2,2026-07-19T01:45:58.344567,investigated_and_resolved
CAS-CSE-TELC-02-0033048,Tier-1,Tier-2,2026-07-19T03:00:46.483415,investigated_and_resolved
CAS-CSE-TELC-02-0033051,Tier-1,Tier-2,2026-07-19T06:20:51.861673,investigated_and_resolved
CAS-CSE-TELC-02-0033052,Tier-1,Tier-2,2026-07-19T11:15:32.412917,investigated_and_resolved
CAS-CSE-TELC-02-0033055,Tier-1,Tier-2,2026-07-19T15:55:04.114574,investigated_and_resolved
CAS-CSE-TELC-02-0033057,Tier-1,Tier-2,2026-07-19T21:37:01.705869,investigated_and_resolved
CAS-CSE-TELC-02-0033060,Tier-1,Tier-2,2026-07-19T21:53:58.972821,investigated_and_resolved
CAS-CSE-TELC-02-0033062,Tier-1,Tier-2,2026-07-19T23:49:51.115323,investigated_and_resolved
CAS-CSE-TELC-02-0033074,Tier-1,Tier-2,2026-07-20T10:42:45.245066,investigated_and_resolved
CAS-CSE-TELC-02-0033078,Tier-1,Tier-2,2026-07-20T11:57:36.039022,investigated_and_resolved
CAS-CSE-TELC-02-0033080,Tier-1,Tier-2,2026-07-20T16:07:09.088239,investigated_and_resolved
CAS-CSE-TELC-02-0033082,Tier-1,Tier-2,2026-07-20T19:32:08.794643,investigated_and_resolved
CAS-CSE-TELC-02-0033087,Tier-1,Tier-2,2026-07-20T22:20:53.840053,investigated_and_resolved
CAS-CSE-TELC-02-0033091,Tier-1,Tier-2,2026-07-21T02:15:58.744987,investigated_and_resolved
CAS-CSE-TELC-02-0033094,Tier-1,Tier-2,2026-07-21T05:26:30.173061,investigated_and_resolved
CAS-CSE-TELC-02-0033098,Tier-1,Tier-2,2026-07-21T10:01:44.622307,investigated_and_resolved
CAS-CSE-TELC-02-0033099,Tier-1,Tier-2,2026-07-21T10:59:09.690616,investigated_and_resolved
CAS-CSE-TELC-02-0033100,Tier-1,Tier-2,2026-07-21T11:32:38.695613,investigated_and_resolved
CAS-CSE-TELC-02-0033101,Tier-1,Tier-2,2026-07-21T14:31:59.564731,investigated_and_resolved
CAS-CSE-TELC-02-0033117,Tier-1,Tier-2,2026-07-22T05:19:49.146292,investigated_and_resolved
CAS-CSE-TELC-02-0033134,Tier-1,Tier-2,2026-07-22T13:47:21.483855,investigated_and_resolved
CAS-CSE-TELC-02-0033145,Tier-1,Tier-2,2026-07-23T10:45:55.073086,investigated_and_resolved
CAS-CSE-TELC-02-0033150,Tier-1,Tier-2,2026-07-23T19:58:07.430341,investigated_and_resolved
CAS-CSE-TELC-02-0033156,Tier-1,Tier-2,2026-07-24T00:04:30.488516,investigated_and_resolved
CAS-CSE-TELC-02-0033159,Tier-1,Tier-2,2026-07-24T03:30:11.193338,investigated_and_resolved
CAS-CSE-TELC-02-0033160,Tier-1,Tier-2,2026-07-24T07:15:57.384582,investigated_and_resolved
CAS-CSE-TELC-02-0033164,Tier-1,Tier-2,2026-07-24T08:51:38.937131,investigated_and_resolved
CAS-CSE-TELC-02-0033167,Tier-1,Tier-2,2026-07-24T10:06:51.124675,investigated_and_resolved
CAS-CSE-TELC-02-0033170,Tier-1,Tier-2,2026-07-24T12:41:27.173182,investigated_and_resolved
CAS-CSE-TELC-02-0033177,Tier-1,Tier-2,2026-07-24T22:12:29.682228,investigated_and_resolved
CAS-CSE-TELC-02-0033192,Tier-1,Tier-2,2026-07-25T06:30:57.723491,investigated_and_resolved
CAS-CSE-TELC-02-0033194,Tier-1,Tier-2,2026-07-25T09:53:09.123016,investigated_and_resolved
CAS-CSE-TELC-02-0033197,Tier-1,Tier-2,2026-07-25T11:57:06.937875,investigated_and_resolved
CAS-CSE-TELC-02-0033200,Tier-1,Tier-2,2026-07-25T16:42:54.797164,investigated_and_resolved
CAS-CSE-TELC-02-0033208,Tier-1,Tier-2,2026-07-26T01:39:24.587300,investigated_and_resolved
CAS-CSE-TELC-02-0033212,Tier-1,Tier-2,2026-07-26T04:37:34.196111,investigated_and_resolved
CAS-CSE-TELC-02-0033213,Tier-1,Tier-2,2026-07-26T05:26:14.117399,investigated_and_resolved
CAS-CSE-TELC-02-0033216,Tier-1,Tier-2,2026-07-26T09:56:56.786034,investigated_and_resolved
CAS-CSE-TELC-02-0033219,Tier-1,Tier-2,2026-07-26T11:36:34.466081,investigated_and_resolved
CAS-CSE-TELC-02-0033238,Tier-1,Tier-2,2026-07-27T18:42:11.448078,investigated_and_resolved
CAS-CSE-TELC-02-0033240,Tier-1,Tier-2,2026-07-27T18:04:34.051714,investigated_and_resolved
CAS-CSE-TELC-02-0033241,Tier-1,Tier-2,2026-07-27T19:09:57.157060,investigated_and_resolved
CAS-CSE-TELC-02-0033243,Tier-1,Tier-2,2026-07-27T20:52:29.245663,investigated_and_resolved
CAS-CSE-TELC-02-0033246,Tier-1,Tier-2,2026-07-27T23:51:58.144077,investigated_and_resolved
CAS-CSE-TELC-02-0033253,Tier-1,Tier-2,2026-07-28T09:45:07.358574,investigated_and_resolved
CAS-CSE-TELC-02-0033258,Tier-1,Tier-2,2026-07-28T15:21:27.074987,investigated_and_resolved
CAS-CSE-TELC-02-0033261,Tier-1,Tier-2,2026-07-28T19:07:50.644316,investigated_and_resolved
CAS-CSE-TELC-02-0033263,Tier-1,Tier-2,2026-07-28T20:56:00.922810,investigated_and_resolved
CAS-CSE-TELC-02-0033278,Tier-1,Tier-2,2026-07-29T17:42:26.272749,investigated_and_resolved
CAS-CSE-TELC-02-0033286,Tier-1,Tier-2,2026-07-30T04:05:03.205495,investigated_and_resolved
CAS-CSE-TELC-02-0033291,Tier-1,Tier-2,2026-07-30T13:05:42.784337,investigated_and_resolved
CAS-CSE-TELC-02-0033294,Tier-1,Tier-2,2026-07-30T18:35:19.261712,investigated_and_resolved
CAS-CSE-TELC-02-0033296,Tier-1,Tier-2,2026-07-30T18:46:45.979247,investigated_and_resolved
CAS-CSE-TELC-02-0033297,Tier-1,Tier-2,2026-07-30T19:14:26.039107,investigated_and_resolved
CAS-CSE-TELC-02-0033298,Tier-1,Tier-2,2026-07-30T19:34:42.073699,investigated_and_resolved
CAS-CSE-TELC-02-0033305,Tier-1,Tier-2,2026-07-31T08:13:13.024037,investigated_and_resolved
CAS-CSE-TELC-02-0033310,Tier-1,Tier-2,2026-07-31T12:50:59.037124,investigated_and_resolved
CAS-CSE-TELC-02-0033319,Tier-1,Tier-2,2026-08-01T05:35:21.989051,investigated_and_resolved
CAS-CSE-TELC-02-0033326,Tier-1,Tier-2,2026-08-01T10:38:46.030282,investigated_and_resolved
CAS-CSE-TELC-02-0033335,Tier-1,Tier-2,2026-08-01T17:37:34.109913,investigated_and_resolved
CAS-CSE-TELC-02-0033339,Tier-1,Tier-2,2026-08-01T23:03:30.555539,investigated_and_resolved
CAS-CSE-TELC-02-0033340,Tier-1,Tier-2,2026-08-01T23:22:19.894793,investigated_and_resolved
CAS-CSE-TELC-02-0033342,Tier-1,Tier-2,2026-08-02T01:38:22.693710,investigated_and_resolved
CAS-CSE-TELC-02-0033348,Tier-1,Tier-2,2026-08-02T06:02:28.319327,investigated_and_resolved
CAS-CSE-TELC-02-0033356,Tier-1,Tier-2,2026-08-02T17:14:11.923786,investigated_and_resolved
CAS-CSE-TELC-02-0033357,Tier-1,Tier-2,2026-08-02T16:57:11.571349,investigated_and_resolved
CAS-CSE-TELC-02-0033358,Tier-1,Tier-2,2026-08-02T18:08:43.004573,investigated_and_resolved
CAS-CSE-TELC-02-0033376,Tier-1,Tier-2,2026-08-03T10:34:50.695672,investigated_and_resolved
CAS-CSE-TELC-02-0033377,Tier-1,Tier-2,2026-08-03T10:58:53.720338,investigated_and_resolved
CAS-CSE-TELC-02-0033390,Tier-1,Tier-2,2026-08-04T01:46:55.719183,investigated_and_resolved
CAS-CSE-TELC-02-0033392,Tier-1,Tier-2,2026-08-04T07:28:50.575671,investigated_and_resolved
CAS-CSE-TELC-02-0033399,Tier-1,Tier-2,2026-08-04T18:19:38.798055,investigated_and_resolved
CAS-CSE-TELC-02-0033413,Tier-1,Tier-2,2026-08-05T14:36:20.365012,investigated_and_resolved
CAS-CSE-TELC-02-0033416,Tier-1,Tier-2,2026-08-05T18:48:58.035370,investigated_and_resolved
CAS-CSE-TELC-02-0033421,Tier-1,Tier-2,2026-08-05T22:52:04.360210,investigated_and_resolved
CAS-CSE-TELC-02-0033423,Tier-1,Tier-2,2026-08-05T23:21:47.081539,investigated_and_resolved
CAS-CSE-TELC-02-0033435,Tier-1,Tier-2,2026-08-06T16:43:16.288184,investigated_and_resolved
CAS-CSE-TELC-02-0033437,Tier-1,Tier-2,2026-08-06T21:02:35.633591,investigated_and_resolved
CAS-CSE-TELC-02-0033439,Tier-1,Tier-2,2026-08-06T20:51:11.815854,investigated_and_resolved
CAS-CSE-TELC-02-0033450,Tier-1,Tier-2,2026-08-07T11:40:11.490334,investigated_and_resolved
CAS-CSE-TELC-02-0033463,Tier-1,Tier-2,2026-08-08T02:23:01.663956,investigated_and_resolved
CAS-CSE-TELC-02-0033477,Tier-1,Tier-2,2026-08-08T14:42:41.781052,investigated_and_resolved
CAS-CSE-TELC-02-0033481,Tier-1,Tier-2,2026-08-08T19:02:03.913567,investigated_and_resolved
CAS-CSE-TELC-02-0033493,Tier-1,Tier-2,2026-08-09T08:24:17.929359,investigated_and_resolved
CAS-CSE-TELC-02-0033495,Tier-1,Tier-2,2026-08-09T10:40:14.953589,investigated_and_resolved
CAS-CSE-TELC-02-0033512,Tier-1,Tier-2,2026-08-10T05:06:20.935131,investigated_and_resolved
CAS-CSE-TELC-02-0033515,Tier-1,Tier-2,2026-08-10T10:26:27.926787,investigated_and_resolved
CAS-CSE-TELC-02-0033524,Tier-1,Tier-2,2026-08-10T21:20:51.339037,investigated_and_resolved
CAS-CSE-TELC-02-0033529,Tier-1,Tier-2,2026-08-10T22:57:44.855245,investigated_and_resolved
CAS-CSE-TELC-02-0033532,Tier-1,Tier-2,2026-08-11T02:55:46.785456,investigated_and_resolved
CAS-CSE-TELC-02-0033547,Tier-1,Tier-2,2026-08-11T18:34:33.720973,investigated_and_resolved
CAS-CSE-TELC-02-0033548,Tier-1,Tier-2,2026-08-11T18:53:39.778092,investigated_and_resolved
CAS-CSE-TELC-02-0033549,Tier-1,Tier-2,2026-08-11T19:20:31.773053,investigated_and_resolved
CAS-CSE-TELC-02-0033553,Tier-1,Tier-2,2026-08-12T02:54:31.991497,investigated_and_resolved
CAS-CSE-TELC-02-0033557,Tier-1,Tier-2,2026-08-12T07:32:50.766846,investigated_and_resolved
CAS-CSE-TELC-02-0033560,Tier-1,Tier-2,2026-08-12T10:43:22.438765,investigated_and_resolved
CAS-CSE-TELC-02-0033561,Tier-1,Tier-2,2026-08-12T13:16:22.642428,investigated_and_resolved
CAS-CSE-TELC-02-0033564,Tier-1,Tier-2,2026-08-12T16:10:20.923600,investigated_and_resolved
CAS-CSE-TELC-02-0033565,Tier-1,Tier-2,2026-08-12T13:59:40.108099,investigated_and_resolved
CAS-CSE-TELC-02-0033566,Tier-1,Tier-2,2026-08-12T14:31:37.604388,investigated_and_resolved
CAS-CSE-TELC-02-0033568,Tier-1,Tier-2,2026-08-12T17:30:27.338763,investigated_and_resolved
CAS-CSE-TELC-02-0033572,Tier-1,Tier-2,2026-08-12T22:18:27.890098,investigated_and_resolved
CAS-CSE-TELC-02-0033582,Tier-1,Tier-2,2026-08-13T15:44:00.159321,investigated_and_resolved
CAS-CSE-TELC-02-0033586,Tier-1,Tier-2,2026-08-13T21:04:02.492235,investigated_and_resolved
CAS-CSE-TELC-02-0033587,Tier-1,Tier-2,2026-08-13T22:49:47.780771,investigated_and_resolved
CAS-CSE-TELC-02-0033599,Tier-1,Tier-2,2026-08-14T12:55:13.067817,investigated_and_resolved
CAS-CSE-TELC-02-0033603,Tier-1,Tier-2,2026-08-14T16:33:40.881677,investigated_and_resolved
CAS-CSE-TELC-02-0033611,Tier-1,Tier-2,2026-08-15T04:56:42.168677,investigated_and_resolved
CAS-CSE-TELC-02-0033613,Tier-1,Tier-2,2026-08-15T07:16:40.242771,investigated_and_resolved
CAS-CSE-TELC-02-0033616,Tier-1,Tier-2,2026-08-15T09:14:31.463385,investigated_and_resolved
CAS-CSE-TELC-02-0033623,Tier-1,Tier-2,2026-08-15T19:42:12.342639,investigated_and_resolved
CAS-CSE-TELC-02-0033627,Tier-1,Tier-2,2026-08-16T01:56:52.745858,investigated_and_resolved
CAS-CSE-TELC-02-0033644,Tier-1,Tier-2,2026-08-16T21:43:04.856440,investigated_and_resolved
CAS-CSE-TELC-02-0033648,Tier-1,Tier-2,2026-08-17T01:08:09.211330,investigated_and_resolved
CAS-CSE-TELC-02-0033654,Tier-1,Tier-2,2026-08-17T08:05:26.493634,investigated_and_resolved
CAS-CSE-TELC-02-0033680,Tier-1,Tier-2,2026-08-18T04:44:27.394518,investigated_and_resolved
CAS-CSE-TELC-02-0033698,Tier-1,Tier-2,2026-08-18T22:41:12.140967,investigated_and_resolved
CAS-CSE-TELC-02-0033705,Tier-1,Tier-2,2026-08-19T04:39:23.373258,investigated_and_resolved
CAS-CSE-TELC-02-0033713,Tier-1,Tier-2,2026-08-19T11:00:32.879436,investigated_and_resolved
CAS-CSE-TELC-02-0033730,Tier-1,Tier-2,2026-08-20T01:34:12.838674,investigated_and_resolved
CAS-CSE-TELC-02-0033733,Tier-1,Tier-2,2026-08-20T02:00:37.374188,investigated_and_resolved
CAS-CSE-TELC-02-0033735,Tier-1,Tier-2,2026-08-20T03:30:29.535791,investigated_and_resolved
CAS-CSE-TELC-02-0033736,Tier-1,Tier-2,2026-08-20T04:47:50.440240,investigated_and_resolved
CAS-CSE-TELC-02-0033737,Tier-1,Tier-2,2026-08-20T05:10:18.386774,investigated_and_resolved
CAS-CSE-TELC-02-0033738,Tier-1,Tier-2,2026-08-20T04:23:06.395575,investigated_and_resolved
CAS-CSE-TELC-02-0033748,Tier-1,Tier-2,2026-08-20T15:56:54.156816,investigated_and_resolved
CAS-CSE-TELC-02-0033769,Tier-1,Tier-2,2026-08-21T13:54:21.429393,investigated_and_resolved
CAS-CSE-TELC-02-0033775,Tier-1,Tier-2,2026-08-21T17:25:36.035300,investigated_and_resolved
CAS-CSE-TELC-02-0033777,Tier-1,Tier-2,2026-08-21T17:07:58.758513,investigated_and_resolved
CAS-CSE-TELC-02-0033778,Tier-1,Tier-2,2026-08-21T18:26:44.999092,investigated_and_resolved
CAS-CSE-TELC-02-0033782,Tier-1,Tier-2,2026-08-22T00:41:23.435564,investigated_and_resolved
CAS-CSE-TELC-02-0033785,Tier-1,Tier-2,2026-08-22T01:43:32.512915,investigated_and_resolved
CAS-CSE-TELC-02-0033786,Tier-1,Tier-2,2026-08-22T03:52:08.050966,investigated_and_resolved
CAS-CSE-TELC-02-0033787,Tier-1,Tier-2,2026-08-22T05:14:42.512671,investigated_and_resolved
CAS-CSE-TELC-02-0033788,Tier-1,Tier-2,2026-08-22T05:42:36.921850,investigated_and_resolved
CAS-CSE-TELC-02-0033795,Tier-1,Tier-2,2026-08-22T12:54:09.670734,investigated_and_resolved
CAS-CSE-TELC-02-0033800,Tier-1,Tier-2,2026-08-22T17:41:54.265197,investigated_and_resolved
CAS-CSE-TELC-02-0033806,Tier-1,Tier-2,2026-08-22T22:30:29.200241,investigated_and_resolved
CAS-CSE-TELC-02-0033810,Tier-1,Tier-2,2026-08-23T00:44:39.544808,investigated_and_resolved
CAS-CSE-TELC-02-0033816,Tier-1,Tier-2,2026-08-23T13:09:28.409633,investigated_and_resolved
CAS-CSE-TELC-02-0033827,Tier-1,Tier-2,2026-08-23T18:58:50.893152,investigated_and_resolved
CAS-CSE-TELC-02-0033829,Tier-1,Tier-2,2026-08-23T20:20:52.955476,investigated_and_resolved
CAS-CSE-TELC-02-0033838,Tier-1,Tier-2,2026-08-24T05:45:50.805156,investigated_and_resolved
CAS-CSE-TELC-02-0033850,Tier-1,Tier-2,2026-08-25T02:06:54.314983,investigated_and_resolved
CAS-CSE-TELC-02-0033865,Tier-1,Tier-2,2026-08-26T04:48:01.666526,investigated_and_resolved
CAS-CSE-TELC-02-0033868,Tier-1,Tier-2,2026-08-26T07:06:26.084084,investigated_and_resolved
CAS-CSE-TELC-02-0033869,Tier-1,Tier-2,2026-08-26T08:27:42.235571,investigated_and_resolved
CAS-CSE-TELC-02-0033884,Tier-1,Tier-2,2026-08-27T09:13:15.189041,investigated_and_resolved
CAS-CSE-TELC-02-0033887,Tier-1,Tier-2,2026-08-27T09:37:23.424181,investigated_and_resolved
CAS-CSE-TELC-02-0033895,Tier-1,Tier-2,2026-08-27T17:51:55.143510,investigated_and_resolved
CAS-CSE-TELC-03-0033906,Tier-1,Tier-2,2026-03-01T05:14:34.940573,investigated_and_resolved
CAS-CSE-TELC-03-0033908,Tier-1,Tier-2,2026-03-01T14:33:51.503500,investigated_and_resolved
CAS-CSE-TELC-03-0033913,Tier-1,Tier-2,2026-03-01T21:37:04.080288,investigated_and_resolved
CAS-CSE-TELC-03-0033914,Tier-1,Tier-2,2026-03-02T02:50:12.495938,investigated_and_resolved
CAS-CSE-TELC-03-0033931,Tier-1,Tier-2,2026-03-03T08:50:46.197084,investigated_and_resolved
CAS-CSE-TELC-03-0033932,Tier-1,Tier-2,2026-03-03T09:16:28.273391,investigated_and_resolved
CAS-CSE-TELC-03-0033940,Tier-1,Tier-2,2026-03-04T00:39:21.225984,investigated_and_resolved
CAS-CSE-TELC-03-0033941,Tier-1,Tier-2,2026-03-04T03:04:01.436538,investigated_and_resolved
CAS-CSE-TELC-03-0033952,Tier-1,Tier-2,2026-03-05T00:53:45.525448,investigated_and_resolved
CAS-CSE-TELC-03-0033956,Tier-1,Tier-2,2026-03-05T07:33:49.825112,investigated_and_resolved
CAS-CSE-TELC-03-0033960,Tier-1,Tier-2,2026-03-05T17:55:04.585785,investigated_and_resolved
CAS-CSE-TELC-03-0033967,Tier-1,Tier-2,2026-03-06T07:02:55.285999,investigated_and_resolved
CAS-CSE-TELC-03-0033972,Tier-1,Tier-2,2026-03-06T18:32:28.217906,investigated_and_resolved
CAS-CSE-TELC-03-0033977,Tier-1,Tier-2,2026-03-06T23:25:25.961496,investigated_and_resolved
CAS-CSE-TELC-03-0033980,Tier-1,Tier-2,2026-03-07T04:22:32.413767,investigated_and_resolved
CAS-CSE-TELC-03-0033989,Tier-1,Tier-2,2026-03-07T15:00:55.902170,investigated_and_resolved
CAS-CSE-TELC-03-0033991,Tier-1,Tier-2,2026-03-07T18:18:58.962557,investigated_and_resolved
CAS-CSE-TELC-03-0034000,Tier-1,Tier-2,2026-03-08T06:22:54.008187,investigated_and_resolved
CAS-CSE-TELC-03-0034001,Tier-1,Tier-2,2026-03-08T09:03:43.826957,investigated_and_resolved
CAS-CSE-TELC-03-0034006,Tier-1,Tier-2,2026-03-08T17:33:51.210056,investigated_and_resolved
CAS-CSE-TELC-03-0034010,Tier-1,Tier-2,2026-03-08T21:08:24.162818,investigated_and_resolved
CAS-CSE-TELC-03-0034023,Tier-1,Tier-2,2026-03-09T16:12:46.915226,investigated_and_resolved
CAS-CSE-TELC-03-0034025,Tier-1,Tier-2,2026-03-09T17:55:36.281211,investigated_and_resolved
CAS-CSE-TELC-03-0034028,Tier-1,Tier-2,2026-03-09T21:50:04.340128,investigated_and_resolved
CAS-CSE-TELC-03-0034032,Tier-1,Tier-2,2026-03-10T04:53:39.575195,investigated_and_resolved
CAS-CSE-TELC-03-0034056,Tier-1,Tier-2,2026-03-11T13:40:21.668800,investigated_and_resolved
CAS-CSE-TELC-03-0034059,Tier-1,Tier-2,2026-03-11T15:28:18.138261,investigated_and_resolved
CAS-CSE-TELC-03-0034061,Tier-1,Tier-2,2026-03-11T18:47:08.868772,investigated_and_resolved
CAS-CSE-TELC-03-0034062,Tier-1,Tier-2,2026-03-11T19:03:34.623370,investigated_and_resolved
CAS-CSE-TELC-03-0034064,Tier-1,Tier-2,2026-03-12T03:40:42.611007,investigated_and_resolved
CAS-CSE-TELC-03-0034068,Tier-1,Tier-2,2026-03-12T14:29:47.586733,investigated_and_resolved
CAS-CSE-TELC-03-0034071,Tier-1,Tier-2,2026-03-12T20:10:07.758007,investigated_and_resolved
CAS-CSE-TELC-03-0034073,Tier-1,Tier-2,2026-03-13T00:37:19.949648,investigated_and_resolved
CAS-CSE-TELC-03-0034076,Tier-1,Tier-2,2026-03-13T02:22:15.967533,investigated_and_resolved
CAS-CSE-TELC-03-0034079,Tier-1,Tier-2,2026-03-13T06:50:30.407338,investigated_and_resolved
CAS-CSE-TELC-03-0034088,Tier-1,Tier-2,2026-03-14T00:46:04.998599,investigated_and_resolved
CAS-CSE-TELC-03-0034091,Tier-1,Tier-2,2026-03-14T08:57:08.560898,investigated_and_resolved
CAS-CSE-TELC-03-0034094,Tier-1,Tier-2,2026-03-14T10:28:20.176263,investigated_and_resolved
CAS-CSE-TELC-03-0034097,Tier-1,Tier-2,2026-03-14T17:44:30.285476,investigated_and_resolved
CAS-CSE-TELC-03-0034104,Tier-1,Tier-2,2026-03-15T06:30:49.837299,investigated_and_resolved
CAS-CSE-TELC-03-0034107,Tier-1,Tier-2,2026-03-15T12:25:51.256200,investigated_and_resolved
CAS-CSE-TELC-03-0034108,Tier-1,Tier-2,2026-03-15T14:16:22.808589,investigated_and_resolved
CAS-CSE-TELC-03-0034110,Tier-1,Tier-2,2026-03-15T16:39:19.482139,investigated_and_resolved
CAS-CSE-TELC-03-0034111,Tier-1,Tier-2,2026-03-15T18:37:19.410572,investigated_and_resolved
CAS-CSE-TELC-03-0034112,Tier-1,Tier-2,2026-03-16T00:02:36.482137,investigated_and_resolved
CAS-CSE-TELC-03-0034117,Tier-1,Tier-2,2026-03-16T03:44:22.672336,investigated_and_resolved
CAS-CSE-TELC-03-0034120,Tier-1,Tier-2,2026-03-16T06:07:28.619779,investigated_and_resolved
CAS-CSE-TELC-03-0034131,Tier-1,Tier-2,2026-03-16T20:59:58.737952,investigated_and_resolved
CAS-CSE-TELC-03-0034133,Tier-1,Tier-2,2026-03-17T03:09:00.577867,investigated_and_resolved
CAS-CSE-TELC-03-0034143,Tier-1,Tier-2,2026-03-17T20:44:07.874438,investigated_and_resolved
CAS-CSE-TELC-03-0034144,Tier-1,Tier-2,2026-03-17T21:10:03.904341,investigated_and_resolved
CAS-CSE-TELC-03-0034149,Tier-1,Tier-2,2026-03-18T01:33:56.303393,investigated_and_resolved
CAS-CSE-TELC-03-0034177,Tier-1,Tier-2,2026-03-20T00:10:27.477402,investigated_and_resolved
CAS-CSE-TELC-03-0034197,Tier-1,Tier-2,2026-03-20T19:46:19.003757,investigated_and_resolved
CAS-CSE-TELC-03-0034200,Tier-1,Tier-2,2026-03-20T22:07:17.976731,investigated_and_resolved
CAS-CSE-TELC-03-0034208,Tier-1,Tier-2,2026-03-21T14:10:03.935777,investigated_and_resolved
CAS-CSE-TELC-03-0034216,Tier-1,Tier-2,2026-03-22T10:33:09.402121,investigated_and_resolved
CAS-CSE-TELC-03-0034224,Tier-1,Tier-2,2026-03-23T03:59:29.240872,investigated_and_resolved
CAS-CSE-TELC-03-0034226,Tier-1,Tier-2,2026-03-23T05:11:53.200739,investigated_and_resolved
CAS-CSE-TELC-03-0034236,Tier-1,Tier-2,2026-03-24T04:15:18.102522,investigated_and_resolved
CAS-CSE-TELC-03-0034251,Tier-1,Tier-2,2026-03-25T04:24:32.004308,investigated_and_resolved
CAS-CSE-TELC-03-0034254,Tier-1,Tier-2,2026-03-25T06:12:55.543672,investigated_and_resolved
CAS-CSE-TELC-03-0034258,Tier-1,Tier-2,2026-03-25T09:59:35.740768,investigated_and_resolved
CAS-CSE-TELC-03-0034265,Tier-1,Tier-2,2026-03-25T23:49:06.411805,investigated_and_resolved
CAS-CSE-TELC-03-0034267,Tier-1,Tier-2,2026-03-26T00:10:15.316464,investigated_and_resolved
CAS-CSE-TELC-03-0034269,Tier-1,Tier-2,2026-03-26T00:50:37.428646,investigated_and_resolved
CAS-CSE-TELC-03-0034279,Tier-1,Tier-2,2026-03-26T14:47:43.077362,investigated_and_resolved
CAS-CSE-TELC-03-0034284,Tier-1,Tier-2,2026-03-26T19:23:13.695652,investigated_and_resolved
CAS-CSE-TELC-03-0034286,Tier-1,Tier-2,2026-03-26T21:14:26.746578,investigated_and_resolved
CAS-CSE-TELC-03-0034287,Tier-1,Tier-2,2026-03-26T21:29:07.636629,investigated_and_resolved
CAS-CSE-TELC-03-0034291,Tier-1,Tier-2,2026-03-27T01:17:22.440717,investigated_and_resolved
CAS-CSE-TELC-03-0034298,Tier-1,Tier-2,2026-03-27T11:17:49.699262,investigated_and_resolved
CAS-CSE-TELC-03-0034300,Tier-1,Tier-2,2026-03-27T17:28:02.534146,investigated_and_resolved
CAS-CSE-TELC-03-0034301,Tier-1,Tier-2,2026-03-27T20:25:49.234566,investigated_and_resolved
CAS-CSE-TELC-03-0034309,Tier-1,Tier-2,2026-03-28T16:28:11.770055,investigated_and_resolved
CAS-CSE-TELC-03-0034311,Tier-1,Tier-2,2026-03-28T19:23:01.805491,investigated_and_resolved
CAS-CSE-TELC-03-0034315,Tier-1,Tier-2,2026-03-29T01:21:24.241739,investigated_and_resolved
CAS-CSE-TELC-03-0034316,Tier-1,Tier-2,2026-03-29T01:04:35.310794,investigated_and_resolved
CAS-CSE-TELC-03-0034317,Tier-1,Tier-2,2026-03-29T03:28:25.216879,investigated_and_resolved
CAS-CSE-TELC-03-0034319,Tier-1,Tier-2,2026-03-29T01:33:57.140341,investigated_and_resolved
CAS-CSE-TELC-03-0034324,Tier-1,Tier-2,2026-03-29T04:10:15.716926,investigated_and_resolved
CAS-CSE-TELC-03-0034328,Tier-1,Tier-2,2026-03-29T09:27:41.143522,investigated_and_resolved
CAS-CSE-TELC-03-0034330,Tier-1,Tier-2,2026-03-29T13:46:29.654917,investigated_and_resolved
CAS-CSE-TELC-03-0034333,Tier-1,Tier-2,2026-03-29T12:46:22.186738,investigated_and_resolved
CAS-CSE-TELC-03-0034339,Tier-1,Tier-2,2026-03-30T01:11:07.232354,investigated_and_resolved
CAS-CSE-TELC-03-0034345,Tier-1,Tier-2,2026-03-30T09:14:04.471331,investigated_and_resolved
CAS-CSE-TELC-03-0034346,Tier-1,Tier-2,2026-03-30T09:16:37.483308,investigated_and_resolved
CAS-CSE-TELC-03-0034351,Tier-1,Tier-2,2026-03-30T19:13:42.793217,investigated_and_resolved
CAS-CSE-TELC-03-0034357,Tier-1,Tier-2,2026-03-31T01:30:06.803408,investigated_and_resolved
CAS-CSE-TELC-03-0034358,Tier-1,Tier-2,2026-03-31T04:29:09.206239,investigated_and_resolved
CAS-CSE-TELC-03-0034367,Tier-1,Tier-2,2026-04-01T04:09:20.491239,investigated_and_resolved
CAS-CSE-TELC-03-0034368,Tier-1,Tier-2,2026-04-01T05:29:38.706531,investigated_and_resolved
CAS-CSE-TELC-03-0034386,Tier-1,Tier-2,2026-04-02T13:22:48.536519,investigated_and_resolved
CAS-CSE-TELC-03-0034391,Tier-1,Tier-2,2026-04-02T19:10:28.924155,investigated_and_resolved
CAS-CSE-TELC-03-0034406,Tier-1,Tier-2,2026-04-04T05:31:01.896189,investigated_and_resolved
CAS-CSE-TELC-03-0034409,Tier-1,Tier-2,2026-04-04T08:10:47.091652,investigated_and_resolved
CAS-CSE-TELC-03-0034416,Tier-1,Tier-2,2026-04-05T01:39:14.256133,investigated_and_resolved
CAS-CSE-TELC-03-0034430,Tier-1,Tier-2,2026-04-05T20:46:54.795929,investigated_and_resolved
CAS-CSE-TELC-03-0034439,Tier-1,Tier-2,2026-04-06T07:43:19.896138,investigated_and_resolved
CAS-CSE-TELC-03-0034441,Tier-1,Tier-2,2026-04-06T12:23:22.402026,investigated_and_resolved
CAS-CSE-TELC-03-0034443,Tier-1,Tier-2,2026-04-06T21:13:52.064542,investigated_and_resolved
CAS-CSE-TELC-03-0034444,Tier-1,Tier-2,2026-04-06T22:36:50.120642,investigated_and_resolved
CAS-CSE-TELC-03-0034447,Tier-1,Tier-2,2026-04-07T00:51:55.260125,investigated_and_resolved
CAS-CSE-TELC-03-0034450,Tier-1,Tier-2,2026-04-07T05:53:53.404621,investigated_and_resolved
CAS-CSE-TELC-03-0034452,Tier-1,Tier-2,2026-04-07T09:31:29.344472,investigated_and_resolved
CAS-CSE-TELC-03-0034455,Tier-1,Tier-2,2026-04-07T10:56:21.526078,investigated_and_resolved
CAS-CSE-TELC-03-0034457,Tier-1,Tier-2,2026-04-07T15:04:05.550194,investigated_and_resolved
CAS-CSE-TELC-03-0034461,Tier-1,Tier-2,2026-04-07T13:58:55.553539,investigated_and_resolved
CAS-CSE-TELC-03-0034463,Tier-1,Tier-2,2026-04-07T17:39:20.042266,investigated_and_resolved
CAS-CSE-TELC-03-0034470,Tier-1,Tier-2,2026-04-08T01:51:36.264857,investigated_and_resolved
CAS-CSE-TELC-03-0034477,Tier-1,Tier-2,2026-04-08T09:23:50.254271,investigated_and_resolved
CAS-CSE-TELC-03-0034485,Tier-1,Tier-2,2026-04-08T18:05:44.530792,investigated_and_resolved
CAS-CSE-TELC-03-0034489,Tier-1,Tier-2,2026-04-09T00:05:17.111062,investigated_and_resolved
CAS-CSE-TELC-03-0034491,Tier-1,Tier-2,2026-04-09T03:44:40.078792,investigated_and_resolved
CAS-CSE-TELC-03-0034494,Tier-1,Tier-2,2026-04-09T08:25:30.342707,investigated_and_resolved
CAS-CSE-TELC-03-0034495,Tier-1,Tier-2,2026-04-09T14:40:38.762753,investigated_and_resolved
CAS-CSE-TELC-03-0034501,Tier-1,Tier-2,2026-04-09T19:07:32.645740,investigated_and_resolved
CAS-CSE-TELC-03-0034503,Tier-1,Tier-2,2026-04-09T23:35:56.340092,investigated_and_resolved
CAS-CSE-TELC-03-0034504,Tier-1,Tier-2,2026-04-10T01:06:17.067077,investigated_and_resolved
CAS-CSE-TELC-03-0034508,Tier-1,Tier-2,2026-04-10T10:47:28.962311,investigated_and_resolved
CAS-CSE-TELC-03-0034516,Tier-1,Tier-2,2026-04-11T05:12:54.615383,investigated_and_resolved
CAS-CSE-TELC-03-0034517,Tier-1,Tier-2,2026-04-11T05:27:54.188580,investigated_and_resolved
CAS-CSE-TELC-03-0034521,Tier-1,Tier-2,2026-04-11T12:13:20.124109,investigated_and_resolved
CAS-CSE-TELC-03-0034522,Tier-1,Tier-2,2026-04-11T14:14:05.963962,investigated_and_resolved
CAS-CSE-TELC-03-0034525,Tier-1,Tier-2,2026-04-11T20:48:02.590057,investigated_and_resolved
CAS-CSE-TELC-03-0034526,Tier-1,Tier-2,2026-04-11T20:11:03.924370,investigated_and_resolved
CAS-CSE-TELC-03-0034537,Tier-1,Tier-2,2026-04-12T09:48:23.153871,investigated_and_resolved
CAS-CSE-TELC-03-0034543,Tier-1,Tier-2,2026-04-12T23:45:57.324987,investigated_and_resolved
CAS-CSE-TELC-03-0034544,Tier-1,Tier-2,2026-04-12T21:03:27.798692,investigated_and_resolved
CAS-CSE-TELC-03-0034545,Tier-1,Tier-2,2026-04-12T21:51:52.940020,investigated_and_resolved
CAS-CSE-TELC-03-0034547,Tier-1,Tier-2,2026-04-12T22:43:57.088682,investigated_and_resolved
CAS-CSE-TELC-03-0034551,Tier-1,Tier-2,2026-04-13T06:25:39.789948,investigated_and_resolved
CAS-CSE-TELC-03-0034555,Tier-1,Tier-2,2026-04-13T08:48:34.167093,investigated_and_resolved
CAS-CSE-TELC-03-0034559,Tier-1,Tier-2,2026-04-13T16:28:15.223164,investigated_and_resolved
CAS-CSE-TELC-03-0034561,Tier-1,Tier-2,2026-04-13T18:41:37.047813,investigated_and_resolved
CAS-CSE-TELC-03-0034562,Tier-1,Tier-2,2026-04-13T20:21:13.206248,investigated_and_resolved
CAS-CSE-TELC-03-0034575,Tier-1,Tier-2,2026-04-14T22:53:14.769619,investigated_and_resolved
CAS-CSE-TELC-03-0034587,Tier-1,Tier-2,2026-04-15T19:11:09.636457,investigated_and_resolved
CAS-CSE-TELC-03-0034596,Tier-1,Tier-2,2026-04-16T05:50:17.957911,investigated_and_resolved
CAS-CSE-TELC-03-0034602,Tier-1,Tier-2,2026-04-16T08:42:54.624160,investigated_and_resolved
CAS-CSE-TELC-03-0034609,Tier-1,Tier-2,2026-04-16T17:18:10.006316,investigated_and_resolved
CAS-CSE-TELC-03-0034645,Tier-1,Tier-2,2026-04-19T03:20:50.206120,investigated_and_resolved
CAS-CSE-TELC-03-0034650,Tier-1,Tier-2,2026-04-19T07:36:10.064268,investigated_and_resolved
CAS-CSE-TELC-03-0034653,Tier-1,Tier-2,2026-04-19T12:15:21.903987,investigated_and_resolved
CAS-CSE-TELC-03-0034656,Tier-1,Tier-2,2026-04-19T20:35:56.398821,investigated_and_resolved
CAS-CSE-TELC-03-0034659,Tier-1,Tier-2,2026-04-20T01:03:13.071085,investigated_and_resolved
CAS-CSE-TELC-03-0034681,Tier-1,Tier-2,2026-04-21T10:52:28.829271,investigated_and_resolved
CAS-CSE-TELC-03-0034684,Tier-1,Tier-2,2026-04-21T12:13:16.185477,investigated_and_resolved
CAS-CSE-TELC-03-0034685,Tier-1,Tier-2,2026-04-21T14:52:15.163699,investigated_and_resolved
CAS-CSE-TELC-03-0034686,Tier-1,Tier-2,2026-04-21T16:30:32.327383,investigated_and_resolved
CAS-CSE-TELC-03-0034689,Tier-1,Tier-2,2026-04-21T21:25:06.567141,investigated_and_resolved
CAS-CSE-TELC-03-0034691,Tier-1,Tier-2,2026-04-22T00:33:02.401118,investigated_and_resolved
CAS-CSE-TELC-03-0034693,Tier-1,Tier-2,2026-04-22T03:15:26.078707,investigated_and_resolved
CAS-CSE-TELC-03-0034696,Tier-1,Tier-2,2026-04-22T11:37:52.881625,investigated_and_resolved
CAS-CSE-TELC-03-0034698,Tier-1,Tier-2,2026-04-22T13:41:42.314237,investigated_and_resolved
CAS-CSE-TELC-03-0034715,Tier-1,Tier-2,2026-04-23T19:54:48.580032,investigated_and_resolved
CAS-CSE-TELC-03-0034721,Tier-1,Tier-2,2026-04-24T04:34:31.437748,investigated_and_resolved
CAS-CSE-TELC-03-0034724,Tier-1,Tier-2,2026-04-24T09:14:44.226319,investigated_and_resolved
CAS-CSE-TELC-03-0034728,Tier-1,Tier-2,2026-04-24T11:52:43.478645,investigated_and_resolved
CAS-CSE-TELC-03-0034730,Tier-1,Tier-2,2026-04-24T13:45:24.562793,investigated_and_resolved
CAS-CSE-TELC-03-0034731,Tier-1,Tier-2,2026-04-24T14:39:08.960488,investigated_and_resolved
CAS-CSE-TELC-03-0034732,Tier-1,Tier-2,2026-04-24T15:33:15.117108,investigated_and_resolved
CAS-CSE-TELC-03-0034736,Tier-1,Tier-2,2026-04-24T21:42:24.060384,investigated_and_resolved
CAS-CSE-TELC-03-0034738,Tier-1,Tier-2,2026-04-24T20:52:09.860434,investigated_and_resolved
CAS-CSE-TELC-03-0034739,Tier-1,Tier-2,2026-04-25T00:42:58.646627,investigated_and_resolved
CAS-CSE-TELC-03-0034756,Tier-1,Tier-2,2026-04-26T00:44:33.332871,investigated_and_resolved
CAS-CSE-TELC-03-0034761,Tier-1,Tier-2,2026-04-26T12:54:18.611179,investigated_and_resolved
CAS-CSE-TELC-03-0034764,Tier-1,Tier-2,2026-04-26T14:42:34.635971,investigated_and_resolved
CAS-CSE-TELC-03-0034765,Tier-1,Tier-2,2026-04-26T15:50:36.773219,investigated_and_resolved
CAS-CSE-TELC-03-0034771,Tier-1,Tier-2,2026-04-26T23:37:33.443184,investigated_and_resolved
CAS-CSE-TELC-03-0034776,Tier-1,Tier-2,2026-04-27T12:21:11.127580,investigated_and_resolved
CAS-CSE-TELC-03-0034784,Tier-1,Tier-2,2026-04-27T16:44:59.889522,investigated_and_resolved
CAS-CSE-TELC-03-0034790,Tier-1,Tier-2,2026-04-28T01:18:11.311049,investigated_and_resolved
CAS-CSE-TELC-03-0034791,Tier-1,Tier-2,2026-04-28T01:52:17.835467,investigated_and_resolved
CAS-CSE-TELC-03-0034792,Tier-1,Tier-2,2026-04-28T01:49:19.336624,investigated_and_resolved
CAS-CSE-TELC-03-0034794,Tier-1,Tier-2,2026-04-28T05:09:54.193294,investigated_and_resolved
CAS-CSE-TELC-03-0034796,Tier-1,Tier-2,2026-04-28T05:17:33.610102,investigated_and_resolved
CAS-CSE-TELC-03-0034799,Tier-1,Tier-2,2026-04-28T09:30:50.462892,investigated_and_resolved
CAS-CSE-TELC-03-0034800,Tier-1,Tier-2,2026-04-28T12:52:03.499061,investigated_and_resolved
CAS-CSE-TELC-03-0034813,Tier-1,Tier-2,2026-04-29T08:07:39.405237,investigated_and_resolved
CAS-CSE-TELC-03-0034821,Tier-1,Tier-2,2026-04-29T23:59:15.968033,investigated_and_resolved
CAS-CSE-TELC-03-0034824,Tier-1,Tier-2,2026-04-30T03:49:38.929700,investigated_and_resolved
CAS-CSE-TELC-03-0034828,Tier-1,Tier-2,2026-04-30T10:47:48.539942,investigated_and_resolved
CAS-CSE-TELC-03-0034830,Tier-1,Tier-2,2026-04-30T11:18:53.624695,investigated_and_resolved
CAS-CSE-TELC-03-0034834,Tier-1,Tier-2,2026-04-30T19:50:19.320726,investigated_and_resolved
CAS-CSE-TELC-03-0034841,Tier-1,Tier-2,2026-05-01T12:34:29.777969,investigated_and_resolved
CAS-CSE-TELC-03-0034842,Tier-1,Tier-2,2026-05-01T14:49:02.553844,investigated_and_resolved
CAS-CSE-TELC-03-0034844,Tier-1,Tier-2,2026-05-01T17:52:25.538790,investigated_and_resolved
CAS-CSE-TELC-03-0034847,Tier-1,Tier-2,2026-05-01T23:27:56.799006,investigated_and_resolved
CAS-CSE-TELC-03-0034854,Tier-1,Tier-2,2026-05-03T00:01:31.065834,investigated_and_resolved
CAS-CSE-TELC-03-0034855,Tier-1,Tier-2,2026-05-03T01:46:54.796122,investigated_and_resolved
CAS-CSE-TELC-03-0034860,Tier-1,Tier-2,2026-05-03T04:15:07.484957,investigated_and_resolved
CAS-CSE-TELC-03-0034861,Tier-1,Tier-2,2026-05-03T05:50:03.396821,investigated_and_resolved
CAS-CSE-TELC-03-0034863,Tier-1,Tier-2,2026-05-03T08:06:57.090138,investigated_and_resolved
CAS-CSE-TELC-03-0034870,Tier-1,Tier-2,2026-05-03T13:08:46.060816,investigated_and_resolved
CAS-CSE-TELC-03-0034876,Tier-1,Tier-2,2026-05-03T18:17:26.232477,investigated_and_resolved
CAS-CSE-TELC-03-0034879,Tier-1,Tier-2,2026-05-03T22:20:05.089935,investigated_and_resolved
CAS-CSE-TELC-03-0034880,Tier-1,Tier-2,2026-05-04T02:23:19.701758,investigated_and_resolved
CAS-CSE-TELC-03-0034885,Tier-1,Tier-2,2026-05-04T07:27:39.406333,investigated_and_resolved
CAS-CSE-TELC-03-0034887,Tier-1,Tier-2,2026-05-04T12:14:32.946441,investigated_and_resolved
CAS-CSE-TELC-03-0034888,Tier-1,Tier-2,2026-05-04T13:23:08.984423,investigated_and_resolved
CAS-CSE-TELC-03-0034889,Tier-1,Tier-2,2026-05-04T14:22:29.108206,investigated_and_resolved
CAS-CSE-TELC-03-0034890,Tier-1,Tier-2,2026-05-04T15:47:46.139377,investigated_and_resolved
CAS-CSE-TELC-03-0034893,Tier-1,Tier-2,2026-05-04T20:18:45.413618,investigated_and_resolved
CAS-CSE-TELC-03-0034895,Tier-1,Tier-2,2026-05-04T22:21:19.240190,investigated_and_resolved
CAS-CSE-TELC-03-0034899,Tier-1,Tier-2,2026-05-05T00:41:17.544441,investigated_and_resolved
CAS-CSE-TELC-03-0034900,Tier-1,Tier-2,2026-05-05T00:54:25.026888,investigated_and_resolved
CAS-CSE-TELC-03-0034903,Tier-1,Tier-2,2026-05-05T05:04:05.717691,investigated_and_resolved
CAS-CSE-TELC-03-0034920,Tier-1,Tier-2,2026-05-06T05:48:15.433355,investigated_and_resolved
CAS-CSE-TELC-03-0034927,Tier-1,Tier-2,2026-05-06T19:31:39.784540,investigated_and_resolved
CAS-CSE-TELC-03-0034929,Tier-1,Tier-2,2026-05-06T21:10:02.603034,investigated_and_resolved
CAS-CSE-TELC-03-0034930,Tier-1,Tier-2,2026-05-06T23:12:59.447150,investigated_and_resolved
CAS-CSE-TELC-03-0034938,Tier-1,Tier-2,2026-05-07T14:15:45.250460,investigated_and_resolved
CAS-CSE-TELC-03-0034940,Tier-1,Tier-2,2026-05-07T15:58:24.062367,investigated_and_resolved
CAS-CSE-TELC-03-0034944,Tier-1,Tier-2,2026-05-07T17:17:44.908372,investigated_and_resolved
CAS-CSE-TELC-03-0034949,Tier-1,Tier-2,2026-05-08T01:08:27.389928,investigated_and_resolved
CAS-CSE-TELC-03-0034960,Tier-1,Tier-2,2026-05-08T18:24:14.966742,investigated_and_resolved
CAS-CSE-TELC-03-0034966,Tier-1,Tier-2,2026-05-09T05:54:48.447898,investigated_and_resolved
CAS-CSE-TELC-03-0034975,Tier-1,Tier-2,2026-05-09T15:03:48.075571,investigated_and_resolved
CAS-CSE-TELC-03-0034987,Tier-1,Tier-2,2026-05-10T10:29:49.894912,investigated_and_resolved
CAS-CSE-TELC-03-0034989,Tier-1,Tier-2,2026-05-10T10:37:12.197113,investigated_and_resolved
CAS-CSE-TELC-03-0034990,Tier-1,Tier-2,2026-05-10T14:29:29.536238,investigated_and_resolved
CAS-CSE-TELC-03-0034995,Tier-1,Tier-2,2026-05-10T23:31:55.511763,investigated_and_resolved
CAS-CSE-TELC-03-0035001,Tier-1,Tier-2,2026-05-11T10:34:36.339219,investigated_and_resolved
CAS-CSE-TELC-03-0035003,Tier-1,Tier-2,2026-05-11T11:38:52.395415,investigated_and_resolved
CAS-CSE-TELC-03-0035004,Tier-1,Tier-2,2026-05-11T12:13:08.300772,investigated_and_resolved
CAS-CSE-TELC-03-0035007,Tier-1,Tier-2,2026-05-11T16:06:40.800864,investigated_and_resolved
CAS-CSE-TELC-03-0035009,Tier-1,Tier-2,2026-05-11T19:38:48.791164,investigated_and_resolved
CAS-CSE-TELC-03-0035012,Tier-1,Tier-2,2026-05-12T00:14:23.389153,investigated_and_resolved
CAS-CSE-TELC-03-0035014,Tier-1,Tier-2,2026-05-12T04:34:16.139880,investigated_and_resolved
CAS-CSE-TELC-03-0035015,Tier-1,Tier-2,2026-05-12T12:18:57.017947,investigated_and_resolved
CAS-CSE-TELC-03-0035018,Tier-1,Tier-2,2026-05-12T16:24:13.566081,investigated_and_resolved
CAS-CSE-TELC-03-0035027,Tier-1,Tier-2,2026-05-13T09:41:30.918877,investigated_and_resolved
CAS-CSE-TELC-03-0035032,Tier-1,Tier-2,2026-05-13T15:28:20.342744,investigated_and_resolved
CAS-CSE-TELC-03-0035038,Tier-1,Tier-2,2026-05-14T00:45:39.150370,investigated_and_resolved
CAS-CSE-TELC-03-0035044,Tier-1,Tier-2,2026-05-14T14:11:58.768585,investigated_and_resolved
CAS-CSE-TELC-03-0035050,Tier-1,Tier-2,2026-05-14T21:47:52.639056,investigated_and_resolved
CAS-CSE-TELC-03-0035051,Tier-1,Tier-2,2026-05-14T23:09:23.885288,investigated_and_resolved
CAS-CSE-TELC-03-0035052,Tier-1,Tier-2,2026-05-15T00:44:57.272075,investigated_and_resolved
CAS-CSE-TELC-03-0035054,Tier-1,Tier-2,2026-05-14T23:54:16.338128,investigated_and_resolved
CAS-CSE-TELC-03-0035055,Tier-1,Tier-2,2026-05-14T23:57:33.407398,investigated_and_resolved
CAS-CSE-TELC-03-0035057,Tier-1,Tier-2,2026-05-15T02:29:44.372073,investigated_and_resolved
CAS-CSE-TELC-03-0035060,Tier-1,Tier-2,2026-05-15T05:27:22.376049,investigated_and_resolved
CAS-CSE-TELC-03-0035062,Tier-1,Tier-2,2026-05-15T05:43:09.835820,investigated_and_resolved
CAS-CSE-TELC-03-0035080,Tier-1,Tier-2,2026-05-16T22:47:31.774346,investigated_and_resolved
CAS-CSE-TELC-03-0035082,Tier-1,Tier-2,2026-05-17T00:37:42.704493,investigated_and_resolved
CAS-CSE-TELC-03-0035089,Tier-1,Tier-2,2026-05-17T10:35:27.602205,investigated_and_resolved
CAS-CSE-TELC-03-0035111,Tier-1,Tier-2,2026-05-18T14:38:15.109518,investigated_and_resolved
CAS-CSE-TELC-03-0035122,Tier-1,Tier-2,2026-05-19T06:21:05.917185,investigated_and_resolved
CAS-CSE-TELC-03-0035124,Tier-1,Tier-2,2026-05-19T08:20:54.357571,investigated_and_resolved
CAS-CSE-TELC-03-0035125,Tier-1,Tier-2,2026-05-19T11:28:34.927681,investigated_and_resolved
CAS-CSE-TELC-03-0035129,Tier-1,Tier-2,2026-05-19T17:24:00.066042,investigated_and_resolved
CAS-CSE-TELC-03-0035131,Tier-1,Tier-2,2026-05-20T00:02:01.848031,investigated_and_resolved
CAS-CSE-TELC-03-0035138,Tier-1,Tier-2,2026-05-20T14:12:25.407385,investigated_and_resolved
CAS-CSE-TELC-03-0035145,Tier-1,Tier-2,2026-05-21T09:11:47.290386,investigated_and_resolved
CAS-CSE-TELC-03-0035148,Tier-1,Tier-2,2026-05-21T12:31:32.996758,investigated_and_resolved
CAS-CSE-TELC-03-0035154,Tier-1,Tier-2,2026-05-21T20:33:24.944586,investigated_and_resolved
CAS-CSE-TELC-03-0035158,Tier-1,Tier-2,2026-05-22T02:03:00.190948,investigated_and_resolved
CAS-CSE-TELC-03-0035159,Tier-1,Tier-2,2026-05-22T05:30:43.856278,investigated_and_resolved
CAS-CSE-TELC-03-0035161,Tier-1,Tier-2,2026-05-22T08:14:27.125330,investigated_and_resolved
CAS-CSE-TELC-03-0035164,Tier-1,Tier-2,2026-05-22T15:41:51.060927,investigated_and_resolved
CAS-CSE-TELC-03-0035167,Tier-1,Tier-2,2026-05-22T20:08:42.162063,investigated_and_resolved
CAS-CSE-TELC-03-0035170,Tier-1,Tier-2,2026-05-23T02:46:30.651792,investigated_and_resolved
CAS-CSE-TELC-03-0035173,Tier-1,Tier-2,2026-05-23T11:59:37.697476,investigated_and_resolved
CAS-CSE-TELC-03-0035182,Tier-1,Tier-2,2026-05-24T03:31:16.405437,investigated_and_resolved
CAS-CSE-TELC-03-0035184,Tier-1,Tier-2,2026-05-24T07:08:52.072402,investigated_and_resolved
CAS-CSE-TELC-03-0035193,Tier-1,Tier-2,2026-05-25T05:11:41.817392,investigated_and_resolved
CAS-CSE-TELC-03-0035196,Tier-1,Tier-2,2026-05-25T05:57:58.041920,investigated_and_resolved
CAS-CSE-TELC-03-0035197,Tier-1,Tier-2,2026-05-25T06:55:53.102939,investigated_and_resolved
CAS-CSE-TELC-03-0035198,Tier-1,Tier-2,2026-05-25T07:49:39.205495,investigated_and_resolved
CAS-CSE-TELC-03-0035199,Tier-1,Tier-2,2026-05-25T07:42:14.637465,investigated_and_resolved
CAS-CSE-TELC-03-0035201,Tier-1,Tier-2,2026-05-25T09:59:00.848952,investigated_and_resolved
CAS-CSE-TELC-03-0035203,Tier-1,Tier-2,2026-05-25T14:16:41.277699,investigated_and_resolved
CAS-CSE-TELC-03-0035206,Tier-1,Tier-2,2026-05-25T16:54:08.619461,investigated_and_resolved
CAS-CSE-TELC-03-0035210,Tier-1,Tier-2,2026-05-25T19:22:56.480980,investigated_and_resolved
CAS-CSE-TELC-03-0035217,Tier-1,Tier-2,2026-05-26T13:28:55.509927,investigated_and_resolved
CAS-CSE-TELC-03-0035219,Tier-1,Tier-2,2026-05-26T15:32:23.190860,investigated_and_resolved
CAS-CSE-TELC-03-0035221,Tier-1,Tier-2,2026-05-26T16:57:45.543215,investigated_and_resolved
CAS-CSE-TELC-03-0035224,Tier-1,Tier-2,2026-05-26T23:46:38.210812,investigated_and_resolved
CAS-CSE-TELC-03-0035225,Tier-1,Tier-2,2026-05-27T04:40:17.593217,investigated_and_resolved
CAS-CSE-TELC-03-0035226,Tier-1,Tier-2,2026-05-27T05:30:46.026623,investigated_and_resolved
CAS-CSE-TELC-03-0035228,Tier-1,Tier-2,2026-05-27T09:00:57.198878,investigated_and_resolved
CAS-CSE-TELC-03-0035229,Tier-1,Tier-2,2026-05-27T09:03:52.309943,investigated_and_resolved
CAS-CSE-TELC-03-0035234,Tier-1,Tier-2,2026-05-27T13:11:45.749389,investigated_and_resolved
CAS-CSE-TELC-03-0035240,Tier-1,Tier-2,2026-05-27T17:59:36.363547,investigated_and_resolved
CAS-CSE-TELC-03-0035242,Tier-1,Tier-2,2026-05-27T18:35:33.982393,investigated_and_resolved
CAS-CSE-TELC-03-0035248,Tier-1,Tier-2,2026-05-28T05:45:11.941609,investigated_and_resolved
CAS-CSE-TELC-03-0035260,Tier-1,Tier-2,2026-05-28T22:21:21.347281,investigated_and_resolved
CAS-CSE-TELC-03-0035261,Tier-1,Tier-2,2026-05-29T00:24:22.686454,investigated_and_resolved
CAS-CSE-TELC-03-0035272,Tier-1,Tier-2,2026-05-29T21:41:38.182058,investigated_and_resolved
CAS-CSE-TELC-03-0035273,Tier-1,Tier-2,2026-05-29T20:35:25.898522,investigated_and_resolved
CAS-CSE-TELC-03-0035275,Tier-1,Tier-2,2026-05-30T04:46:31.956874,investigated_and_resolved
CAS-CSE-TELC-03-0035281,Tier-1,Tier-2,2026-05-30T16:59:18.165624,investigated_and_resolved
CAS-CSE-TELC-03-0035282,Tier-1,Tier-2,2026-05-30T18:20:45.764917,investigated_and_resolved
CAS-CSE-TELC-03-0035283,Tier-1,Tier-2,2026-05-30T21:01:29.898663,investigated_and_resolved
CAS-CSE-TELC-03-0035287,Tier-1,Tier-2,2026-05-30T23:19:16.114906,investigated_and_resolved
CAS-CSE-TELC-03-0035288,Tier-1,Tier-2,2026-05-30T23:50:23.278139,investigated_and_resolved
CAS-CSE-TELC-03-0035296,Tier-1,Tier-2,2026-05-31T16:16:04.996359,investigated_and_resolved
CAS-CSE-TELC-03-0035298,Tier-1,Tier-2,2026-05-31T21:50:55.003553,investigated_and_resolved
CAS-CSE-TELC-03-0035309,Tier-1,Tier-2,2026-06-01T06:45:50.266995,investigated_and_resolved
CAS-CSE-TELC-03-0035332,Tier-1,Tier-2,2026-06-02T10:49:19.418581,investigated_and_resolved
CAS-CSE-TELC-03-0035334,Tier-1,Tier-2,2026-06-02T13:19:39.842489,investigated_and_resolved
CAS-CSE-TELC-03-0035335,Tier-1,Tier-2,2026-06-02T13:53:27.456220,investigated_and_resolved
CAS-CSE-TELC-03-0035337,Tier-1,Tier-2,2026-06-02T16:00:12.917415,investigated_and_resolved
CAS-CSE-TELC-03-0035341,Tier-1,Tier-2,2026-06-02T19:29:02.262328,investigated_and_resolved
CAS-CSE-TELC-03-0035345,Tier-1,Tier-2,2026-06-03T06:14:00.514294,investigated_and_resolved
CAS-CSE-TELC-03-0035350,Tier-1,Tier-2,2026-06-03T10:38:22.874719,investigated_and_resolved
CAS-CSE-TELC-03-0035352,Tier-1,Tier-2,2026-06-03T11:06:58.909464,investigated_and_resolved
CAS-CSE-TELC-03-0035355,Tier-1,Tier-2,2026-06-03T13:02:25.396589,investigated_and_resolved
CAS-CSE-TELC-03-0035356,Tier-1,Tier-2,2026-06-03T14:14:46.159050,investigated_and_resolved
CAS-CSE-TELC-03-0035358,Tier-1,Tier-2,2026-06-03T17:38:28.304506,investigated_and_resolved
CAS-CSE-TELC-03-0035362,Tier-1,Tier-2,2026-06-03T20:02:57.547929,investigated_and_resolved
CAS-CSE-TELC-03-0035387,Tier-1,Tier-2,2026-06-05T07:30:55.707919,investigated_and_resolved
CAS-CSE-TELC-03-0035389,Tier-1,Tier-2,2026-06-05T10:07:27.893696,investigated_and_resolved
CAS-CSE-TELC-03-0035390,Tier-1,Tier-2,2026-06-05T11:17:47.532521,investigated_and_resolved
CAS-CSE-TELC-03-0035391,Tier-1,Tier-2,2026-06-05T13:25:43.370386,investigated_and_resolved
CAS-CSE-TELC-03-0035393,Tier-1,Tier-2,2026-06-05T13:06:52.924260,investigated_and_resolved
CAS-CSE-TELC-03-0035394,Tier-1,Tier-2,2026-06-05T14:59:07.790079,investigated_and_resolved
CAS-CSE-TELC-03-0035396,Tier-1,Tier-2,2026-06-05T22:01:01.977153,investigated_and_resolved
CAS-CSE-TELC-03-0035406,Tier-1,Tier-2,2026-06-06T16:41:51.352604,investigated_and_resolved
CAS-CSE-TELC-03-0035412,Tier-1,Tier-2,2026-06-07T05:21:31.984777,investigated_and_resolved
CAS-CSE-TELC-03-0035413,Tier-1,Tier-2,2026-06-07T07:32:11.767346,investigated_and_resolved
CAS-CSE-TELC-03-0035417,Tier-1,Tier-2,2026-06-07T13:24:42.878655,investigated_and_resolved
CAS-CSE-TELC-03-0035421,Tier-1,Tier-2,2026-06-07T20:52:22.502759,investigated_and_resolved
CAS-CSE-TELC-03-0035424,Tier-1,Tier-2,2026-06-08T06:56:17.676308,investigated_and_resolved
CAS-CSE-TELC-03-0035427,Tier-1,Tier-2,2026-06-08T12:09:09.684946,investigated_and_resolved
CAS-CSE-TELC-03-0035432,Tier-1,Tier-2,2026-06-08T20:51:35.512041,investigated_and_resolved
CAS-CSE-TELC-03-0035435,Tier-1,Tier-2,2026-06-08T22:58:38.281982,investigated_and_resolved
CAS-CSE-TELC-03-0035438,Tier-1,Tier-2,2026-06-09T03:19:48.768388,investigated_and_resolved
CAS-CSE-TELC-03-0035440,Tier-1,Tier-2,2026-06-09T08:26:54.318493,investigated_and_resolved
CAS-CSE-TELC-03-0035442,Tier-1,Tier-2,2026-06-09T09:09:52.344945,investigated_and_resolved
CAS-CSE-TELC-03-0035445,Tier-1,Tier-2,2026-06-09T15:40:06.055305,investigated_and_resolved
CAS-CSE-TELC-03-0035451,Tier-1,Tier-2,2026-06-09T20:46:20.780279,investigated_and_resolved
CAS-CSE-TELC-03-0035452,Tier-1,Tier-2,2026-06-10T02:11:12.841938,investigated_and_resolved
CAS-CSE-TELC-03-0035458,Tier-1,Tier-2,2026-06-10T14:16:58.640046,investigated_and_resolved
CAS-CSE-TELC-03-0035460,Tier-1,Tier-2,2026-06-10T20:53:32.060345,investigated_and_resolved
CAS-CSE-TELC-03-0035465,Tier-1,Tier-2,2026-06-10T21:40:52.581332,investigated_and_resolved
CAS-CSE-TELC-03-0035467,Tier-1,Tier-2,2026-06-11T00:35:21.020179,investigated_and_resolved
CAS-CSE-TELC-03-0035477,Tier-1,Tier-2,2026-06-11T14:10:10.820626,investigated_and_resolved
CAS-CSE-TELC-03-0035479,Tier-1,Tier-2,2026-06-11T14:44:47.577118,investigated_and_resolved
CAS-CSE-TELC-03-0035483,Tier-1,Tier-2,2026-06-12T00:22:51.102019,investigated_and_resolved
CAS-CSE-TELC-03-0035485,Tier-1,Tier-2,2026-06-12T05:30:58.558754,investigated_and_resolved
CAS-CSE-TELC-03-0035506,Tier-1,Tier-2,2026-06-14T03:48:42.956902,investigated_and_resolved
CAS-CSE-TELC-03-0035509,Tier-1,Tier-2,2026-06-14T04:36:11.039959,investigated_and_resolved
CAS-CSE-TELC-03-0035512,Tier-1,Tier-2,2026-06-14T10:53:28.405432,investigated_and_resolved
CAS-CSE-TELC-03-0035515,Tier-1,Tier-2,2026-06-14T18:48:22.658221,investigated_and_resolved
CAS-CSE-TELC-03-0035524,Tier-1,Tier-2,2026-06-15T11:43:04.126915,investigated_and_resolved
CAS-CSE-TELC-03-0035531,Tier-1,Tier-2,2026-06-15T17:23:07.559830,investigated_and_resolved
CAS-CSE-TELC-03-0035535,Tier-1,Tier-2,2026-06-15T20:18:33.028025,investigated_and_resolved
CAS-CSE-TELC-03-0035538,Tier-1,Tier-2,2026-06-16T01:31:44.651551,investigated_and_resolved
CAS-CSE-TELC-03-0035543,Tier-1,Tier-2,2026-06-16T08:01:01.819086,investigated_and_resolved
CAS-CSE-TELC-03-0035544,Tier-1,Tier-2,2026-06-16T11:49:41.882446,investigated_and_resolved
CAS-CSE-TELC-03-0035560,Tier-1,Tier-2,2026-06-17T09:50:30.825916,investigated_and_resolved
CAS-CSE-TELC-03-0035561,Tier-1,Tier-2,2026-06-17T10:04:32.695299,investigated_and_resolved
CAS-CSE-TELC-03-0035562,Tier-1,Tier-2,2026-06-17T13:20:38.181794,investigated_and_resolved
CAS-CSE-TELC-03-0035568,Tier-1,Tier-2,2026-06-18T02:19:47.123500,investigated_and_resolved
CAS-CSE-TELC-03-0035571,Tier-1,Tier-2,2026-06-18T05:12:52.554624,investigated_and_resolved
CAS-CSE-TELC-03-0035572,Tier-1,Tier-2,2026-06-18T05:37:34.503218,investigated_and_resolved
CAS-CSE-TELC-03-0035578,Tier-1,Tier-2,2026-06-18T15:18:01.541327,investigated_and_resolved
CAS-CSE-TELC-03-0035580,Tier-1,Tier-2,2026-06-18T21:16:15.225722,investigated_and_resolved
CAS-CSE-TELC-03-0035583,Tier-1,Tier-2,2026-06-19T01:05:14.722748,investigated_and_resolved
CAS-CSE-TELC-03-0035584,Tier-1,Tier-2,2026-06-19T01:04:57.034086,investigated_and_resolved
CAS-CSE-TELC-03-0035601,Tier-1,Tier-2,2026-06-21T04:23:39.730103,investigated_and_resolved
CAS-CSE-TELC-03-0035605,Tier-1,Tier-2,2026-06-21T07:28:05.785298,investigated_and_resolved
CAS-CSE-TELC-03-0035611,Tier-1,Tier-2,2026-06-21T17:04:23.463995,investigated_and_resolved
CAS-CSE-TELC-03-0035624,Tier-1,Tier-2,2026-06-22T09:50:38.751620,investigated_and_resolved
CAS-CSE-TELC-03-0035632,Tier-1,Tier-2,2026-06-23T05:58:50.427391,investigated_and_resolved
CAS-CSE-TELC-03-0035634,Tier-1,Tier-2,2026-06-23T06:02:13.250708,investigated_and_resolved
CAS-CSE-TELC-03-0035637,Tier-1,Tier-2,2026-06-23T16:47:57.275896,investigated_and_resolved
CAS-CSE-TELC-03-0035639,Tier-1,Tier-2,2026-06-23T14:40:45.926182,investigated_and_resolved
CAS-CSE-TELC-03-0035647,Tier-1,Tier-2,2026-06-24T02:49:37.431616,investigated_and_resolved
CAS-CSE-TELC-03-0035654,Tier-1,Tier-2,2026-06-24T15:39:31.365281,investigated_and_resolved
CAS-CSE-TELC-03-0035661,Tier-1,Tier-2,2026-06-24T21:16:23.608675,investigated_and_resolved
CAS-CSE-TELC-03-0035664,Tier-1,Tier-2,2026-06-25T01:22:42.559783,investigated_and_resolved
CAS-CSE-TELC-03-0035670,Tier-1,Tier-2,2026-06-25T08:15:52.166221,investigated_and_resolved
CAS-CSE-TELC-03-0035672,Tier-1,Tier-2,2026-06-25T09:54:06.567550,investigated_and_resolved
CAS-CSE-TELC-03-0035678,Tier-1,Tier-2,2026-06-25T15:30:16.690430,investigated_and_resolved
CAS-CSE-TELC-03-0035680,Tier-1,Tier-2,2026-06-25T19:03:27.879262,investigated_and_resolved
CAS-CSE-TELC-03-0035682,Tier-1,Tier-2,2026-06-25T22:30:27.172629,investigated_and_resolved
CAS-CSE-TELC-03-0035685,Tier-1,Tier-2,2026-06-25T23:40:43.669105,investigated_and_resolved
CAS-CSE-TELC-03-0035701,Tier-1,Tier-2,2026-06-27T06:34:54.223053,investigated_and_resolved
CAS-CSE-TELC-03-0035702,Tier-1,Tier-2,2026-06-27T06:44:30.249620,investigated_and_resolved
CAS-CSE-TELC-03-0035715,Tier-1,Tier-2,2026-06-27T20:01:33.977012,investigated_and_resolved
CAS-CSE-TELC-03-0035719,Tier-1,Tier-2,2026-06-28T02:37:21.672495,investigated_and_resolved
CAS-CSE-TELC-03-0035720,Tier-1,Tier-2,2026-06-28T04:25:47.211514,investigated_and_resolved
CAS-CSE-TELC-03-0035721,Tier-1,Tier-2,2026-06-28T05:23:24.287360,investigated_and_resolved
CAS-CSE-TELC-03-0035722,Tier-1,Tier-2,2026-06-28T07:30:50.736651,investigated_and_resolved
CAS-CSE-TELC-03-0035733,Tier-1,Tier-2,2026-06-29T04:14:34.465287,investigated_and_resolved
CAS-CSE-TELC-03-0035734,Tier-1,Tier-2,2026-06-29T10:22:20.206930,investigated_and_resolved
CAS-CSE-TELC-03-0035739,Tier-1,Tier-2,2026-06-29T13:40:37.976267,investigated_and_resolved
CAS-CSE-TELC-03-0035765,Tier-1,Tier-2,2026-06-30T23:46:18.353114,investigated_and_resolved
CAS-CSE-TELC-03-0035770,Tier-1,Tier-2,2026-07-01T09:41:40.354533,investigated_and_resolved
CAS-CSE-TELC-03-0035777,Tier-1,Tier-2,2026-07-01T22:12:24.792225,investigated_and_resolved
CAS-CSE-TELC-03-0035783,Tier-1,Tier-2,2026-07-02T00:16:02.422875,investigated_and_resolved
CAS-CSE-TELC-03-0035791,Tier-1,Tier-2,2026-07-02T08:26:13.441887,investigated_and_resolved
CAS-CSE-TELC-03-0035795,Tier-1,Tier-2,2026-07-02T11:53:20.424984,investigated_and_resolved
CAS-CSE-TELC-03-0035797,Tier-1,Tier-2,2026-07-02T16:41:51.875910,investigated_and_resolved
CAS-CSE-TELC-03-0035799,Tier-1,Tier-2,2026-07-02T16:10:12.524698,investigated_and_resolved
CAS-CSE-TELC-03-0035818,Tier-1,Tier-2,2026-07-03T16:38:19.216497,investigated_and_resolved
CAS-CSE-TELC-03-0035819,Tier-1,Tier-2,2026-07-03T18:09:10.805508,investigated_and_resolved
CAS-CSE-TELC-03-0035823,Tier-1,Tier-2,2026-07-03T21:46:19.780880,investigated_and_resolved
CAS-CSE-TELC-03-0035837,Tier-1,Tier-2,2026-07-04T23:50:19.652137,investigated_and_resolved
CAS-CSE-TELC-03-0035863,Tier-1,Tier-2,2026-07-06T20:19:23.446231,investigated_and_resolved
CAS-CSE-TELC-03-0035864,Tier-1,Tier-2,2026-07-06T22:46:30.413893,investigated_and_resolved
CAS-CSE-TELC-03-0035867,Tier-1,Tier-2,2026-07-07T02:13:29.291952,investigated_and_resolved
CAS-CSE-TELC-03-0035868,Tier-1,Tier-2,2026-07-07T03:52:04.396926,investigated_and_resolved
CAS-CSE-TELC-03-0035869,Tier-1,Tier-2,2026-07-07T05:02:21.517739,investigated_and_resolved
CAS-CSE-TELC-03-0035870,Tier-1,Tier-2,2026-07-07T06:35:35.486470,investigated_and_resolved
CAS-CSE-TELC-03-0035871,Tier-1,Tier-2,2026-07-07T06:46:11.016997,investigated_and_resolved
CAS-CSE-TELC-03-0035874,Tier-1,Tier-2,2026-07-07T15:21:01.927631,investigated_and_resolved
CAS-CSE-TELC-03-0035892,Tier-1,Tier-2,2026-07-08T18:38:39.958696,investigated_and_resolved
CAS-CSE-TELC-03-0035893,Tier-1,Tier-2,2026-07-08T19:59:50.741975,investigated_and_resolved
CAS-CSE-TELC-03-0035895,Tier-1,Tier-2,2026-07-08T23:11:44.332632,investigated_and_resolved
CAS-CSE-TELC-03-0035898,Tier-1,Tier-2,2026-07-09T11:18:21.830082,investigated_and_resolved
CAS-CSE-TELC-03-0035900,Tier-1,Tier-2,2026-07-09T17:03:40.718930,investigated_and_resolved
CAS-CSE-TELC-03-0035906,Tier-1,Tier-2,2026-07-10T03:36:38.835791,investigated_and_resolved
CAS-CSE-TELC-03-0035909,Tier-1,Tier-2,2026-07-10T06:49:23.397945,investigated_and_resolved
CAS-CSE-TELC-03-0035912,Tier-1,Tier-2,2026-07-10T09:21:25.680495,investigated_and_resolved
CAS-CSE-TELC-03-0035915,Tier-1,Tier-2,2026-07-10T12:13:29.993324,investigated_and_resolved
CAS-CSE-TELC-03-0035922,Tier-1,Tier-2,2026-07-11T00:03:37.101953,investigated_and_resolved
CAS-CSE-TELC-03-0035933,Tier-1,Tier-2,2026-07-11T17:17:53.420493,investigated_and_resolved
CAS-CSE-TELC-03-0035935,Tier-1,Tier-2,2026-07-11T20:55:23.510294,investigated_and_resolved
CAS-CSE-TELC-03-0035938,Tier-1,Tier-2,2026-07-12T04:42:52.616972,investigated_and_resolved
CAS-CSE-TELC-03-0035940,Tier-1,Tier-2,2026-07-12T08:22:27.453798,investigated_and_resolved
CAS-CSE-TELC-03-0035944,Tier-1,Tier-2,2026-07-12T19:47:26.793852,investigated_and_resolved
CAS-CSE-TELC-03-0035948,Tier-1,Tier-2,2026-07-13T08:42:26.909170,investigated_and_resolved
CAS-CSE-TELC-03-0035949,Tier-1,Tier-2,2026-07-13T10:36:46.225401,investigated_and_resolved
CAS-CSE-TELC-03-0035956,Tier-1,Tier-2,2026-07-13T16:13:09.142651,investigated_and_resolved
CAS-CSE-TELC-03-0035965,Tier-1,Tier-2,2026-07-14T09:51:35.330291,investigated_and_resolved
CAS-CSE-TELC-03-0035971,Tier-1,Tier-2,2026-07-14T19:31:48.603520,investigated_and_resolved
CAS-CSE-TELC-03-0035972,Tier-1,Tier-2,2026-07-14T20:59:33.328446,investigated_and_resolved
CAS-CSE-TELC-03-0035986,Tier-1,Tier-2,2026-07-15T18:36:47.377732,investigated_and_resolved
CAS-CSE-TELC-03-0035994,Tier-1,Tier-2,2026-07-16T05:20:49.013216,investigated_and_resolved
CAS-CSE-TELC-03-0035999,Tier-1,Tier-2,2026-07-16T08:52:24.218217,investigated_and_resolved
CAS-CSE-TELC-03-0036000,Tier-1,Tier-2,2026-07-16T09:45:51.557548,investigated_and_resolved
CAS-CSE-TELC-03-0036016,Tier-1,Tier-2,2026-07-17T15:53:18.074992,investigated_and_resolved
CAS-CSE-TELC-03-0036018,Tier-1,Tier-2,2026-07-17T17:12:23.939341,investigated_and_resolved
CAS-CSE-TELC-03-0036020,Tier-1,Tier-2,2026-07-17T21:11:29.268689,investigated_and_resolved
CAS-CSE-TELC-03-0036022,Tier-1,Tier-2,2026-07-18T00:26:27.638411,investigated_and_resolved
CAS-CSE-TELC-03-0036024,Tier-1,Tier-2,2026-07-18T02:57:06.963376,investigated_and_resolved
CAS-CSE-TELC-03-0036026,Tier-1,Tier-2,2026-07-18T07:32:06.294145,investigated_and_resolved
CAS-CSE-TELC-03-0036027,Tier-1,Tier-2,2026-07-18T07:53:53.474637,investigated_and_resolved
CAS-CSE-TELC-03-0036032,Tier-1,Tier-2,2026-07-18T20:31:03.536054,investigated_and_resolved
CAS-CSE-TELC-03-0036036,Tier-1,Tier-2,2026-07-19T00:46:55.048030,investigated_and_resolved
CAS-CSE-TELC-03-0036037,Tier-1,Tier-2,2026-07-19T00:35:14.478301,investigated_and_resolved
CAS-CSE-TELC-03-0036046,Tier-1,Tier-2,2026-07-19T18:08:30.314203,investigated_and_resolved
CAS-CSE-TELC-03-0036051,Tier-1,Tier-2,2026-07-20T01:15:31.131085,investigated_and_resolved
CAS-CSE-TELC-03-0036054,Tier-1,Tier-2,2026-07-20T01:10:13.193634,investigated_and_resolved
CAS-CSE-TELC-03-0036055,Tier-1,Tier-2,2026-07-20T01:13:59.521074,investigated_and_resolved
CAS-CSE-TELC-03-0036056,Tier-1,Tier-2,2026-07-20T03:28:58.860813,investigated_and_resolved
CAS-CSE-TELC-03-0036057,Tier-1,Tier-2,2026-07-20T05:41:21.870370,investigated_and_resolved
CAS-CSE-TELC-03-0036061,Tier-1,Tier-2,2026-07-20T14:49:26.020753,investigated_and_resolved
CAS-CSE-TELC-03-0036065,Tier-1,Tier-2,2026-07-20T21:20:08.375528,investigated_and_resolved
CAS-CSE-TELC-03-0036066,Tier-1,Tier-2,2026-07-20T22:20:36.883588,investigated_and_resolved
CAS-CSE-TELC-03-0036067,Tier-1,Tier-2,2026-07-20T23:38:10.611845,investigated_and_resolved
CAS-CSE-TELC-03-0036077,Tier-1,Tier-2,2026-07-21T12:32:38.606588,investigated_and_resolved
CAS-CSE-TELC-03-0036084,Tier-1,Tier-2,2026-07-22T01:46:31.475956,investigated_and_resolved
CAS-CSE-TELC-03-0036088,Tier-1,Tier-2,2026-07-22T08:35:03.055723,investigated_and_resolved
CAS-CSE-TELC-03-0036095,Tier-1,Tier-2,2026-07-22T12:47:32.748855,investigated_and_resolved
CAS-CSE-TELC-03-0036096,Tier-1,Tier-2,2026-07-22T13:56:17.331172,investigated_and_resolved
CAS-CSE-TELC-03-0036102,Tier-1,Tier-2,2026-07-22T19:16:42.922693,investigated_and_resolved
CAS-CSE-TELC-03-0036104,Tier-1,Tier-2,2026-07-22T22:27:10.152657,investigated_and_resolved
CAS-CSE-TELC-03-0036107,Tier-1,Tier-2,2026-07-23T03:49:18.478751,investigated_and_resolved
CAS-CSE-TELC-03-0036111,Tier-1,Tier-2,2026-07-23T13:00:51.558086,investigated_and_resolved
CAS-CSE-TELC-03-0036114,Tier-1,Tier-2,2026-07-23T19:18:42.310237,investigated_and_resolved
CAS-CSE-TELC-03-0036115,Tier-1,Tier-2,2026-07-23T20:46:04.147991,investigated_and_resolved
CAS-CSE-TELC-03-0036126,Tier-1,Tier-2,2026-07-24T09:09:57.914484,investigated_and_resolved
CAS-CSE-TELC-03-0036127,Tier-1,Tier-2,2026-07-24T11:16:33.704834,investigated_and_resolved
CAS-CSE-TELC-03-0036128,Tier-1,Tier-2,2026-07-24T11:58:42.809009,investigated_and_resolved
CAS-CSE-TELC-03-0036131,Tier-1,Tier-2,2026-07-24T14:01:41.566303,investigated_and_resolved
CAS-CSE-TELC-03-0036132,Tier-1,Tier-2,2026-07-24T12:59:04.861246,investigated_and_resolved
CAS-CSE-TELC-03-0036133,Tier-1,Tier-2,2026-07-24T14:51:00.888001,investigated_and_resolved
CAS-CSE-TELC-03-0036142,Tier-1,Tier-2,2026-07-25T04:21:06.299595,investigated_and_resolved
CAS-CSE-TELC-03-0036146,Tier-1,Tier-2,2026-07-25T09:15:02.266944,investigated_and_resolved
CAS-CSE-TELC-03-0036147,Tier-1,Tier-2,2026-07-25T08:44:26.232141,investigated_and_resolved
CAS-CSE-TELC-03-0036149,Tier-1,Tier-2,2026-07-25T12:47:16.237908,investigated_and_resolved
CAS-CSE-TELC-03-0036155,Tier-1,Tier-2,2026-07-26T00:43:22.029246,investigated_and_resolved
CAS-CSE-TELC-03-0036160,Tier-1,Tier-2,2026-07-26T04:44:10.899344,investigated_and_resolved
CAS-CSE-TELC-03-0036169,Tier-1,Tier-2,2026-07-26T17:39:20.647202,investigated_and_resolved
CAS-CSE-TELC-03-0036172,Tier-1,Tier-2,2026-07-26T21:27:24.834295,investigated_and_resolved
CAS-CSE-TELC-03-0036175,Tier-1,Tier-2,2026-07-27T01:32:14.909414,investigated_and_resolved
CAS-CSE-TELC-03-0036187,Tier-1,Tier-2,2026-07-27T11:13:47.740002,investigated_and_resolved
CAS-CSE-TELC-03-0036202,Tier-1,Tier-2,2026-07-28T10:30:48.986038,investigated_and_resolved
CAS-CSE-TELC-03-0036209,Tier-1,Tier-2,2026-07-28T14:05:16.099230,investigated_and_resolved
CAS-CSE-TELC-03-0036212,Tier-1,Tier-2,2026-07-28T16:04:56.130418,investigated_and_resolved
CAS-CSE-TELC-03-0036213,Tier-1,Tier-2,2026-07-28T22:48:22.402086,investigated_and_resolved
CAS-CSE-TELC-03-0036220,Tier-1,Tier-2,2026-07-29T01:56:56.547419,investigated_and_resolved
CAS-CSE-TELC-03-0036225,Tier-1,Tier-2,2026-07-29T13:26:51.871425,investigated_and_resolved
CAS-CSE-TELC-03-0036227,Tier-1,Tier-2,2026-07-29T17:23:45.785107,investigated_and_resolved
CAS-CSE-TELC-03-0036231,Tier-1,Tier-2,2026-07-30T05:21:06.008616,investigated_and_resolved
CAS-CSE-TELC-03-0036240,Tier-1,Tier-2,2026-07-30T21:21:15.341619,investigated_and_resolved
CAS-CSE-TELC-03-0036242,Tier-1,Tier-2,2026-07-30T21:54:46.672807,investigated_and_resolved
CAS-CSE-TELC-03-0036243,Tier-1,Tier-2,2026-07-30T22:22:44.714596,investigated_and_resolved
CAS-CSE-TELC-03-0036245,Tier-1,Tier-2,2026-07-31T01:51:55.286952,investigated_and_resolved
CAS-CSE-TELC-03-0036252,Tier-1,Tier-2,2026-07-31T12:33:30.412260,investigated_and_resolved
CAS-CSE-TELC-03-0036257,Tier-1,Tier-2,2026-07-31T18:17:50.915644,investigated_and_resolved
CAS-CSE-TELC-03-0036269,Tier-1,Tier-2,2026-08-01T11:09:41.986305,investigated_and_resolved
CAS-CSE-TELC-03-0036276,Tier-1,Tier-2,2026-08-01T17:17:29.542857,investigated_and_resolved
CAS-CSE-TELC-03-0036278,Tier-1,Tier-2,2026-08-01T18:31:12.810687,investigated_and_resolved
CAS-CSE-TELC-03-0036296,Tier-1,Tier-2,2026-08-02T19:38:11.788254,investigated_and_resolved
CAS-CSE-TELC-03-0036300,Tier-1,Tier-2,2026-08-03T03:14:49.308335,investigated_and_resolved
CAS-CSE-TELC-03-0036302,Tier-1,Tier-2,2026-08-03T03:26:22.271486,investigated_and_resolved
CAS-CSE-TELC-03-0036309,Tier-1,Tier-2,2026-08-03T17:28:17.872022,investigated_and_resolved
CAS-CSE-TELC-03-0036311,Tier-1,Tier-2,2026-08-03T20:10:07.279405,investigated_and_resolved
CAS-CSE-TELC-03-0036316,Tier-1,Tier-2,2026-08-04T14:22:50.147628,investigated_and_resolved
CAS-CSE-TELC-03-0036327,Tier-1,Tier-2,2026-08-05T18:17:27.453002,investigated_and_resolved
CAS-CSE-TELC-03-0036330,Tier-1,Tier-2,2026-08-05T22:03:07.182695,investigated_and_resolved
CAS-CSE-TELC-03-0036335,Tier-1,Tier-2,2026-08-06T03:28:39.877574,investigated_and_resolved
CAS-CSE-TELC-03-0036336,Tier-1,Tier-2,2026-08-06T06:32:08.309489,investigated_and_resolved
CAS-CSE-TELC-03-0036341,Tier-1,Tier-2,2026-08-06T19:18:10.922393,investigated_and_resolved
CAS-CSE-TELC-03-0036344,Tier-1,Tier-2,2026-08-06T23:51:37.591024,investigated_and_resolved
CAS-CSE-TELC-03-0036361,Tier-1,Tier-2,2026-08-08T06:49:45.459557,investigated_and_resolved
CAS-CSE-TELC-03-0036372,Tier-1,Tier-2,2026-08-09T01:19:44.831492,investigated_and_resolved
CAS-CSE-TELC-03-0036376,Tier-1,Tier-2,2026-08-09T04:24:51.538436,investigated_and_resolved
CAS-CSE-TELC-03-0036378,Tier-1,Tier-2,2026-08-09T09:56:52.083715,investigated_and_resolved
CAS-CSE-TELC-03-0036379,Tier-1,Tier-2,2026-08-09T11:18:17.184491,investigated_and_resolved
CAS-CSE-TELC-03-0036380,Tier-1,Tier-2,2026-08-09T12:37:54.189557,investigated_and_resolved
CAS-CSE-TELC-03-0036389,Tier-1,Tier-2,2026-08-10T10:21:05.151723,investigated_and_resolved
CAS-CSE-TELC-03-0036392,Tier-1,Tier-2,2026-08-10T17:17:13.863694,investigated_and_resolved
CAS-CSE-TELC-03-0036401,Tier-1,Tier-2,2026-08-11T05:08:45.122083,investigated_and_resolved
CAS-CSE-TELC-03-0036407,Tier-1,Tier-2,2026-08-11T17:41:26.673717,investigated_and_resolved
CAS-CSE-TELC-03-0036422,Tier-1,Tier-2,2026-08-12T23:07:28.721728,investigated_and_resolved
CAS-CSE-TELC-03-0036429,Tier-1,Tier-2,2026-08-13T08:38:17.233243,investigated_and_resolved
CAS-CSE-TELC-03-0036432,Tier-1,Tier-2,2026-08-13T16:29:09.935791,investigated_and_resolved
CAS-CSE-TELC-03-0036437,Tier-1,Tier-2,2026-08-14T04:01:23.955696,investigated_and_resolved
CAS-CSE-TELC-03-0036447,Tier-1,Tier-2,2026-08-14T17:46:08.569455,investigated_and_resolved
CAS-CSE-TELC-03-0036449,Tier-1,Tier-2,2026-08-14T22:08:42.689023,investigated_and_resolved
CAS-CSE-TELC-03-0036454,Tier-1,Tier-2,2026-08-15T00:54:06.304974,investigated_and_resolved
CAS-CSE-TELC-03-0036456,Tier-1,Tier-2,2026-08-15T05:51:21.451845,investigated_and_resolved
CAS-CSE-TELC-03-0036457,Tier-1,Tier-2,2026-08-15T06:54:54.259111,investigated_and_resolved
CAS-CSE-TELC-03-0036461,Tier-1,Tier-2,2026-08-15T14:51:13.665226,investigated_and_resolved
CAS-CSE-TELC-03-0036466,Tier-1,Tier-2,2026-08-15T19:16:55.615751,investigated_and_resolved
CAS-CSE-TELC-03-0036470,Tier-1,Tier-2,2026-08-16T11:08:54.907572,investigated_and_resolved
CAS-CSE-TELC-03-0036477,Tier-1,Tier-2,2026-08-16T23:58:50.871587,investigated_and_resolved
CAS-CSE-TELC-03-0036485,Tier-1,Tier-2,2026-08-17T12:40:38.893996,investigated_and_resolved
CAS-CSE-TELC-03-0036492,Tier-1,Tier-2,2026-08-18T02:43:01.298559,investigated_and_resolved
CAS-CSE-TELC-03-0036494,Tier-1,Tier-2,2026-08-18T05:24:52.711480,investigated_and_resolved
CAS-CSE-TELC-03-0036506,Tier-1,Tier-2,2026-08-19T01:02:16.246988,investigated_and_resolved
CAS-CSE-TELC-03-0036510,Tier-1,Tier-2,2026-08-19T08:07:59.891733,investigated_and_resolved
CAS-CSE-TELC-03-0036514,Tier-1,Tier-2,2026-08-19T10:34:30.327503,investigated_and_resolved
CAS-CSE-TELC-03-0036521,Tier-1,Tier-2,2026-08-19T19:48:38.189780,investigated_and_resolved
CAS-CSE-TELC-03-0036524,Tier-1,Tier-2,2026-08-19T22:16:15.093842,investigated_and_resolved
CAS-CSE-TELC-03-0036526,Tier-1,Tier-2,2026-08-19T23:19:45.194459,investigated_and_resolved
CAS-CSE-TELC-03-0036529,Tier-1,Tier-2,2026-08-20T02:00:22.453573,investigated_and_resolved
CAS-CSE-TELC-03-0036530,Tier-1,Tier-2,2026-08-20T02:09:53.876351,investigated_and_resolved
CAS-CSE-TELC-03-0036537,Tier-1,Tier-2,2026-08-20T06:12:24.180381,investigated_and_resolved
CAS-CSE-TELC-03-0036545,Tier-1,Tier-2,2026-08-21T03:43:12.018204,investigated_and_resolved
CAS-CSE-TELC-03-0036550,Tier-1,Tier-2,2026-08-21T18:06:12.348546,investigated_and_resolved
CAS-CSE-TELC-03-0036551,Tier-1,Tier-2,2026-08-21T19:16:16.957136,investigated_and_resolved
CAS-CSE-TELC-03-0036555,Tier-1,Tier-2,2026-08-22T01:05:24.660304,investigated_and_resolved
CAS-CSE-TELC-03-0036558,Tier-1,Tier-2,2026-08-22T00:58:39.462331,investigated_and_resolved
CAS-CSE-TELC-03-0036567,Tier-1,Tier-2,2026-08-22T13:58:24.513127,investigated_and_resolved
CAS-CSE-TELC-03-0036568,Tier-1,Tier-2,2026-08-22T16:26:02.265529,investigated_and_resolved
CAS-CSE-TELC-03-0036583,Tier-1,Tier-2,2026-08-23T14:23:46.007861,investigated_and_resolved
CAS-CSE-TELC-03-0036585,Tier-1,Tier-2,2026-08-23T16:10:58.534736,investigated_and_resolved
CAS-CSE-TELC-03-0036589,Tier-1,Tier-2,2026-08-24T02:33:30.326848,investigated_and_resolved
CAS-CSE-TELC-03-0036590,Tier-1,Tier-2,2026-08-24T05:07:37.044581,investigated_and_resolved
CAS-CSE-TELC-03-0036591,Tier-1,Tier-2,2026-08-24T08:20:15.483082,investigated_and_resolved
CAS-CSE-TELC-03-0036602,Tier-1,Tier-2,2026-08-25T13:06:39.569988,investigated_and_resolved
CAS-CSE-TELC-03-0036609,Tier-1,Tier-2,2026-08-26T00:16:26.390971,investigated_and_resolved
CAS-CSE-TELC-03-0036618,Tier-1,Tier-2,2026-08-26T07:03:21.395689,investigated_and_resolved
CAS-CSE-TELC-03-0036619,Tier-1,Tier-2,2026-08-26T09:00:18.584270,investigated_and_resolved
CAS-CSE-TELC-03-0036631,Tier-1,Tier-2,2026-08-27T08:20:24.967871,investigated_and_resolved
CAS-CSE-TELC-04-0036649,Tier-1,Tier-2,2026-03-01T14:25:16.775308,investigated_and_resolved
CAS-CSE-TELC-04-0036650,Tier-1,Tier-2,2026-03-01T15:32:47.908953,investigated_and_resolved
CAS-CSE-TELC-04-0036657,Tier-1,Tier-2,2026-03-02T06:29:16.858254,investigated_and_resolved
CAS-CSE-TELC-04-0036663,Tier-1,Tier-2,2026-03-02T11:26:04.556083,investigated_and_resolved
CAS-CSE-TELC-04-0036671,Tier-1,Tier-2,2026-03-02T21:22:36.787023,investigated_and_resolved
CAS-CSE-TELC-04-0036672,Tier-1,Tier-2,2026-03-02T23:08:49.837095,investigated_and_resolved
CAS-CSE-TELC-04-0036673,Tier-1,Tier-2,2026-03-02T23:31:58.159626,investigated_and_resolved
CAS-CSE-TELC-04-0036674,Tier-1,Tier-2,2026-03-03T01:02:39.475894,investigated_and_resolved
CAS-CSE-TELC-04-0036676,Tier-1,Tier-2,2026-03-03T03:15:38.043815,investigated_and_resolved
CAS-CSE-TELC-04-0036677,Tier-1,Tier-2,2026-03-03T04:48:38.290934,investigated_and_resolved
CAS-CSE-TELC-04-0036678,Tier-1,Tier-2,2026-03-03T08:11:16.170059,investigated_and_resolved
CAS-CSE-TELC-04-0036680,Tier-1,Tier-2,2026-03-03T11:17:38.841682,investigated_and_resolved
CAS-CSE-TELC-04-0036683,Tier-1,Tier-2,2026-03-03T12:47:54.125200,investigated_and_resolved
CAS-CSE-TELC-04-0036684,Tier-1,Tier-2,2026-03-03T15:29:24.598267,investigated_and_resolved
CAS-CSE-TELC-04-0036691,Tier-1,Tier-2,2026-03-04T01:14:44.491458,investigated_and_resolved
CAS-CSE-TELC-04-0036699,Tier-1,Tier-2,2026-03-04T15:09:10.134983,investigated_and_resolved
CAS-CSE-TELC-04-0036701,Tier-1,Tier-2,2026-03-04T17:21:01.865867,investigated_and_resolved
CAS-CSE-TELC-04-0036703,Tier-1,Tier-2,2026-03-05T00:42:58.495010,investigated_and_resolved
CAS-CSE-TELC-04-0036706,Tier-1,Tier-2,2026-03-05T06:22:46.321120,investigated_and_resolved
CAS-CSE-TELC-04-0036708,Tier-1,Tier-2,2026-03-05T08:04:51.449963,investigated_and_resolved
CAS-CSE-TELC-04-0036721,Tier-1,Tier-2,2026-03-06T18:11:02.819284,investigated_and_resolved
CAS-CSE-TELC-04-0036728,Tier-1,Tier-2,2026-03-07T13:25:50.005245,investigated_and_resolved
CAS-CSE-TELC-04-0036730,Tier-1,Tier-2,2026-03-07T15:26:24.846823,investigated_and_resolved
CAS-CSE-TELC-04-0036733,Tier-1,Tier-2,2026-03-08T03:47:15.292810,investigated_and_resolved
CAS-CSE-TELC-04-0036736,Tier-1,Tier-2,2026-03-08T06:39:26.700113,investigated_and_resolved
CAS-CSE-TELC-04-0036744,Tier-1,Tier-2,2026-03-08T17:44:05.363211,investigated_and_resolved
CAS-CSE-TELC-04-0036748,Tier-1,Tier-2,2026-03-09T08:58:17.327335,investigated_and_resolved
CAS-CSE-TELC-04-0036750,Tier-1,Tier-2,2026-03-09T15:15:56.633124,investigated_and_resolved
CAS-CSE-TELC-04-0036753,Tier-1,Tier-2,2026-03-09T19:48:29.049419,investigated_and_resolved
CAS-CSE-TELC-04-0036755,Tier-1,Tier-2,2026-03-10T04:36:27.500071,investigated_and_resolved
CAS-CSE-TELC-04-0036758,Tier-1,Tier-2,2026-03-10T16:28:20.547197,investigated_and_resolved
CAS-CSE-TELC-04-0036759,Tier-1,Tier-2,2026-03-10T13:54:10.858801,investigated_and_resolved
CAS-CSE-TELC-04-0036767,Tier-1,Tier-2,2026-03-11T11:13:55.602348,investigated_and_resolved
CAS-CSE-TELC-04-0036777,Tier-1,Tier-2,2026-03-12T03:57:14.399861,investigated_and_resolved
CAS-CSE-TELC-04-0036787,Tier-1,Tier-2,2026-03-12T23:34:00.033754,investigated_and_resolved
CAS-CSE-TELC-04-0036788,Tier-1,Tier-2,2026-03-13T01:43:35.764351,investigated_and_resolved
CAS-CSE-TELC-04-0036790,Tier-1,Tier-2,2026-03-13T07:44:12.288398,investigated_and_resolved
CAS-CSE-TELC-04-0036792,Tier-1,Tier-2,2026-03-13T08:34:05.012900,investigated_and_resolved
CAS-CSE-TELC-04-0036798,Tier-1,Tier-2,2026-03-14T04:25:56.953851,investigated_and_resolved
CAS-CSE-TELC-04-0036812,Tier-1,Tier-2,2026-03-15T06:08:51.810352,investigated_and_resolved
CAS-CSE-TELC-04-0036814,Tier-1,Tier-2,2026-03-15T08:51:43.638087,investigated_and_resolved
CAS-CSE-TELC-04-0036816,Tier-1,Tier-2,2026-03-15T15:45:13.674051,investigated_and_resolved
CAS-CSE-TELC-04-0036817,Tier-1,Tier-2,2026-03-15T21:08:04.943974,investigated_and_resolved
CAS-CSE-TELC-04-0036828,Tier-1,Tier-2,2026-03-17T02:20:49.428891,investigated_and_resolved
CAS-CSE-TELC-04-0036835,Tier-1,Tier-2,2026-03-17T13:19:35.971524,investigated_and_resolved
CAS-CSE-TELC-04-0036837,Tier-1,Tier-2,2026-03-17T15:41:10.783315,investigated_and_resolved
CAS-CSE-TELC-04-0036839,Tier-1,Tier-2,2026-03-18T00:29:05.541665,investigated_and_resolved
CAS-CSE-TELC-04-0036840,Tier-1,Tier-2,2026-03-18T01:18:57.169507,investigated_and_resolved
CAS-CSE-TELC-04-0036842,Tier-1,Tier-2,2026-03-18T12:55:48.825792,investigated_and_resolved
CAS-CSE-TELC-04-0036845,Tier-1,Tier-2,2026-03-18T14:16:33.497931,investigated_and_resolved
CAS-CSE-TELC-04-0036856,Tier-1,Tier-2,2026-03-19T03:55:51.470089,investigated_and_resolved
CAS-CSE-TELC-04-0036859,Tier-1,Tier-2,2026-03-19T05:12:05.180263,investigated_and_resolved
CAS-CSE-TELC-04-0036862,Tier-1,Tier-2,2026-03-19T10:46:26.019342,investigated_and_resolved
CAS-CSE-TELC-04-0036864,Tier-1,Tier-2,2026-03-19T10:34:18.275938,investigated_and_resolved
CAS-CSE-TELC-04-0036871,Tier-1,Tier-2,2026-03-20T00:30:57.275126,investigated_and_resolved
CAS-CSE-TELC-04-0036874,Tier-1,Tier-2,2026-03-20T12:55:14.425588,investigated_and_resolved
CAS-CSE-TELC-04-0036880,Tier-1,Tier-2,2026-03-21T05:14:32.463429,investigated_and_resolved
CAS-CSE-TELC-04-0036881,Tier-1,Tier-2,2026-03-21T06:57:18.834409,investigated_and_resolved
CAS-CSE-TELC-04-0036882,Tier-1,Tier-2,2026-03-21T07:58:17.323785,investigated_and_resolved
CAS-CSE-TELC-04-0036890,Tier-1,Tier-2,2026-03-22T02:32:02.760644,investigated_and_resolved
CAS-CSE-TELC-04-0036896,Tier-1,Tier-2,2026-03-22T14:04:28.800850,investigated_and_resolved
CAS-CSE-TELC-04-0036904,Tier-1,Tier-2,2026-03-23T07:59:48.943070,investigated_and_resolved
CAS-CSE-TELC-04-0036905,Tier-1,Tier-2,2026-03-23T11:07:08.460549,investigated_and_resolved
CAS-CSE-TELC-04-0036908,Tier-1,Tier-2,2026-03-23T16:55:40.049832,investigated_and_resolved
CAS-CSE-TELC-04-0036913,Tier-1,Tier-2,2026-03-24T01:30:11.075117,investigated_and_resolved
CAS-CSE-TELC-04-0036917,Tier-1,Tier-2,2026-03-24T10:03:03.768756,investigated_and_resolved
CAS-CSE-TELC-04-0036920,Tier-1,Tier-2,2026-03-24T19:58:09.845090,investigated_and_resolved
CAS-CSE-TELC-04-0036940,Tier-1,Tier-2,2026-03-26T15:43:16.870845,investigated_and_resolved
CAS-CSE-TELC-04-0036943,Tier-1,Tier-2,2026-03-26T19:39:13.199940,investigated_and_resolved
CAS-CSE-TELC-04-0036952,Tier-1,Tier-2,2026-03-27T16:38:19.710928,investigated_and_resolved
CAS-CSE-TELC-04-0036954,Tier-1,Tier-2,2026-03-27T17:14:18.274157,investigated_and_resolved
CAS-CSE-TELC-04-0036961,Tier-1,Tier-2,2026-03-28T02:43:04.429733,investigated_and_resolved
CAS-CSE-TELC-04-0036962,Tier-1,Tier-2,2026-03-28T05:40:28.032191,investigated_and_resolved
CAS-CSE-TELC-04-0036963,Tier-1,Tier-2,2026-03-28T03:46:29.130211,investigated_and_resolved
CAS-CSE-TELC-04-0036968,Tier-1,Tier-2,2026-03-28T15:38:24.375643,investigated_and_resolved
CAS-CSE-TELC-04-0036972,Tier-1,Tier-2,2026-03-29T04:24:27.081626,investigated_and_resolved
CAS-CSE-TELC-04-0036974,Tier-1,Tier-2,2026-03-29T12:24:23.234573,investigated_and_resolved
CAS-CSE-TELC-04-0036975,Tier-1,Tier-2,2026-03-29T12:41:16.878542,investigated_and_resolved
CAS-CSE-TELC-04-0036978,Tier-1,Tier-2,2026-03-29T15:53:12.006645,investigated_and_resolved
CAS-CSE-TELC-04-0036980,Tier-1,Tier-2,2026-03-30T00:05:23.852568,investigated_and_resolved
CAS-CSE-TELC-04-0036981,Tier-1,Tier-2,2026-03-30T03:03:47.890482,investigated_and_resolved
CAS-CSE-TELC-04-0036984,Tier-1,Tier-2,2026-03-30T03:50:31.661251,investigated_and_resolved
CAS-CSE-TELC-04-0036987,Tier-1,Tier-2,2026-03-30T09:58:49.133522,investigated_and_resolved
CAS-CSE-TELC-04-0036996,Tier-1,Tier-2,2026-03-31T07:58:21.689339,investigated_and_resolved
CAS-CSE-TELC-04-0036999,Tier-1,Tier-2,2026-03-31T15:37:59.813755,investigated_and_resolved
CAS-CSE-TELC-04-0037008,Tier-1,Tier-2,2026-04-01T12:02:03.242332,investigated_and_resolved
CAS-CSE-TELC-04-0037012,Tier-1,Tier-2,2026-04-01T17:28:54.757257,investigated_and_resolved
CAS-CSE-TELC-04-0037013,Tier-1,Tier-2,2026-04-01T21:58:10.880603,investigated_and_resolved
CAS-CSE-TELC-04-0037016,Tier-1,Tier-2,2026-04-02T00:36:15.397879,investigated_and_resolved
CAS-CSE-TELC-04-0037026,Tier-1,Tier-2,2026-04-02T22:42:22.481324,investigated_and_resolved
CAS-CSE-TELC-04-0037027,Tier-1,Tier-2,2026-04-02T21:58:49.412007,investigated_and_resolved
CAS-CSE-TELC-04-0037031,Tier-1,Tier-2,2026-04-03T03:13:31.717089,investigated_and_resolved
CAS-CSE-TELC-04-0037039,Tier-1,Tier-2,2026-04-04T03:43:09.490030,investigated_and_resolved
CAS-CSE-TELC-04-0037042,Tier-1,Tier-2,2026-04-04T04:32:29.535477,investigated_and_resolved
CAS-CSE-TELC-04-0037046,Tier-1,Tier-2,2026-04-04T12:31:40.728040,investigated_and_resolved
CAS-CSE-TELC-04-0037047,Tier-1,Tier-2,2026-04-04T13:05:23.154942,investigated_and_resolved
CAS-CSE-TELC-04-0037061,Tier-1,Tier-2,2026-04-05T14:51:05.228794,investigated_and_resolved
CAS-CSE-TELC-04-0037063,Tier-1,Tier-2,2026-04-05T16:14:41.952379,investigated_and_resolved
CAS-CSE-TELC-04-0037065,Tier-1,Tier-2,2026-04-05T18:42:01.180983,investigated_and_resolved
CAS-CSE-TELC-04-0037069,Tier-1,Tier-2,2026-04-06T12:53:15.538082,investigated_and_resolved
CAS-CSE-TELC-04-0037072,Tier-1,Tier-2,2026-04-06T16:46:06.975338,investigated_and_resolved
CAS-CSE-TELC-04-0037083,Tier-1,Tier-2,2026-04-07T13:58:09.213718,investigated_and_resolved
CAS-CSE-TELC-04-0037085,Tier-1,Tier-2,2026-04-07T15:31:30.049311,investigated_and_resolved
CAS-CSE-TELC-04-0037088,Tier-1,Tier-2,2026-04-07T19:22:02.019108,investigated_and_resolved
CAS-CSE-TELC-04-0037090,Tier-1,Tier-2,2026-04-07T19:05:18.943459,investigated_and_resolved
CAS-CSE-TELC-04-0037093,Tier-1,Tier-2,2026-04-07T20:49:19.594225,investigated_and_resolved
CAS-CSE-TELC-04-0037098,Tier-1,Tier-2,2026-04-08T09:10:42.495612,investigated_and_resolved
CAS-CSE-TELC-04-0037109,Tier-1,Tier-2,2026-04-09T09:21:58.702762,investigated_and_resolved
CAS-CSE-TELC-04-0037110,Tier-1,Tier-2,2026-04-09T08:50:06.964809,investigated_and_resolved
CAS-CSE-TELC-04-0037112,Tier-1,Tier-2,2026-04-09T08:33:52.049347,investigated_and_resolved
CAS-CSE-TELC-04-0037114,Tier-1,Tier-2,2026-04-09T21:30:45.315814,investigated_and_resolved
CAS-CSE-TELC-04-0037131,Tier-1,Tier-2,2026-04-11T05:37:49.968757,investigated_and_resolved
CAS-CSE-TELC-04-0037134,Tier-1,Tier-2,2026-04-11T18:50:02.527855,investigated_and_resolved
CAS-CSE-TELC-04-0037135,Tier-1,Tier-2,2026-04-11T21:14:05.773108,investigated_and_resolved
CAS-CSE-TELC-04-0037137,Tier-1,Tier-2,2026-04-12T03:45:22.800762,investigated_and_resolved
CAS-CSE-TELC-04-0037138,Tier-1,Tier-2,2026-04-12T04:45:06.738931,investigated_and_resolved
CAS-CSE-TELC-04-0037139,Tier-1,Tier-2,2026-04-12T11:50:57.711393,investigated_and_resolved
CAS-CSE-TELC-04-0037142,Tier-1,Tier-2,2026-04-12T17:54:24.684917,investigated_and_resolved
CAS-CSE-TELC-04-0037143,Tier-1,Tier-2,2026-04-12T18:23:44.427453,investigated_and_resolved
CAS-CSE-TELC-04-0037146,Tier-1,Tier-2,2026-04-12T19:11:37.185137,investigated_and_resolved
CAS-CSE-TELC-04-0037148,Tier-1,Tier-2,2026-04-12T22:14:14.087068,investigated_and_resolved
CAS-CSE-TELC-04-0037150,Tier-1,Tier-2,2026-04-13T03:19:32.920583,investigated_and_resolved
CAS-CSE-TELC-04-0037152,Tier-1,Tier-2,2026-04-13T04:10:07.467982,investigated_and_resolved
CAS-CSE-TELC-04-0037156,Tier-1,Tier-2,2026-04-13T23:56:45.976545,investigated_and_resolved
CAS-CSE-TELC-04-0037157,Tier-1,Tier-2,2026-04-14T01:49:50.164858,investigated_and_resolved
CAS-CSE-TELC-04-0037162,Tier-1,Tier-2,2026-04-14T17:47:31.212526,investigated_and_resolved
CAS-CSE-TELC-04-0037173,Tier-1,Tier-2,2026-04-15T17:16:56.437697,investigated_and_resolved
CAS-CSE-TELC-04-0037175,Tier-1,Tier-2,2026-04-15T23:28:54.900709,investigated_and_resolved
CAS-CSE-TELC-04-0037178,Tier-1,Tier-2,2026-04-16T05:43:59.032452,investigated_and_resolved
CAS-CSE-TELC-04-0037182,Tier-1,Tier-2,2026-04-16T09:19:20.641878,investigated_and_resolved
CAS-CSE-TELC-04-0037187,Tier-1,Tier-2,2026-04-16T15:24:35.910909,investigated_and_resolved
CAS-CSE-TELC-04-0037193,Tier-1,Tier-2,2026-04-17T10:20:09.107820,investigated_and_resolved
CAS-CSE-TELC-04-0037196,Tier-1,Tier-2,2026-04-17T12:22:22.430547,investigated_and_resolved
CAS-CSE-TELC-04-0037208,Tier-1,Tier-2,2026-04-18T07:22:27.509933,investigated_and_resolved
CAS-CSE-TELC-04-0037210,Tier-1,Tier-2,2026-04-18T10:48:44.716591,investigated_and_resolved
CAS-CSE-TELC-04-0037212,Tier-1,Tier-2,2026-04-18T12:49:26.241284,investigated_and_resolved
CAS-CSE-TELC-04-0037218,Tier-1,Tier-2,2026-04-19T04:44:19.603797,investigated_and_resolved
CAS-CSE-TELC-04-0037220,Tier-1,Tier-2,2026-04-19T13:43:20.762228,investigated_and_resolved
CAS-CSE-TELC-04-0037230,Tier-1,Tier-2,2026-04-20T02:23:21.221696,investigated_and_resolved
CAS-CSE-TELC-04-0037240,Tier-1,Tier-2,2026-04-21T13:59:10.408186,investigated_and_resolved
CAS-CSE-TELC-04-0037241,Tier-1,Tier-2,2026-04-21T16:27:59.887087,investigated_and_resolved
CAS-CSE-TELC-04-0037250,Tier-1,Tier-2,2026-04-22T07:33:51.618359,investigated_and_resolved
CAS-CSE-TELC-04-0037253,Tier-1,Tier-2,2026-04-22T10:29:22.247525,investigated_and_resolved
CAS-CSE-TELC-04-0037257,Tier-1,Tier-2,2026-04-22T14:46:34.810509,investigated_and_resolved
CAS-CSE-TELC-04-0037259,Tier-1,Tier-2,2026-04-22T19:02:49.809665,investigated_and_resolved
CAS-CSE-TELC-04-0037269,Tier-1,Tier-2,2026-04-23T12:59:13.515381,investigated_and_resolved
CAS-CSE-TELC-04-0037271,Tier-1,Tier-2,2026-04-23T16:04:41.205066,investigated_and_resolved
CAS-CSE-TELC-04-0037274,Tier-1,Tier-2,2026-04-24T00:05:58.837421,investigated_and_resolved
CAS-CSE-TELC-04-0037280,Tier-1,Tier-2,2026-04-24T09:13:58.224546,investigated_and_resolved
CAS-CSE-TELC-04-0037281,Tier-1,Tier-2,2026-04-24T09:30:25.306989,investigated_and_resolved
CAS-CSE-TELC-04-0037282,Tier-1,Tier-2,2026-04-24T11:25:21.825005,investigated_and_resolved
CAS-CSE-TELC-04-0037283,Tier-1,Tier-2,2026-04-24T12:50:31.464484,investigated_and_resolved
CAS-CSE-TELC-04-0037287,Tier-1,Tier-2,2026-04-24T15:30:23.732943,investigated_and_resolved
CAS-CSE-TELC-04-0037288,Tier-1,Tier-2,2026-04-24T16:05:12.369652,investigated_and_resolved
CAS-CSE-TELC-04-0037292,Tier-1,Tier-2,2026-04-25T03:51:37.052991,investigated_and_resolved
CAS-CSE-TELC-04-0037299,Tier-1,Tier-2,2026-04-25T10:42:09.193606,investigated_and_resolved
CAS-CSE-TELC-04-0037316,Tier-1,Tier-2,2026-04-26T19:41:19.527620,investigated_and_resolved
CAS-CSE-TELC-04-0037321,Tier-1,Tier-2,2026-04-27T10:36:09.150755,investigated_and_resolved
CAS-CSE-TELC-04-0037328,Tier-1,Tier-2,2026-04-27T22:33:14.838559,investigated_and_resolved
CAS-CSE-TELC-04-0037339,Tier-1,Tier-2,2026-04-29T00:29:36.103439,investigated_and_resolved
CAS-CSE-TELC-04-0037345,Tier-1,Tier-2,2026-04-29T03:36:18.448653,investigated_and_resolved
CAS-CSE-TELC-04-0037352,Tier-1,Tier-2,2026-04-29T12:15:18.572631,investigated_and_resolved
CAS-CSE-TELC-04-0037353,Tier-1,Tier-2,2026-04-29T13:24:08.026700,investigated_and_resolved
CAS-CSE-TELC-04-0037355,Tier-1,Tier-2,2026-04-29T13:58:59.480773,investigated_and_resolved
CAS-CSE-TELC-04-0037358,Tier-1,Tier-2,2026-04-29T20:35:07.189608,investigated_and_resolved
CAS-CSE-TELC-04-0037360,Tier-1,Tier-2,2026-04-29T18:48:54.477632,investigated_and_resolved
CAS-CSE-TELC-04-0037363,Tier-1,Tier-2,2026-04-30T03:43:56.027757,investigated_and_resolved
CAS-CSE-TELC-04-0037369,Tier-1,Tier-2,2026-04-30T10:00:44.057403,investigated_and_resolved
CAS-CSE-TELC-04-0037372,Tier-1,Tier-2,2026-04-30T15:32:23.811050,investigated_and_resolved
CAS-CSE-TELC-04-0037378,Tier-1,Tier-2,2026-04-30T21:02:39.935534,investigated_and_resolved
CAS-CSE-TELC-04-0037384,Tier-1,Tier-2,2026-05-01T06:39:30.391967,investigated_and_resolved
CAS-CSE-TELC-04-0037390,Tier-1,Tier-2,2026-05-01T13:47:26.153484,investigated_and_resolved
CAS-CSE-TELC-04-0037395,Tier-1,Tier-2,2026-05-02T03:23:08.735673,investigated_and_resolved
CAS-CSE-TELC-04-0037401,Tier-1,Tier-2,2026-05-02T23:37:45.624416,investigated_and_resolved
CAS-CSE-TELC-04-0037403,Tier-1,Tier-2,2026-05-03T01:12:56.993704,investigated_and_resolved
CAS-CSE-TELC-04-0037405,Tier-1,Tier-2,2026-05-03T09:09:32.604310,investigated_and_resolved
CAS-CSE-TELC-04-0037408,Tier-1,Tier-2,2026-05-03T14:15:33.702028,investigated_and_resolved
CAS-CSE-TELC-04-0037409,Tier-1,Tier-2,2026-05-03T15:03:45.786245,investigated_and_resolved
CAS-CSE-TELC-04-0037415,Tier-1,Tier-2,2026-05-04T17:18:40.136017,investigated_and_resolved
CAS-CSE-TELC-04-0037416,Tier-1,Tier-2,2026-05-04T17:59:20.344963,investigated_and_resolved
CAS-CSE-TELC-04-0037435,Tier-1,Tier-2,2026-05-06T03:28:33.827192,investigated_and_resolved
CAS-CSE-TELC-04-0037437,Tier-1,Tier-2,2026-05-06T09:04:34.880942,investigated_and_resolved
CAS-CSE-TELC-04-0037446,Tier-1,Tier-2,2026-05-07T02:06:11.133772,investigated_and_resolved
CAS-CSE-TELC-04-0037449,Tier-1,Tier-2,2026-05-07T04:27:18.769708,investigated_and_resolved
CAS-CSE-TELC-04-0037450,Tier-1,Tier-2,2026-05-07T07:24:53.990865,investigated_and_resolved
CAS-CSE-TELC-04-0037458,Tier-1,Tier-2,2026-05-07T13:52:57.699404,investigated_and_resolved
CAS-CSE-TELC-04-0037464,Tier-1,Tier-2,2026-05-08T09:57:19.111583,investigated_and_resolved
CAS-CSE-TELC-04-0037467,Tier-1,Tier-2,2026-05-08T11:13:55.988924,investigated_and_resolved
CAS-CSE-TELC-04-0037471,Tier-1,Tier-2,2026-05-08T17:58:26.887885,investigated_and_resolved
CAS-CSE-TELC-04-0037479,Tier-1,Tier-2,2026-05-09T07:01:23.360072,investigated_and_resolved
CAS-CSE-TELC-04-0037483,Tier-1,Tier-2,2026-05-09T15:30:03.666866,investigated_and_resolved
CAS-CSE-TELC-04-0037485,Tier-1,Tier-2,2026-05-10T03:14:07.728685,investigated_and_resolved
CAS-CSE-TELC-04-0037488,Tier-1,Tier-2,2026-05-10T08:23:24.866536,investigated_and_resolved
CAS-CSE-TELC-04-0037492,Tier-1,Tier-2,2026-05-10T09:33:27.084604,investigated_and_resolved
CAS-CSE-TELC-04-0037493,Tier-1,Tier-2,2026-05-10T10:03:27.504629,investigated_and_resolved
CAS-CSE-TELC-04-0037499,Tier-1,Tier-2,2026-05-10T17:31:54.365275,investigated_and_resolved
CAS-CSE-TELC-04-0037504,Tier-1,Tier-2,2026-05-11T00:00:28.645099,investigated_and_resolved
CAS-CSE-TELC-04-0037506,Tier-1,Tier-2,2026-05-10T23:07:08.862651,investigated_and_resolved
CAS-CSE-TELC-04-0037508,Tier-1,Tier-2,2026-05-11T06:15:32.862485,investigated_and_resolved
CAS-CSE-TELC-04-0037511,Tier-1,Tier-2,2026-05-11T08:55:21.292031,investigated_and_resolved
CAS-CSE-TELC-04-0037515,Tier-1,Tier-2,2026-05-11T16:33:51.861942,investigated_and_resolved
CAS-CSE-TELC-04-0037518,Tier-1,Tier-2,2026-05-11T22:02:18.165865,investigated_and_resolved
CAS-CSE-TELC-04-0037520,Tier-1,Tier-2,2026-05-11T23:53:17.268214,investigated_and_resolved
CAS-CSE-TELC-04-0037521,Tier-1,Tier-2,2026-05-12T05:49:46.549441,investigated_and_resolved
CAS-CSE-TELC-04-0037523,Tier-1,Tier-2,2026-05-12T12:03:38.979230,investigated_and_resolved
CAS-CSE-TELC-04-0037530,Tier-1,Tier-2,2026-05-13T11:13:24.036462,investigated_and_resolved
CAS-CSE-TELC-04-0037531,Tier-1,Tier-2,2026-05-13T13:00:11.928755,investigated_and_resolved
CAS-CSE-TELC-04-0037535,Tier-1,Tier-2,2026-05-13T22:53:09.740180,investigated_and_resolved
CAS-CSE-TELC-04-0037542,Tier-1,Tier-2,2026-05-14T10:07:34.288735,investigated_and_resolved
CAS-CSE-TELC-04-0037547,Tier-1,Tier-2,2026-05-14T23:10:06.397283,investigated_and_resolved
CAS-CSE-TELC-04-0037550,Tier-1,Tier-2,2026-05-15T05:22:39.680865,investigated_and_resolved
CAS-CSE-TELC-04-0037554,Tier-1,Tier-2,2026-05-15T15:56:37.235789,investigated_and_resolved
CAS-CSE-TELC-04-0037555,Tier-1,Tier-2,2026-05-15T18:28:15.057404,investigated_and_resolved
CAS-CSE-TELC-04-0037558,Tier-1,Tier-2,2026-05-15T20:38:45.640512,investigated_and_resolved
CAS-CSE-TELC-04-0037572,Tier-1,Tier-2,2026-05-16T17:14:32.019938,investigated_and_resolved
CAS-CSE-TELC-04-0037581,Tier-1,Tier-2,2026-05-17T08:45:44.921130,investigated_and_resolved
CAS-CSE-TELC-04-0037589,Tier-1,Tier-2,2026-05-18T00:35:08.577336,investigated_and_resolved
CAS-CSE-TELC-04-0037590,Tier-1,Tier-2,2026-05-18T05:32:45.212034,investigated_and_resolved
CAS-CSE-TELC-04-0037591,Tier-1,Tier-2,2026-05-18T06:33:25.279163,investigated_and_resolved
CAS-CSE-TELC-04-0037592,Tier-1,Tier-2,2026-05-18T08:50:44.633435,investigated_and_resolved
CAS-CSE-TELC-04-0037596,Tier-1,Tier-2,2026-05-18T16:31:11.108920,investigated_and_resolved
CAS-CSE-TELC-04-0037598,Tier-1,Tier-2,2026-05-18T15:18:01.764226,investigated_and_resolved
CAS-CSE-TELC-04-0037602,Tier-1,Tier-2,2026-05-18T22:56:32.803475,investigated_and_resolved
CAS-CSE-TELC-04-0037603,Tier-1,Tier-2,2026-05-19T00:26:47.834011,investigated_and_resolved
CAS-CSE-TELC-04-0037611,Tier-1,Tier-2,2026-05-19T19:24:25.026225,investigated_and_resolved
CAS-CSE-TELC-04-0037615,Tier-1,Tier-2,2026-05-20T01:01:20.943034,investigated_and_resolved
CAS-CSE-TELC-04-0037618,Tier-1,Tier-2,2026-05-20T07:36:03.312020,investigated_and_resolved
CAS-CSE-TELC-04-0037619,Tier-1,Tier-2,2026-05-20T08:53:56.153353,investigated_and_resolved
CAS-CSE-TELC-04-0037620,Tier-1,Tier-2,2026-05-20T09:56:02.132077,investigated_and_resolved
CAS-CSE-TELC-04-0037623,Tier-1,Tier-2,2026-05-20T14:27:35.510456,investigated_and_resolved
CAS-CSE-TELC-04-0037625,Tier-1,Tier-2,2026-05-20T17:52:35.604715,investigated_and_resolved
CAS-CSE-TELC-04-0037631,Tier-1,Tier-2,2026-05-20T23:32:53.243931,investigated_and_resolved
CAS-CSE-TELC-04-0037632,Tier-1,Tier-2,2026-05-20T23:34:12.957801,investigated_and_resolved
CAS-CSE-TELC-04-0037635,Tier-1,Tier-2,2026-05-21T03:26:46.603693,investigated_and_resolved
CAS-CSE-TELC-04-0037636,Tier-1,Tier-2,2026-05-21T05:57:16.712244,investigated_and_resolved
CAS-CSE-TELC-04-0037647,Tier-1,Tier-2,2026-05-22T01:25:11.230938,investigated_and_resolved
CAS-CSE-TELC-04-0037663,Tier-1,Tier-2,2026-05-23T04:48:39.123169,investigated_and_resolved
CAS-CSE-TELC-04-0037671,Tier-1,Tier-2,2026-05-23T17:49:00.700408,investigated_and_resolved
CAS-CSE-TELC-04-0037675,Tier-1,Tier-2,2026-05-24T01:41:10.261600,investigated_and_resolved
CAS-CSE-TELC-04-0037681,Tier-1,Tier-2,2026-05-24T14:04:56.514603,investigated_and_resolved
CAS-CSE-TELC-04-0037692,Tier-1,Tier-2,2026-05-25T12:09:49.292148,investigated_and_resolved
CAS-CSE-TELC-04-0037696,Tier-1,Tier-2,2026-05-25T15:54:21.781057,investigated_and_resolved
CAS-CSE-TELC-04-0037704,Tier-1,Tier-2,2026-05-26T06:24:24.971820,investigated_and_resolved
CAS-CSE-TELC-04-0037705,Tier-1,Tier-2,2026-05-26T08:15:02.060932,investigated_and_resolved
CAS-CSE-TELC-04-0037707,Tier-1,Tier-2,2026-05-26T13:40:49.413829,investigated_and_resolved
CAS-CSE-TELC-04-0037716,Tier-1,Tier-2,2026-05-27T11:48:10.655473,investigated_and_resolved
CAS-CSE-TELC-04-0037719,Tier-1,Tier-2,2026-05-27T21:42:42.008057,investigated_and_resolved
CAS-CSE-TELC-04-0037722,Tier-1,Tier-2,2026-05-28T06:02:26.052445,investigated_and_resolved
CAS-CSE-TELC-04-0037734,Tier-1,Tier-2,2026-05-28T19:12:19.291089,investigated_and_resolved
CAS-CSE-TELC-04-0037737,Tier-1,Tier-2,2026-05-29T01:07:28.158879,investigated_and_resolved
CAS-CSE-TELC-04-0037743,Tier-1,Tier-2,2026-05-29T08:33:49.336866,investigated_and_resolved
CAS-CSE-TELC-04-0037752,Tier-1,Tier-2,2026-05-30T02:21:01.250549,investigated_and_resolved
CAS-CSE-TELC-04-0037756,Tier-1,Tier-2,2026-05-30T12:04:49.417768,investigated_and_resolved
CAS-CSE-TELC-04-0037760,Tier-1,Tier-2,2026-05-30T18:15:31.289183,investigated_and_resolved
CAS-CSE-TELC-04-0037768,Tier-1,Tier-2,2026-05-31T07:27:19.772948,investigated_and_resolved
CAS-CSE-TELC-04-0037773,Tier-1,Tier-2,2026-05-31T12:37:18.312188,investigated_and_resolved
CAS-CSE-TELC-04-0037776,Tier-1,Tier-2,2026-05-31T21:08:59.404211,investigated_and_resolved
CAS-CSE-TELC-04-0037782,Tier-1,Tier-2,2026-06-01T22:53:49.313904,investigated_and_resolved
CAS-CSE-TELC-04-0037799,Tier-1,Tier-2,2026-06-02T18:21:00.247067,investigated_and_resolved
CAS-CSE-TELC-04-0037800,Tier-1,Tier-2,2026-06-02T18:56:55.788113,investigated_and_resolved
CAS-CSE-TELC-04-0037802,Tier-1,Tier-2,2026-06-03T02:17:32.920446,investigated_and_resolved
CAS-CSE-TELC-04-0037805,Tier-1,Tier-2,2026-06-03T05:44:25.854210,investigated_and_resolved
CAS-CSE-TELC-04-0037813,Tier-1,Tier-2,2026-06-03T13:12:16.946936,investigated_and_resolved
CAS-CSE-TELC-04-0037828,Tier-1,Tier-2,2026-06-04T22:55:31.984396,investigated_and_resolved
CAS-CSE-TELC-04-0037831,Tier-1,Tier-2,2026-06-05T04:47:25.391118,investigated_and_resolved
CAS-CSE-TELC-04-0037834,Tier-1,Tier-2,2026-06-05T06:36:08.855996,investigated_and_resolved
CAS-CSE-TELC-04-0037835,Tier-1,Tier-2,2026-06-05T10:54:37.825151,investigated_and_resolved
CAS-CSE-TELC-04-0037838,Tier-1,Tier-2,2026-06-05T14:42:20.751755,investigated_and_resolved
CAS-CSE-TELC-04-0037839,Tier-1,Tier-2,2026-06-05T14:25:42.034339,investigated_and_resolved
CAS-CSE-TELC-04-0037848,Tier-1,Tier-2,2026-06-06T05:59:12.834935,investigated_and_resolved
CAS-CSE-TELC-04-0037849,Tier-1,Tier-2,2026-06-06T04:01:45.694903,investigated_and_resolved
CAS-CSE-TELC-04-0037855,Tier-1,Tier-2,2026-06-06T15:06:31.309318,investigated_and_resolved
CAS-CSE-TELC-04-0037861,Tier-1,Tier-2,2026-06-07T05:36:47.187310,investigated_and_resolved
CAS-CSE-TELC-04-0037862,Tier-1,Tier-2,2026-06-07T07:08:01.575037,investigated_and_resolved
CAS-CSE-TELC-04-0037872,Tier-1,Tier-2,2026-06-07T21:55:27.710346,investigated_and_resolved
CAS-CSE-TELC-04-0037875,Tier-1,Tier-2,2026-06-08T10:32:23.493910,investigated_and_resolved
CAS-CSE-TELC-04-0037876,Tier-1,Tier-2,2026-06-08T14:11:30.419760,investigated_and_resolved
CAS-CSE-TELC-04-0037879,Tier-1,Tier-2,2026-06-08T21:39:17.643240,investigated_and_resolved
CAS-CSE-TELC-04-0037882,Tier-1,Tier-2,2026-06-09T05:32:28.513512,investigated_and_resolved
CAS-CSE-TELC-04-0037890,Tier-1,Tier-2,2026-06-10T00:18:07.396482,investigated_and_resolved
CAS-CSE-TELC-04-0037896,Tier-1,Tier-2,2026-06-10T05:35:47.044216,investigated_and_resolved
CAS-CSE-TELC-04-0037897,Tier-1,Tier-2,2026-06-10T04:57:44.169937,investigated_and_resolved
CAS-CSE-TELC-04-0037905,Tier-1,Tier-2,2026-06-10T22:44:52.651193,investigated_and_resolved
CAS-CSE-TELC-04-0037916,Tier-1,Tier-2,2026-06-11T18:01:28.737163,investigated_and_resolved
CAS-CSE-TELC-04-0037918,Tier-1,Tier-2,2026-06-11T20:26:05.801217,investigated_and_resolved
CAS-CSE-TELC-04-0037931,Tier-1,Tier-2,2026-06-12T12:24:27.035840,investigated_and_resolved
CAS-CSE-TELC-04-0037935,Tier-1,Tier-2,2026-06-12T21:36:59.797719,investigated_and_resolved
CAS-CSE-TELC-04-0037937,Tier-1,Tier-2,2026-06-13T00:44:10.416646,investigated_and_resolved
CAS-CSE-TELC-04-0037939,Tier-1,Tier-2,2026-06-13T03:06:31.882026,investigated_and_resolved
CAS-CSE-TELC-04-0037940,Tier-1,Tier-2,2026-06-13T02:15:19.908161,investigated_and_resolved
CAS-CSE-TELC-04-0037946,Tier-1,Tier-2,2026-06-13T11:02:06.413807,investigated_and_resolved
CAS-CSE-TELC-04-0037947,Tier-1,Tier-2,2026-06-13T12:22:02.153619,investigated_and_resolved
CAS-CSE-TELC-04-0037961,Tier-1,Tier-2,2026-06-15T03:29:32.924258,investigated_and_resolved
CAS-CSE-TELC-04-0037963,Tier-1,Tier-2,2026-06-15T06:34:11.195951,investigated_and_resolved
CAS-CSE-TELC-04-0037964,Tier-1,Tier-2,2026-06-15T12:29:26.921556,investigated_and_resolved
CAS-CSE-TELC-04-0037989,Tier-1,Tier-2,2026-06-18T07:52:19.570913,investigated_and_resolved
CAS-CSE-TELC-04-0037992,Tier-1,Tier-2,2026-06-18T19:42:53.072379,investigated_and_resolved
CAS-CSE-TELC-04-0038004,Tier-1,Tier-2,2026-06-20T14:33:07.464619,investigated_and_resolved
CAS-CSE-TELC-04-0038009,Tier-1,Tier-2,2026-06-20T21:33:08.490151,investigated_and_resolved
CAS-CSE-TELC-04-0038012,Tier-1,Tier-2,2026-06-21T03:46:28.142550,investigated_and_resolved
CAS-CSE-TELC-04-0038014,Tier-1,Tier-2,2026-06-21T05:49:59.105949,investigated_and_resolved
CAS-CSE-TELC-04-0038015,Tier-1,Tier-2,2026-06-21T07:58:31.354688,investigated_and_resolved
CAS-CSE-TELC-04-0038018,Tier-1,Tier-2,2026-06-21T11:51:56.836121,investigated_and_resolved
CAS-CSE-TELC-04-0038023,Tier-1,Tier-2,2026-06-21T22:57:01.859343,investigated_and_resolved
CAS-CSE-TELC-04-0038024,Tier-1,Tier-2,2026-06-21T23:55:36.957884,investigated_and_resolved
CAS-CSE-TELC-04-0038031,Tier-1,Tier-2,2026-06-22T12:45:18.794059,investigated_and_resolved
CAS-CSE-TELC-04-0038039,Tier-1,Tier-2,2026-06-22T23:00:30.943995,investigated_and_resolved
CAS-CSE-TELC-04-0038040,Tier-1,Tier-2,2026-06-23T03:09:12.952077,investigated_and_resolved
CAS-CSE-TELC-04-0038058,Tier-1,Tier-2,2026-06-25T04:34:26.155154,investigated_and_resolved
CAS-CSE-TELC-04-0038076,Tier-1,Tier-2,2026-06-27T00:43:08.804319,investigated_and_resolved
CAS-CSE-TELC-04-0038077,Tier-1,Tier-2,2026-06-27T00:09:39.777874,investigated_and_resolved
CAS-CSE-TELC-04-0038089,Tier-1,Tier-2,2026-06-28T01:03:46.831870,investigated_and_resolved
CAS-CSE-TELC-04-0038090,Tier-1,Tier-2,2026-06-28T02:11:21.052261,investigated_and_resolved
CAS-CSE-TELC-04-0038092,Tier-1,Tier-2,2026-06-28T07:45:42.452854,investigated_and_resolved
CAS-CSE-TELC-04-0038096,Tier-1,Tier-2,2026-06-28T12:10:52.872735,investigated_and_resolved
CAS-CSE-TELC-04-0038097,Tier-1,Tier-2,2026-06-28T15:26:03.965635,investigated_and_resolved
CAS-CSE-TELC-04-0038102,Tier-1,Tier-2,2026-06-28T18:16:47.133193,investigated_and_resolved
CAS-CSE-TELC-04-0038105,Tier-1,Tier-2,2026-06-29T10:38:22.327173,investigated_and_resolved
CAS-CSE-TELC-04-0038117,Tier-1,Tier-2,2026-06-30T07:36:36.266561,investigated_and_resolved
CAS-CSE-TELC-04-0038119,Tier-1,Tier-2,2026-06-30T13:23:09.765760,investigated_and_resolved
CAS-CSE-TELC-04-0038120,Tier-1,Tier-2,2026-06-30T17:37:56.316845,investigated_and_resolved
CAS-CSE-TELC-04-0038122,Tier-1,Tier-2,2026-07-01T00:00:43.619370,investigated_and_resolved
CAS-CSE-TELC-04-0038126,Tier-1,Tier-2,2026-07-01T02:27:56.021030,investigated_and_resolved
CAS-CSE-TELC-04-0038129,Tier-1,Tier-2,2026-07-01T11:02:29.345218,investigated_and_resolved
CAS-CSE-TELC-04-0038130,Tier-1,Tier-2,2026-07-01T21:45:59.392487,investigated_and_resolved
CAS-CSE-TELC-04-0038132,Tier-1,Tier-2,2026-07-02T01:32:16.709817,investigated_and_resolved
CAS-CSE-TELC-04-0038134,Tier-1,Tier-2,2026-07-02T02:47:58.084364,investigated_and_resolved
CAS-CSE-TELC-04-0038136,Tier-1,Tier-2,2026-07-02T07:32:51.462341,investigated_and_resolved
CAS-CSE-TELC-04-0038138,Tier-1,Tier-2,2026-07-02T08:35:59.068127,investigated_and_resolved
CAS-CSE-TELC-04-0038141,Tier-1,Tier-2,2026-07-02T18:40:19.789020,investigated_and_resolved
CAS-CSE-TELC-04-0038151,Tier-1,Tier-2,2026-07-03T14:22:40.742954,investigated_and_resolved
CAS-CSE-TELC-04-0038155,Tier-1,Tier-2,2026-07-03T22:31:41.187149,investigated_and_resolved
CAS-CSE-TELC-04-0038162,Tier-1,Tier-2,2026-07-04T17:08:46.140196,investigated_and_resolved
CAS-CSE-TELC-04-0038163,Tier-1,Tier-2,2026-07-04T15:29:28.691096,investigated_and_resolved
CAS-CSE-TELC-04-0038170,Tier-1,Tier-2,2026-07-05T07:55:18.404519,investigated_and_resolved
CAS-CSE-TELC-04-0038177,Tier-1,Tier-2,2026-07-05T23:59:07.986044,investigated_and_resolved
CAS-CSE-TELC-04-0038195,Tier-1,Tier-2,2026-07-07T04:18:48.791339,investigated_and_resolved
CAS-CSE-TELC-04-0038201,Tier-1,Tier-2,2026-07-07T19:16:27.274526,investigated_and_resolved
CAS-CSE-TELC-04-0038203,Tier-1,Tier-2,2026-07-08T00:33:05.230128,investigated_and_resolved
CAS-CSE-TELC-04-0038206,Tier-1,Tier-2,2026-07-08T04:53:09.041408,investigated_and_resolved
CAS-CSE-TELC-04-0038207,Tier-1,Tier-2,2026-07-08T08:54:52.175539,investigated_and_resolved
CAS-CSE-TELC-04-0038208,Tier-1,Tier-2,2026-07-08T09:26:15.147997,investigated_and_resolved
CAS-CSE-TELC-04-0038214,Tier-1,Tier-2,2026-07-08T23:03:30.218004,investigated_and_resolved
CAS-CSE-TELC-04-0038224,Tier-1,Tier-2,2026-07-09T17:09:09.104956,investigated_and_resolved
CAS-CSE-TELC-04-0038227,Tier-1,Tier-2,2026-07-09T19:59:12.063407,investigated_and_resolved
CAS-CSE-TELC-04-0038230,Tier-1,Tier-2,2026-07-10T03:07:53.104183,investigated_and_resolved
CAS-CSE-TELC-04-0038236,Tier-1,Tier-2,2026-07-10T16:48:17.817363,investigated_and_resolved
CAS-CSE-TELC-04-0038239,Tier-1,Tier-2,2026-07-10T20:50:19.014703,investigated_and_resolved
CAS-CSE-TELC-04-0038240,Tier-1,Tier-2,2026-07-11T00:00:59.330877,investigated_and_resolved
CAS-CSE-TELC-04-0038241,Tier-1,Tier-2,2026-07-11T03:15:30.157040,investigated_and_resolved
CAS-CSE-TELC-04-0038243,Tier-1,Tier-2,2026-07-11T14:36:41.348219,investigated_and_resolved
CAS-CSE-TELC-04-0038253,Tier-1,Tier-2,2026-07-12T18:06:35.853972,investigated_and_resolved
CAS-CSE-TELC-04-0038269,Tier-1,Tier-2,2026-07-14T07:01:12.565225,investigated_and_resolved
CAS-CSE-TELC-04-0038273,Tier-1,Tier-2,2026-07-14T15:13:41.023587,investigated_and_resolved
CAS-CSE-TELC-04-0038290,Tier-1,Tier-2,2026-07-15T23:45:10.696166,investigated_and_resolved
CAS-CSE-TELC-04-0038293,Tier-1,Tier-2,2026-07-16T07:38:19.639320,investigated_and_resolved
CAS-CSE-TELC-04-0038294,Tier-1,Tier-2,2026-07-16T08:47:41.169533,investigated_and_resolved
CAS-CSE-TELC-04-0038297,Tier-1,Tier-2,2026-07-16T11:38:57.301108,investigated_and_resolved
CAS-CSE-TELC-04-0038300,Tier-1,Tier-2,2026-07-16T19:32:15.739725,investigated_and_resolved
CAS-CSE-TELC-04-0038302,Tier-1,Tier-2,2026-07-16T23:03:46.911142,investigated_and_resolved
CAS-CSE-TELC-04-0038304,Tier-1,Tier-2,2026-07-17T02:56:01.382817,investigated_and_resolved
CAS-CSE-TELC-04-0038306,Tier-1,Tier-2,2026-07-17T07:53:34.594110,investigated_and_resolved
CAS-CSE-TELC-04-0038308,Tier-1,Tier-2,2026-07-17T11:14:10.298384,investigated_and_resolved
CAS-CSE-TELC-04-0038321,Tier-1,Tier-2,2026-07-18T22:13:44.218686,investigated_and_resolved
CAS-CSE-TELC-04-0038325,Tier-1,Tier-2,2026-07-19T03:06:24.263256,investigated_and_resolved
CAS-CSE-TELC-04-0038336,Tier-1,Tier-2,2026-07-20T02:19:50.470348,investigated_and_resolved
CAS-CSE-TELC-04-0038362,Tier-1,Tier-2,2026-07-22T05:43:09.280270,investigated_and_resolved
CAS-CSE-TELC-04-0038370,Tier-1,Tier-2,2026-07-22T23:57:29.729718,investigated_and_resolved
CAS-CSE-TELC-04-0038375,Tier-1,Tier-2,2026-07-23T07:40:59.031982,investigated_and_resolved
CAS-CSE-TELC-04-0038378,Tier-1,Tier-2,2026-07-23T10:20:40.636102,investigated_and_resolved
CAS-CSE-TELC-04-0038382,Tier-1,Tier-2,2026-07-23T18:22:55.549372,investigated_and_resolved
CAS-CSE-TELC-04-0038386,Tier-1,Tier-2,2026-07-24T03:23:51.800832,investigated_and_resolved
CAS-CSE-TELC-04-0038388,Tier-1,Tier-2,2026-07-24T05:41:39.438692,investigated_and_resolved
CAS-CSE-TELC-04-0038389,Tier-1,Tier-2,2026-07-24T05:45:50.344002,investigated_and_resolved
CAS-CSE-TELC-04-0038392,Tier-1,Tier-2,2026-07-24T12:46:45.179956,investigated_and_resolved
CAS-CSE-TELC-04-0038399,Tier-1,Tier-2,2026-07-25T05:51:29.012926,investigated_and_resolved
CAS-CSE-TELC-04-0038410,Tier-1,Tier-2,2026-07-25T21:47:44.040246,investigated_and_resolved
CAS-CSE-TELC-04-0038413,Tier-1,Tier-2,2026-07-26T04:48:22.872534,investigated_and_resolved
CAS-CSE-TELC-04-0038417,Tier-1,Tier-2,2026-07-26T20:48:54.751924,investigated_and_resolved
CAS-CSE-TELC-04-0038419,Tier-1,Tier-2,2026-07-26T21:49:10.981125,investigated_and_resolved
CAS-CSE-TELC-04-0038420,Tier-1,Tier-2,2026-07-27T03:09:46.581308,investigated_and_resolved
CAS-CSE-TELC-04-0038428,Tier-1,Tier-2,2026-07-27T23:43:13.010096,investigated_and_resolved
CAS-CSE-TELC-04-0038442,Tier-1,Tier-2,2026-07-29T07:10:07.083735,investigated_and_resolved
CAS-CSE-TELC-04-0038444,Tier-1,Tier-2,2026-07-29T11:20:36.017194,investigated_and_resolved
CAS-CSE-TELC-04-0038446,Tier-1,Tier-2,2026-07-29T15:53:33.244059,investigated_and_resolved
CAS-CSE-TELC-04-0038448,Tier-1,Tier-2,2026-07-29T17:35:12.268889,investigated_and_resolved
CAS-CSE-TELC-04-0038451,Tier-1,Tier-2,2026-07-29T21:46:27.199262,investigated_and_resolved
CAS-CSE-TELC-04-0038463,Tier-1,Tier-2,2026-07-30T15:54:21.582533,investigated_and_resolved
CAS-CSE-TELC-04-0038480,Tier-1,Tier-2,2026-08-01T01:01:06.052032,investigated_and_resolved
CAS-CSE-TELC-04-0038483,Tier-1,Tier-2,2026-08-01T03:52:19.878519,investigated_and_resolved
CAS-CSE-TELC-04-0038493,Tier-1,Tier-2,2026-08-01T23:26:18.950668,investigated_and_resolved
CAS-CSE-TELC-04-0038498,Tier-1,Tier-2,2026-08-02T04:37:28.247494,investigated_and_resolved
CAS-CSE-TELC-04-0038510,Tier-1,Tier-2,2026-08-02T21:28:01.238118,investigated_and_resolved
CAS-CSE-TELC-04-0038512,Tier-1,Tier-2,2026-08-03T00:40:08.029736,investigated_and_resolved
CAS-CSE-TELC-04-0038515,Tier-1,Tier-2,2026-08-03T07:05:07.088868,investigated_and_resolved
CAS-CSE-TELC-04-0038521,Tier-1,Tier-2,2026-08-03T16:02:25.603084,investigated_and_resolved
CAS-CSE-TELC-04-0038529,Tier-1,Tier-2,2026-08-04T06:26:11.622613,investigated_and_resolved
CAS-CSE-TELC-04-0038533,Tier-1,Tier-2,2026-08-04T17:01:37.227389,investigated_and_resolved
CAS-CSE-TELC-04-0038540,Tier-1,Tier-2,2026-08-04T21:58:26.649326,investigated_and_resolved
CAS-CSE-TELC-04-0038541,Tier-1,Tier-2,2026-08-04T22:16:03.565236,investigated_and_resolved
CAS-CSE-TELC-04-0038544,Tier-1,Tier-2,2026-08-05T01:45:21.516196,investigated_and_resolved
CAS-CSE-TELC-04-0038546,Tier-1,Tier-2,2026-08-05T01:17:54.730846,investigated_and_resolved
CAS-CSE-TELC-04-0038571,Tier-1,Tier-2,2026-08-07T12:17:29.785528,investigated_and_resolved
CAS-CSE-TELC-04-0038575,Tier-1,Tier-2,2026-08-07T12:12:19.922775,investigated_and_resolved
CAS-CSE-TELC-04-0038580,Tier-1,Tier-2,2026-08-07T23:49:47.182925,investigated_and_resolved
CAS-CSE-TELC-04-0038581,Tier-1,Tier-2,2026-08-07T21:32:47.637897,investigated_and_resolved
CAS-CSE-TELC-04-0038585,Tier-1,Tier-2,2026-08-08T04:21:38.070483,investigated_and_resolved
CAS-CSE-TELC-04-0038596,Tier-1,Tier-2,2026-08-08T16:28:40.069425,investigated_and_resolved
CAS-CSE-TELC-04-0038600,Tier-1,Tier-2,2026-08-08T23:25:49.098201,investigated_and_resolved
CAS-CSE-TELC-04-0038610,Tier-1,Tier-2,2026-08-09T16:22:45.419495,investigated_and_resolved
CAS-CSE-TELC-04-0038612,Tier-1,Tier-2,2026-08-09T17:49:16.644464,investigated_and_resolved
CAS-CSE-TELC-04-0038620,Tier-1,Tier-2,2026-08-10T08:07:41.049459,investigated_and_resolved
CAS-CSE-TELC-04-0038621,Tier-1,Tier-2,2026-08-10T12:12:47.413584,investigated_and_resolved
CAS-CSE-TELC-04-0038622,Tier-1,Tier-2,2026-08-10T14:23:42.420218,investigated_and_resolved
CAS-CSE-TELC-04-0038623,Tier-1,Tier-2,2026-08-10T17:16:40.899231,investigated_and_resolved
CAS-CSE-TELC-04-0038627,Tier-1,Tier-2,2026-08-11T07:28:06.933916,investigated_and_resolved
CAS-CSE-TELC-04-0038630,Tier-1,Tier-2,2026-08-11T08:30:27.166059,investigated_and_resolved
CAS-CSE-TELC-04-0038633,Tier-1,Tier-2,2026-08-11T14:38:55.986433,investigated_and_resolved
CAS-CSE-TELC-04-0038635,Tier-1,Tier-2,2026-08-11T20:16:25.920688,investigated_and_resolved
CAS-CSE-TELC-04-0038637,Tier-1,Tier-2,2026-08-11T23:59:28.981588,investigated_and_resolved
CAS-CSE-TELC-04-0038644,Tier-1,Tier-2,2026-08-12T15:44:13.137968,investigated_and_resolved
CAS-CSE-TELC-04-0038648,Tier-1,Tier-2,2026-08-12T21:15:31.505557,investigated_and_resolved
CAS-CSE-TELC-04-0038657,Tier-1,Tier-2,2026-08-13T05:38:53.124392,investigated_and_resolved
CAS-CSE-TELC-04-0038663,Tier-1,Tier-2,2026-08-13T12:46:09.965245,investigated_and_resolved
CAS-CSE-TELC-04-0038664,Tier-1,Tier-2,2026-08-13T19:01:20.033326,investigated_and_resolved
CAS-CSE-TELC-04-0038674,Tier-1,Tier-2,2026-08-14T18:38:16.761396,investigated_and_resolved
CAS-CSE-TELC-04-0038678,Tier-1,Tier-2,2026-08-14T22:06:02.013697,investigated_and_resolved
CAS-CSE-TELC-04-0038691,Tier-1,Tier-2,2026-08-16T02:50:00.379314,investigated_and_resolved
CAS-CSE-TELC-04-0038699,Tier-1,Tier-2,2026-08-16T13:15:01.163310,investigated_and_resolved
CAS-CSE-TELC-04-0038703,Tier-1,Tier-2,2026-08-16T14:46:55.110744,investigated_and_resolved
CAS-CSE-TELC-04-0038705,Tier-1,Tier-2,2026-08-16T18:53:04.375279,investigated_and_resolved
CAS-CSE-TELC-04-0038717,Tier-1,Tier-2,2026-08-18T00:22:25.243373,investigated_and_resolved
CAS-CSE-TELC-04-0038731,Tier-1,Tier-2,2026-08-19T19:43:08.721133,investigated_and_resolved
CAS-CSE-TELC-04-0038735,Tier-1,Tier-2,2026-08-19T22:55:01.517309,investigated_and_resolved
CAS-CSE-TELC-04-0038739,Tier-1,Tier-2,2026-08-20T15:38:52.494286,investigated_and_resolved
CAS-CSE-TELC-04-0038740,Tier-1,Tier-2,2026-08-20T17:59:25.725134,investigated_and_resolved
CAS-CSE-TELC-04-0038750,Tier-1,Tier-2,2026-08-21T14:14:08.350566,investigated_and_resolved
CAS-CSE-TELC-04-0038753,Tier-1,Tier-2,2026-08-22T03:58:25.488991,investigated_and_resolved
CAS-CSE-TELC-04-0038762,Tier-1,Tier-2,2026-08-22T17:19:36.466649,investigated_and_resolved
CAS-CSE-TELC-04-0038763,Tier-1,Tier-2,2026-08-22T22:01:19.239967,investigated_and_resolved
CAS-CSE-TELC-04-0038770,Tier-1,Tier-2,2026-08-23T14:40:51.536370,investigated_and_resolved
CAS-CSE-TELC-04-0038781,Tier-1,Tier-2,2026-08-24T15:05:39.841893,investigated_and_resolved
CAS-CSE-TELC-04-0038787,Tier-1,Tier-2,2026-08-24T20:36:59.654674,investigated_and_resolved
CAS-CSE-TELC-04-0038796,Tier-1,Tier-2,2026-08-25T12:19:05.540123,investigated_and_resolved
CAS-CSE-TELC-04-0038798,Tier-1,Tier-2,2026-08-25T13:02:44.131108,investigated_and_resolved
CAS-CSE-TELC-04-0038808,Tier-1,Tier-2,2026-08-26T10:55:32.986913,investigated_and_resolved
CAS-CSE-TELC-04-0038812,Tier-1,Tier-2,2026-08-27T06:46:42.842930,investigated_and_resolved
CAS-CSE-TELC-04-0038820,Tier-1,Tier-2,2026-08-27T19:09:08.087477,investigated_and_resolved
