entity_id,fault_type,detector_expected,scope,intensity
CSE-BANK-02,FAST_CRITICAL_CLOSURE,EG-01,alert:ALT-CSE-BANK-02-0003839,strong
CSE-BANK-02,CRITICAL_WITHOUT_ESCALATION,EG-02,case:CAS-CSE-BANK-02-0003839,strong
CSE-BANK-02,FAST_CRITICAL_CLOSURE,EG-01,alert:ALT-CSE-BANK-02-0003840,strong
CSE-BANK-02,CRITICAL_WITHOUT_ESCALATION,EG-02,case:CAS-CSE-BANK-02-0003840,strong
CSE-BANK-02,FAST_CRITICAL_CLOSURE,EG-01,alert:ALT-CSE-BANK-02-0003841,strong
CSE-BANK-02,CRITICAL_WITHOUT_ESCALATION,EG-02,case:CAS-CSE-BANK-02-0003841,strong
CSE-BANK-02,FAST_CRITICAL_CLOSURE,EG-01,alert:ALT-CSE-BANK-02-0003844,strong
CSE-BANK-02,CRITICAL_WITHOUT_ESCALATION,EG-02,case:CAS-CSE-BANK-02-0003844,strong
CSE-BANK-02,FAST_CRITICAL_CLOSURE,EG-01,alert:ALT-CSE-BANK-02-0003845,strong
CSE-BANK-02,CRITICAL_WITHOUT_ESCALATION,EG-02,case:CAS-CSE-BANK-02-0003845,strong
CSE-BANK-02,FAST_CRITICAL_CLOSURE,EG-01,alert:ALT-CSE-BANK-02-0003851,strong
CSE-BANK-02,CRITICAL_WITHOUT_ESCALATION,EG-02,case:CAS-CSE-BANK-02-0003851,strong
CSE-BANK-02,FAST_CRITICAL_CLOSURE,EG-01,alert:ALT-CSE-BANK-02-0003852,strong
CSE-BANK-02,CRITICAL_WITHOUT_ESCALATION,EG-02,case:CAS-CSE-BANK-02-0003852,strong
CSE-BANK-02,FAST_CRITICAL_CLOSURE,EG-01,alert:ALT-CSE-BANK-02-0003854,strong
CSE-BANK-02,CRITICAL_WITHOUT_ESCALATION,EG-02,case:CAS-CSE-BANK-02-0003854,strong
CSE-BANK-02,FAST_CRITICAL_CLOSURE,EG-01,alert:ALT-CSE-BANK-02-0003860,strong
CSE-BANK-02,CRITICAL_WITHOUT_ESCALATION,EG-02,case:CAS-CSE-BANK-02-0003860,strong
CSE-BANK-02,FAST_CRITICAL_CLOSURE,EG-01,alert:ALT-CSE-BANK-02-0003864,strong
CSE-BANK-02,CRITICAL_WITHOUT_ESCALATION,EG-02,case:CAS-CSE-BANK-02-0003864,strong
CSE-BANK-02,FAST_CRITICAL_CLOSURE,EG-01,alert:ALT-CSE-BANK-02-0003866,strong
CSE-BANK-02,CRITICAL_WITHOUT_ESCALATION,EG-02,case:CAS-CSE-BANK-02-0003866,strong
CSE-BANK-02,FAST_CRITICAL_CLOSURE,EG-01,alert:ALT-CSE-BANK-02-0003868,strong
CSE-BANK-02,CRITICAL_WITHOUT_ESCALATION,EG-02,case:CAS-CSE-BANK-02-0003868,strong
CSE-BANK-02,CRITICAL_WITHOUT_ESCALATION,EG-02,case:CAS-CSE-BANK-02-0003870,strong
CSE-BANK-02,CRITICAL_WITHOUT_ESCALATION,EG-02,case:CAS-CSE-BANK-02-0003875,strong
CSE-BANK-02,FAST_CRITICAL_CLOSURE,EG-01,alert:ALT-CSE-BANK-02-0003880,strong
CSE-BANK-02,CRITICAL_WITHOUT_ESCALATION,EG-02,case:CAS-CSE-BANK-02-0003880,strong
CSE-BANK-02,FAST_CRITICAL_CLOSURE,EG-01,alert:ALT-CSE-BANK-02-0003885,strong
CSE-BANK-02,CRITICAL_WITHOUT_ESCALATION,EG-02,case:CAS-CSE-BANK-02-0003885,strong
CSE-BANK-02,FAST_CRITICAL_CLOSURE,EG-01,alert:ALT-CSE-BANK-02-0003888,strong
CSE-BANK-02,CRITICAL_WITHOUT_ESCALATION,EG-02,case:CAS-CSE-BANK-02-0003888,strong
CSE-BANK-02,FAST_CRITICAL_CLOSURE,EG-01,alert:ALT-CSE-BANK-02-0003895,strong
CSE-BANK-02,CRITICAL_WITHOUT_ESCALATION,EG-02,case:CAS-CSE-BANK-02-0003895,strong
CSE-BANK-02,FAST_CRITICAL_CLOSURE,EG-01,alert:ALT-CSE-BANK-02-0003901,strong
CSE-BANK-02,CRITICAL_WITHOUT_ESCALATION,EG-02,case:CAS-CSE-BANK-02-0003901,strong
CSE-BANK-02,FAST_CRITICAL_CLOSURE,EG-01,alert:ALT-CSE-BANK-02-0003903,strong
CSE-BANK-02,CRITICAL_WITHOUT_ESCALATION,EG-02,case:CAS-CSE-BANK-02-0003903,strong
CSE-BANK-02,FAST_CRITICAL_CLOSURE,EG-01,alert:ALT-CSE-BANK-02-0003905,strong
CSE-BANK-02,CRITICAL_WITHOUT_ESCALATION,EG-02,case:CAS-CSE-BANK-02-0003905,strong
CSE-BANK-02,FAST_CRITICAL_CLOSURE,EG-01,alert:ALT-CSE-BANK-02-0003906,strong
CSE-BANK-02,CRITICAL_WITHOUT_ESCALATION,EG-02,case:CAS-CSE-BANK-02-0003906,strong
CSE-BANK-02,FAST_CRITICAL_CLOSURE,EG-01,alert:ALT-CSE-BANK-02-0003910,strong
CSE-BANK-02,CRITICAL_WITHOUT_ESCALATION,EG-02,case:CAS-CSE-BANK-02-0003910,strong
CSE-BANK-02,CRITICAL_WITHOUT_ESCALATION,EG-02,case:CAS-CSE-BANK-02-0003915,strong
CSE-BANK-02,FAST_CRITICAL_CLOSURE,EG-01,alert:ALT-CSE-BANK-02-0003917,strong
CSE-BANK-02,CRITICAL_WITHOUT_ESCALATION,EG-02,case:CAS-CSE-BANK-02-0003917,strong
CSE-BANK-02,FAST_CRITICAL_CLOSURE,EG-01,alert:ALT-CSE-BANK-02-0003919,strong
CSE-BANK-02,CRITICAL_WITHOUT_ESCALATION,EG-02,case:CAS-CSE-BANK-02-0003919,strong
CSE-BANK-02,FAST_CRITICAL_CLOSURE,EG-01,alert:ALT-CSE-BANK-02-0003924,strong
CSE-BANK-02,CRITICAL_WITHOUT_ESCALATION,EG-02,case:CAS-CSE-BANK-02-0003924,strong
CSE-BANK-02,FAST_CRITICAL_CLOSURE,EG-01,alert:ALT-CSE-BANK-02-0003925,strong
CSE-BANK-02,CRITICAL_WITHOUT_ESCALATION,EG-02,case:CAS-CSE-BANK-02-0003925,strong
CSE-BANK-02,FAST_CRITICAL_CLOSURE,EG-01,alert:ALT-CSE-BANK-02-0003928,strong
CSE-BANK-02,CRITICAL_WITHOUT_ESCALATION,EG-02,case:CAS-CSE-BANK-02-0003928,strong
CSE-BANK-02,FAST_CRITICAL_CLOSURE,EG-01,alert:ALT-CSE-BANK-02-0003935,strong
CSE-BANK-02,CRITICAL_WITHOUT_ESCALATION,EG-02,case:CAS-CSE-BANK-02-0003935,strong
CSE-BANK-02,FAST_CRITICAL_CLOSURE,EG-01,alert:ALT-CSE-BANK-02-0003938,strong
CSE-BANK-02,CRITICAL_WITHOUT_ESCALATION,EG-02,case:CAS-CSE-BANK-02-0003938,strong
CSE-BANK-02,FAST_CRITICAL_CLOSURE,EG-01,alert:ALT-CSE-BANK-02-0003942,strong
CSE-BANK-02,CRITICAL_WITHOUT_ESCALATION,EG-02,case:CAS-CSE-BANK-02-0003942,strong
CSE-BANK-02,FAST_CRITICAL_CLOSURE,EG-01,alert:ALT-CSE-BANK-02-0003946,strong
CSE-BANK-02,CRITICAL_WITHOUT_ESCALATION,EG-02,case:CAS-CSE-BANK-02-0003946,strong
CSE-BANK-02,FAST_CRITICAL_CLOSURE,EG-01,alert:ALT-CSE-BANK-02-0003947,strong
CSE-BANK-02,CRITICAL_WITHOUT_ESCALATION,EG-02,case:CAS-CSE-BANK-02-0003947,strong
CSE-BANK-02,CRITICAL_WITHOUT_ESCALATION,EG-02,case:CAS-CSE-BANK-02-0003950,strong
CSE-BANK-02,FAST_CRITICAL_CLOSURE,EG-01,alert:ALT-CSE-BANK-02-0003959,strong
CSE-BANK-02,CRITICAL_WITHOUT_ESCALATION,EG-02,case:CAS-CSE-BANK-02-0003959,strong
CSE-BANK-02,FAST_CRITICAL_CLOSURE,EG-01,alert:ALT-CSE-BANK-02-0003964,strong
CSE-BANK-02,CRITICAL_WITHOUT_ESCALATION,EG-02,case:CAS-CSE-BANK-02-0003964,strong
CSE-BANK-02,FAST_CRITICAL_CLOSURE,EG-01,alert:ALT-CSE-BANK-02-0003967,strong
CSE-BANK-02,CRITICAL_WITHOUT_ESCALATION,EG-02,case:CAS-CSE-BANK-02-0003967,strong
CSE-BANK-02,FAST_CRITICAL_CLOSURE,EG-01,alert:ALT-CSE-BANK-02-0003968,strong
CSE-BANK-02,CRITICAL_WITHOUT_ESCALATION,EG-02,case:CAS-CSE-BANK-02-0003968,strong
CSE-BANK-02,FAST_CRITICAL_CLOSURE,EG-01,alert:ALT-CSE-BANK-02-0003978,strong
CSE-BANK-02,CRITICAL_WITHOUT_ESCALATION,EG-02,case:CAS-CSE-BANK-02-0003978,strong
CSE-BANK-02,CRITICAL_WITHOUT_ESCALATION,EG-02,case:CAS-CSE-BANK-02-0003979,strong
CSE-BANK-02,FAST_CRITICAL_CLOSURE,EG-01,alert:ALT-CSE-BANK-02-0003983,strong
CSE-BANK-02,CRITICAL_WITHOUT_ESCALATION,EG-02,case:CAS-CSE-BANK-02-0003983,strong
CSE-BANK-02,FAST_CRITICAL_CLOSURE,EG-01,alert:ALT-CSE-BANK-02-0003984,strong
CSE-BANK-02,CRITICAL_WITHOUT_ESCALATION,EG-02,case:CAS-CSE-BANK-02-0003984,strong
CSE-BANK-02,FAST_CRITICAL_CLOSURE,EG-01,alert:ALT-CSE-BANK-02-0003989,strong
CSE-BANK-02,CRITICAL_WITHOUT_ESCALATION,EG-02,case:CAS-CSE-BANK-02-0003989,strong
CSE-BANK-02,FAST_CRITICAL_CLOSURE,EG-01,alert:ALT-CSE-BANK-02-0003990,strong
CSE-BANK-02,CRITICAL_WITHOUT_ESCALATION,EG-02,case:CAS-CSE-BANK-02-0003990,strong
CSE-BANK-02,FAST_CRITICAL_CLOSURE,EG-01,alert:ALT-CSE-BANK-02-0003994,strong
CSE-BANK-02,CRITICAL_WITHOUT_ESCALATION,EG-02,case:CAS-CSE-BANK-02-0003994,strong
CSE-BANK-02,FAST_CRITICAL_CLOSURE,EG-01,alert:ALT-CSE-BANK-02-0003996,strong
CSE-BANK-02,CRITICAL_WITHOUT_ESCALATION,EG-02,case:CAS-CSE-BANK-02-0003996,strong
CSE-BANK-02,CRITICAL_WITHOUT_ESCALATION,EG-02,case:CAS-CSE-BANK-02-0004003,strong
CSE-BANK-02,FAST_CRITICAL_CLOSURE,EG-01,alert:ALT-CSE-BANK-02-0004004,strong
CSE-BANK-02,CRITICAL_WITHOUT_ESCALATION,EG-02,case:CAS-CSE-BANK-02-0004004,strong
CSE-BANK-02,FAST_CRITICAL_CLOSURE,EG-01,alert:ALT-CSE-BANK-02-0004006,strong
CSE-BANK-02,CRITICAL_WITHOUT_ESCALATION,EG-02,case:CAS-CSE-BANK-02-0004006,strong
CSE-BANK-02,FAST_CRITICAL_CLOSURE,EG-01,alert:ALT-CSE-BANK-02-0004008,strong
CSE-BANK-02,CRITICAL_WITHOUT_ESCALATION,EG-02,case:CAS-CSE-BANK-02-0004008,strong
CSE-BANK-02,FAST_CRITICAL_CLOSURE,EG-01,alert:ALT-CSE-BANK-02-0004018,strong
CSE-BANK-02,CRITICAL_WITHOUT_ESCALATION,EG-02,case:CAS-CSE-BANK-02-0004018,strong
CSE-BANK-02,FAST_CRITICAL_CLOSURE,EG-01,alert:ALT-CSE-BANK-02-0004019,strong
CSE-BANK-02,CRITICAL_WITHOUT_ESCALATION,EG-02,case:CAS-CSE-BANK-02-0004019,strong
CSE-BANK-02,FAST_CRITICAL_CLOSURE,EG-01,alert:ALT-CSE-BANK-02-0004021,strong
CSE-BANK-02,CRITICAL_WITHOUT_ESCALATION,EG-02,case:CAS-CSE-BANK-02-0004021,strong
CSE-BANK-02,FAST_CRITICAL_CLOSURE,EG-01,alert:ALT-CSE-BANK-02-0004022,strong
CSE-BANK-02,CRITICAL_WITHOUT_ESCALATION,EG-02,case:CAS-CSE-BANK-02-0004022,strong
CSE-BANK-02,FAST_CRITICAL_CLOSURE,EG-01,alert:ALT-CSE-BANK-02-0004024,strong
CSE-BANK-02,CRITICAL_WITHOUT_ESCALATION,EG-02,case:CAS-CSE-BANK-02-0004024,strong
CSE-BANK-02,FAST_CRITICAL_CLOSURE,EG-01,alert:ALT-CSE-BANK-02-0004027,strong
CSE-BANK-02,CRITICAL_WITHOUT_ESCALATION,EG-02,case:CAS-CSE-BANK-02-0004027,strong
CSE-BANK-02,FAST_CRITICAL_CLOSURE,EG-01,alert:ALT-CSE-BANK-02-0004029,strong
CSE-BANK-02,CRITICAL_WITHOUT_ESCALATION,EG-02,case:CAS-CSE-BANK-02-0004029,strong
CSE-BANK-02,FAST_CRITICAL_CLOSURE,EG-01,alert:ALT-CSE-BANK-02-0004030,strong
CSE-BANK-02,CRITICAL_WITHOUT_ESCALATION,EG-02,case:CAS-CSE-BANK-02-0004030,strong
CSE-BANK-02,FAST_CRITICAL_CLOSURE,EG-01,alert:ALT-CSE-BANK-02-0004033,strong
CSE-BANK-02,CRITICAL_WITHOUT_ESCALATION,EG-02,case:CAS-CSE-BANK-02-0004033,strong
CSE-BANK-02,FAST_CRITICAL_CLOSURE,EG-01,alert:ALT-CSE-BANK-02-0004037,strong
CSE-BANK-02,CRITICAL_WITHOUT_ESCALATION,EG-02,case:CAS-CSE-BANK-02-0004037,strong
CSE-BANK-02,FAST_CRITICAL_CLOSURE,EG-01,alert:ALT-CSE-BANK-02-0004038,strong
CSE-BANK-02,CRITICAL_WITHOUT_ESCALATION,EG-02,case:CAS-CSE-BANK-02-0004038,strong
CSE-BANK-02,FAST_CRITICAL_CLOSURE,EG-01,alert:ALT-CSE-BANK-02-0004049,strong
CSE-BANK-02,CRITICAL_WITHOUT_ESCALATION,EG-02,case:CAS-CSE-BANK-02-0004049,strong
CSE-BANK-02,FAST_CRITICAL_CLOSURE,EG-01,alert:ALT-CSE-BANK-02-0004060,strong
CSE-BANK-02,CRITICAL_WITHOUT_ESCALATION,EG-02,case:CAS-CSE-BANK-02-0004060,strong
CSE-BANK-02,CRITICAL_WITHOUT_ESCALATION,EG-02,case:CAS-CSE-BANK-02-0004061,strong
CSE-BANK-02,FAST_CRITICAL_CLOSURE,EG-01,alert:ALT-CSE-BANK-02-0004068,strong
CSE-BANK-02,CRITICAL_WITHOUT_ESCALATION,EG-02,case:CAS-CSE-BANK-02-0004068,strong
CSE-BANK-02,CRITICAL_WITHOUT_ESCALATION,EG-02,case:CAS-CSE-BANK-02-0004075,strong
CSE-BANK-02,FAST_CRITICAL_CLOSURE,EG-01,alert:ALT-CSE-BANK-02-0004076,strong
CSE-BANK-02,CRITICAL_WITHOUT_ESCALATION,EG-02,case:CAS-CSE-BANK-02-0004076,strong
CSE-BANK-02,FAST_CRITICAL_CLOSURE,EG-01,alert:ALT-CSE-BANK-02-0004079,strong
CSE-BANK-02,CRITICAL_WITHOUT_ESCALATION,EG-02,case:CAS-CSE-BANK-02-0004079,strong
CSE-BANK-02,CRITICAL_WITHOUT_ESCALATION,EG-02,case:CAS-CSE-BANK-02-0004084,strong
CSE-BANK-02,FAST_CRITICAL_CLOSURE,EG-01,alert:ALT-CSE-BANK-02-0004089,strong
CSE-BANK-02,CRITICAL_WITHOUT_ESCALATION,EG-02,case:CAS-CSE-BANK-02-0004089,strong
CSE-BANK-02,FAST_CRITICAL_CLOSURE,EG-01,alert:ALT-CSE-BANK-02-0004093,strong
CSE-BANK-02,CRITICAL_WITHOUT_ESCALATION,EG-02,case:CAS-CSE-BANK-02-0004093,strong
CSE-BANK-02,FAST_CRITICAL_CLOSURE,EG-01,alert:ALT-CSE-BANK-02-0004095,strong
CSE-BANK-02,CRITICAL_WITHOUT_ESCALATION,EG-02,case:CAS-CSE-BANK-02-0004095,strong
CSE-BANK-02,CRITICAL_WITHOUT_ESCALATION,EG-02,case:CAS-CSE-BANK-02-0004099,strong
CSE-BANK-02,FAST_CRITICAL_CLOSURE,EG-01,alert:ALT-CSE-BANK-02-0004100,strong
CSE-BANK-02,CRITICAL_WITHOUT_ESCALATION,EG-02,case:CAS-CSE-BANK-02-0004100,strong
CSE-BANK-02,CRITICAL_WITHOUT_ESCALATION,EG-02,case:CAS-CSE-BANK-02-0004102,strong
CSE-BANK-02,FAST_CRITICAL_CLOSURE,EG-01,alert:ALT-CSE-BANK-02-0004105,strong
CSE-BANK-02,CRITICAL_WITHOUT_ESCALATION,EG-02,case:CAS-CSE-BANK-02-0004105,strong
CSE-BANK-02,FAST_CRITICAL_CLOSURE,EG-01,alert:ALT-CSE-BANK-02-0004107,strong
CSE-BANK-02,CRITICAL_WITHOUT_ESCALATION,EG-02,case:CAS-CSE-BANK-02-0004107,strong
CSE-BANK-02,CRITICAL_WITHOUT_ESCALATION,EG-02,case:CAS-CSE-BANK-02-0004112,strong
CSE-BANK-02,CRITICAL_WITHOUT_ESCALATION,EG-02,case:CAS-CSE-BANK-02-0004114,strong
CSE-BANK-02,FAST_CRITICAL_CLOSURE,EG-01,alert:ALT-CSE-BANK-02-0004120,strong
CSE-BANK-02,CRITICAL_WITHOUT_ESCALATION,EG-02,case:CAS-CSE-BANK-02-0004120,strong
CSE-BANK-02,CRITICAL_WITHOUT_ESCALATION,EG-02,case:CAS-CSE-BANK-02-0004125,strong
CSE-BANK-02,FAST_CRITICAL_CLOSURE,EG-01,alert:ALT-CSE-BANK-02-0004126,strong
CSE-BANK-02,CRITICAL_WITHOUT_ESCALATION,EG-02,case:CAS-CSE-BANK-02-0004126,strong
CSE-BANK-02,FAST_CRITICAL_CLOSURE,EG-01,alert:ALT-CSE-BANK-02-0004128,strong
CSE-BANK-02,CRITICAL_WITHOUT_ESCALATION,EG-02,case:CAS-CSE-BANK-02-0004128,strong
CSE-BANK-02,FAST_CRITICAL_CLOSURE,EG-01,alert:ALT-CSE-BANK-02-0004131,strong
CSE-BANK-02,CRITICAL_WITHOUT_ESCALATION,EG-02,case:CAS-CSE-BANK-02-0004131,strong
CSE-BANK-02,CRITICAL_WITHOUT_ESCALATION,EG-02,case:CAS-CSE-BANK-02-0004142,strong
CSE-BANK-02,FAST_CRITICAL_CLOSURE,EG-01,alert:ALT-CSE-BANK-02-0004143,strong
CSE-BANK-02,CRITICAL_WITHOUT_ESCALATION,EG-02,case:CAS-CSE-BANK-02-0004143,strong
CSE-BANK-02,FAST_CRITICAL_CLOSURE,EG-01,alert:ALT-CSE-BANK-02-0004152,strong
CSE-BANK-02,CRITICAL_WITHOUT_ESCALATION,EG-02,case:CAS-CSE-BANK-02-0004152,strong
CSE-BANK-02,FAST_CRITICAL_CLOSURE,EG-01,alert:ALT-CSE-BANK-02-0004159,strong
CSE-BANK-02,CRITICAL_WITHOUT_ESCALATION,EG-02,case:CAS-CSE-BANK-02-0004159,strong
CSE-BANK-02,FAST_CRITICAL_CLOSURE,EG-01,alert:ALT-CSE-BANK-02-0004163,strong
CSE-BANK-02,CRITICAL_WITHOUT_ESCALATION,EG-02,case:CAS-CSE-BANK-02-0004163,strong
CSE-BANK-02,FAST_CRITICAL_CLOSURE,EG-01,alert:ALT-CSE-BANK-02-0004164,strong
CSE-BANK-02,CRITICAL_WITHOUT_ESCALATION,EG-02,case:CAS-CSE-BANK-02-0004164,strong
CSE-BANK-02,FAST_CRITICAL_CLOSURE,EG-01,alert:ALT-CSE-BANK-02-0004173,strong
CSE-BANK-02,CRITICAL_WITHOUT_ESCALATION,EG-02,case:CAS-CSE-BANK-02-0004173,strong
CSE-BANK-02,FAST_CRITICAL_CLOSURE,EG-01,alert:ALT-CSE-BANK-02-0004183,strong
CSE-BANK-02,CRITICAL_WITHOUT_ESCALATION,EG-02,case:CAS-CSE-BANK-02-0004183,strong
CSE-BANK-02,FAST_CRITICAL_CLOSURE,EG-01,alert:ALT-CSE-BANK-02-0004187,strong
CSE-BANK-02,CRITICAL_WITHOUT_ESCALATION,EG-02,case:CAS-CSE-BANK-02-0004187,strong
CSE-BANK-02,FAST_CRITICAL_CLOSURE,EG-01,alert:ALT-CSE-BANK-02-0004190,strong
CSE-BANK-02,CRITICAL_WITHOUT_ESCALATION,EG-02,case:CAS-CSE-BANK-02-0004190,strong
CSE-BANK-02,CRITICAL_WITHOUT_ESCALATION,EG-02,case:CAS-CSE-BANK-02-0004193,strong
CSE-BANK-02,CRITICAL_WITHOUT_ESCALATION,EG-02,case:CAS-CSE-BANK-02-0004195,strong
CSE-BANK-02,FAST_CRITICAL_CLOSURE,EG-01,alert:ALT-CSE-BANK-02-0004199,strong
CSE-BANK-02,CRITICAL_WITHOUT_ESCALATION,EG-02,case:CAS-CSE-BANK-02-0004199,strong
CSE-BANK-02,FAST_CRITICAL_CLOSURE,EG-01,alert:ALT-CSE-BANK-02-0004202,strong
CSE-BANK-02,CRITICAL_WITHOUT_ESCALATION,EG-02,case:CAS-CSE-BANK-02-0004202,strong
CSE-BANK-02,FAST_CRITICAL_CLOSURE,EG-01,alert:ALT-CSE-BANK-02-0004207,strong
CSE-BANK-02,CRITICAL_WITHOUT_ESCALATION,EG-02,case:CAS-CSE-BANK-02-0004207,strong
CSE-BANK-02,FAST_CRITICAL_CLOSURE,EG-01,alert:ALT-CSE-BANK-02-0004208,strong
CSE-BANK-02,CRITICAL_WITHOUT_ESCALATION,EG-02,case:CAS-CSE-BANK-02-0004208,strong
CSE-BANK-02,FAST_CRITICAL_CLOSURE,EG-01,alert:ALT-CSE-BANK-02-0004209,strong
CSE-BANK-02,CRITICAL_WITHOUT_ESCALATION,EG-02,case:CAS-CSE-BANK-02-0004209,strong
CSE-BANK-02,FAST_CRITICAL_CLOSURE,EG-01,alert:ALT-CSE-BANK-02-0004210,strong
CSE-BANK-02,CRITICAL_WITHOUT_ESCALATION,EG-02,case:CAS-CSE-BANK-02-0004210,strong
CSE-BANK-02,FAST_CRITICAL_CLOSURE,EG-01,alert:ALT-CSE-BANK-02-0004215,strong
CSE-BANK-02,CRITICAL_WITHOUT_ESCALATION,EG-02,case:CAS-CSE-BANK-02-0004215,strong
CSE-BANK-02,FAST_CRITICAL_CLOSURE,EG-01,alert:ALT-CSE-BANK-02-0004224,strong
CSE-BANK-02,CRITICAL_WITHOUT_ESCALATION,EG-02,case:CAS-CSE-BANK-02-0004224,strong
CSE-BANK-02,FAST_CRITICAL_CLOSURE,EG-01,alert:ALT-CSE-BANK-02-0004233,strong
CSE-BANK-02,CRITICAL_WITHOUT_ESCALATION,EG-02,case:CAS-CSE-BANK-02-0004233,strong
CSE-BANK-02,CRITICAL_WITHOUT_ESCALATION,EG-02,case:CAS-CSE-BANK-02-0004236,strong
CSE-BANK-02,FAST_CRITICAL_CLOSURE,EG-01,alert:ALT-CSE-BANK-02-0004240,strong
CSE-BANK-02,CRITICAL_WITHOUT_ESCALATION,EG-02,case:CAS-CSE-BANK-02-0004240,strong
CSE-BANK-02,FAST_CRITICAL_CLOSURE,EG-01,alert:ALT-CSE-BANK-02-0004241,strong
CSE-BANK-02,CRITICAL_WITHOUT_ESCALATION,EG-02,case:CAS-CSE-BANK-02-0004241,strong
CSE-BANK-02,FAST_CRITICAL_CLOSURE,EG-01,alert:ALT-CSE-BANK-02-0004242,strong
CSE-BANK-02,CRITICAL_WITHOUT_ESCALATION,EG-02,case:CAS-CSE-BANK-02-0004242,strong
CSE-BANK-02,FAST_CRITICAL_CLOSURE,EG-01,alert:ALT-CSE-BANK-02-0004244,strong
CSE-BANK-02,CRITICAL_WITHOUT_ESCALATION,EG-02,case:CAS-CSE-BANK-02-0004244,strong
CSE-BANK-02,FAST_CRITICAL_CLOSURE,EG-01,alert:ALT-CSE-BANK-02-0004246,strong
CSE-BANK-02,CRITICAL_WITHOUT_ESCALATION,EG-02,case:CAS-CSE-BANK-02-0004246,strong
CSE-BANK-02,FAST_CRITICAL_CLOSURE,EG-01,alert:ALT-CSE-BANK-02-0004250,strong
CSE-BANK-02,CRITICAL_WITHOUT_ESCALATION,EG-02,case:CAS-CSE-BANK-02-0004250,strong
CSE-BANK-02,FAST_CRITICAL_CLOSURE,EG-01,alert:ALT-CSE-BANK-02-0004267,strong
CSE-BANK-02,CRITICAL_WITHOUT_ESCALATION,EG-02,case:CAS-CSE-BANK-02-0004267,strong
CSE-BANK-02,FAST_CRITICAL_CLOSURE,EG-01,alert:ALT-CSE-BANK-02-0004269,strong
CSE-BANK-02,CRITICAL_WITHOUT_ESCALATION,EG-02,case:CAS-CSE-BANK-02-0004269,strong
CSE-BANK-02,FAST_CRITICAL_CLOSURE,EG-01,alert:ALT-CSE-BANK-02-0004270,strong
CSE-BANK-02,CRITICAL_WITHOUT_ESCALATION,EG-02,case:CAS-CSE-BANK-02-0004270,strong
CSE-BANK-02,FAST_CRITICAL_CLOSURE,EG-01,alert:ALT-CSE-BANK-02-0004272,strong
CSE-BANK-02,CRITICAL_WITHOUT_ESCALATION,EG-02,case:CAS-CSE-BANK-02-0004272,strong
CSE-BANK-02,FAST_CRITICAL_CLOSURE,EG-01,alert:ALT-CSE-BANK-02-0004276,strong
CSE-BANK-02,CRITICAL_WITHOUT_ESCALATION,EG-02,case:CAS-CSE-BANK-02-0004276,strong
CSE-BANK-02,FAST_CRITICAL_CLOSURE,EG-01,alert:ALT-CSE-BANK-02-0004277,strong
CSE-BANK-02,CRITICAL_WITHOUT_ESCALATION,EG-02,case:CAS-CSE-BANK-02-0004277,strong
CSE-BANK-02,FAST_CRITICAL_CLOSURE,EG-01,alert:ALT-CSE-BANK-02-0004287,strong
CSE-BANK-02,CRITICAL_WITHOUT_ESCALATION,EG-02,case:CAS-CSE-BANK-02-0004287,strong
CSE-BANK-02,FAST_CRITICAL_CLOSURE,EG-01,alert:ALT-CSE-BANK-02-0004292,strong
CSE-BANK-02,CRITICAL_WITHOUT_ESCALATION,EG-02,case:CAS-CSE-BANK-02-0004292,strong
CSE-BANK-02,FAST_CRITICAL_CLOSURE,EG-01,alert:ALT-CSE-BANK-02-0004295,strong
CSE-BANK-02,CRITICAL_WITHOUT_ESCALATION,EG-02,case:CAS-CSE-BANK-02-0004295,strong
CSE-BANK-02,FAST_CRITICAL_CLOSURE,EG-01,alert:ALT-CSE-BANK-02-0004297,strong
CSE-BANK-02,CRITICAL_WITHOUT_ESCALATION,EG-02,case:CAS-CSE-BANK-02-0004297,strong
CSE-BANK-02,FAST_CRITICAL_CLOSURE,EG-01,alert:ALT-CSE-BANK-02-0004300,strong
CSE-BANK-02,CRITICAL_WITHOUT_ESCALATION,EG-02,case:CAS-CSE-BANK-02-0004300,strong
CSE-BANK-02,CRITICAL_WITHOUT_ESCALATION,EG-02,case:CAS-CSE-BANK-02-0004304,strong
CSE-BANK-02,FAST_CRITICAL_CLOSURE,EG-01,alert:ALT-CSE-BANK-02-0004308,strong
CSE-BANK-02,CRITICAL_WITHOUT_ESCALATION,EG-02,case:CAS-CSE-BANK-02-0004308,strong
CSE-BANK-02,FAST_CRITICAL_CLOSURE,EG-01,alert:ALT-CSE-BANK-02-0004310,strong
CSE-BANK-02,CRITICAL_WITHOUT_ESCALATION,EG-02,case:CAS-CSE-BANK-02-0004310,strong
CSE-BANK-02,FAST_CRITICAL_CLOSURE,EG-01,alert:ALT-CSE-BANK-02-0004312,strong
CSE-BANK-02,CRITICAL_WITHOUT_ESCALATION,EG-02,case:CAS-CSE-BANK-02-0004312,strong
CSE-BANK-02,FAST_CRITICAL_CLOSURE,EG-01,alert:ALT-CSE-BANK-02-0004315,strong
CSE-BANK-02,CRITICAL_WITHOUT_ESCALATION,EG-02,case:CAS-CSE-BANK-02-0004315,strong
CSE-BANK-02,FAST_CRITICAL_CLOSURE,EG-01,alert:ALT-CSE-BANK-02-0004316,strong
CSE-BANK-02,CRITICAL_WITHOUT_ESCALATION,EG-02,case:CAS-CSE-BANK-02-0004316,strong
CSE-BANK-02,CRITICAL_WITHOUT_ESCALATION,EG-02,case:CAS-CSE-BANK-02-0004319,strong
CSE-BANK-02,FAST_CRITICAL_CLOSURE,EG-01,alert:ALT-CSE-BANK-02-0004324,strong
CSE-BANK-02,CRITICAL_WITHOUT_ESCALATION,EG-02,case:CAS-CSE-BANK-02-0004324,strong
CSE-BANK-02,FAST_CRITICAL_CLOSURE,EG-01,alert:ALT-CSE-BANK-02-0004325,strong
CSE-BANK-02,CRITICAL_WITHOUT_ESCALATION,EG-02,case:CAS-CSE-BANK-02-0004325,strong
CSE-BANK-02,FAST_CRITICAL_CLOSURE,EG-01,alert:ALT-CSE-BANK-02-0004330,strong
CSE-BANK-02,CRITICAL_WITHOUT_ESCALATION,EG-02,case:CAS-CSE-BANK-02-0004330,strong
CSE-BANK-02,FAST_CRITICAL_CLOSURE,EG-01,alert:ALT-CSE-BANK-02-0004334,strong
CSE-BANK-02,CRITICAL_WITHOUT_ESCALATION,EG-02,case:CAS-CSE-BANK-02-0004334,strong
CSE-BANK-02,FAST_CRITICAL_CLOSURE,EG-01,alert:ALT-CSE-BANK-02-0004342,strong
CSE-BANK-02,CRITICAL_WITHOUT_ESCALATION,EG-02,case:CAS-CSE-BANK-02-0004342,strong
CSE-BANK-02,FAST_CRITICAL_CLOSURE,EG-01,alert:ALT-CSE-BANK-02-0004343,strong
CSE-BANK-02,CRITICAL_WITHOUT_ESCALATION,EG-02,case:CAS-CSE-BANK-02-0004343,strong
CSE-BANK-02,FAST_CRITICAL_CLOSURE,EG-01,alert:ALT-CSE-BANK-02-0004344,strong
CSE-BANK-02,CRITICAL_WITHOUT_ESCALATION,EG-02,case:CAS-CSE-BANK-02-0004344,strong
CSE-BANK-02,FAST_CRITICAL_CLOSURE,EG-01,alert:ALT-CSE-BANK-02-0004353,strong
CSE-BANK-02,CRITICAL_WITHOUT_ESCALATION,EG-02,case:CAS-CSE-BANK-02-0004353,strong
CSE-BANK-02,FAST_CRITICAL_CLOSURE,EG-01,alert:ALT-CSE-BANK-02-0004354,strong
CSE-BANK-02,CRITICAL_WITHOUT_ESCALATION,EG-02,case:CAS-CSE-BANK-02-0004354,strong
CSE-BANK-02,FAST_CRITICAL_CLOSURE,EG-01,alert:ALT-CSE-BANK-02-0004355,strong
CSE-BANK-02,CRITICAL_WITHOUT_ESCALATION,EG-02,case:CAS-CSE-BANK-02-0004355,strong
CSE-BANK-02,FAST_CRITICAL_CLOSURE,EG-01,alert:ALT-CSE-BANK-02-0004356,strong
CSE-BANK-02,CRITICAL_WITHOUT_ESCALATION,EG-02,case:CAS-CSE-BANK-02-0004356,strong
CSE-BANK-02,CRITICAL_WITHOUT_ESCALATION,EG-02,case:CAS-CSE-BANK-02-0004364,strong
CSE-BANK-02,FAST_CRITICAL_CLOSURE,EG-01,alert:ALT-CSE-BANK-02-0004380,strong
CSE-BANK-02,CRITICAL_WITHOUT_ESCALATION,EG-02,case:CAS-CSE-BANK-02-0004380,strong
CSE-BANK-02,FAST_CRITICAL_CLOSURE,EG-01,alert:ALT-CSE-BANK-02-0004382,strong
CSE-BANK-02,CRITICAL_WITHOUT_ESCALATION,EG-02,case:CAS-CSE-BANK-02-0004382,strong
CSE-BANK-02,FAST_CRITICAL_CLOSURE,EG-01,alert:ALT-CSE-BANK-02-0004387,strong
CSE-BANK-02,CRITICAL_WITHOUT_ESCALATION,EG-02,case:CAS-CSE-BANK-02-0004387,strong
CSE-BANK-02,FAST_CRITICAL_CLOSURE,EG-01,alert:ALT-CSE-BANK-02-0004388,strong
CSE-BANK-02,CRITICAL_WITHOUT_ESCALATION,EG-02,case:CAS-CSE-BANK-02-0004388,strong
CSE-BANK-02,CRITICAL_WITHOUT_ESCALATION,EG-02,case:CAS-CSE-BANK-02-0004390,strong
CSE-BANK-02,FAST_CRITICAL_CLOSURE,EG-01,alert:ALT-CSE-BANK-02-0004395,strong
CSE-BANK-02,CRITICAL_WITHOUT_ESCALATION,EG-02,case:CAS-CSE-BANK-02-0004395,strong
CSE-BANK-02,FAST_CRITICAL_CLOSURE,EG-01,alert:ALT-CSE-BANK-02-0004398,strong
CSE-BANK-02,CRITICAL_WITHOUT_ESCALATION,EG-02,case:CAS-CSE-BANK-02-0004398,strong
CSE-BANK-02,FAST_CRITICAL_CLOSURE,EG-01,alert:ALT-CSE-BANK-02-0004399,strong
CSE-BANK-02,CRITICAL_WITHOUT_ESCALATION,EG-02,case:CAS-CSE-BANK-02-0004399,strong
CSE-BANK-02,CRITICAL_WITHOUT_ESCALATION,EG-02,case:CAS-CSE-BANK-02-0004401,strong
CSE-BANK-02,FAST_CRITICAL_CLOSURE,EG-01,alert:ALT-CSE-BANK-02-0004404,strong
CSE-BANK-02,CRITICAL_WITHOUT_ESCALATION,EG-02,case:CAS-CSE-BANK-02-0004404,strong
CSE-BANK-02,FAST_CRITICAL_CLOSURE,EG-01,alert:ALT-CSE-BANK-02-0004406,strong
CSE-BANK-02,CRITICAL_WITHOUT_ESCALATION,EG-02,case:CAS-CSE-BANK-02-0004406,strong
CSE-BANK-02,FAST_CRITICAL_CLOSURE,EG-01,alert:ALT-CSE-BANK-02-0004407,strong
CSE-BANK-02,CRITICAL_WITHOUT_ESCALATION,EG-02,case:CAS-CSE-BANK-02-0004407,strong
CSE-BANK-02,CRITICAL_WITHOUT_ESCALATION,EG-02,case:CAS-CSE-BANK-02-0004409,strong
CSE-BANK-02,CRITICAL_WITHOUT_ESCALATION,EG-02,case:CAS-CSE-BANK-02-0004413,strong
CSE-BANK-02,CRITICAL_WITHOUT_ESCALATION,EG-02,case:CAS-CSE-BANK-02-0004414,strong
CSE-BANK-02,FAST_CRITICAL_CLOSURE,EG-01,alert:ALT-CSE-BANK-02-0004415,strong
CSE-BANK-02,CRITICAL_WITHOUT_ESCALATION,EG-02,case:CAS-CSE-BANK-02-0004415,strong
CSE-BANK-02,FAST_CRITICAL_CLOSURE,EG-01,alert:ALT-CSE-BANK-02-0004416,strong
CSE-BANK-02,CRITICAL_WITHOUT_ESCALATION,EG-02,case:CAS-CSE-BANK-02-0004416,strong
CSE-BANK-02,CRITICAL_WITHOUT_ESCALATION,EG-02,case:CAS-CSE-BANK-02-0004423,strong
CSE-BANK-02,FAST_CRITICAL_CLOSURE,EG-01,alert:ALT-CSE-BANK-02-0004432,strong
CSE-BANK-02,CRITICAL_WITHOUT_ESCALATION,EG-02,case:CAS-CSE-BANK-02-0004432,strong
CSE-BANK-02,FAST_CRITICAL_CLOSURE,EG-01,alert:ALT-CSE-BANK-02-0004433,strong
CSE-BANK-02,CRITICAL_WITHOUT_ESCALATION,EG-02,case:CAS-CSE-BANK-02-0004433,strong
CSE-BANK-02,FAST_CRITICAL_CLOSURE,EG-01,alert:ALT-CSE-BANK-02-0004434,strong
CSE-BANK-02,CRITICAL_WITHOUT_ESCALATION,EG-02,case:CAS-CSE-BANK-02-0004434,strong
CSE-BANK-02,FAST_CRITICAL_CLOSURE,EG-01,alert:ALT-CSE-BANK-02-0004439,strong
CSE-BANK-02,CRITICAL_WITHOUT_ESCALATION,EG-02,case:CAS-CSE-BANK-02-0004439,strong
CSE-BANK-02,FAST_CRITICAL_CLOSURE,EG-01,alert:ALT-CSE-BANK-02-0004444,strong
CSE-BANK-02,CRITICAL_WITHOUT_ESCALATION,EG-02,case:CAS-CSE-BANK-02-0004444,strong
CSE-BANK-02,FAST_CRITICAL_CLOSURE,EG-01,alert:ALT-CSE-BANK-02-0004447,strong
CSE-BANK-02,CRITICAL_WITHOUT_ESCALATION,EG-02,case:CAS-CSE-BANK-02-0004447,strong
CSE-BANK-02,FAST_CRITICAL_CLOSURE,EG-01,alert:ALT-CSE-BANK-02-0004454,strong
CSE-BANK-02,CRITICAL_WITHOUT_ESCALATION,EG-02,case:CAS-CSE-BANK-02-0004454,strong
CSE-BANK-02,FAST_CRITICAL_CLOSURE,EG-01,alert:ALT-CSE-BANK-02-0004456,strong
CSE-BANK-02,CRITICAL_WITHOUT_ESCALATION,EG-02,case:CAS-CSE-BANK-02-0004456,strong
CSE-BANK-02,FAST_CRITICAL_CLOSURE,EG-01,alert:ALT-CSE-BANK-02-0004457,strong
CSE-BANK-02,CRITICAL_WITHOUT_ESCALATION,EG-02,case:CAS-CSE-BANK-02-0004457,strong
CSE-BANK-02,FAST_CRITICAL_CLOSURE,EG-01,alert:ALT-CSE-BANK-02-0004458,strong
CSE-BANK-02,CRITICAL_WITHOUT_ESCALATION,EG-02,case:CAS-CSE-BANK-02-0004458,strong
CSE-BANK-02,FAST_CRITICAL_CLOSURE,EG-01,alert:ALT-CSE-BANK-02-0004459,strong
CSE-BANK-02,CRITICAL_WITHOUT_ESCALATION,EG-02,case:CAS-CSE-BANK-02-0004459,strong
CSE-BANK-02,FAST_CRITICAL_CLOSURE,EG-01,alert:ALT-CSE-BANK-02-0004463,strong
CSE-BANK-02,CRITICAL_WITHOUT_ESCALATION,EG-02,case:CAS-CSE-BANK-02-0004463,strong
CSE-BANK-02,CRITICAL_WITHOUT_ESCALATION,EG-02,case:CAS-CSE-BANK-02-0004470,strong
CSE-BANK-02,FAST_CRITICAL_CLOSURE,EG-01,alert:ALT-CSE-BANK-02-0004477,strong
CSE-BANK-02,CRITICAL_WITHOUT_ESCALATION,EG-02,case:CAS-CSE-BANK-02-0004477,strong
CSE-BANK-02,FAST_CRITICAL_CLOSURE,EG-01,alert:ALT-CSE-BANK-02-0004479,strong
CSE-BANK-02,CRITICAL_WITHOUT_ESCALATION,EG-02,case:CAS-CSE-BANK-02-0004479,strong
CSE-BANK-02,CRITICAL_WITHOUT_ESCALATION,EG-02,case:CAS-CSE-BANK-02-0004480,strong
CSE-BANK-02,CRITICAL_WITHOUT_ESCALATION,EG-02,case:CAS-CSE-BANK-02-0004481,strong
CSE-BANK-02,FAST_CRITICAL_CLOSURE,EG-01,alert:ALT-CSE-BANK-02-0004482,strong
CSE-BANK-02,CRITICAL_WITHOUT_ESCALATION,EG-02,case:CAS-CSE-BANK-02-0004482,strong
CSE-BANK-02,FAST_CRITICAL_CLOSURE,EG-01,alert:ALT-CSE-BANK-02-0004483,strong
CSE-BANK-02,CRITICAL_WITHOUT_ESCALATION,EG-02,case:CAS-CSE-BANK-02-0004483,strong
CSE-BANK-02,FAST_CRITICAL_CLOSURE,EG-01,alert:ALT-CSE-BANK-02-0004489,strong
CSE-BANK-02,CRITICAL_WITHOUT_ESCALATION,EG-02,case:CAS-CSE-BANK-02-0004489,strong
CSE-BANK-02,FAST_CRITICAL_CLOSURE,EG-01,alert:ALT-CSE-BANK-02-0004490,strong
CSE-BANK-02,CRITICAL_WITHOUT_ESCALATION,EG-02,case:CAS-CSE-BANK-02-0004490,strong
CSE-BANK-02,FAST_CRITICAL_CLOSURE,EG-01,alert:ALT-CSE-BANK-02-0004493,strong
CSE-BANK-02,CRITICAL_WITHOUT_ESCALATION,EG-02,case:CAS-CSE-BANK-02-0004493,strong
CSE-BANK-02,FAST_CRITICAL_CLOSURE,EG-01,alert:ALT-CSE-BANK-02-0004496,strong
CSE-BANK-02,CRITICAL_WITHOUT_ESCALATION,EG-02,case:CAS-CSE-BANK-02-0004496,strong
CSE-BANK-02,CRITICAL_WITHOUT_ESCALATION,EG-02,case:CAS-CSE-BANK-02-0004510,strong
CSE-BANK-02,FAST_CRITICAL_CLOSURE,EG-01,alert:ALT-CSE-BANK-02-0004518,strong
CSE-BANK-02,CRITICAL_WITHOUT_ESCALATION,EG-02,case:CAS-CSE-BANK-02-0004518,strong
CSE-BANK-02,CRITICAL_WITHOUT_ESCALATION,EG-02,case:CAS-CSE-BANK-02-0004527,strong
CSE-BANK-02,FAST_CRITICAL_CLOSURE,EG-01,alert:ALT-CSE-BANK-02-0004528,strong
CSE-BANK-02,CRITICAL_WITHOUT_ESCALATION,EG-02,case:CAS-CSE-BANK-02-0004528,strong
CSE-BANK-02,FAST_CRITICAL_CLOSURE,EG-01,alert:ALT-CSE-BANK-02-0004530,strong
CSE-BANK-02,CRITICAL_WITHOUT_ESCALATION,EG-02,case:CAS-CSE-BANK-02-0004530,strong
CSE-BANK-02,FAST_CRITICAL_CLOSURE,EG-01,alert:ALT-CSE-BANK-02-0004533,strong
CSE-BANK-02,CRITICAL_WITHOUT_ESCALATION,EG-02,case:CAS-CSE-BANK-02-0004533,strong
CSE-BANK-02,FAST_CRITICAL_CLOSURE,EG-01,alert:ALT-CSE-BANK-02-0004534,strong
CSE-BANK-02,CRITICAL_WITHOUT_ESCALATION,EG-02,case:CAS-CSE-BANK-02-0004534,strong
CSE-BANK-02,FAST_CRITICAL_CLOSURE,EG-01,alert:ALT-CSE-BANK-02-0004537,strong
CSE-BANK-02,CRITICAL_WITHOUT_ESCALATION,EG-02,case:CAS-CSE-BANK-02-0004537,strong
CSE-BANK-02,FAST_CRITICAL_CLOSURE,EG-01,alert:ALT-CSE-BANK-02-0004539,strong
CSE-BANK-02,CRITICAL_WITHOUT_ESCALATION,EG-02,case:CAS-CSE-BANK-02-0004539,strong
CSE-BANK-02,FAST_CRITICAL_CLOSURE,EG-01,alert:ALT-CSE-BANK-02-0004540,strong
CSE-BANK-02,CRITICAL_WITHOUT_ESCALATION,EG-02,case:CAS-CSE-BANK-02-0004540,strong
CSE-BANK-02,FAST_CRITICAL_CLOSURE,EG-01,alert:ALT-CSE-BANK-02-0004547,strong
CSE-BANK-02,CRITICAL_WITHOUT_ESCALATION,EG-02,case:CAS-CSE-BANK-02-0004547,strong
CSE-BANK-02,FAST_CRITICAL_CLOSURE,EG-01,alert:ALT-CSE-BANK-02-0004550,strong
CSE-BANK-02,CRITICAL_WITHOUT_ESCALATION,EG-02,case:CAS-CSE-BANK-02-0004550,strong
CSE-BANK-02,FAST_CRITICAL_CLOSURE,EG-01,alert:ALT-CSE-BANK-02-0004551,strong
CSE-BANK-02,CRITICAL_WITHOUT_ESCALATION,EG-02,case:CAS-CSE-BANK-02-0004551,strong
CSE-BANK-02,FAST_CRITICAL_CLOSURE,EG-01,alert:ALT-CSE-BANK-02-0004553,strong
CSE-BANK-02,CRITICAL_WITHOUT_ESCALATION,EG-02,case:CAS-CSE-BANK-02-0004553,strong
CSE-BANK-02,FAST_CRITICAL_CLOSURE,EG-01,alert:ALT-CSE-BANK-02-0004555,strong
CSE-BANK-02,CRITICAL_WITHOUT_ESCALATION,EG-02,case:CAS-CSE-BANK-02-0004555,strong
CSE-BANK-02,FAST_CRITICAL_CLOSURE,EG-01,alert:ALT-CSE-BANK-02-0004558,strong
CSE-BANK-02,CRITICAL_WITHOUT_ESCALATION,EG-02,case:CAS-CSE-BANK-02-0004558,strong
CSE-BANK-02,FAST_CRITICAL_CLOSURE,EG-01,alert:ALT-CSE-BANK-02-0004561,strong
CSE-BANK-02,CRITICAL_WITHOUT_ESCALATION,EG-02,case:CAS-CSE-BANK-02-0004561,strong
CSE-BANK-02,FAST_CRITICAL_CLOSURE,EG-01,alert:ALT-CSE-BANK-02-0004563,strong
CSE-BANK-02,CRITICAL_WITHOUT_ESCALATION,EG-02,case:CAS-CSE-BANK-02-0004563,strong
CSE-BANK-02,FAST_CRITICAL_CLOSURE,EG-01,alert:ALT-CSE-BANK-02-0004566,strong
CSE-BANK-02,CRITICAL_WITHOUT_ESCALATION,EG-02,case:CAS-CSE-BANK-02-0004566,strong
CSE-BANK-02,FAST_CRITICAL_CLOSURE,EG-01,alert:ALT-CSE-BANK-02-0004567,strong
CSE-BANK-02,CRITICAL_WITHOUT_ESCALATION,EG-02,case:CAS-CSE-BANK-02-0004567,strong
CSE-BANK-02,FAST_CRITICAL_CLOSURE,EG-01,alert:ALT-CSE-BANK-02-0004573,strong
CSE-BANK-02,CRITICAL_WITHOUT_ESCALATION,EG-02,case:CAS-CSE-BANK-02-0004573,strong
CSE-BANK-02,FAST_CRITICAL_CLOSURE,EG-01,alert:ALT-CSE-BANK-02-0004574,strong
CSE-BANK-02,CRITICAL_WITHOUT_ESCALATION,EG-02,case:CAS-CSE-BANK-02-0004574,strong
CSE-BANK-02,FAST_CRITICAL_CLOSURE,EG-01,alert:ALT-CSE-BANK-02-0004576,strong
CSE-BANK-02,CRITICAL_WITHOUT_ESCALATION,EG-02,case:CAS-CSE-BANK-02-0004576,strong
CSE-BANK-02,FAST_CRITICAL_CLOSURE,EG-01,alert:ALT-CSE-BANK-02-0004582,strong
CSE-BANK-02,CRITICAL_WITHOUT_ESCALATION,EG-02,case:CAS-CSE-BANK-02-0004582,strong
CSE-BANK-02,FAST_CRITICAL_CLOSURE,EG-01,alert:ALT-CSE-BANK-02-0004584,strong
CSE-BANK-02,CRITICAL_WITHOUT_ESCALATION,EG-02,case:CAS-CSE-BANK-02-0004584,strong
CSE-BANK-02,FAST_CRITICAL_CLOSURE,EG-01,alert:ALT-CSE-BANK-02-0004588,strong
CSE-BANK-02,CRITICAL_WITHOUT_ESCALATION,EG-02,case:CAS-CSE-BANK-02-0004588,strong
CSE-BANK-02,FAST_CRITICAL_CLOSURE,EG-01,alert:ALT-CSE-BANK-02-0004594,strong
CSE-BANK-02,CRITICAL_WITHOUT_ESCALATION,EG-02,case:CAS-CSE-BANK-02-0004594,strong
CSE-BANK-02,FAST_CRITICAL_CLOSURE,EG-01,alert:ALT-CSE-BANK-02-0004595,strong
CSE-BANK-02,CRITICAL_WITHOUT_ESCALATION,EG-02,case:CAS-CSE-BANK-02-0004595,strong
CSE-BANK-02,CRITICAL_WITHOUT_ESCALATION,EG-02,case:CAS-CSE-BANK-02-0004597,strong
CSE-BANK-02,FAST_CRITICAL_CLOSURE,EG-01,alert:ALT-CSE-BANK-02-0004605,strong
CSE-BANK-02,CRITICAL_WITHOUT_ESCALATION,EG-02,case:CAS-CSE-BANK-02-0004605,strong
CSE-BANK-02,FAST_CRITICAL_CLOSURE,EG-01,alert:ALT-CSE-BANK-02-0004615,strong
CSE-BANK-02,CRITICAL_WITHOUT_ESCALATION,EG-02,case:CAS-CSE-BANK-02-0004615,strong
CSE-BANK-02,FAST_CRITICAL_CLOSURE,EG-01,alert:ALT-CSE-BANK-02-0004616,strong
CSE-BANK-02,CRITICAL_WITHOUT_ESCALATION,EG-02,case:CAS-CSE-BANK-02-0004616,strong
CSE-BANK-02,FAST_CRITICAL_CLOSURE,EG-01,alert:ALT-CSE-BANK-02-0004621,strong
CSE-BANK-02,CRITICAL_WITHOUT_ESCALATION,EG-02,case:CAS-CSE-BANK-02-0004621,strong
CSE-BANK-02,FAST_CRITICAL_CLOSURE,EG-01,alert:ALT-CSE-BANK-02-0004627,strong
CSE-BANK-02,CRITICAL_WITHOUT_ESCALATION,EG-02,case:CAS-CSE-BANK-02-0004627,strong
CSE-BANK-02,FAST_CRITICAL_CLOSURE,EG-01,alert:ALT-CSE-BANK-02-0004628,strong
CSE-BANK-02,CRITICAL_WITHOUT_ESCALATION,EG-02,case:CAS-CSE-BANK-02-0004628,strong
CSE-BANK-02,FAST_CRITICAL_CLOSURE,EG-01,alert:ALT-CSE-BANK-02-0004629,strong
CSE-BANK-02,CRITICAL_WITHOUT_ESCALATION,EG-02,case:CAS-CSE-BANK-02-0004629,strong
CSE-BANK-02,FAST_CRITICAL_CLOSURE,EG-01,alert:ALT-CSE-BANK-02-0004637,strong
CSE-BANK-02,CRITICAL_WITHOUT_ESCALATION,EG-02,case:CAS-CSE-BANK-02-0004637,strong
CSE-BANK-02,FAST_CRITICAL_CLOSURE,EG-01,alert:ALT-CSE-BANK-02-0004640,strong
CSE-BANK-02,CRITICAL_WITHOUT_ESCALATION,EG-02,case:CAS-CSE-BANK-02-0004640,strong
CSE-BANK-02,FAST_CRITICAL_CLOSURE,EG-01,alert:ALT-CSE-BANK-02-0004642,strong
CSE-BANK-02,CRITICAL_WITHOUT_ESCALATION,EG-02,case:CAS-CSE-BANK-02-0004642,strong
CSE-BANK-02,FAST_CRITICAL_CLOSURE,EG-01,alert:ALT-CSE-BANK-02-0004648,strong
CSE-BANK-02,CRITICAL_WITHOUT_ESCALATION,EG-02,case:CAS-CSE-BANK-02-0004648,strong
CSE-BANK-02,FAST_CRITICAL_CLOSURE,EG-01,alert:ALT-CSE-BANK-02-0004651,strong
CSE-BANK-02,CRITICAL_WITHOUT_ESCALATION,EG-02,case:CAS-CSE-BANK-02-0004651,strong
CSE-BANK-02,FAST_CRITICAL_CLOSURE,EG-01,alert:ALT-CSE-BANK-02-0004652,strong
CSE-BANK-02,CRITICAL_WITHOUT_ESCALATION,EG-02,case:CAS-CSE-BANK-02-0004652,strong
CSE-BANK-02,FAST_CRITICAL_CLOSURE,EG-01,alert:ALT-CSE-BANK-02-0004653,strong
CSE-BANK-02,CRITICAL_WITHOUT_ESCALATION,EG-02,case:CAS-CSE-BANK-02-0004653,strong
CSE-BANK-02,FAST_CRITICAL_CLOSURE,EG-01,alert:ALT-CSE-BANK-02-0004654,strong
CSE-BANK-02,CRITICAL_WITHOUT_ESCALATION,EG-02,case:CAS-CSE-BANK-02-0004654,strong
CSE-BANK-02,FAST_CRITICAL_CLOSURE,EG-01,alert:ALT-CSE-BANK-02-0004670,strong
CSE-BANK-02,CRITICAL_WITHOUT_ESCALATION,EG-02,case:CAS-CSE-BANK-02-0004670,strong
CSE-BANK-02,FAST_CRITICAL_CLOSURE,EG-01,alert:ALT-CSE-BANK-02-0004672,strong
CSE-BANK-02,CRITICAL_WITHOUT_ESCALATION,EG-02,case:CAS-CSE-BANK-02-0004672,strong
CSE-BANK-02,FAST_CRITICAL_CLOSURE,EG-01,alert:ALT-CSE-BANK-02-0004674,strong
CSE-BANK-02,CRITICAL_WITHOUT_ESCALATION,EG-02,case:CAS-CSE-BANK-02-0004674,strong
CSE-BANK-02,FAST_CRITICAL_CLOSURE,EG-01,alert:ALT-CSE-BANK-02-0004675,strong
CSE-BANK-02,CRITICAL_WITHOUT_ESCALATION,EG-02,case:CAS-CSE-BANK-02-0004675,strong
CSE-BANK-02,FAST_CRITICAL_CLOSURE,EG-01,alert:ALT-CSE-BANK-02-0004678,strong
CSE-BANK-02,CRITICAL_WITHOUT_ESCALATION,EG-02,case:CAS-CSE-BANK-02-0004678,strong
CSE-BANK-02,FAST_CRITICAL_CLOSURE,EG-01,alert:ALT-CSE-BANK-02-0004682,strong
CSE-BANK-02,CRITICAL_WITHOUT_ESCALATION,EG-02,case:CAS-CSE-BANK-02-0004682,strong
CSE-BANK-02,FAST_CRITICAL_CLOSURE,EG-01,alert:ALT-CSE-BANK-02-0004691,strong
CSE-BANK-02,CRITICAL_WITHOUT_ESCALATION,EG-02,case:CAS-CSE-BANK-02-0004691,strong
CSE-BANK-02,FAST_CRITICAL_CLOSURE,EG-01,alert:ALT-CSE-BANK-02-0004700,strong
CSE-BANK-02,CRITICAL_WITHOUT_ESCALATION,EG-02,case:CAS-CSE-BANK-02-0004700,strong
CSE-BANK-02,FAST_CRITICAL_CLOSURE,EG-01,alert:ALT-CSE-BANK-02-0004703,strong
CSE-BANK-02,CRITICAL_WITHOUT_ESCALATION,EG-02,case:CAS-CSE-BANK-02-0004703,strong
CSE-BANK-02,FAST_CRITICAL_CLOSURE,EG-01,alert:ALT-CSE-BANK-02-0004706,strong
CSE-BANK-02,CRITICAL_WITHOUT_ESCALATION,EG-02,case:CAS-CSE-BANK-02-0004706,strong
CSE-BANK-02,FAST_CRITICAL_CLOSURE,EG-01,alert:ALT-CSE-BANK-02-0004713,strong
CSE-BANK-02,CRITICAL_WITHOUT_ESCALATION,EG-02,case:CAS-CSE-BANK-02-0004713,strong
CSE-BANK-02,FAST_CRITICAL_CLOSURE,EG-01,alert:ALT-CSE-BANK-02-0004715,strong
CSE-BANK-02,CRITICAL_WITHOUT_ESCALATION,EG-02,case:CAS-CSE-BANK-02-0004715,strong
CSE-BANK-02,FAST_CRITICAL_CLOSURE,EG-01,alert:ALT-CSE-BANK-02-0004720,strong
CSE-BANK-02,CRITICAL_WITHOUT_ESCALATION,EG-02,case:CAS-CSE-BANK-02-0004720,strong
CSE-BANK-02,CRITICAL_WITHOUT_ESCALATION,EG-02,case:CAS-CSE-BANK-02-0004723,strong
CSE-BANK-02,FAST_CRITICAL_CLOSURE,EG-01,alert:ALT-CSE-BANK-02-0004726,strong
CSE-BANK-02,CRITICAL_WITHOUT_ESCALATION,EG-02,case:CAS-CSE-BANK-02-0004726,strong
CSE-BANK-02,FAST_CRITICAL_CLOSURE,EG-01,alert:ALT-CSE-BANK-02-0004730,strong
CSE-BANK-02,CRITICAL_WITHOUT_ESCALATION,EG-02,case:CAS-CSE-BANK-02-0004730,strong
CSE-BANK-02,FAST_CRITICAL_CLOSURE,EG-01,alert:ALT-CSE-BANK-02-0004732,strong
CSE-BANK-02,CRITICAL_WITHOUT_ESCALATION,EG-02,case:CAS-CSE-BANK-02-0004732,strong
CSE-BANK-02,FAST_CRITICAL_CLOSURE,EG-01,alert:ALT-CSE-BANK-02-0004734,strong
CSE-BANK-02,CRITICAL_WITHOUT_ESCALATION,EG-02,case:CAS-CSE-BANK-02-0004734,strong
CSE-BANK-02,FAST_CRITICAL_CLOSURE,EG-01,alert:ALT-CSE-BANK-02-0004739,strong
CSE-BANK-02,CRITICAL_WITHOUT_ESCALATION,EG-02,case:CAS-CSE-BANK-02-0004739,strong
CSE-BANK-02,FAST_CRITICAL_CLOSURE,EG-01,alert:ALT-CSE-BANK-02-0004744,strong
CSE-BANK-02,CRITICAL_WITHOUT_ESCALATION,EG-02,case:CAS-CSE-BANK-02-0004744,strong
CSE-BANK-02,FAST_CRITICAL_CLOSURE,EG-01,alert:ALT-CSE-BANK-02-0004748,strong
CSE-BANK-02,CRITICAL_WITHOUT_ESCALATION,EG-02,case:CAS-CSE-BANK-02-0004748,strong
CSE-BANK-02,FAST_CRITICAL_CLOSURE,EG-01,alert:ALT-CSE-BANK-02-0004750,strong
CSE-BANK-02,CRITICAL_WITHOUT_ESCALATION,EG-02,case:CAS-CSE-BANK-02-0004750,strong
CSE-BANK-02,FAST_CRITICAL_CLOSURE,EG-01,alert:ALT-CSE-BANK-02-0004755,strong
CSE-BANK-02,CRITICAL_WITHOUT_ESCALATION,EG-02,case:CAS-CSE-BANK-02-0004755,strong
CSE-BANK-02,FAST_CRITICAL_CLOSURE,EG-01,alert:ALT-CSE-BANK-02-0004757,strong
CSE-BANK-02,CRITICAL_WITHOUT_ESCALATION,EG-02,case:CAS-CSE-BANK-02-0004757,strong
CSE-BANK-02,FAST_CRITICAL_CLOSURE,EG-01,alert:ALT-CSE-BANK-02-0004759,strong
CSE-BANK-02,CRITICAL_WITHOUT_ESCALATION,EG-02,case:CAS-CSE-BANK-02-0004759,strong
CSE-BANK-02,FAST_CRITICAL_CLOSURE,EG-01,alert:ALT-CSE-BANK-02-0004761,strong
CSE-BANK-02,CRITICAL_WITHOUT_ESCALATION,EG-02,case:CAS-CSE-BANK-02-0004761,strong
CSE-BANK-02,FAST_CRITICAL_CLOSURE,EG-01,alert:ALT-CSE-BANK-02-0004762,strong
CSE-BANK-02,CRITICAL_WITHOUT_ESCALATION,EG-02,case:CAS-CSE-BANK-02-0004762,strong
CSE-BANK-02,FAST_CRITICAL_CLOSURE,EG-01,alert:ALT-CSE-BANK-02-0004763,strong
CSE-BANK-02,CRITICAL_WITHOUT_ESCALATION,EG-02,case:CAS-CSE-BANK-02-0004763,strong
CSE-BANK-02,FAST_CRITICAL_CLOSURE,EG-01,alert:ALT-CSE-BANK-02-0004765,strong
CSE-BANK-02,CRITICAL_WITHOUT_ESCALATION,EG-02,case:CAS-CSE-BANK-02-0004765,strong
CSE-BANK-02,FAST_CRITICAL_CLOSURE,EG-01,alert:ALT-CSE-BANK-02-0004766,strong
CSE-BANK-02,CRITICAL_WITHOUT_ESCALATION,EG-02,case:CAS-CSE-BANK-02-0004766,strong
CSE-BANK-02,FAST_CRITICAL_CLOSURE,EG-01,alert:ALT-CSE-BANK-02-0004774,strong
CSE-BANK-02,CRITICAL_WITHOUT_ESCALATION,EG-02,case:CAS-CSE-BANK-02-0004774,strong
CSE-BANK-02,FAST_CRITICAL_CLOSURE,EG-01,alert:ALT-CSE-BANK-02-0004775,strong
CSE-BANK-02,CRITICAL_WITHOUT_ESCALATION,EG-02,case:CAS-CSE-BANK-02-0004775,strong
CSE-BANK-02,FAST_CRITICAL_CLOSURE,EG-01,alert:ALT-CSE-BANK-02-0004776,strong
CSE-BANK-02,CRITICAL_WITHOUT_ESCALATION,EG-02,case:CAS-CSE-BANK-02-0004776,strong
CSE-BANK-02,FAST_CRITICAL_CLOSURE,EG-01,alert:ALT-CSE-BANK-02-0004778,strong
CSE-BANK-02,CRITICAL_WITHOUT_ESCALATION,EG-02,case:CAS-CSE-BANK-02-0004778,strong
CSE-BANK-02,FAST_CRITICAL_CLOSURE,EG-01,alert:ALT-CSE-BANK-02-0004779,strong
CSE-BANK-02,CRITICAL_WITHOUT_ESCALATION,EG-02,case:CAS-CSE-BANK-02-0004779,strong
CSE-BANK-02,CRITICAL_WITHOUT_ESCALATION,EG-02,case:CAS-CSE-BANK-02-0004780,strong
CSE-BANK-02,FAST_CRITICAL_CLOSURE,EG-01,alert:ALT-CSE-BANK-02-0004783,strong
CSE-BANK-02,CRITICAL_WITHOUT_ESCALATION,EG-02,case:CAS-CSE-BANK-02-0004783,strong
CSE-BANK-02,FAST_CRITICAL_CLOSURE,EG-01,alert:ALT-CSE-BANK-02-0004792,strong
CSE-BANK-02,CRITICAL_WITHOUT_ESCALATION,EG-02,case:CAS-CSE-BANK-02-0004792,strong
CSE-BANK-02,FAST_CRITICAL_CLOSURE,EG-01,alert:ALT-CSE-BANK-02-0004795,strong
CSE-BANK-02,CRITICAL_WITHOUT_ESCALATION,EG-02,case:CAS-CSE-BANK-02-0004795,strong
CSE-BANK-02,FAST_CRITICAL_CLOSURE,EG-01,alert:ALT-CSE-BANK-02-0004801,strong
CSE-BANK-02,CRITICAL_WITHOUT_ESCALATION,EG-02,case:CAS-CSE-BANK-02-0004801,strong
CSE-BANK-02,FAST_CRITICAL_CLOSURE,EG-01,alert:ALT-CSE-BANK-02-0004802,strong
CSE-BANK-02,CRITICAL_WITHOUT_ESCALATION,EG-02,case:CAS-CSE-BANK-02-0004802,strong
CSE-BANK-02,FAST_CRITICAL_CLOSURE,EG-01,alert:ALT-CSE-BANK-02-0004806,strong
CSE-BANK-02,CRITICAL_WITHOUT_ESCALATION,EG-02,case:CAS-CSE-BANK-02-0004806,strong
CSE-BANK-02,FAST_CRITICAL_CLOSURE,EG-01,alert:ALT-CSE-BANK-02-0004807,strong
CSE-BANK-02,CRITICAL_WITHOUT_ESCALATION,EG-02,case:CAS-CSE-BANK-02-0004807,strong
CSE-BANK-02,CRITICAL_WITHOUT_ESCALATION,EG-02,case:CAS-CSE-BANK-02-0004826,strong
CSE-BANK-02,FAST_CRITICAL_CLOSURE,EG-01,alert:ALT-CSE-BANK-02-0004833,strong
CSE-BANK-02,CRITICAL_WITHOUT_ESCALATION,EG-02,case:CAS-CSE-BANK-02-0004833,strong
CSE-BANK-02,FAST_CRITICAL_CLOSURE,EG-01,alert:ALT-CSE-BANK-02-0004841,strong
CSE-BANK-02,CRITICAL_WITHOUT_ESCALATION,EG-02,case:CAS-CSE-BANK-02-0004841,strong
CSE-BANK-02,CRITICAL_WITHOUT_ESCALATION,EG-02,case:CAS-CSE-BANK-02-0004843,strong
CSE-BANK-02,FAST_CRITICAL_CLOSURE,EG-01,alert:ALT-CSE-BANK-02-0004846,strong
CSE-BANK-02,CRITICAL_WITHOUT_ESCALATION,EG-02,case:CAS-CSE-BANK-02-0004846,strong
CSE-BANK-02,FAST_CRITICAL_CLOSURE,EG-01,alert:ALT-CSE-BANK-02-0004847,strong
CSE-BANK-02,CRITICAL_WITHOUT_ESCALATION,EG-02,case:CAS-CSE-BANK-02-0004847,strong
CSE-BANK-02,FAST_CRITICAL_CLOSURE,EG-01,alert:ALT-CSE-BANK-02-0004852,strong
CSE-BANK-02,CRITICAL_WITHOUT_ESCALATION,EG-02,case:CAS-CSE-BANK-02-0004852,strong
CSE-BANK-02,FAST_CRITICAL_CLOSURE,EG-01,alert:ALT-CSE-BANK-02-0004854,strong
CSE-BANK-02,CRITICAL_WITHOUT_ESCALATION,EG-02,case:CAS-CSE-BANK-02-0004854,strong
CSE-BANK-02,FAST_CRITICAL_CLOSURE,EG-01,alert:ALT-CSE-BANK-02-0004863,strong
CSE-BANK-02,CRITICAL_WITHOUT_ESCALATION,EG-02,case:CAS-CSE-BANK-02-0004863,strong
CSE-BANK-02,FAST_CRITICAL_CLOSURE,EG-01,alert:ALT-CSE-BANK-02-0004864,strong
CSE-BANK-02,CRITICAL_WITHOUT_ESCALATION,EG-02,case:CAS-CSE-BANK-02-0004864,strong
CSE-BANK-02,FAST_CRITICAL_CLOSURE,EG-01,alert:ALT-CSE-BANK-02-0004865,strong
CSE-BANK-02,CRITICAL_WITHOUT_ESCALATION,EG-02,case:CAS-CSE-BANK-02-0004865,strong
CSE-BANK-02,FAST_CRITICAL_CLOSURE,EG-01,alert:ALT-CSE-BANK-02-0004866,strong
CSE-BANK-02,CRITICAL_WITHOUT_ESCALATION,EG-02,case:CAS-CSE-BANK-02-0004866,strong
CSE-BANK-02,FAST_CRITICAL_CLOSURE,EG-01,alert:ALT-CSE-BANK-02-0004867,strong
CSE-BANK-02,CRITICAL_WITHOUT_ESCALATION,EG-02,case:CAS-CSE-BANK-02-0004867,strong
CSE-BANK-02,FAST_CRITICAL_CLOSURE,EG-01,alert:ALT-CSE-BANK-02-0004871,strong
CSE-BANK-02,CRITICAL_WITHOUT_ESCALATION,EG-02,case:CAS-CSE-BANK-02-0004871,strong
CSE-BANK-02,FAST_CRITICAL_CLOSURE,EG-01,alert:ALT-CSE-BANK-02-0004881,strong
CSE-BANK-02,CRITICAL_WITHOUT_ESCALATION,EG-02,case:CAS-CSE-BANK-02-0004881,strong
CSE-BANK-02,FAST_CRITICAL_CLOSURE,EG-01,alert:ALT-CSE-BANK-02-0004882,strong
CSE-BANK-02,CRITICAL_WITHOUT_ESCALATION,EG-02,case:CAS-CSE-BANK-02-0004882,strong
CSE-BANK-02,FAST_CRITICAL_CLOSURE,EG-01,alert:ALT-CSE-BANK-02-0004883,strong
CSE-BANK-02,CRITICAL_WITHOUT_ESCALATION,EG-02,case:CAS-CSE-BANK-02-0004883,strong
CSE-BANK-02,FAST_CRITICAL_CLOSURE,EG-01,alert:ALT-CSE-BANK-02-0004886,strong
CSE-BANK-02,CRITICAL_WITHOUT_ESCALATION,EG-02,case:CAS-CSE-BANK-02-0004886,strong
CSE-BANK-02,CRITICAL_WITHOUT_ESCALATION,EG-02,case:CAS-CSE-BANK-02-0004888,strong
CSE-BANK-02,FAST_CRITICAL_CLOSURE,EG-01,alert:ALT-CSE-BANK-02-0004893,strong
CSE-BANK-02,CRITICAL_WITHOUT_ESCALATION,EG-02,case:CAS-CSE-BANK-02-0004893,strong
CSE-BANK-02,FAST_CRITICAL_CLOSURE,EG-01,alert:ALT-CSE-BANK-02-0004900,strong
CSE-BANK-02,CRITICAL_WITHOUT_ESCALATION,EG-02,case:CAS-CSE-BANK-02-0004900,strong
CSE-BANK-02,FAST_CRITICAL_CLOSURE,EG-01,alert:ALT-CSE-BANK-02-0004905,strong
CSE-BANK-02,CRITICAL_WITHOUT_ESCALATION,EG-02,case:CAS-CSE-BANK-02-0004905,strong
CSE-BANK-02,FAST_CRITICAL_CLOSURE,EG-01,alert:ALT-CSE-BANK-02-0004907,strong
CSE-BANK-02,CRITICAL_WITHOUT_ESCALATION,EG-02,case:CAS-CSE-BANK-02-0004907,strong
CSE-BANK-02,FAST_CRITICAL_CLOSURE,EG-01,alert:ALT-CSE-BANK-02-0004908,strong
CSE-BANK-02,CRITICAL_WITHOUT_ESCALATION,EG-02,case:CAS-CSE-BANK-02-0004908,strong
CSE-BANK-02,FAST_CRITICAL_CLOSURE,EG-01,alert:ALT-CSE-BANK-02-0004912,strong
CSE-BANK-02,CRITICAL_WITHOUT_ESCALATION,EG-02,case:CAS-CSE-BANK-02-0004912,strong
CSE-BANK-02,FAST_CRITICAL_CLOSURE,EG-01,alert:ALT-CSE-BANK-02-0004914,strong
CSE-BANK-02,CRITICAL_WITHOUT_ESCALATION,EG-02,case:CAS-CSE-BANK-02-0004914,strong
CSE-BANK-02,CRITICAL_WITHOUT_ESCALATION,EG-02,case:CAS-CSE-BANK-02-0004918,strong
CSE-BANK-02,FAST_CRITICAL_CLOSURE,EG-01,alert:ALT-CSE-BANK-02-0004922,strong
CSE-BANK-02,CRITICAL_WITHOUT_ESCALATION,EG-02,case:CAS-CSE-BANK-02-0004922,strong
CSE-BANK-02,FAST_CRITICAL_CLOSURE,EG-01,alert:ALT-CSE-BANK-02-0004923,strong
CSE-BANK-02,CRITICAL_WITHOUT_ESCALATION,EG-02,case:CAS-CSE-BANK-02-0004923,strong
CSE-BANK-02,FAST_CRITICAL_CLOSURE,EG-01,alert:ALT-CSE-BANK-02-0004925,strong
CSE-BANK-02,CRITICAL_WITHOUT_ESCALATION,EG-02,case:CAS-CSE-BANK-02-0004925,strong
CSE-BANK-02,FAST_CRITICAL_CLOSURE,EG-01,alert:ALT-CSE-BANK-02-0004928,strong
CSE-BANK-02,CRITICAL_WITHOUT_ESCALATION,EG-02,case:CAS-CSE-BANK-02-0004928,strong
CSE-BANK-02,FAST_CRITICAL_CLOSURE,EG-01,alert:ALT-CSE-BANK-02-0004932,strong
CSE-BANK-02,CRITICAL_WITHOUT_ESCALATION,EG-02,case:CAS-CSE-BANK-02-0004932,strong
CSE-BANK-02,CRITICAL_WITHOUT_ESCALATION,EG-02,case:CAS-CSE-BANK-02-0004934,strong
CSE-BANK-02,FAST_CRITICAL_CLOSURE,EG-01,alert:ALT-CSE-BANK-02-0004936,strong
CSE-BANK-02,CRITICAL_WITHOUT_ESCALATION,EG-02,case:CAS-CSE-BANK-02-0004936,strong
CSE-BANK-02,CRITICAL_WITHOUT_ESCALATION,EG-02,case:CAS-CSE-BANK-02-0004941,strong
CSE-BANK-02,FAST_CRITICAL_CLOSURE,EG-01,alert:ALT-CSE-BANK-02-0004942,strong
CSE-BANK-02,CRITICAL_WITHOUT_ESCALATION,EG-02,case:CAS-CSE-BANK-02-0004942,strong
CSE-BANK-02,FAST_CRITICAL_CLOSURE,EG-01,alert:ALT-CSE-BANK-02-0004945,strong
CSE-BANK-02,CRITICAL_WITHOUT_ESCALATION,EG-02,case:CAS-CSE-BANK-02-0004945,strong
CSE-BANK-02,FAST_CRITICAL_CLOSURE,EG-01,alert:ALT-CSE-BANK-02-0004946,strong
CSE-BANK-02,CRITICAL_WITHOUT_ESCALATION,EG-02,case:CAS-CSE-BANK-02-0004946,strong
CSE-BANK-02,FAST_CRITICAL_CLOSURE,EG-01,alert:ALT-CSE-BANK-02-0004949,strong
CSE-BANK-02,CRITICAL_WITHOUT_ESCALATION,EG-02,case:CAS-CSE-BANK-02-0004949,strong
CSE-BANK-02,FAST_CRITICAL_CLOSURE,EG-01,alert:ALT-CSE-BANK-02-0004950,strong
CSE-BANK-02,CRITICAL_WITHOUT_ESCALATION,EG-02,case:CAS-CSE-BANK-02-0004950,strong
CSE-BANK-02,FAST_CRITICAL_CLOSURE,EG-01,alert:ALT-CSE-BANK-02-0004952,strong
CSE-BANK-02,CRITICAL_WITHOUT_ESCALATION,EG-02,case:CAS-CSE-BANK-02-0004952,strong
CSE-BANK-02,FAST_CRITICAL_CLOSURE,EG-01,alert:ALT-CSE-BANK-02-0004962,strong
CSE-BANK-02,CRITICAL_WITHOUT_ESCALATION,EG-02,case:CAS-CSE-BANK-02-0004962,strong
CSE-BANK-02,FAST_CRITICAL_CLOSURE,EG-01,alert:ALT-CSE-BANK-02-0004966,strong
CSE-BANK-02,CRITICAL_WITHOUT_ESCALATION,EG-02,case:CAS-CSE-BANK-02-0004966,strong
CSE-BANK-02,FAST_CRITICAL_CLOSURE,EG-01,alert:ALT-CSE-BANK-02-0004968,strong
CSE-BANK-02,CRITICAL_WITHOUT_ESCALATION,EG-02,case:CAS-CSE-BANK-02-0004968,strong
CSE-BANK-02,FAST_CRITICAL_CLOSURE,EG-01,alert:ALT-CSE-BANK-02-0004970,strong
CSE-BANK-02,CRITICAL_WITHOUT_ESCALATION,EG-02,case:CAS-CSE-BANK-02-0004970,strong
CSE-BANK-02,FAST_CRITICAL_CLOSURE,EG-01,alert:ALT-CSE-BANK-02-0004974,strong
CSE-BANK-02,CRITICAL_WITHOUT_ESCALATION,EG-02,case:CAS-CSE-BANK-02-0004974,strong
CSE-BANK-02,FAST_CRITICAL_CLOSURE,EG-01,alert:ALT-CSE-BANK-02-0004982,strong
CSE-BANK-02,CRITICAL_WITHOUT_ESCALATION,EG-02,case:CAS-CSE-BANK-02-0004982,strong
CSE-BANK-02,FAST_CRITICAL_CLOSURE,EG-01,alert:ALT-CSE-BANK-02-0004985,strong
CSE-BANK-02,CRITICAL_WITHOUT_ESCALATION,EG-02,case:CAS-CSE-BANK-02-0004985,strong
CSE-BANK-02,FAST_CRITICAL_CLOSURE,EG-01,alert:ALT-CSE-BANK-02-0004986,strong
CSE-BANK-02,CRITICAL_WITHOUT_ESCALATION,EG-02,case:CAS-CSE-BANK-02-0004986,strong
CSE-BANK-02,FAST_CRITICAL_CLOSURE,EG-01,alert:ALT-CSE-BANK-02-0004992,strong
CSE-BANK-02,CRITICAL_WITHOUT_ESCALATION,EG-02,case:CAS-CSE-BANK-02-0004992,strong
CSE-BANK-02,FAST_CRITICAL_CLOSURE,EG-01,alert:ALT-CSE-BANK-02-0004995,strong
CSE-BANK-02,CRITICAL_WITHOUT_ESCALATION,EG-02,case:CAS-CSE-BANK-02-0004995,strong
CSE-BANK-02,FAST_CRITICAL_CLOSURE,EG-01,alert:ALT-CSE-BANK-02-0005007,strong
CSE-BANK-02,CRITICAL_WITHOUT_ESCALATION,EG-02,case:CAS-CSE-BANK-02-0005007,strong
CSE-BANK-02,FAST_CRITICAL_CLOSURE,EG-01,alert:ALT-CSE-BANK-02-0005009,strong
CSE-BANK-02,CRITICAL_WITHOUT_ESCALATION,EG-02,case:CAS-CSE-BANK-02-0005009,strong
CSE-BANK-02,CRITICAL_WITHOUT_ESCALATION,EG-02,case:CAS-CSE-BANK-02-0005014,strong
CSE-BANK-02,FAST_CRITICAL_CLOSURE,EG-01,alert:ALT-CSE-BANK-02-0005016,strong
CSE-BANK-02,CRITICAL_WITHOUT_ESCALATION,EG-02,case:CAS-CSE-BANK-02-0005016,strong
CSE-BANK-02,FAST_CRITICAL_CLOSURE,EG-01,alert:ALT-CSE-BANK-02-0005017,strong
CSE-BANK-02,CRITICAL_WITHOUT_ESCALATION,EG-02,case:CAS-CSE-BANK-02-0005017,strong
CSE-BANK-02,FAST_CRITICAL_CLOSURE,EG-01,alert:ALT-CSE-BANK-02-0005019,strong
CSE-BANK-02,CRITICAL_WITHOUT_ESCALATION,EG-02,case:CAS-CSE-BANK-02-0005019,strong
CSE-BANK-02,FAST_CRITICAL_CLOSURE,EG-01,alert:ALT-CSE-BANK-02-0005022,strong
CSE-BANK-02,CRITICAL_WITHOUT_ESCALATION,EG-02,case:CAS-CSE-BANK-02-0005022,strong
CSE-BANK-02,FAST_CRITICAL_CLOSURE,EG-01,alert:ALT-CSE-BANK-02-0005030,strong
CSE-BANK-02,CRITICAL_WITHOUT_ESCALATION,EG-02,case:CAS-CSE-BANK-02-0005030,strong
CSE-BANK-02,FAST_CRITICAL_CLOSURE,EG-01,alert:ALT-CSE-BANK-02-0005033,strong
CSE-BANK-02,CRITICAL_WITHOUT_ESCALATION,EG-02,case:CAS-CSE-BANK-02-0005033,strong
CSE-BANK-02,FAST_CRITICAL_CLOSURE,EG-01,alert:ALT-CSE-BANK-02-0005038,strong
CSE-BANK-02,CRITICAL_WITHOUT_ESCALATION,EG-02,case:CAS-CSE-BANK-02-0005038,strong
CSE-BANK-02,FAST_CRITICAL_CLOSURE,EG-01,alert:ALT-CSE-BANK-02-0005039,strong
CSE-BANK-02,CRITICAL_WITHOUT_ESCALATION,EG-02,case:CAS-CSE-BANK-02-0005039,strong
CSE-BANK-02,FAST_CRITICAL_CLOSURE,EG-01,alert:ALT-CSE-BANK-02-0005042,strong
CSE-BANK-02,CRITICAL_WITHOUT_ESCALATION,EG-02,case:CAS-CSE-BANK-02-0005042,strong
CSE-BANK-02,CRITICAL_WITHOUT_ESCALATION,EG-02,case:CAS-CSE-BANK-02-0005057,strong
CSE-BANK-02,FAST_CRITICAL_CLOSURE,EG-01,alert:ALT-CSE-BANK-02-0005064,strong
CSE-BANK-02,CRITICAL_WITHOUT_ESCALATION,EG-02,case:CAS-CSE-BANK-02-0005064,strong
CSE-BANK-02,FAST_CRITICAL_CLOSURE,EG-01,alert:ALT-CSE-BANK-02-0005069,strong
CSE-BANK-02,CRITICAL_WITHOUT_ESCALATION,EG-02,case:CAS-CSE-BANK-02-0005069,strong
CSE-BANK-02,FAST_CRITICAL_CLOSURE,EG-01,alert:ALT-CSE-BANK-02-0005070,strong
CSE-BANK-02,CRITICAL_WITHOUT_ESCALATION,EG-02,case:CAS-CSE-BANK-02-0005070,strong
CSE-BANK-02,FAST_CRITICAL_CLOSURE,EG-01,alert:ALT-CSE-BANK-02-0005071,strong
CSE-BANK-02,CRITICAL_WITHOUT_ESCALATION,EG-02,case:CAS-CSE-BANK-02-0005071,strong
CSE-BANK-02,FAST_CRITICAL_CLOSURE,EG-01,alert:ALT-CSE-BANK-02-0005072,strong
CSE-BANK-02,CRITICAL_WITHOUT_ESCALATION,EG-02,case:CAS-CSE-BANK-02-0005072,strong
CSE-BANK-02,FAST_CRITICAL_CLOSURE,EG-01,alert:ALT-CSE-BANK-02-0005073,strong
CSE-BANK-02,CRITICAL_WITHOUT_ESCALATION,EG-02,case:CAS-CSE-BANK-02-0005073,strong
CSE-BANK-02,CRITICAL_WITHOUT_ESCALATION,EG-02,case:CAS-CSE-BANK-02-0005076,strong
CSE-BANK-02,FAST_CRITICAL_CLOSURE,EG-01,alert:ALT-CSE-BANK-02-0005081,strong
CSE-BANK-02,CRITICAL_WITHOUT_ESCALATION,EG-02,case:CAS-CSE-BANK-02-0005081,strong
CSE-BANK-02,FAST_CRITICAL_CLOSURE,EG-01,alert:ALT-CSE-BANK-02-0005085,strong
CSE-BANK-02,CRITICAL_WITHOUT_ESCALATION,EG-02,case:CAS-CSE-BANK-02-0005085,strong
CSE-BANK-02,FAST_CRITICAL_CLOSURE,EG-01,alert:ALT-CSE-BANK-02-0005088,strong
CSE-BANK-02,CRITICAL_WITHOUT_ESCALATION,EG-02,case:CAS-CSE-BANK-02-0005088,strong
CSE-BANK-02,CRITICAL_WITHOUT_ESCALATION,EG-02,case:CAS-CSE-BANK-02-0005090,strong
CSE-BANK-02,CRITICAL_WITHOUT_ESCALATION,EG-02,case:CAS-CSE-BANK-02-0005091,strong
CSE-BANK-02,FAST_CRITICAL_CLOSURE,EG-01,alert:ALT-CSE-BANK-02-0005093,strong
CSE-BANK-02,CRITICAL_WITHOUT_ESCALATION,EG-02,case:CAS-CSE-BANK-02-0005093,strong
CSE-BANK-02,FAST_CRITICAL_CLOSURE,EG-01,alert:ALT-CSE-BANK-02-0005100,strong
CSE-BANK-02,CRITICAL_WITHOUT_ESCALATION,EG-02,case:CAS-CSE-BANK-02-0005100,strong
CSE-BANK-02,FAST_CRITICAL_CLOSURE,EG-01,alert:ALT-CSE-BANK-02-0005102,strong
CSE-BANK-02,CRITICAL_WITHOUT_ESCALATION,EG-02,case:CAS-CSE-BANK-02-0005102,strong
CSE-BANK-02,FAST_CRITICAL_CLOSURE,EG-01,alert:ALT-CSE-BANK-02-0005103,strong
CSE-BANK-02,CRITICAL_WITHOUT_ESCALATION,EG-02,case:CAS-CSE-BANK-02-0005103,strong
CSE-BANK-02,FAST_CRITICAL_CLOSURE,EG-01,alert:ALT-CSE-BANK-02-0005112,strong
CSE-BANK-02,CRITICAL_WITHOUT_ESCALATION,EG-02,case:CAS-CSE-BANK-02-0005112,strong
CSE-BANK-02,FAST_CRITICAL_CLOSURE,EG-01,alert:ALT-CSE-BANK-02-0005113,strong
CSE-BANK-02,CRITICAL_WITHOUT_ESCALATION,EG-02,case:CAS-CSE-BANK-02-0005113,strong
CSE-BANK-02,FAST_CRITICAL_CLOSURE,EG-01,alert:ALT-CSE-BANK-02-0005116,strong
CSE-BANK-02,CRITICAL_WITHOUT_ESCALATION,EG-02,case:CAS-CSE-BANK-02-0005116,strong
CSE-BANK-02,FAST_CRITICAL_CLOSURE,EG-01,alert:ALT-CSE-BANK-02-0005118,strong
CSE-BANK-02,CRITICAL_WITHOUT_ESCALATION,EG-02,case:CAS-CSE-BANK-02-0005118,strong
CSE-BANK-02,FAST_CRITICAL_CLOSURE,EG-01,alert:ALT-CSE-BANK-02-0005125,strong
CSE-BANK-02,CRITICAL_WITHOUT_ESCALATION,EG-02,case:CAS-CSE-BANK-02-0005125,strong
CSE-BANK-02,FAST_CRITICAL_CLOSURE,EG-01,alert:ALT-CSE-BANK-02-0005129,strong
CSE-BANK-02,CRITICAL_WITHOUT_ESCALATION,EG-02,case:CAS-CSE-BANK-02-0005129,strong
CSE-BANK-02,FAST_CRITICAL_CLOSURE,EG-01,alert:ALT-CSE-BANK-02-0005130,strong
CSE-BANK-02,CRITICAL_WITHOUT_ESCALATION,EG-02,case:CAS-CSE-BANK-02-0005130,strong
CSE-BANK-02,CRITICAL_WITHOUT_ESCALATION,EG-02,case:CAS-CSE-BANK-02-0005131,strong
CSE-BANK-02,CRITICAL_WITHOUT_ESCALATION,EG-02,case:CAS-CSE-BANK-02-0005134,strong
CSE-BANK-02,FAST_CRITICAL_CLOSURE,EG-01,alert:ALT-CSE-BANK-02-0005135,strong
CSE-BANK-02,CRITICAL_WITHOUT_ESCALATION,EG-02,case:CAS-CSE-BANK-02-0005135,strong
CSE-BANK-02,FAST_CRITICAL_CLOSURE,EG-01,alert:ALT-CSE-BANK-02-0005138,strong
CSE-BANK-02,CRITICAL_WITHOUT_ESCALATION,EG-02,case:CAS-CSE-BANK-02-0005138,strong
CSE-BANK-02,FAST_CRITICAL_CLOSURE,EG-01,alert:ALT-CSE-BANK-02-0005141,strong
CSE-BANK-02,CRITICAL_WITHOUT_ESCALATION,EG-02,case:CAS-CSE-BANK-02-0005141,strong
CSE-BANK-02,FAST_CRITICAL_CLOSURE,EG-01,alert:ALT-CSE-BANK-02-0005142,strong
CSE-BANK-02,CRITICAL_WITHOUT_ESCALATION,EG-02,case:CAS-CSE-BANK-02-0005142,strong
CSE-BANK-02,FAST_CRITICAL_CLOSURE,EG-01,alert:ALT-CSE-BANK-02-0005143,strong
CSE-BANK-02,CRITICAL_WITHOUT_ESCALATION,EG-02,case:CAS-CSE-BANK-02-0005143,strong
CSE-BANK-02,FAST_CRITICAL_CLOSURE,EG-01,alert:ALT-CSE-BANK-02-0005146,strong
CSE-BANK-02,CRITICAL_WITHOUT_ESCALATION,EG-02,case:CAS-CSE-BANK-02-0005146,strong
CSE-BANK-02,FAST_CRITICAL_CLOSURE,EG-01,alert:ALT-CSE-BANK-02-0005151,strong
CSE-BANK-02,CRITICAL_WITHOUT_ESCALATION,EG-02,case:CAS-CSE-BANK-02-0005151,strong
CSE-BANK-02,FAST_CRITICAL_CLOSURE,EG-01,alert:ALT-CSE-BANK-02-0005154,strong
CSE-BANK-02,CRITICAL_WITHOUT_ESCALATION,EG-02,case:CAS-CSE-BANK-02-0005154,strong
CSE-BANK-02,FAST_CRITICAL_CLOSURE,EG-01,alert:ALT-CSE-BANK-02-0005168,strong
CSE-BANK-02,CRITICAL_WITHOUT_ESCALATION,EG-02,case:CAS-CSE-BANK-02-0005168,strong
CSE-BANK-02,FAST_CRITICAL_CLOSURE,EG-01,alert:ALT-CSE-BANK-02-0005169,strong
CSE-BANK-02,CRITICAL_WITHOUT_ESCALATION,EG-02,case:CAS-CSE-BANK-02-0005169,strong
CSE-BANK-02,FAST_CRITICAL_CLOSURE,EG-01,alert:ALT-CSE-BANK-02-0005173,strong
CSE-BANK-02,CRITICAL_WITHOUT_ESCALATION,EG-02,case:CAS-CSE-BANK-02-0005173,strong
CSE-BANK-02,FAST_CRITICAL_CLOSURE,EG-01,alert:ALT-CSE-BANK-02-0005182,strong
CSE-BANK-02,CRITICAL_WITHOUT_ESCALATION,EG-02,case:CAS-CSE-BANK-02-0005182,strong
CSE-BANK-02,FAST_CRITICAL_CLOSURE,EG-01,alert:ALT-CSE-BANK-02-0005183,strong
CSE-BANK-02,CRITICAL_WITHOUT_ESCALATION,EG-02,case:CAS-CSE-BANK-02-0005183,strong
CSE-BANK-02,FAST_CRITICAL_CLOSURE,EG-01,alert:ALT-CSE-BANK-02-0005184,strong
CSE-BANK-02,CRITICAL_WITHOUT_ESCALATION,EG-02,case:CAS-CSE-BANK-02-0005184,strong
CSE-BANK-02,FAST_CRITICAL_CLOSURE,EG-01,alert:ALT-CSE-BANK-02-0005196,strong
CSE-BANK-02,CRITICAL_WITHOUT_ESCALATION,EG-02,case:CAS-CSE-BANK-02-0005196,strong
CSE-BANK-02,FAST_CRITICAL_CLOSURE,EG-01,alert:ALT-CSE-BANK-02-0005197,strong
CSE-BANK-02,CRITICAL_WITHOUT_ESCALATION,EG-02,case:CAS-CSE-BANK-02-0005197,strong
CSE-BANK-02,CRITICAL_WITHOUT_ESCALATION,EG-02,case:CAS-CSE-BANK-02-0005202,strong
CSE-BANK-02,FAST_CRITICAL_CLOSURE,EG-01,alert:ALT-CSE-BANK-02-0005203,strong
CSE-BANK-02,CRITICAL_WITHOUT_ESCALATION,EG-02,case:CAS-CSE-BANK-02-0005203,strong
CSE-BANK-02,FAST_CRITICAL_CLOSURE,EG-01,alert:ALT-CSE-BANK-02-0005204,strong
CSE-BANK-02,CRITICAL_WITHOUT_ESCALATION,EG-02,case:CAS-CSE-BANK-02-0005204,strong
CSE-BANK-02,FAST_CRITICAL_CLOSURE,EG-01,alert:ALT-CSE-BANK-02-0005207,strong
CSE-BANK-02,CRITICAL_WITHOUT_ESCALATION,EG-02,case:CAS-CSE-BANK-02-0005207,strong
CSE-BANK-02,FAST_CRITICAL_CLOSURE,EG-01,alert:ALT-CSE-BANK-02-0005209,strong
CSE-BANK-02,CRITICAL_WITHOUT_ESCALATION,EG-02,case:CAS-CSE-BANK-02-0005209,strong
CSE-BANK-02,FAST_CRITICAL_CLOSURE,EG-01,alert:ALT-CSE-BANK-02-0005211,strong
CSE-BANK-02,CRITICAL_WITHOUT_ESCALATION,EG-02,case:CAS-CSE-BANK-02-0005211,strong
CSE-BANK-02,FAST_CRITICAL_CLOSURE,EG-01,alert:ALT-CSE-BANK-02-0005219,strong
CSE-BANK-02,CRITICAL_WITHOUT_ESCALATION,EG-02,case:CAS-CSE-BANK-02-0005219,strong
CSE-BANK-02,FAST_CRITICAL_CLOSURE,EG-01,alert:ALT-CSE-BANK-02-0005221,strong
CSE-BANK-02,CRITICAL_WITHOUT_ESCALATION,EG-02,case:CAS-CSE-BANK-02-0005221,strong
CSE-BANK-02,FAST_CRITICAL_CLOSURE,EG-01,alert:ALT-CSE-BANK-02-0005224,strong
CSE-BANK-02,CRITICAL_WITHOUT_ESCALATION,EG-02,case:CAS-CSE-BANK-02-0005224,strong
CSE-BANK-02,FAST_CRITICAL_CLOSURE,EG-01,alert:ALT-CSE-BANK-02-0005228,strong
CSE-BANK-02,CRITICAL_WITHOUT_ESCALATION,EG-02,case:CAS-CSE-BANK-02-0005228,strong
CSE-BANK-02,FAST_CRITICAL_CLOSURE,EG-01,alert:ALT-CSE-BANK-02-0005237,strong
CSE-BANK-02,CRITICAL_WITHOUT_ESCALATION,EG-02,case:CAS-CSE-BANK-02-0005237,strong
CSE-BANK-02,FAST_CRITICAL_CLOSURE,EG-01,alert:ALT-CSE-BANK-02-0005240,strong
CSE-BANK-02,CRITICAL_WITHOUT_ESCALATION,EG-02,case:CAS-CSE-BANK-02-0005240,strong
CSE-BANK-02,FAST_CRITICAL_CLOSURE,EG-01,alert:ALT-CSE-BANK-02-0005244,strong
CSE-BANK-02,CRITICAL_WITHOUT_ESCALATION,EG-02,case:CAS-CSE-BANK-02-0005244,strong
CSE-BANK-02,FAST_CRITICAL_CLOSURE,EG-01,alert:ALT-CSE-BANK-02-0005247,strong
CSE-BANK-02,CRITICAL_WITHOUT_ESCALATION,EG-02,case:CAS-CSE-BANK-02-0005247,strong
CSE-BANK-02,FAST_CRITICAL_CLOSURE,EG-01,alert:ALT-CSE-BANK-02-0005253,strong
CSE-BANK-02,CRITICAL_WITHOUT_ESCALATION,EG-02,case:CAS-CSE-BANK-02-0005253,strong
CSE-BANK-02,FAST_CRITICAL_CLOSURE,EG-01,alert:ALT-CSE-BANK-02-0005258,strong
CSE-BANK-02,CRITICAL_WITHOUT_ESCALATION,EG-02,case:CAS-CSE-BANK-02-0005258,strong
CSE-BANK-02,CRITICAL_WITHOUT_ESCALATION,EG-02,case:CAS-CSE-BANK-02-0005267,strong
CSE-BANK-02,FAST_CRITICAL_CLOSURE,EG-01,alert:ALT-CSE-BANK-02-0005273,strong
CSE-BANK-02,CRITICAL_WITHOUT_ESCALATION,EG-02,case:CAS-CSE-BANK-02-0005273,strong
CSE-BANK-02,FAST_CRITICAL_CLOSURE,EG-01,alert:ALT-CSE-BANK-02-0005275,strong
CSE-BANK-02,CRITICAL_WITHOUT_ESCALATION,EG-02,case:CAS-CSE-BANK-02-0005275,strong
CSE-BANK-02,FAST_CRITICAL_CLOSURE,EG-01,alert:ALT-CSE-BANK-02-0005279,strong
CSE-BANK-02,CRITICAL_WITHOUT_ESCALATION,EG-02,case:CAS-CSE-BANK-02-0005279,strong
CSE-BANK-02,FAST_CRITICAL_CLOSURE,EG-01,alert:ALT-CSE-BANK-02-0005280,strong
CSE-BANK-02,CRITICAL_WITHOUT_ESCALATION,EG-02,case:CAS-CSE-BANK-02-0005280,strong
CSE-BANK-02,FAST_CRITICAL_CLOSURE,EG-01,alert:ALT-CSE-BANK-02-0005283,strong
CSE-BANK-02,CRITICAL_WITHOUT_ESCALATION,EG-02,case:CAS-CSE-BANK-02-0005283,strong
CSE-BANK-02,FAST_CRITICAL_CLOSURE,EG-01,alert:ALT-CSE-BANK-02-0005288,strong
CSE-BANK-02,CRITICAL_WITHOUT_ESCALATION,EG-02,case:CAS-CSE-BANK-02-0005288,strong
CSE-BANK-02,FAST_CRITICAL_CLOSURE,EG-01,alert:ALT-CSE-BANK-02-0005296,strong
CSE-BANK-02,CRITICAL_WITHOUT_ESCALATION,EG-02,case:CAS-CSE-BANK-02-0005296,strong
CSE-BANK-02,CRITICAL_WITHOUT_ESCALATION,EG-02,case:CAS-CSE-BANK-02-0005298,strong
CSE-BANK-02,CRITICAL_WITHOUT_ESCALATION,EG-02,case:CAS-CSE-BANK-02-0005309,strong
CSE-BANK-02,FAST_CRITICAL_CLOSURE,EG-01,alert:ALT-CSE-BANK-02-0005312,strong
CSE-BANK-02,CRITICAL_WITHOUT_ESCALATION,EG-02,case:CAS-CSE-BANK-02-0005312,strong
CSE-BANK-02,FAST_CRITICAL_CLOSURE,EG-01,alert:ALT-CSE-BANK-02-0005321,strong
CSE-BANK-02,CRITICAL_WITHOUT_ESCALATION,EG-02,case:CAS-CSE-BANK-02-0005321,strong
CSE-BANK-02,FAST_CRITICAL_CLOSURE,EG-01,alert:ALT-CSE-BANK-02-0005323,strong
CSE-BANK-02,CRITICAL_WITHOUT_ESCALATION,EG-02,case:CAS-CSE-BANK-02-0005323,strong
CSE-BANK-02,FAST_CRITICAL_CLOSURE,EG-01,alert:ALT-CSE-BANK-02-0005324,strong
CSE-BANK-02,CRITICAL_WITHOUT_ESCALATION,EG-02,case:CAS-CSE-BANK-02-0005324,strong
CSE-BANK-02,FAST_CRITICAL_CLOSURE,EG-01,alert:ALT-CSE-BANK-02-0005327,strong
CSE-BANK-02,CRITICAL_WITHOUT_ESCALATION,EG-02,case:CAS-CSE-BANK-02-0005327,strong
CSE-BANK-02,FAST_CRITICAL_CLOSURE,EG-01,alert:ALT-CSE-BANK-02-0005329,strong
CSE-BANK-02,CRITICAL_WITHOUT_ESCALATION,EG-02,case:CAS-CSE-BANK-02-0005329,strong
CSE-BANK-02,FAST_CRITICAL_CLOSURE,EG-01,alert:ALT-CSE-BANK-02-0005330,strong
CSE-BANK-02,CRITICAL_WITHOUT_ESCALATION,EG-02,case:CAS-CSE-BANK-02-0005330,strong
CSE-BANK-02,FAST_CRITICAL_CLOSURE,EG-01,alert:ALT-CSE-BANK-02-0005335,strong
CSE-BANK-02,CRITICAL_WITHOUT_ESCALATION,EG-02,case:CAS-CSE-BANK-02-0005335,strong
CSE-BANK-02,FAST_CRITICAL_CLOSURE,EG-01,alert:ALT-CSE-BANK-02-0005336,strong
CSE-BANK-02,CRITICAL_WITHOUT_ESCALATION,EG-02,case:CAS-CSE-BANK-02-0005336,strong
CSE-BANK-02,FAST_CRITICAL_CLOSURE,EG-01,alert:ALT-CSE-BANK-02-0005346,strong
CSE-BANK-02,CRITICAL_WITHOUT_ESCALATION,EG-02,case:CAS-CSE-BANK-02-0005346,strong
CSE-BANK-02,FAST_CRITICAL_CLOSURE,EG-01,alert:ALT-CSE-BANK-02-0005347,strong
CSE-BANK-02,CRITICAL_WITHOUT_ESCALATION,EG-02,case:CAS-CSE-BANK-02-0005347,strong
CSE-BANK-02,CRITICAL_WITHOUT_ESCALATION,EG-02,case:CAS-CSE-BANK-02-0005351,strong
CSE-BANK-02,FAST_CRITICAL_CLOSURE,EG-01,alert:ALT-CSE-BANK-02-0005352,strong
CSE-BANK-02,CRITICAL_WITHOUT_ESCALATION,EG-02,case:CAS-CSE-BANK-02-0005352,strong
CSE-BANK-02,FAST_CRITICAL_CLOSURE,EG-01,alert:ALT-CSE-BANK-02-0005353,strong
CSE-BANK-02,CRITICAL_WITHOUT_ESCALATION,EG-02,case:CAS-CSE-BANK-02-0005353,strong
CSE-BANK-02,FAST_CRITICAL_CLOSURE,EG-01,alert:ALT-CSE-BANK-02-0005361,strong
CSE-BANK-02,CRITICAL_WITHOUT_ESCALATION,EG-02,case:CAS-CSE-BANK-02-0005361,strong
CSE-BANK-02,FAST_CRITICAL_CLOSURE,EG-01,alert:ALT-CSE-BANK-02-0005363,strong
CSE-BANK-02,CRITICAL_WITHOUT_ESCALATION,EG-02,case:CAS-CSE-BANK-02-0005363,strong
CSE-BANK-02,FAST_CRITICAL_CLOSURE,EG-01,alert:ALT-CSE-BANK-02-0005370,strong
CSE-BANK-02,CRITICAL_WITHOUT_ESCALATION,EG-02,case:CAS-CSE-BANK-02-0005370,strong
CSE-BANK-02,FAST_CRITICAL_CLOSURE,EG-01,alert:ALT-CSE-BANK-02-0005371,strong
CSE-BANK-02,CRITICAL_WITHOUT_ESCALATION,EG-02,case:CAS-CSE-BANK-02-0005371,strong
CSE-BANK-02,FAST_CRITICAL_CLOSURE,EG-01,alert:ALT-CSE-BANK-02-0005375,strong
CSE-BANK-02,CRITICAL_WITHOUT_ESCALATION,EG-02,case:CAS-CSE-BANK-02-0005375,strong
CSE-BANK-02,FAST_CRITICAL_CLOSURE,EG-01,alert:ALT-CSE-BANK-02-0005377,strong
CSE-BANK-02,CRITICAL_WITHOUT_ESCALATION,EG-02,case:CAS-CSE-BANK-02-0005377,strong
CSE-BANK-02,FAST_CRITICAL_CLOSURE,EG-01,alert:ALT-CSE-BANK-02-0005380,strong
CSE-BANK-02,CRITICAL_WITHOUT_ESCALATION,EG-02,case:CAS-CSE-BANK-02-0005380,strong
CSE-BANK-02,FAST_CRITICAL_CLOSURE,EG-01,alert:ALT-CSE-BANK-02-0005381,strong
CSE-BANK-02,CRITICAL_WITHOUT_ESCALATION,EG-02,case:CAS-CSE-BANK-02-0005381,strong
CSE-BANK-02,FAST_CRITICAL_CLOSURE,EG-01,alert:ALT-CSE-BANK-02-0005391,strong
CSE-BANK-02,CRITICAL_WITHOUT_ESCALATION,EG-02,case:CAS-CSE-BANK-02-0005391,strong
CSE-BANK-02,FAST_CRITICAL_CLOSURE,EG-01,alert:ALT-CSE-BANK-02-0005392,strong
CSE-BANK-02,CRITICAL_WITHOUT_ESCALATION,EG-02,case:CAS-CSE-BANK-02-0005392,strong
CSE-BANK-02,FAST_CRITICAL_CLOSURE,EG-01,alert:ALT-CSE-BANK-02-0005394,strong
CSE-BANK-02,CRITICAL_WITHOUT_ESCALATION,EG-02,case:CAS-CSE-BANK-02-0005394,strong
CSE-BANK-02,FAST_CRITICAL_CLOSURE,EG-01,alert:ALT-CSE-BANK-02-0005398,strong
CSE-BANK-02,CRITICAL_WITHOUT_ESCALATION,EG-02,case:CAS-CSE-BANK-02-0005398,strong
CSE-BANK-02,FAST_CRITICAL_CLOSURE,EG-01,alert:ALT-CSE-BANK-02-0005401,strong
CSE-BANK-02,CRITICAL_WITHOUT_ESCALATION,EG-02,case:CAS-CSE-BANK-02-0005401,strong
CSE-BANK-02,CRITICAL_WITHOUT_ESCALATION,EG-02,case:CAS-CSE-BANK-02-0005407,strong
CSE-BANK-02,FAST_CRITICAL_CLOSURE,EG-01,alert:ALT-CSE-BANK-02-0005426,strong
CSE-BANK-02,CRITICAL_WITHOUT_ESCALATION,EG-02,case:CAS-CSE-BANK-02-0005426,strong
CSE-BANK-02,FAST_CRITICAL_CLOSURE,EG-01,alert:ALT-CSE-BANK-02-0005427,strong
CSE-BANK-02,CRITICAL_WITHOUT_ESCALATION,EG-02,case:CAS-CSE-BANK-02-0005427,strong
CSE-BANK-02,FAST_CRITICAL_CLOSURE,EG-01,alert:ALT-CSE-BANK-02-0005429,strong
CSE-BANK-02,CRITICAL_WITHOUT_ESCALATION,EG-02,case:CAS-CSE-BANK-02-0005429,strong
CSE-BANK-02,CRITICAL_WITHOUT_ESCALATION,EG-02,case:CAS-CSE-BANK-02-0005430,strong
CSE-BANK-02,FAST_CRITICAL_CLOSURE,EG-01,alert:ALT-CSE-BANK-02-0005432,strong
CSE-BANK-02,CRITICAL_WITHOUT_ESCALATION,EG-02,case:CAS-CSE-BANK-02-0005432,strong
CSE-BANK-02,FAST_CRITICAL_CLOSURE,EG-01,alert:ALT-CSE-BANK-02-0005442,strong
CSE-BANK-02,CRITICAL_WITHOUT_ESCALATION,EG-02,case:CAS-CSE-BANK-02-0005442,strong
CSE-BANK-02,FAST_CRITICAL_CLOSURE,EG-01,alert:ALT-CSE-BANK-02-0005445,strong
CSE-BANK-02,CRITICAL_WITHOUT_ESCALATION,EG-02,case:CAS-CSE-BANK-02-0005445,strong
CSE-BANK-02,FAST_CRITICAL_CLOSURE,EG-01,alert:ALT-CSE-BANK-02-0005446,strong
CSE-BANK-02,CRITICAL_WITHOUT_ESCALATION,EG-02,case:CAS-CSE-BANK-02-0005446,strong
CSE-BANK-02,FAST_CRITICAL_CLOSURE,EG-01,alert:ALT-CSE-BANK-02-0005453,strong
CSE-BANK-02,CRITICAL_WITHOUT_ESCALATION,EG-02,case:CAS-CSE-BANK-02-0005453,strong
CSE-BANK-02,FAST_CRITICAL_CLOSURE,EG-01,alert:ALT-CSE-BANK-02-0005454,strong
CSE-BANK-02,CRITICAL_WITHOUT_ESCALATION,EG-02,case:CAS-CSE-BANK-02-0005454,strong
CSE-BANK-02,FAST_CRITICAL_CLOSURE,EG-01,alert:ALT-CSE-BANK-02-0005455,strong
CSE-BANK-02,CRITICAL_WITHOUT_ESCALATION,EG-02,case:CAS-CSE-BANK-02-0005455,strong
CSE-BANK-02,FAST_CRITICAL_CLOSURE,EG-01,alert:ALT-CSE-BANK-02-0005459,strong
CSE-BANK-02,CRITICAL_WITHOUT_ESCALATION,EG-02,case:CAS-CSE-BANK-02-0005459,strong
CSE-BANK-02,FAST_CRITICAL_CLOSURE,EG-01,alert:ALT-CSE-BANK-02-0005460,strong
CSE-BANK-02,CRITICAL_WITHOUT_ESCALATION,EG-02,case:CAS-CSE-BANK-02-0005460,strong
CSE-BANK-02,FAST_CRITICAL_CLOSURE,EG-01,alert:ALT-CSE-BANK-02-0005461,strong
CSE-BANK-02,CRITICAL_WITHOUT_ESCALATION,EG-02,case:CAS-CSE-BANK-02-0005461,strong
CSE-BANK-02,FAST_CRITICAL_CLOSURE,EG-01,alert:ALT-CSE-BANK-02-0005466,strong
CSE-BANK-02,CRITICAL_WITHOUT_ESCALATION,EG-02,case:CAS-CSE-BANK-02-0005466,strong
CSE-BANK-02,FAST_CRITICAL_CLOSURE,EG-01,alert:ALT-CSE-BANK-02-0005473,strong
CSE-BANK-02,CRITICAL_WITHOUT_ESCALATION,EG-02,case:CAS-CSE-BANK-02-0005473,strong
CSE-BANK-02,FAST_CRITICAL_CLOSURE,EG-01,alert:ALT-CSE-BANK-02-0005478,strong
CSE-BANK-02,CRITICAL_WITHOUT_ESCALATION,EG-02,case:CAS-CSE-BANK-02-0005478,strong
CSE-BANK-02,FAST_CRITICAL_CLOSURE,EG-01,alert:ALT-CSE-BANK-02-0005490,strong
CSE-BANK-02,CRITICAL_WITHOUT_ESCALATION,EG-02,case:CAS-CSE-BANK-02-0005490,strong
CSE-BANK-02,FAST_CRITICAL_CLOSURE,EG-01,alert:ALT-CSE-BANK-02-0005491,strong
CSE-BANK-02,CRITICAL_WITHOUT_ESCALATION,EG-02,case:CAS-CSE-BANK-02-0005491,strong
CSE-BANK-02,FAST_CRITICAL_CLOSURE,EG-01,alert:ALT-CSE-BANK-02-0005494,strong
CSE-BANK-02,CRITICAL_WITHOUT_ESCALATION,EG-02,case:CAS-CSE-BANK-02-0005494,strong
CSE-BANK-02,FAST_CRITICAL_CLOSURE,EG-01,alert:ALT-CSE-BANK-02-0005498,strong
CSE-BANK-02,CRITICAL_WITHOUT_ESCALATION,EG-02,case:CAS-CSE-BANK-02-0005498,strong
CSE-BANK-02,FAST_CRITICAL_CLOSURE,EG-01,alert:ALT-CSE-BANK-02-0005504,strong
CSE-BANK-02,CRITICAL_WITHOUT_ESCALATION,EG-02,case:CAS-CSE-BANK-02-0005504,strong
CSE-BANK-02,CRITICAL_WITHOUT_ESCALATION,EG-02,case:CAS-CSE-BANK-02-0005508,strong
CSE-BANK-02,FAST_CRITICAL_CLOSURE,EG-01,alert:ALT-CSE-BANK-02-0005513,strong
CSE-BANK-02,CRITICAL_WITHOUT_ESCALATION,EG-02,case:CAS-CSE-BANK-02-0005513,strong
CSE-BANK-02,CRITICAL_WITHOUT_ESCALATION,EG-02,case:CAS-CSE-BANK-02-0005514,strong
CSE-BANK-02,FAST_CRITICAL_CLOSURE,EG-01,alert:ALT-CSE-BANK-02-0005516,strong
CSE-BANK-02,CRITICAL_WITHOUT_ESCALATION,EG-02,case:CAS-CSE-BANK-02-0005516,strong
CSE-BANK-02,FAST_CRITICAL_CLOSURE,EG-01,alert:ALT-CSE-BANK-02-0005517,strong
CSE-BANK-02,CRITICAL_WITHOUT_ESCALATION,EG-02,case:CAS-CSE-BANK-02-0005517,strong
CSE-BANK-02,FAST_CRITICAL_CLOSURE,EG-01,alert:ALT-CSE-BANK-02-0005520,strong
CSE-BANK-02,CRITICAL_WITHOUT_ESCALATION,EG-02,case:CAS-CSE-BANK-02-0005520,strong
CSE-BANK-02,FAST_CRITICAL_CLOSURE,EG-01,alert:ALT-CSE-BANK-02-0005522,strong
CSE-BANK-02,CRITICAL_WITHOUT_ESCALATION,EG-02,case:CAS-CSE-BANK-02-0005522,strong
CSE-BANK-02,FAST_CRITICAL_CLOSURE,EG-01,alert:ALT-CSE-BANK-02-0005530,strong
CSE-BANK-02,CRITICAL_WITHOUT_ESCALATION,EG-02,case:CAS-CSE-BANK-02-0005530,strong
CSE-BANK-02,CRITICAL_WITHOUT_ESCALATION,EG-02,case:CAS-CSE-BANK-02-0005535,strong
CSE-BANK-02,FAST_CRITICAL_CLOSURE,EG-01,alert:ALT-CSE-BANK-02-0005539,strong
CSE-BANK-02,CRITICAL_WITHOUT_ESCALATION,EG-02,case:CAS-CSE-BANK-02-0005539,strong
CSE-BANK-02,FAST_CRITICAL_CLOSURE,EG-01,alert:ALT-CSE-BANK-02-0005543,strong
CSE-BANK-02,CRITICAL_WITHOUT_ESCALATION,EG-02,case:CAS-CSE-BANK-02-0005543,strong
CSE-BANK-02,FAST_CRITICAL_CLOSURE,EG-01,alert:ALT-CSE-BANK-02-0005545,strong
CSE-BANK-02,CRITICAL_WITHOUT_ESCALATION,EG-02,case:CAS-CSE-BANK-02-0005545,strong
CSE-BANK-02,FAST_CRITICAL_CLOSURE,EG-01,alert:ALT-CSE-BANK-02-0005548,strong
CSE-BANK-02,CRITICAL_WITHOUT_ESCALATION,EG-02,case:CAS-CSE-BANK-02-0005548,strong
CSE-BANK-02,FAST_CRITICAL_CLOSURE,EG-01,alert:ALT-CSE-BANK-02-0005549,strong
CSE-BANK-02,CRITICAL_WITHOUT_ESCALATION,EG-02,case:CAS-CSE-BANK-02-0005549,strong
CSE-BANK-02,FAST_CRITICAL_CLOSURE,EG-01,alert:ALT-CSE-BANK-02-0005551,strong
CSE-BANK-02,CRITICAL_WITHOUT_ESCALATION,EG-02,case:CAS-CSE-BANK-02-0005551,strong
CSE-BANK-02,FAST_CRITICAL_CLOSURE,EG-01,alert:ALT-CSE-BANK-02-0005552,strong
CSE-BANK-02,CRITICAL_WITHOUT_ESCALATION,EG-02,case:CAS-CSE-BANK-02-0005552,strong
CSE-BANK-02,FAST_CRITICAL_CLOSURE,EG-01,alert:ALT-CSE-BANK-02-0005553,strong
CSE-BANK-02,CRITICAL_WITHOUT_ESCALATION,EG-02,case:CAS-CSE-BANK-02-0005553,strong
CSE-BANK-02,FAST_CRITICAL_CLOSURE,EG-01,alert:ALT-CSE-BANK-02-0005554,strong
CSE-BANK-02,CRITICAL_WITHOUT_ESCALATION,EG-02,case:CAS-CSE-BANK-02-0005554,strong
CSE-BANK-02,FAST_CRITICAL_CLOSURE,EG-01,alert:ALT-CSE-BANK-02-0005555,strong
CSE-BANK-02,CRITICAL_WITHOUT_ESCALATION,EG-02,case:CAS-CSE-BANK-02-0005555,strong
CSE-BANK-02,FAST_CRITICAL_CLOSURE,EG-01,alert:ALT-CSE-BANK-02-0005564,strong
CSE-BANK-02,CRITICAL_WITHOUT_ESCALATION,EG-02,case:CAS-CSE-BANK-02-0005564,strong
CSE-BANK-02,FAST_CRITICAL_CLOSURE,EG-01,alert:ALT-CSE-BANK-02-0005565,strong
CSE-BANK-02,CRITICAL_WITHOUT_ESCALATION,EG-02,case:CAS-CSE-BANK-02-0005565,strong
CSE-BANK-02,FAST_CRITICAL_CLOSURE,EG-01,alert:ALT-CSE-BANK-02-0005569,strong
CSE-BANK-02,CRITICAL_WITHOUT_ESCALATION,EG-02,case:CAS-CSE-BANK-02-0005569,strong
CSE-BANK-02,FAST_CRITICAL_CLOSURE,EG-01,alert:ALT-CSE-BANK-02-0005573,strong
CSE-BANK-02,CRITICAL_WITHOUT_ESCALATION,EG-02,case:CAS-CSE-BANK-02-0005573,strong
CSE-BANK-02,FAST_CRITICAL_CLOSURE,EG-01,alert:ALT-CSE-BANK-02-0005576,strong
CSE-BANK-02,CRITICAL_WITHOUT_ESCALATION,EG-02,case:CAS-CSE-BANK-02-0005576,strong
CSE-BANK-02,FAST_CRITICAL_CLOSURE,EG-01,alert:ALT-CSE-BANK-02-0005579,strong
CSE-BANK-02,CRITICAL_WITHOUT_ESCALATION,EG-02,case:CAS-CSE-BANK-02-0005579,strong
CSE-BANK-02,FAST_CRITICAL_CLOSURE,EG-01,alert:ALT-CSE-BANK-02-0005581,strong
CSE-BANK-02,CRITICAL_WITHOUT_ESCALATION,EG-02,case:CAS-CSE-BANK-02-0005581,strong
CSE-BANK-02,FAST_CRITICAL_CLOSURE,EG-01,alert:ALT-CSE-BANK-02-0005585,strong
CSE-BANK-02,CRITICAL_WITHOUT_ESCALATION,EG-02,case:CAS-CSE-BANK-02-0005585,strong
CSE-BANK-02,FAST_CRITICAL_CLOSURE,EG-01,alert:ALT-CSE-BANK-02-0005589,strong
CSE-BANK-02,CRITICAL_WITHOUT_ESCALATION,EG-02,case:CAS-CSE-BANK-02-0005589,strong
CSE-BANK-02,FAST_CRITICAL_CLOSURE,EG-01,alert:ALT-CSE-BANK-02-0005591,strong
CSE-BANK-02,CRITICAL_WITHOUT_ESCALATION,EG-02,case:CAS-CSE-BANK-02-0005591,strong
CSE-BANK-02,FAST_CRITICAL_CLOSURE,EG-01,alert:ALT-CSE-BANK-02-0005593,strong
CSE-BANK-02,CRITICAL_WITHOUT_ESCALATION,EG-02,case:CAS-CSE-BANK-02-0005593,strong
CSE-BANK-02,FAST_CRITICAL_CLOSURE,EG-01,alert:ALT-CSE-BANK-02-0005594,strong
CSE-BANK-02,CRITICAL_WITHOUT_ESCALATION,EG-02,case:CAS-CSE-BANK-02-0005594,strong
CSE-BANK-02,FAST_CRITICAL_CLOSURE,EG-01,alert:ALT-CSE-BANK-02-0005598,strong
CSE-BANK-02,CRITICAL_WITHOUT_ESCALATION,EG-02,case:CAS-CSE-BANK-02-0005598,strong
CSE-BANK-02,CRITICAL_WITHOUT_ESCALATION,EG-02,case:CAS-CSE-BANK-02-0005599,strong
CSE-BANK-02,FAST_CRITICAL_CLOSURE,EG-01,alert:ALT-CSE-BANK-02-0005601,strong
CSE-BANK-02,CRITICAL_WITHOUT_ESCALATION,EG-02,case:CAS-CSE-BANK-02-0005601,strong
CSE-BANK-02,FAST_CRITICAL_CLOSURE,EG-01,alert:ALT-CSE-BANK-02-0005606,strong
CSE-BANK-02,CRITICAL_WITHOUT_ESCALATION,EG-02,case:CAS-CSE-BANK-02-0005606,strong
CSE-BANK-02,CRITICAL_WITHOUT_ESCALATION,EG-02,case:CAS-CSE-BANK-02-0005610,strong
CSE-BANK-02,FAST_CRITICAL_CLOSURE,EG-01,alert:ALT-CSE-BANK-02-0005612,strong
CSE-BANK-02,CRITICAL_WITHOUT_ESCALATION,EG-02,case:CAS-CSE-BANK-02-0005612,strong
CSE-BANK-02,FAST_CRITICAL_CLOSURE,EG-01,alert:ALT-CSE-BANK-02-0005614,strong
CSE-BANK-02,CRITICAL_WITHOUT_ESCALATION,EG-02,case:CAS-CSE-BANK-02-0005614,strong
CSE-BANK-02,FAST_CRITICAL_CLOSURE,EG-01,alert:ALT-CSE-BANK-02-0005615,strong
CSE-BANK-02,CRITICAL_WITHOUT_ESCALATION,EG-02,case:CAS-CSE-BANK-02-0005615,strong
CSE-BANK-02,FAST_CRITICAL_CLOSURE,EG-01,alert:ALT-CSE-BANK-02-0005618,strong
CSE-BANK-02,CRITICAL_WITHOUT_ESCALATION,EG-02,case:CAS-CSE-BANK-02-0005618,strong
CSE-BANK-02,CRITICAL_WITHOUT_ESCALATION,EG-02,case:CAS-CSE-BANK-02-0005619,strong
CSE-BANK-02,CRITICAL_WITHOUT_ESCALATION,EG-02,case:CAS-CSE-BANK-02-0005621,strong
CSE-BANK-02,FAST_CRITICAL_CLOSURE,EG-01,alert:ALT-CSE-BANK-02-0005623,strong
CSE-BANK-02,CRITICAL_WITHOUT_ESCALATION,EG-02,case:CAS-CSE-BANK-02-0005623,strong
CSE-BANK-02,FAST_CRITICAL_CLOSURE,EG-01,alert:ALT-CSE-BANK-02-0005625,strong
CSE-BANK-02,CRITICAL_WITHOUT_ESCALATION,EG-02,case:CAS-CSE-BANK-02-0005625,strong
CSE-BANK-02,CRITICAL_WITHOUT_ESCALATION,EG-02,case:CAS-CSE-BANK-02-0005626,strong
CSE-BANK-02,FAST_CRITICAL_CLOSURE,EG-01,alert:ALT-CSE-BANK-02-0005629,strong
CSE-BANK-02,CRITICAL_WITHOUT_ESCALATION,EG-02,case:CAS-CSE-BANK-02-0005629,strong
CSE-BANK-02,FAST_CRITICAL_CLOSURE,EG-01,alert:ALT-CSE-BANK-02-0005633,strong
CSE-BANK-02,CRITICAL_WITHOUT_ESCALATION,EG-02,case:CAS-CSE-BANK-02-0005633,strong
CSE-BANK-02,FAST_CRITICAL_CLOSURE,EG-01,alert:ALT-CSE-BANK-02-0005638,strong
CSE-BANK-02,CRITICAL_WITHOUT_ESCALATION,EG-02,case:CAS-CSE-BANK-02-0005638,strong
CSE-BANK-02,CRITICAL_WITHOUT_ESCALATION,EG-02,case:CAS-CSE-BANK-02-0005642,strong
CSE-BANK-02,FAST_CRITICAL_CLOSURE,EG-01,alert:ALT-CSE-BANK-02-0005656,strong
CSE-BANK-02,CRITICAL_WITHOUT_ESCALATION,EG-02,case:CAS-CSE-BANK-02-0005656,strong
CSE-BANK-02,CRITICAL_WITHOUT_ESCALATION,EG-02,case:CAS-CSE-BANK-02-0005658,strong
CSE-BANK-02,FAST_CRITICAL_CLOSURE,EG-01,alert:ALT-CSE-BANK-02-0005666,strong
CSE-BANK-02,CRITICAL_WITHOUT_ESCALATION,EG-02,case:CAS-CSE-BANK-02-0005666,strong
CSE-BANK-02,FAST_CRITICAL_CLOSURE,EG-01,alert:ALT-CSE-BANK-02-0005667,strong
CSE-BANK-02,CRITICAL_WITHOUT_ESCALATION,EG-02,case:CAS-CSE-BANK-02-0005667,strong
CSE-BANK-02,FAST_CRITICAL_CLOSURE,EG-01,alert:ALT-CSE-BANK-02-0005675,strong
CSE-BANK-02,CRITICAL_WITHOUT_ESCALATION,EG-02,case:CAS-CSE-BANK-02-0005675,strong
CSE-BANK-02,FAST_CRITICAL_CLOSURE,EG-01,alert:ALT-CSE-BANK-02-0005677,strong
CSE-BANK-02,CRITICAL_WITHOUT_ESCALATION,EG-02,case:CAS-CSE-BANK-02-0005677,strong
CSE-BANK-02,FAST_CRITICAL_CLOSURE,EG-01,alert:ALT-CSE-BANK-02-0005679,strong
CSE-BANK-02,CRITICAL_WITHOUT_ESCALATION,EG-02,case:CAS-CSE-BANK-02-0005679,strong
CSE-BANK-02,CRITICAL_WITHOUT_ESCALATION,EG-02,case:CAS-CSE-BANK-02-0005681,strong
CSE-BANK-02,FAST_CRITICAL_CLOSURE,EG-01,alert:ALT-CSE-BANK-02-0005682,strong
CSE-BANK-02,CRITICAL_WITHOUT_ESCALATION,EG-02,case:CAS-CSE-BANK-02-0005682,strong
CSE-BANK-02,FAST_CRITICAL_CLOSURE,EG-01,alert:ALT-CSE-BANK-02-0005685,strong
CSE-BANK-02,CRITICAL_WITHOUT_ESCALATION,EG-02,case:CAS-CSE-BANK-02-0005685,strong
CSE-BANK-02,CRITICAL_WITHOUT_ESCALATION,EG-02,case:CAS-CSE-BANK-02-0005687,strong
CSE-BANK-02,FAST_CRITICAL_CLOSURE,EG-01,alert:ALT-CSE-BANK-02-0005690,strong
CSE-BANK-02,CRITICAL_WITHOUT_ESCALATION,EG-02,case:CAS-CSE-BANK-02-0005690,strong
CSE-BANK-02,FAST_CRITICAL_CLOSURE,EG-01,alert:ALT-CSE-BANK-02-0005691,strong
CSE-BANK-02,CRITICAL_WITHOUT_ESCALATION,EG-02,case:CAS-CSE-BANK-02-0005691,strong
CSE-BANK-02,FAST_CRITICAL_CLOSURE,EG-01,alert:ALT-CSE-BANK-02-0005693,strong
CSE-BANK-02,CRITICAL_WITHOUT_ESCALATION,EG-02,case:CAS-CSE-BANK-02-0005693,strong
CSE-BANK-02,FAST_CRITICAL_CLOSURE,EG-01,alert:ALT-CSE-BANK-02-0005701,strong
CSE-BANK-02,CRITICAL_WITHOUT_ESCALATION,EG-02,case:CAS-CSE-BANK-02-0005701,strong
CSE-BANK-02,FAST_CRITICAL_CLOSURE,EG-01,alert:ALT-CSE-BANK-02-0005702,strong
CSE-BANK-02,CRITICAL_WITHOUT_ESCALATION,EG-02,case:CAS-CSE-BANK-02-0005702,strong
CSE-BANK-02,FAST_CRITICAL_CLOSURE,EG-01,alert:ALT-CSE-BANK-02-0005708,strong
CSE-BANK-02,CRITICAL_WITHOUT_ESCALATION,EG-02,case:CAS-CSE-BANK-02-0005708,strong
CSE-BANK-02,CRITICAL_WITHOUT_ESCALATION,EG-02,case:CAS-CSE-BANK-02-0005710,strong
CSE-BANK-02,FAST_CRITICAL_CLOSURE,EG-01,alert:ALT-CSE-BANK-02-0005721,strong
CSE-BANK-02,CRITICAL_WITHOUT_ESCALATION,EG-02,case:CAS-CSE-BANK-02-0005721,strong
CSE-BANK-02,FAST_CRITICAL_CLOSURE,EG-01,alert:ALT-CSE-BANK-02-0005723,strong
CSE-BANK-02,CRITICAL_WITHOUT_ESCALATION,EG-02,case:CAS-CSE-BANK-02-0005723,strong
CSE-BANK-02,FAST_CRITICAL_CLOSURE,EG-01,alert:ALT-CSE-BANK-02-0005724,strong
CSE-BANK-02,CRITICAL_WITHOUT_ESCALATION,EG-02,case:CAS-CSE-BANK-02-0005724,strong
CSE-BANK-02,FAST_CRITICAL_CLOSURE,EG-01,alert:ALT-CSE-BANK-02-0005729,strong
CSE-BANK-02,CRITICAL_WITHOUT_ESCALATION,EG-02,case:CAS-CSE-BANK-02-0005729,strong
CSE-BANK-02,FAST_CRITICAL_CLOSURE,EG-01,alert:ALT-CSE-BANK-02-0005733,strong
CSE-BANK-02,CRITICAL_WITHOUT_ESCALATION,EG-02,case:CAS-CSE-BANK-02-0005733,strong
CSE-BANK-02,CRITICAL_WITHOUT_ESCALATION,EG-02,case:CAS-CSE-BANK-02-0005750,strong
CSE-BANK-02,FAST_CRITICAL_CLOSURE,EG-01,alert:ALT-CSE-BANK-02-0005751,strong
CSE-BANK-02,CRITICAL_WITHOUT_ESCALATION,EG-02,case:CAS-CSE-BANK-02-0005751,strong
CSE-BANK-02,FAST_CRITICAL_CLOSURE,EG-01,alert:ALT-CSE-BANK-02-0005752,strong
CSE-BANK-02,CRITICAL_WITHOUT_ESCALATION,EG-02,case:CAS-CSE-BANK-02-0005752,strong
CSE-BANK-02,FAST_CRITICAL_CLOSURE,EG-01,alert:ALT-CSE-BANK-02-0005757,strong
CSE-BANK-02,CRITICAL_WITHOUT_ESCALATION,EG-02,case:CAS-CSE-BANK-02-0005757,strong
CSE-BANK-02,FAST_CRITICAL_CLOSURE,EG-01,alert:ALT-CSE-BANK-02-0005759,strong
CSE-BANK-02,CRITICAL_WITHOUT_ESCALATION,EG-02,case:CAS-CSE-BANK-02-0005759,strong
CSE-BANK-02,FAST_CRITICAL_CLOSURE,EG-01,alert:ALT-CSE-BANK-02-0005764,strong
CSE-BANK-02,CRITICAL_WITHOUT_ESCALATION,EG-02,case:CAS-CSE-BANK-02-0005764,strong
CSE-BANK-02,CRITICAL_WITHOUT_ESCALATION,EG-02,case:CAS-CSE-BANK-02-0005767,strong
CSE-BANK-02,FAST_CRITICAL_CLOSURE,EG-01,alert:ALT-CSE-BANK-02-0005768,strong
CSE-BANK-02,CRITICAL_WITHOUT_ESCALATION,EG-02,case:CAS-CSE-BANK-02-0005768,strong
CSE-BANK-02,FAST_CRITICAL_CLOSURE,EG-01,alert:ALT-CSE-BANK-02-0005769,strong
CSE-BANK-02,CRITICAL_WITHOUT_ESCALATION,EG-02,case:CAS-CSE-BANK-02-0005769,strong
CSE-BANK-02,FAST_CRITICAL_CLOSURE,EG-01,alert:ALT-CSE-BANK-02-0005771,strong
CSE-BANK-02,CRITICAL_WITHOUT_ESCALATION,EG-02,case:CAS-CSE-BANK-02-0005771,strong
CSE-BANK-02,FAST_CRITICAL_CLOSURE,EG-01,alert:ALT-CSE-BANK-02-0005773,strong
CSE-BANK-02,CRITICAL_WITHOUT_ESCALATION,EG-02,case:CAS-CSE-BANK-02-0005773,strong
CSE-BANK-02,FAST_CRITICAL_CLOSURE,EG-01,alert:ALT-CSE-BANK-02-0005777,strong
CSE-BANK-02,CRITICAL_WITHOUT_ESCALATION,EG-02,case:CAS-CSE-BANK-02-0005777,strong
CSE-BANK-02,FAST_CRITICAL_CLOSURE,EG-01,alert:ALT-CSE-BANK-02-0005789,strong
CSE-BANK-02,CRITICAL_WITHOUT_ESCALATION,EG-02,case:CAS-CSE-BANK-02-0005789,strong
CSE-BANK-02,FAST_CRITICAL_CLOSURE,EG-01,alert:ALT-CSE-BANK-02-0005792,strong
CSE-BANK-02,CRITICAL_WITHOUT_ESCALATION,EG-02,case:CAS-CSE-BANK-02-0005792,strong
CSE-BANK-02,FAST_CRITICAL_CLOSURE,EG-01,alert:ALT-CSE-BANK-02-0005794,strong
CSE-BANK-02,CRITICAL_WITHOUT_ESCALATION,EG-02,case:CAS-CSE-BANK-02-0005794,strong
CSE-BANK-02,FAST_CRITICAL_CLOSURE,EG-01,alert:ALT-CSE-BANK-02-0005796,strong
CSE-BANK-02,CRITICAL_WITHOUT_ESCALATION,EG-02,case:CAS-CSE-BANK-02-0005796,strong
CSE-BANK-02,FAST_CRITICAL_CLOSURE,EG-01,alert:ALT-CSE-BANK-02-0005797,strong
CSE-BANK-02,CRITICAL_WITHOUT_ESCALATION,EG-02,case:CAS-CSE-BANK-02-0005797,strong
CSE-BANK-02,CRITICAL_WITHOUT_ESCALATION,EG-02,case:CAS-CSE-BANK-02-0005799,strong
CSE-BANK-02,FAST_CRITICAL_CLOSURE,EG-01,alert:ALT-CSE-BANK-02-0005806,strong
CSE-BANK-02,CRITICAL_WITHOUT_ESCALATION,EG-02,case:CAS-CSE-BANK-02-0005806,strong
CSE-BANK-02,FAST_CRITICAL_CLOSURE,EG-01,alert:ALT-CSE-BANK-02-0005813,strong
CSE-BANK-02,CRITICAL_WITHOUT_ESCALATION,EG-02,case:CAS-CSE-BANK-02-0005813,strong
CSE-BANK-02,FAST_CRITICAL_CLOSURE,EG-01,alert:ALT-CSE-BANK-02-0005815,strong
CSE-BANK-02,CRITICAL_WITHOUT_ESCALATION,EG-02,case:CAS-CSE-BANK-02-0005815,strong
CSE-BANK-02,FAST_CRITICAL_CLOSURE,EG-01,alert:ALT-CSE-BANK-02-0005819,strong
CSE-BANK-02,CRITICAL_WITHOUT_ESCALATION,EG-02,case:CAS-CSE-BANK-02-0005819,strong
CSE-BANK-02,FAST_CRITICAL_CLOSURE,EG-01,alert:ALT-CSE-BANK-02-0005822,strong
CSE-BANK-02,CRITICAL_WITHOUT_ESCALATION,EG-02,case:CAS-CSE-BANK-02-0005822,strong
CSE-BANK-02,FAST_CRITICAL_CLOSURE,EG-01,alert:ALT-CSE-BANK-02-0005824,strong
CSE-BANK-02,CRITICAL_WITHOUT_ESCALATION,EG-02,case:CAS-CSE-BANK-02-0005824,strong
CSE-BANK-02,FAST_CRITICAL_CLOSURE,EG-01,alert:ALT-CSE-BANK-02-0005825,strong
CSE-BANK-02,CRITICAL_WITHOUT_ESCALATION,EG-02,case:CAS-CSE-BANK-02-0005825,strong
CSE-BANK-02,FAST_CRITICAL_CLOSURE,EG-01,alert:ALT-CSE-BANK-02-0005828,strong
CSE-BANK-02,CRITICAL_WITHOUT_ESCALATION,EG-02,case:CAS-CSE-BANK-02-0005828,strong
CSE-BANK-02,FAST_CRITICAL_CLOSURE,EG-01,alert:ALT-CSE-BANK-02-0005829,strong
CSE-BANK-02,CRITICAL_WITHOUT_ESCALATION,EG-02,case:CAS-CSE-BANK-02-0005829,strong
CSE-BANK-02,CRITICAL_WITHOUT_ESCALATION,EG-02,case:CAS-CSE-BANK-02-0005840,strong
CSE-BANK-02,FAST_CRITICAL_CLOSURE,EG-01,alert:ALT-CSE-BANK-02-0005845,strong
CSE-BANK-02,CRITICAL_WITHOUT_ESCALATION,EG-02,case:CAS-CSE-BANK-02-0005845,strong
CSE-BANK-02,FAST_CRITICAL_CLOSURE,EG-01,alert:ALT-CSE-BANK-02-0005846,strong
CSE-BANK-02,CRITICAL_WITHOUT_ESCALATION,EG-02,case:CAS-CSE-BANK-02-0005846,strong
CSE-BANK-02,FAST_CRITICAL_CLOSURE,EG-01,alert:ALT-CSE-BANK-02-0005850,strong
CSE-BANK-02,CRITICAL_WITHOUT_ESCALATION,EG-02,case:CAS-CSE-BANK-02-0005850,strong
CSE-BANK-02,FAST_CRITICAL_CLOSURE,EG-01,alert:ALT-CSE-BANK-02-0005854,strong
CSE-BANK-02,CRITICAL_WITHOUT_ESCALATION,EG-02,case:CAS-CSE-BANK-02-0005854,strong
CSE-BANK-02,FAST_CRITICAL_CLOSURE,EG-01,alert:ALT-CSE-BANK-02-0005858,strong
CSE-BANK-02,CRITICAL_WITHOUT_ESCALATION,EG-02,case:CAS-CSE-BANK-02-0005858,strong
CSE-BANK-02,FAST_CRITICAL_CLOSURE,EG-01,alert:ALT-CSE-BANK-02-0005859,strong
CSE-BANK-02,CRITICAL_WITHOUT_ESCALATION,EG-02,case:CAS-CSE-BANK-02-0005859,strong
CSE-BANK-02,FAST_CRITICAL_CLOSURE,EG-01,alert:ALT-CSE-BANK-02-0005860,strong
CSE-BANK-02,CRITICAL_WITHOUT_ESCALATION,EG-02,case:CAS-CSE-BANK-02-0005860,strong
CSE-BANK-02,FAST_CRITICAL_CLOSURE,EG-01,alert:ALT-CSE-BANK-02-0005863,strong
CSE-BANK-02,CRITICAL_WITHOUT_ESCALATION,EG-02,case:CAS-CSE-BANK-02-0005863,strong
CSE-BANK-02,FAST_CRITICAL_CLOSURE,EG-01,alert:ALT-CSE-BANK-02-0005869,strong
CSE-BANK-02,CRITICAL_WITHOUT_ESCALATION,EG-02,case:CAS-CSE-BANK-02-0005869,strong
CSE-BANK-02,FAST_CRITICAL_CLOSURE,EG-01,alert:ALT-CSE-BANK-02-0005870,strong
CSE-BANK-02,CRITICAL_WITHOUT_ESCALATION,EG-02,case:CAS-CSE-BANK-02-0005870,strong
CSE-BANK-02,FAST_CRITICAL_CLOSURE,EG-01,alert:ALT-CSE-BANK-02-0005871,strong
CSE-BANK-02,CRITICAL_WITHOUT_ESCALATION,EG-02,case:CAS-CSE-BANK-02-0005871,strong
CSE-BANK-02,FAST_CRITICAL_CLOSURE,EG-01,alert:ALT-CSE-BANK-02-0005872,strong
CSE-BANK-02,CRITICAL_WITHOUT_ESCALATION,EG-02,case:CAS-CSE-BANK-02-0005872,strong
CSE-BANK-02,FAST_CRITICAL_CLOSURE,EG-01,alert:ALT-CSE-BANK-02-0005874,strong
CSE-BANK-02,CRITICAL_WITHOUT_ESCALATION,EG-02,case:CAS-CSE-BANK-02-0005874,strong
CSE-BANK-02,FAST_CRITICAL_CLOSURE,EG-01,alert:ALT-CSE-BANK-02-0005877,strong
CSE-BANK-02,CRITICAL_WITHOUT_ESCALATION,EG-02,case:CAS-CSE-BANK-02-0005877,strong
CSE-BANK-02,FAST_CRITICAL_CLOSURE,EG-01,alert:ALT-CSE-BANK-02-0005882,strong
CSE-BANK-02,CRITICAL_WITHOUT_ESCALATION,EG-02,case:CAS-CSE-BANK-02-0005882,strong
CSE-BANK-02,FAST_CRITICAL_CLOSURE,EG-01,alert:ALT-CSE-BANK-02-0005885,strong
CSE-BANK-02,CRITICAL_WITHOUT_ESCALATION,EG-02,case:CAS-CSE-BANK-02-0005885,strong
CSE-BANK-02,FAST_CRITICAL_CLOSURE,EG-01,alert:ALT-CSE-BANK-02-0005891,strong
CSE-BANK-02,CRITICAL_WITHOUT_ESCALATION,EG-02,case:CAS-CSE-BANK-02-0005891,strong
CSE-BANK-02,FAST_CRITICAL_CLOSURE,EG-01,alert:ALT-CSE-BANK-02-0005893,strong
CSE-BANK-02,CRITICAL_WITHOUT_ESCALATION,EG-02,case:CAS-CSE-BANK-02-0005893,strong
CSE-BANK-02,CRITICAL_WITHOUT_ESCALATION,EG-02,case:CAS-CSE-BANK-02-0005894,strong
CSE-BANK-02,FAST_CRITICAL_CLOSURE,EG-01,alert:ALT-CSE-BANK-02-0005897,strong
CSE-BANK-02,CRITICAL_WITHOUT_ESCALATION,EG-02,case:CAS-CSE-BANK-02-0005897,strong
CSE-BANK-02,FAST_CRITICAL_CLOSURE,EG-01,alert:ALT-CSE-BANK-02-0005900,strong
CSE-BANK-02,CRITICAL_WITHOUT_ESCALATION,EG-02,case:CAS-CSE-BANK-02-0005900,strong
CSE-BANK-02,FAST_CRITICAL_CLOSURE,EG-01,alert:ALT-CSE-BANK-02-0005901,strong
CSE-BANK-02,CRITICAL_WITHOUT_ESCALATION,EG-02,case:CAS-CSE-BANK-02-0005901,strong
CSE-BANK-02,FAST_CRITICAL_CLOSURE,EG-01,alert:ALT-CSE-BANK-02-0005903,strong
CSE-BANK-02,CRITICAL_WITHOUT_ESCALATION,EG-02,case:CAS-CSE-BANK-02-0005903,strong
CSE-BANK-02,FAST_CRITICAL_CLOSURE,EG-01,alert:ALT-CSE-BANK-02-0005905,strong
CSE-BANK-02,CRITICAL_WITHOUT_ESCALATION,EG-02,case:CAS-CSE-BANK-02-0005905,strong
CSE-BANK-02,FAST_CRITICAL_CLOSURE,EG-01,alert:ALT-CSE-BANK-02-0005908,strong
CSE-BANK-02,CRITICAL_WITHOUT_ESCALATION,EG-02,case:CAS-CSE-BANK-02-0005908,strong
CSE-BANK-02,FAST_CRITICAL_CLOSURE,EG-01,alert:ALT-CSE-BANK-02-0005911,strong
CSE-BANK-02,CRITICAL_WITHOUT_ESCALATION,EG-02,case:CAS-CSE-BANK-02-0005911,strong
CSE-BANK-02,FAST_CRITICAL_CLOSURE,EG-01,alert:ALT-CSE-BANK-02-0005916,strong
CSE-BANK-02,CRITICAL_WITHOUT_ESCALATION,EG-02,case:CAS-CSE-BANK-02-0005916,strong
CSE-BANK-02,FAST_CRITICAL_CLOSURE,EG-01,alert:ALT-CSE-BANK-02-0005917,strong
CSE-BANK-02,CRITICAL_WITHOUT_ESCALATION,EG-02,case:CAS-CSE-BANK-02-0005917,strong
CSE-BANK-02,FAST_CRITICAL_CLOSURE,EG-01,alert:ALT-CSE-BANK-02-0005918,strong
CSE-BANK-02,CRITICAL_WITHOUT_ESCALATION,EG-02,case:CAS-CSE-BANK-02-0005918,strong
CSE-BANK-02,FAST_CRITICAL_CLOSURE,EG-01,alert:ALT-CSE-BANK-02-0005919,strong
CSE-BANK-02,CRITICAL_WITHOUT_ESCALATION,EG-02,case:CAS-CSE-BANK-02-0005919,strong
CSE-BANK-02,FAST_CRITICAL_CLOSURE,EG-01,alert:ALT-CSE-BANK-02-0005923,strong
CSE-BANK-02,CRITICAL_WITHOUT_ESCALATION,EG-02,case:CAS-CSE-BANK-02-0005923,strong
CSE-BANK-02,CRITICAL_WITHOUT_ESCALATION,EG-02,case:CAS-CSE-BANK-02-0005927,strong
CSE-BANK-02,FAST_CRITICAL_CLOSURE,EG-01,alert:ALT-CSE-BANK-02-0005931,strong
CSE-BANK-02,CRITICAL_WITHOUT_ESCALATION,EG-02,case:CAS-CSE-BANK-02-0005931,strong
CSE-BANK-02,FAST_CRITICAL_CLOSURE,EG-01,alert:ALT-CSE-BANK-02-0005935,strong
CSE-BANK-02,CRITICAL_WITHOUT_ESCALATION,EG-02,case:CAS-CSE-BANK-02-0005935,strong
CSE-BANK-02,FAST_CRITICAL_CLOSURE,EG-01,alert:ALT-CSE-BANK-02-0005946,strong
CSE-BANK-02,CRITICAL_WITHOUT_ESCALATION,EG-02,case:CAS-CSE-BANK-02-0005946,strong
CSE-BANK-02,FAST_CRITICAL_CLOSURE,EG-01,alert:ALT-CSE-BANK-02-0005948,strong
CSE-BANK-02,CRITICAL_WITHOUT_ESCALATION,EG-02,case:CAS-CSE-BANK-02-0005948,strong
CSE-BANK-02,CRITICAL_WITHOUT_ESCALATION,EG-02,case:CAS-CSE-BANK-02-0005949,strong
CSE-BANK-02,FAST_CRITICAL_CLOSURE,EG-01,alert:ALT-CSE-BANK-02-0005951,strong
CSE-BANK-02,CRITICAL_WITHOUT_ESCALATION,EG-02,case:CAS-CSE-BANK-02-0005951,strong
CSE-BANK-02,FAST_CRITICAL_CLOSURE,EG-01,alert:ALT-CSE-BANK-02-0005952,strong
CSE-BANK-02,CRITICAL_WITHOUT_ESCALATION,EG-02,case:CAS-CSE-BANK-02-0005952,strong
CSE-BANK-02,CRITICAL_WITHOUT_ESCALATION,EG-02,case:CAS-CSE-BANK-02-0005963,strong
CSE-BANK-02,FAST_CRITICAL_CLOSURE,EG-01,alert:ALT-CSE-BANK-02-0005969,strong
CSE-BANK-02,CRITICAL_WITHOUT_ESCALATION,EG-02,case:CAS-CSE-BANK-02-0005969,strong
CSE-BANK-02,FAST_CRITICAL_CLOSURE,EG-01,alert:ALT-CSE-BANK-02-0005977,strong
CSE-BANK-02,CRITICAL_WITHOUT_ESCALATION,EG-02,case:CAS-CSE-BANK-02-0005977,strong
CSE-BANK-02,CRITICAL_WITHOUT_ESCALATION,EG-02,case:CAS-CSE-BANK-02-0005978,strong
CSE-BANK-02,CRITICAL_WITHOUT_ESCALATION,EG-02,case:CAS-CSE-BANK-02-0005980,strong
CSE-BANK-02,FAST_CRITICAL_CLOSURE,EG-01,alert:ALT-CSE-BANK-02-0005981,strong
CSE-BANK-02,CRITICAL_WITHOUT_ESCALATION,EG-02,case:CAS-CSE-BANK-02-0005981,strong
CSE-BANK-02,CRITICAL_WITHOUT_ESCALATION,EG-02,case:CAS-CSE-BANK-02-0005983,strong
CSE-BANK-02,FAST_CRITICAL_CLOSURE,EG-01,alert:ALT-CSE-BANK-02-0005986,strong
CSE-BANK-02,CRITICAL_WITHOUT_ESCALATION,EG-02,case:CAS-CSE-BANK-02-0005986,strong
CSE-BANK-02,FAST_CRITICAL_CLOSURE,EG-01,alert:ALT-CSE-BANK-02-0006005,strong
CSE-BANK-02,CRITICAL_WITHOUT_ESCALATION,EG-02,case:CAS-CSE-BANK-02-0006005,strong
CSE-BANK-02,FAST_CRITICAL_CLOSURE,EG-01,alert:ALT-CSE-BANK-02-0006007,strong
CSE-BANK-02,CRITICAL_WITHOUT_ESCALATION,EG-02,case:CAS-CSE-BANK-02-0006007,strong
CSE-BANK-02,FAST_CRITICAL_CLOSURE,EG-01,alert:ALT-CSE-BANK-02-0006008,strong
CSE-BANK-02,CRITICAL_WITHOUT_ESCALATION,EG-02,case:CAS-CSE-BANK-02-0006008,strong
CSE-BANK-02,FAST_CRITICAL_CLOSURE,EG-01,alert:ALT-CSE-BANK-02-0006009,strong
CSE-BANK-02,CRITICAL_WITHOUT_ESCALATION,EG-02,case:CAS-CSE-BANK-02-0006009,strong
CSE-BANK-02,FAST_CRITICAL_CLOSURE,EG-01,alert:ALT-CSE-BANK-02-0006010,strong
CSE-BANK-02,CRITICAL_WITHOUT_ESCALATION,EG-02,case:CAS-CSE-BANK-02-0006010,strong
CSE-BANK-02,FAST_CRITICAL_CLOSURE,EG-01,alert:ALT-CSE-BANK-02-0006011,strong
CSE-BANK-02,CRITICAL_WITHOUT_ESCALATION,EG-02,case:CAS-CSE-BANK-02-0006011,strong
CSE-BANK-02,FAST_CRITICAL_CLOSURE,EG-01,alert:ALT-CSE-BANK-02-0006012,strong
CSE-BANK-02,CRITICAL_WITHOUT_ESCALATION,EG-02,case:CAS-CSE-BANK-02-0006012,strong
CSE-BANK-02,FAST_CRITICAL_CLOSURE,EG-01,alert:ALT-CSE-BANK-02-0006013,strong
CSE-BANK-02,CRITICAL_WITHOUT_ESCALATION,EG-02,case:CAS-CSE-BANK-02-0006013,strong
CSE-BANK-02,FAST_CRITICAL_CLOSURE,EG-01,alert:ALT-CSE-BANK-02-0006017,strong
CSE-BANK-02,CRITICAL_WITHOUT_ESCALATION,EG-02,case:CAS-CSE-BANK-02-0006017,strong
CSE-BANK-02,FAST_CRITICAL_CLOSURE,EG-01,alert:ALT-CSE-BANK-02-0006018,strong
CSE-BANK-02,CRITICAL_WITHOUT_ESCALATION,EG-02,case:CAS-CSE-BANK-02-0006018,strong
CSE-BANK-02,FAST_CRITICAL_CLOSURE,EG-01,alert:ALT-CSE-BANK-02-0006019,strong
CSE-BANK-02,CRITICAL_WITHOUT_ESCALATION,EG-02,case:CAS-CSE-BANK-02-0006019,strong
CSE-BANK-02,FAST_CRITICAL_CLOSURE,EG-01,alert:ALT-CSE-BANK-02-0006021,strong
CSE-BANK-02,CRITICAL_WITHOUT_ESCALATION,EG-02,case:CAS-CSE-BANK-02-0006021,strong
CSE-BANK-02,FAST_CRITICAL_CLOSURE,EG-01,alert:ALT-CSE-BANK-02-0006027,strong
CSE-BANK-02,CRITICAL_WITHOUT_ESCALATION,EG-02,case:CAS-CSE-BANK-02-0006027,strong
CSE-BANK-02,FAST_CRITICAL_CLOSURE,EG-01,alert:ALT-CSE-BANK-02-0006031,strong
CSE-BANK-02,CRITICAL_WITHOUT_ESCALATION,EG-02,case:CAS-CSE-BANK-02-0006031,strong
CSE-BANK-02,FAST_CRITICAL_CLOSURE,EG-01,alert:ALT-CSE-BANK-02-0006032,strong
CSE-BANK-02,CRITICAL_WITHOUT_ESCALATION,EG-02,case:CAS-CSE-BANK-02-0006032,strong
CSE-BANK-02,FAST_CRITICAL_CLOSURE,EG-01,alert:ALT-CSE-BANK-02-0006037,strong
CSE-BANK-02,CRITICAL_WITHOUT_ESCALATION,EG-02,case:CAS-CSE-BANK-02-0006037,strong
CSE-BANK-02,FAST_CRITICAL_CLOSURE,EG-01,alert:ALT-CSE-BANK-02-0006043,strong
CSE-BANK-02,CRITICAL_WITHOUT_ESCALATION,EG-02,case:CAS-CSE-BANK-02-0006043,strong
CSE-BANK-02,FAST_CRITICAL_CLOSURE,EG-01,alert:ALT-CSE-BANK-02-0006044,strong
CSE-BANK-02,CRITICAL_WITHOUT_ESCALATION,EG-02,case:CAS-CSE-BANK-02-0006044,strong
CSE-BANK-02,FAST_CRITICAL_CLOSURE,EG-01,alert:ALT-CSE-BANK-02-0006045,strong
CSE-BANK-02,CRITICAL_WITHOUT_ESCALATION,EG-02,case:CAS-CSE-BANK-02-0006045,strong
CSE-BANK-02,CRITICAL_WITHOUT_ESCALATION,EG-02,case:CAS-CSE-BANK-02-0006047,strong
CSE-BANK-02,FAST_CRITICAL_CLOSURE,EG-01,alert:ALT-CSE-BANK-02-0006049,strong
CSE-BANK-02,CRITICAL_WITHOUT_ESCALATION,EG-02,case:CAS-CSE-BANK-02-0006049,strong
CSE-BANK-02,FAST_CRITICAL_CLOSURE,EG-01,alert:ALT-CSE-BANK-02-0006054,strong
CSE-BANK-02,CRITICAL_WITHOUT_ESCALATION,EG-02,case:CAS-CSE-BANK-02-0006054,strong
CSE-BANK-02,FAST_CRITICAL_CLOSURE,EG-01,alert:ALT-CSE-BANK-02-0006056,strong
CSE-BANK-02,CRITICAL_WITHOUT_ESCALATION,EG-02,case:CAS-CSE-BANK-02-0006056,strong
CSE-BANK-02,CRITICAL_WITHOUT_ESCALATION,EG-02,case:CAS-CSE-BANK-02-0006061,strong
CSE-BANK-02,FAST_CRITICAL_CLOSURE,EG-01,alert:ALT-CSE-BANK-02-0006065,strong
CSE-BANK-02,CRITICAL_WITHOUT_ESCALATION,EG-02,case:CAS-CSE-BANK-02-0006065,strong
CSE-BANK-02,FAST_CRITICAL_CLOSURE,EG-01,alert:ALT-CSE-BANK-02-0006072,strong
CSE-BANK-02,CRITICAL_WITHOUT_ESCALATION,EG-02,case:CAS-CSE-BANK-02-0006072,strong
CSE-BANK-02,FAST_CRITICAL_CLOSURE,EG-01,alert:ALT-CSE-BANK-02-0006074,strong
CSE-BANK-02,CRITICAL_WITHOUT_ESCALATION,EG-02,case:CAS-CSE-BANK-02-0006074,strong
CSE-BANK-02,FAST_CRITICAL_CLOSURE,EG-01,alert:ALT-CSE-BANK-02-0006076,strong
CSE-BANK-02,CRITICAL_WITHOUT_ESCALATION,EG-02,case:CAS-CSE-BANK-02-0006076,strong
CSE-BANK-02,FAST_CRITICAL_CLOSURE,EG-01,alert:ALT-CSE-BANK-02-0006091,strong
CSE-BANK-02,CRITICAL_WITHOUT_ESCALATION,EG-02,case:CAS-CSE-BANK-02-0006091,strong
CSE-BANK-02,FAST_CRITICAL_CLOSURE,EG-01,alert:ALT-CSE-BANK-02-0006097,strong
CSE-BANK-02,CRITICAL_WITHOUT_ESCALATION,EG-02,case:CAS-CSE-BANK-02-0006097,strong
CSE-BANK-02,FAST_CRITICAL_CLOSURE,EG-01,alert:ALT-CSE-BANK-02-0006103,strong
CSE-BANK-02,CRITICAL_WITHOUT_ESCALATION,EG-02,case:CAS-CSE-BANK-02-0006103,strong
CSE-BANK-02,FAST_CRITICAL_CLOSURE,EG-01,alert:ALT-CSE-BANK-02-0006105,strong
CSE-BANK-02,CRITICAL_WITHOUT_ESCALATION,EG-02,case:CAS-CSE-BANK-02-0006105,strong
CSE-BANK-02,FAST_CRITICAL_CLOSURE,EG-01,alert:ALT-CSE-BANK-02-0006109,strong
CSE-BANK-02,CRITICAL_WITHOUT_ESCALATION,EG-02,case:CAS-CSE-BANK-02-0006109,strong
CSE-BANK-02,FAST_CRITICAL_CLOSURE,EG-01,alert:ALT-CSE-BANK-02-0006122,strong
CSE-BANK-02,CRITICAL_WITHOUT_ESCALATION,EG-02,case:CAS-CSE-BANK-02-0006122,strong
CSE-BANK-02,FAST_CRITICAL_CLOSURE,EG-01,alert:ALT-CSE-BANK-02-0006123,strong
CSE-BANK-02,CRITICAL_WITHOUT_ESCALATION,EG-02,case:CAS-CSE-BANK-02-0006123,strong
CSE-BANK-02,FAST_CRITICAL_CLOSURE,EG-01,alert:ALT-CSE-BANK-02-0006126,strong
CSE-BANK-02,CRITICAL_WITHOUT_ESCALATION,EG-02,case:CAS-CSE-BANK-02-0006126,strong
CSE-BANK-02,FAST_CRITICAL_CLOSURE,EG-01,alert:ALT-CSE-BANK-02-0006127,strong
CSE-BANK-02,CRITICAL_WITHOUT_ESCALATION,EG-02,case:CAS-CSE-BANK-02-0006127,strong
CSE-BANK-02,FAST_CRITICAL_CLOSURE,EG-01,alert:ALT-CSE-BANK-02-0006128,strong
CSE-BANK-02,CRITICAL_WITHOUT_ESCALATION,EG-02,case:CAS-CSE-BANK-02-0006128,strong
CSE-BANK-02,FAST_CRITICAL_CLOSURE,EG-01,alert:ALT-CSE-BANK-02-0006129,strong
CSE-BANK-02,CRITICAL_WITHOUT_ESCALATION,EG-02,case:CAS-CSE-BANK-02-0006129,strong
CSE-BANK-02,CRITICAL_WITHOUT_ESCALATION,EG-02,case:CAS-CSE-BANK-02-0006131,strong
CSE-BANK-02,FAST_CRITICAL_CLOSURE,EG-01,alert:ALT-CSE-BANK-02-0006135,strong
CSE-BANK-02,CRITICAL_WITHOUT_ESCALATION,EG-02,case:CAS-CSE-BANK-02-0006135,strong
CSE-BANK-02,FAST_CRITICAL_CLOSURE,EG-01,alert:ALT-CSE-BANK-02-0006136,strong
CSE-BANK-02,CRITICAL_WITHOUT_ESCALATION,EG-02,case:CAS-CSE-BANK-02-0006136,strong
CSE-BANK-02,FAST_CRITICAL_CLOSURE,EG-01,alert:ALT-CSE-BANK-02-0006139,strong
CSE-BANK-02,CRITICAL_WITHOUT_ESCALATION,EG-02,case:CAS-CSE-BANK-02-0006139,strong
CSE-BANK-02,FAST_CRITICAL_CLOSURE,EG-01,alert:ALT-CSE-BANK-02-0006142,strong
CSE-BANK-02,CRITICAL_WITHOUT_ESCALATION,EG-02,case:CAS-CSE-BANK-02-0006142,strong
CSE-BANK-02,FAST_CRITICAL_CLOSURE,EG-01,alert:ALT-CSE-BANK-02-0006146,strong
CSE-BANK-02,CRITICAL_WITHOUT_ESCALATION,EG-02,case:CAS-CSE-BANK-02-0006146,strong
CSE-BANK-02,FAST_CRITICAL_CLOSURE,EG-01,alert:ALT-CSE-BANK-02-0006149,strong
CSE-BANK-02,CRITICAL_WITHOUT_ESCALATION,EG-02,case:CAS-CSE-BANK-02-0006149,strong
CSE-BANK-02,FAST_CRITICAL_CLOSURE,EG-01,alert:ALT-CSE-BANK-02-0006151,strong
CSE-BANK-02,CRITICAL_WITHOUT_ESCALATION,EG-02,case:CAS-CSE-BANK-02-0006151,strong
CSE-BANK-02,FAST_CRITICAL_CLOSURE,EG-01,alert:ALT-CSE-BANK-02-0006152,strong
CSE-BANK-02,CRITICAL_WITHOUT_ESCALATION,EG-02,case:CAS-CSE-BANK-02-0006152,strong
CSE-BANK-02,FAST_CRITICAL_CLOSURE,EG-01,alert:ALT-CSE-BANK-02-0006155,strong
CSE-BANK-02,CRITICAL_WITHOUT_ESCALATION,EG-02,case:CAS-CSE-BANK-02-0006155,strong
CSE-BANK-02,FAST_CRITICAL_CLOSURE,EG-01,alert:ALT-CSE-BANK-02-0006156,strong
CSE-BANK-02,CRITICAL_WITHOUT_ESCALATION,EG-02,case:CAS-CSE-BANK-02-0006156,strong
CSE-BANK-02,FAST_CRITICAL_CLOSURE,EG-01,alert:ALT-CSE-BANK-02-0006157,strong
CSE-BANK-02,CRITICAL_WITHOUT_ESCALATION,EG-02,case:CAS-CSE-BANK-02-0006157,strong
CSE-BANK-02,FAST_CRITICAL_CLOSURE,EG-01,alert:ALT-CSE-BANK-02-0006158,strong
CSE-BANK-02,CRITICAL_WITHOUT_ESCALATION,EG-02,case:CAS-CSE-BANK-02-0006158,strong
CSE-BANK-02,CRITICAL_WITHOUT_ESCALATION,EG-02,case:CAS-CSE-BANK-02-0006165,strong
CSE-BANK-02,FAST_CRITICAL_CLOSURE,EG-01,alert:ALT-CSE-BANK-02-0006171,strong
CSE-BANK-02,CRITICAL_WITHOUT_ESCALATION,EG-02,case:CAS-CSE-BANK-02-0006171,strong
CSE-BANK-02,FAST_CRITICAL_CLOSURE,EG-01,alert:ALT-CSE-BANK-02-0006172,strong
CSE-BANK-02,CRITICAL_WITHOUT_ESCALATION,EG-02,case:CAS-CSE-BANK-02-0006172,strong
CSE-BANK-02,FAST_CRITICAL_CLOSURE,EG-01,alert:ALT-CSE-BANK-02-0006179,strong
CSE-BANK-02,CRITICAL_WITHOUT_ESCALATION,EG-02,case:CAS-CSE-BANK-02-0006179,strong
CSE-BANK-02,FAST_CRITICAL_CLOSURE,EG-01,alert:ALT-CSE-BANK-02-0006181,strong
CSE-BANK-02,CRITICAL_WITHOUT_ESCALATION,EG-02,case:CAS-CSE-BANK-02-0006181,strong
CSE-BANK-02,FAST_CRITICAL_CLOSURE,EG-01,alert:ALT-CSE-BANK-02-0006186,strong
CSE-BANK-02,CRITICAL_WITHOUT_ESCALATION,EG-02,case:CAS-CSE-BANK-02-0006186,strong
CSE-BANK-02,CRITICAL_WITHOUT_ESCALATION,EG-02,case:CAS-CSE-BANK-02-0006189,strong
CSE-BANK-02,FAST_CRITICAL_CLOSURE,EG-01,alert:ALT-CSE-BANK-02-0006190,strong
CSE-BANK-02,CRITICAL_WITHOUT_ESCALATION,EG-02,case:CAS-CSE-BANK-02-0006190,strong
CSE-BANK-02,FAST_CRITICAL_CLOSURE,EG-01,alert:ALT-CSE-BANK-02-0006195,strong
CSE-BANK-02,CRITICAL_WITHOUT_ESCALATION,EG-02,case:CAS-CSE-BANK-02-0006195,strong
CSE-BANK-02,FAST_CRITICAL_CLOSURE,EG-01,alert:ALT-CSE-BANK-02-0006206,strong
CSE-BANK-02,CRITICAL_WITHOUT_ESCALATION,EG-02,case:CAS-CSE-BANK-02-0006206,strong
CSE-BANK-02,FAST_CRITICAL_CLOSURE,EG-01,alert:ALT-CSE-BANK-02-0006209,strong
CSE-BANK-02,CRITICAL_WITHOUT_ESCALATION,EG-02,case:CAS-CSE-BANK-02-0006209,strong
CSE-BANK-02,CRITICAL_WITHOUT_ESCALATION,EG-02,case:CAS-CSE-BANK-02-0006210,strong
CSE-BANK-02,FAST_CRITICAL_CLOSURE,EG-01,alert:ALT-CSE-BANK-02-0006211,strong
CSE-BANK-02,CRITICAL_WITHOUT_ESCALATION,EG-02,case:CAS-CSE-BANK-02-0006211,strong
CSE-BANK-02,FAST_CRITICAL_CLOSURE,EG-01,alert:ALT-CSE-BANK-02-0006212,strong
CSE-BANK-02,CRITICAL_WITHOUT_ESCALATION,EG-02,case:CAS-CSE-BANK-02-0006212,strong
CSE-BANK-02,CRITICAL_WITHOUT_ESCALATION,EG-02,case:CAS-CSE-BANK-02-0006216,strong
CSE-BANK-02,CRITICAL_WITHOUT_ESCALATION,EG-02,case:CAS-CSE-BANK-02-0006234,strong
CSE-BANK-02,FAST_CRITICAL_CLOSURE,EG-01,alert:ALT-CSE-BANK-02-0006241,strong
CSE-BANK-02,CRITICAL_WITHOUT_ESCALATION,EG-02,case:CAS-CSE-BANK-02-0006241,strong
CSE-BANK-02,FAST_CRITICAL_CLOSURE,EG-01,alert:ALT-CSE-BANK-02-0006244,strong
CSE-BANK-02,CRITICAL_WITHOUT_ESCALATION,EG-02,case:CAS-CSE-BANK-02-0006244,strong
CSE-BANK-02,FAST_CRITICAL_CLOSURE,EG-01,alert:ALT-CSE-BANK-02-0006251,strong
CSE-BANK-02,CRITICAL_WITHOUT_ESCALATION,EG-02,case:CAS-CSE-BANK-02-0006251,strong
CSE-BANK-02,FAST_CRITICAL_CLOSURE,EG-01,alert:ALT-CSE-BANK-02-0006258,strong
CSE-BANK-02,CRITICAL_WITHOUT_ESCALATION,EG-02,case:CAS-CSE-BANK-02-0006258,strong
CSE-BANK-02,FAST_CRITICAL_CLOSURE,EG-01,alert:ALT-CSE-BANK-02-0006259,strong
CSE-BANK-02,CRITICAL_WITHOUT_ESCALATION,EG-02,case:CAS-CSE-BANK-02-0006259,strong
CSE-BANK-02,FAST_CRITICAL_CLOSURE,EG-01,alert:ALT-CSE-BANK-02-0006262,strong
CSE-BANK-02,CRITICAL_WITHOUT_ESCALATION,EG-02,case:CAS-CSE-BANK-02-0006262,strong
CSE-BANK-02,CRITICAL_WITHOUT_ESCALATION,EG-02,case:CAS-CSE-BANK-02-0006268,strong
CSE-BANK-02,FAST_CRITICAL_CLOSURE,EG-01,alert:ALT-CSE-BANK-02-0006279,strong
CSE-BANK-02,CRITICAL_WITHOUT_ESCALATION,EG-02,case:CAS-CSE-BANK-02-0006279,strong
CSE-BANK-02,FAST_CRITICAL_CLOSURE,EG-01,alert:ALT-CSE-BANK-02-0006286,strong
CSE-BANK-02,CRITICAL_WITHOUT_ESCALATION,EG-02,case:CAS-CSE-BANK-02-0006286,strong
CSE-BANK-02,FAST_CRITICAL_CLOSURE,EG-01,alert:ALT-CSE-BANK-02-0006288,strong
CSE-BANK-02,CRITICAL_WITHOUT_ESCALATION,EG-02,case:CAS-CSE-BANK-02-0006288,strong
CSE-BANK-02,FAST_CRITICAL_CLOSURE,EG-01,alert:ALT-CSE-BANK-02-0006294,strong
CSE-BANK-02,CRITICAL_WITHOUT_ESCALATION,EG-02,case:CAS-CSE-BANK-02-0006294,strong
CSE-BANK-02,CRITICAL_WITHOUT_ESCALATION,EG-02,case:CAS-CSE-BANK-02-0006302,strong
CSE-BANK-02,FAST_CRITICAL_CLOSURE,EG-01,alert:ALT-CSE-BANK-02-0006303,strong
CSE-BANK-02,CRITICAL_WITHOUT_ESCALATION,EG-02,case:CAS-CSE-BANK-02-0006303,strong
CSE-BANK-02,FAST_CRITICAL_CLOSURE,EG-01,alert:ALT-CSE-BANK-02-0006307,strong
CSE-BANK-02,CRITICAL_WITHOUT_ESCALATION,EG-02,case:CAS-CSE-BANK-02-0006307,strong
CSE-BANK-02,FAST_CRITICAL_CLOSURE,EG-01,alert:ALT-CSE-BANK-02-0006310,strong
CSE-BANK-02,CRITICAL_WITHOUT_ESCALATION,EG-02,case:CAS-CSE-BANK-02-0006310,strong
CSE-BANK-02,FAST_CRITICAL_CLOSURE,EG-01,alert:ALT-CSE-BANK-02-0006315,strong
CSE-BANK-02,CRITICAL_WITHOUT_ESCALATION,EG-02,case:CAS-CSE-BANK-02-0006315,strong
CSE-BANK-02,FAST_CRITICAL_CLOSURE,EG-01,alert:ALT-CSE-BANK-02-0006316,strong
CSE-BANK-02,CRITICAL_WITHOUT_ESCALATION,EG-02,case:CAS-CSE-BANK-02-0006316,strong
CSE-BANK-02,FAST_CRITICAL_CLOSURE,EG-01,alert:ALT-CSE-BANK-02-0006318,strong
CSE-BANK-02,CRITICAL_WITHOUT_ESCALATION,EG-02,case:CAS-CSE-BANK-02-0006318,strong
CSE-BANK-02,FAST_CRITICAL_CLOSURE,EG-01,alert:ALT-CSE-BANK-02-0006324,strong
CSE-BANK-02,CRITICAL_WITHOUT_ESCALATION,EG-02,case:CAS-CSE-BANK-02-0006324,strong
CSE-BANK-02,FAST_CRITICAL_CLOSURE,EG-01,alert:ALT-CSE-BANK-02-0006326,strong
CSE-BANK-02,CRITICAL_WITHOUT_ESCALATION,EG-02,case:CAS-CSE-BANK-02-0006326,strong
CSE-BANK-02,FAST_CRITICAL_CLOSURE,EG-01,alert:ALT-CSE-BANK-02-0006327,strong
CSE-BANK-02,CRITICAL_WITHOUT_ESCALATION,EG-02,case:CAS-CSE-BANK-02-0006327,strong
CSE-BANK-02,FAST_CRITICAL_CLOSURE,EG-01,alert:ALT-CSE-BANK-02-0006328,strong
CSE-BANK-02,CRITICAL_WITHOUT_ESCALATION,EG-02,case:CAS-CSE-BANK-02-0006328,strong
CSE-BANK-02,CRITICAL_WITHOUT_ESCALATION,EG-02,case:CAS-CSE-BANK-02-0006329,strong
CSE-BANK-02,FAST_CRITICAL_CLOSURE,EG-01,alert:ALT-CSE-BANK-02-0006330,strong
CSE-BANK-02,CRITICAL_WITHOUT_ESCALATION,EG-02,case:CAS-CSE-BANK-02-0006330,strong
CSE-BANK-02,FAST_CRITICAL_CLOSURE,EG-01,alert:ALT-CSE-BANK-02-0006331,strong
CSE-BANK-02,CRITICAL_WITHOUT_ESCALATION,EG-02,case:CAS-CSE-BANK-02-0006331,strong
CSE-BANK-02,FAST_CRITICAL_CLOSURE,EG-01,alert:ALT-CSE-BANK-02-0006335,strong
CSE-BANK-02,CRITICAL_WITHOUT_ESCALATION,EG-02,case:CAS-CSE-BANK-02-0006335,strong
CSE-BANK-02,FAST_CRITICAL_CLOSURE,EG-01,alert:ALT-CSE-BANK-02-0006343,strong
CSE-BANK-02,CRITICAL_WITHOUT_ESCALATION,EG-02,case:CAS-CSE-BANK-02-0006343,strong
CSE-BANK-02,FAST_CRITICAL_CLOSURE,EG-01,alert:ALT-CSE-BANK-02-0006344,strong
CSE-BANK-02,CRITICAL_WITHOUT_ESCALATION,EG-02,case:CAS-CSE-BANK-02-0006344,strong
CSE-BANK-02,FAST_CRITICAL_CLOSURE,EG-01,alert:ALT-CSE-BANK-02-0006348,strong
CSE-BANK-02,CRITICAL_WITHOUT_ESCALATION,EG-02,case:CAS-CSE-BANK-02-0006348,strong
CSE-BANK-02,FAST_CRITICAL_CLOSURE,EG-01,alert:ALT-CSE-BANK-02-0006357,strong
CSE-BANK-02,CRITICAL_WITHOUT_ESCALATION,EG-02,case:CAS-CSE-BANK-02-0006357,strong
CSE-BANK-02,FAST_CRITICAL_CLOSURE,EG-01,alert:ALT-CSE-BANK-02-0006360,strong
CSE-BANK-02,CRITICAL_WITHOUT_ESCALATION,EG-02,case:CAS-CSE-BANK-02-0006360,strong
CSE-BANK-02,FAST_CRITICAL_CLOSURE,EG-01,alert:ALT-CSE-BANK-02-0006361,strong
CSE-BANK-02,CRITICAL_WITHOUT_ESCALATION,EG-02,case:CAS-CSE-BANK-02-0006361,strong
CSE-BANK-02,FAST_CRITICAL_CLOSURE,EG-01,alert:ALT-CSE-BANK-02-0006362,strong
CSE-BANK-02,CRITICAL_WITHOUT_ESCALATION,EG-02,case:CAS-CSE-BANK-02-0006362,strong
CSE-BANK-02,CRITICAL_WITHOUT_ESCALATION,EG-02,case:CAS-CSE-BANK-02-0006365,strong
CSE-BANK-02,FAST_CRITICAL_CLOSURE,EG-01,alert:ALT-CSE-BANK-02-0006369,strong
CSE-BANK-02,CRITICAL_WITHOUT_ESCALATION,EG-02,case:CAS-CSE-BANK-02-0006369,strong
CSE-BANK-02,FAST_CRITICAL_CLOSURE,EG-01,alert:ALT-CSE-BANK-02-0006370,strong
CSE-BANK-02,CRITICAL_WITHOUT_ESCALATION,EG-02,case:CAS-CSE-BANK-02-0006370,strong
CSE-BANK-02,CRITICAL_WITHOUT_ESCALATION,EG-02,case:CAS-CSE-BANK-02-0006371,strong
CSE-BANK-02,FAST_CRITICAL_CLOSURE,EG-01,alert:ALT-CSE-BANK-02-0006374,strong
CSE-BANK-02,CRITICAL_WITHOUT_ESCALATION,EG-02,case:CAS-CSE-BANK-02-0006374,strong
CSE-BANK-02,CRITICAL_WITHOUT_ESCALATION,EG-02,case:CAS-CSE-BANK-02-0006378,strong
CSE-BANK-02,FAST_CRITICAL_CLOSURE,EG-01,alert:ALT-CSE-BANK-02-0006380,strong
CSE-BANK-02,CRITICAL_WITHOUT_ESCALATION,EG-02,case:CAS-CSE-BANK-02-0006380,strong
CSE-BANK-02,FAST_CRITICAL_CLOSURE,EG-01,alert:ALT-CSE-BANK-02-0006386,strong
CSE-BANK-02,CRITICAL_WITHOUT_ESCALATION,EG-02,case:CAS-CSE-BANK-02-0006386,strong
CSE-BANK-02,FAST_CRITICAL_CLOSURE,EG-01,alert:ALT-CSE-BANK-02-0006390,strong
CSE-BANK-02,CRITICAL_WITHOUT_ESCALATION,EG-02,case:CAS-CSE-BANK-02-0006390,strong
CSE-BANK-02,FAST_CRITICAL_CLOSURE,EG-01,alert:ALT-CSE-BANK-02-0006391,strong
CSE-BANK-02,CRITICAL_WITHOUT_ESCALATION,EG-02,case:CAS-CSE-BANK-02-0006391,strong
CSE-BANK-02,FAST_CRITICAL_CLOSURE,EG-01,alert:ALT-CSE-BANK-02-0006393,strong
CSE-BANK-02,CRITICAL_WITHOUT_ESCALATION,EG-02,case:CAS-CSE-BANK-02-0006393,strong
CSE-BANK-02,FAST_CRITICAL_CLOSURE,EG-01,alert:ALT-CSE-BANK-02-0006399,strong
CSE-BANK-02,CRITICAL_WITHOUT_ESCALATION,EG-02,case:CAS-CSE-BANK-02-0006399,strong
CSE-BANK-02,FAST_CRITICAL_CLOSURE,EG-01,alert:ALT-CSE-BANK-02-0006402,strong
CSE-BANK-02,CRITICAL_WITHOUT_ESCALATION,EG-02,case:CAS-CSE-BANK-02-0006402,strong
CSE-BANK-02,FAST_CRITICAL_CLOSURE,EG-01,alert:ALT-CSE-BANK-02-0006403,strong
CSE-BANK-02,CRITICAL_WITHOUT_ESCALATION,EG-02,case:CAS-CSE-BANK-02-0006403,strong
CSE-BANK-02,FAST_CRITICAL_CLOSURE,EG-01,alert:ALT-CSE-BANK-02-0006407,strong
CSE-BANK-02,CRITICAL_WITHOUT_ESCALATION,EG-02,case:CAS-CSE-BANK-02-0006407,strong
CSE-BANK-02,FAST_CRITICAL_CLOSURE,EG-01,alert:ALT-CSE-BANK-02-0006409,strong
CSE-BANK-02,CRITICAL_WITHOUT_ESCALATION,EG-02,case:CAS-CSE-BANK-02-0006409,strong
CSE-BANK-02,FAST_CRITICAL_CLOSURE,EG-01,alert:ALT-CSE-BANK-02-0006410,strong
CSE-BANK-02,CRITICAL_WITHOUT_ESCALATION,EG-02,case:CAS-CSE-BANK-02-0006410,strong
CSE-BANK-02,FAST_CRITICAL_CLOSURE,EG-01,alert:ALT-CSE-BANK-02-0006424,strong
CSE-BANK-02,CRITICAL_WITHOUT_ESCALATION,EG-02,case:CAS-CSE-BANK-02-0006424,strong
CSE-BANK-02,FAST_CRITICAL_CLOSURE,EG-01,alert:ALT-CSE-BANK-02-0006426,strong
CSE-BANK-02,CRITICAL_WITHOUT_ESCALATION,EG-02,case:CAS-CSE-BANK-02-0006426,strong
CSE-BANK-02,CRITICAL_WITHOUT_ESCALATION,EG-02,case:CAS-CSE-BANK-02-0006427,strong
CSE-BANK-02,FAST_CRITICAL_CLOSURE,EG-01,alert:ALT-CSE-BANK-02-0006431,strong
CSE-BANK-02,CRITICAL_WITHOUT_ESCALATION,EG-02,case:CAS-CSE-BANK-02-0006431,strong
CSE-BANK-02,FAST_CRITICAL_CLOSURE,EG-01,alert:ALT-CSE-BANK-02-0006432,strong
CSE-BANK-02,CRITICAL_WITHOUT_ESCALATION,EG-02,case:CAS-CSE-BANK-02-0006432,strong
CSE-BANK-02,FAST_CRITICAL_CLOSURE,EG-01,alert:ALT-CSE-BANK-02-0006438,strong
CSE-BANK-02,CRITICAL_WITHOUT_ESCALATION,EG-02,case:CAS-CSE-BANK-02-0006438,strong
CSE-BANK-02,CRITICAL_WITHOUT_ESCALATION,EG-02,case:CAS-CSE-BANK-02-0006440,strong
CSE-BANK-02,FAST_CRITICAL_CLOSURE,EG-01,alert:ALT-CSE-BANK-02-0006444,strong
CSE-BANK-02,CRITICAL_WITHOUT_ESCALATION,EG-02,case:CAS-CSE-BANK-02-0006444,strong
CSE-BANK-02,CRITICAL_WITHOUT_ESCALATION,EG-02,case:CAS-CSE-BANK-02-0006445,strong
CSE-BANK-02,FAST_CRITICAL_CLOSURE,EG-01,alert:ALT-CSE-BANK-02-0006453,strong
CSE-BANK-02,CRITICAL_WITHOUT_ESCALATION,EG-02,case:CAS-CSE-BANK-02-0006453,strong
CSE-BANK-02,FAST_CRITICAL_CLOSURE,EG-01,alert:ALT-CSE-BANK-02-0006454,strong
CSE-BANK-02,CRITICAL_WITHOUT_ESCALATION,EG-02,case:CAS-CSE-BANK-02-0006454,strong
CSE-BANK-02,FAST_CRITICAL_CLOSURE,EG-01,alert:ALT-CSE-BANK-02-0006462,strong
CSE-BANK-02,CRITICAL_WITHOUT_ESCALATION,EG-02,case:CAS-CSE-BANK-02-0006462,strong
CSE-BANK-02,FAST_CRITICAL_CLOSURE,EG-01,alert:ALT-CSE-BANK-02-0006463,strong
CSE-BANK-02,CRITICAL_WITHOUT_ESCALATION,EG-02,case:CAS-CSE-BANK-02-0006463,strong
CSE-BANK-02,FAST_CRITICAL_CLOSURE,EG-01,alert:ALT-CSE-BANK-02-0006466,strong
CSE-BANK-02,CRITICAL_WITHOUT_ESCALATION,EG-02,case:CAS-CSE-BANK-02-0006466,strong
CSE-BANK-02,FAST_CRITICAL_CLOSURE,EG-01,alert:ALT-CSE-BANK-02-0006473,strong
CSE-BANK-02,CRITICAL_WITHOUT_ESCALATION,EG-02,case:CAS-CSE-BANK-02-0006473,strong
CSE-BANK-02,FAST_CRITICAL_CLOSURE,EG-01,alert:ALT-CSE-BANK-02-0006475,strong
CSE-BANK-02,CRITICAL_WITHOUT_ESCALATION,EG-02,case:CAS-CSE-BANK-02-0006475,strong
CSE-BANK-02,FAST_CRITICAL_CLOSURE,EG-01,alert:ALT-CSE-BANK-02-0006476,strong
CSE-BANK-02,CRITICAL_WITHOUT_ESCALATION,EG-02,case:CAS-CSE-BANK-02-0006476,strong
CSE-BANK-02,FAST_CRITICAL_CLOSURE,EG-01,alert:ALT-CSE-BANK-02-0006477,strong
CSE-BANK-02,CRITICAL_WITHOUT_ESCALATION,EG-02,case:CAS-CSE-BANK-02-0006477,strong
CSE-BANK-02,CRITICAL_WITHOUT_ESCALATION,EG-02,case:CAS-CSE-BANK-02-0006485,strong
CSE-BANK-02,FAST_CRITICAL_CLOSURE,EG-01,alert:ALT-CSE-BANK-02-0006488,strong
CSE-BANK-02,CRITICAL_WITHOUT_ESCALATION,EG-02,case:CAS-CSE-BANK-02-0006488,strong
CSE-BANK-02,CRITICAL_WITHOUT_ESCALATION,EG-02,case:CAS-CSE-BANK-02-0006490,strong
CSE-BANK-02,FAST_CRITICAL_CLOSURE,EG-01,alert:ALT-CSE-BANK-02-0006492,strong
CSE-BANK-02,CRITICAL_WITHOUT_ESCALATION,EG-02,case:CAS-CSE-BANK-02-0006492,strong
CSE-BANK-02,FAST_CRITICAL_CLOSURE,EG-01,alert:ALT-CSE-BANK-02-0006498,strong
CSE-BANK-02,CRITICAL_WITHOUT_ESCALATION,EG-02,case:CAS-CSE-BANK-02-0006498,strong
CSE-BANK-02,FAST_CRITICAL_CLOSURE,EG-01,alert:ALT-CSE-BANK-02-0006499,strong
CSE-BANK-02,CRITICAL_WITHOUT_ESCALATION,EG-02,case:CAS-CSE-BANK-02-0006499,strong
CSE-BANK-02,FAST_CRITICAL_CLOSURE,EG-01,alert:ALT-CSE-BANK-02-0006501,strong
CSE-BANK-02,CRITICAL_WITHOUT_ESCALATION,EG-02,case:CAS-CSE-BANK-02-0006501,strong
CSE-BANK-02,FAST_CRITICAL_CLOSURE,EG-01,alert:ALT-CSE-BANK-02-0006509,strong
CSE-BANK-02,CRITICAL_WITHOUT_ESCALATION,EG-02,case:CAS-CSE-BANK-02-0006509,strong
CSE-BANK-02,FAST_CRITICAL_CLOSURE,EG-01,alert:ALT-CSE-BANK-02-0006511,strong
CSE-BANK-02,CRITICAL_WITHOUT_ESCALATION,EG-02,case:CAS-CSE-BANK-02-0006511,strong
CSE-BANK-02,CRITICAL_WITHOUT_ESCALATION,EG-02,case:CAS-CSE-BANK-02-0006515,strong
CSE-BANK-02,FAST_CRITICAL_CLOSURE,EG-01,alert:ALT-CSE-BANK-02-0006516,strong
CSE-BANK-02,CRITICAL_WITHOUT_ESCALATION,EG-02,case:CAS-CSE-BANK-02-0006516,strong
CSE-BANK-02,FAST_CRITICAL_CLOSURE,EG-01,alert:ALT-CSE-BANK-02-0006521,strong
CSE-BANK-02,CRITICAL_WITHOUT_ESCALATION,EG-02,case:CAS-CSE-BANK-02-0006521,strong
CSE-BANK-02,CRITICAL_WITHOUT_ESCALATION,EG-02,case:CAS-CSE-BANK-02-0006525,strong
CSE-BANK-02,FAST_CRITICAL_CLOSURE,EG-01,alert:ALT-CSE-BANK-02-0006527,strong
CSE-BANK-02,CRITICAL_WITHOUT_ESCALATION,EG-02,case:CAS-CSE-BANK-02-0006527,strong
CSE-BANK-02,FAST_CRITICAL_CLOSURE,EG-01,alert:ALT-CSE-BANK-02-0006531,strong
CSE-BANK-02,CRITICAL_WITHOUT_ESCALATION,EG-02,case:CAS-CSE-BANK-02-0006531,strong
CSE-BANK-02,CRITICAL_WITHOUT_ESCALATION,EG-02,case:CAS-CSE-BANK-02-0006536,strong
CSE-BANK-02,FAST_CRITICAL_CLOSURE,EG-01,alert:ALT-CSE-BANK-02-0006546,strong
CSE-BANK-02,CRITICAL_WITHOUT_ESCALATION,EG-02,case:CAS-CSE-BANK-02-0006546,strong
CSE-BANK-02,FAST_CRITICAL_CLOSURE,EG-01,alert:ALT-CSE-BANK-02-0006548,strong
CSE-BANK-02,CRITICAL_WITHOUT_ESCALATION,EG-02,case:CAS-CSE-BANK-02-0006548,strong
CSE-BANK-02,FAST_CRITICAL_CLOSURE,EG-01,alert:ALT-CSE-BANK-02-0006549,strong
CSE-BANK-02,CRITICAL_WITHOUT_ESCALATION,EG-02,case:CAS-CSE-BANK-02-0006549,strong
CSE-BANK-02,FAST_CRITICAL_CLOSURE,EG-01,alert:ALT-CSE-BANK-02-0006557,strong
CSE-BANK-02,CRITICAL_WITHOUT_ESCALATION,EG-02,case:CAS-CSE-BANK-02-0006557,strong
CSE-BANK-02,FAST_CRITICAL_CLOSURE,EG-01,alert:ALT-CSE-BANK-02-0006559,strong
CSE-BANK-02,CRITICAL_WITHOUT_ESCALATION,EG-02,case:CAS-CSE-BANK-02-0006559,strong
CSE-BANK-02,FAST_CRITICAL_CLOSURE,EG-01,alert:ALT-CSE-BANK-02-0006565,strong
CSE-BANK-02,CRITICAL_WITHOUT_ESCALATION,EG-02,case:CAS-CSE-BANK-02-0006565,strong
CSE-BANK-02,FAST_CRITICAL_CLOSURE,EG-01,alert:ALT-CSE-BANK-02-0006566,strong
CSE-BANK-02,CRITICAL_WITHOUT_ESCALATION,EG-02,case:CAS-CSE-BANK-02-0006566,strong
CSE-BANK-02,FAST_CRITICAL_CLOSURE,EG-01,alert:ALT-CSE-BANK-02-0006574,strong
CSE-BANK-02,CRITICAL_WITHOUT_ESCALATION,EG-02,case:CAS-CSE-BANK-02-0006574,strong
CSE-BANK-02,FAST_CRITICAL_CLOSURE,EG-01,alert:ALT-CSE-BANK-02-0006576,strong
CSE-BANK-02,CRITICAL_WITHOUT_ESCALATION,EG-02,case:CAS-CSE-BANK-02-0006576,strong
CSE-BANK-02,FAST_CRITICAL_CLOSURE,EG-01,alert:ALT-CSE-BANK-02-0006579,strong
CSE-BANK-02,CRITICAL_WITHOUT_ESCALATION,EG-02,case:CAS-CSE-BANK-02-0006579,strong
CSE-BANK-02,FAST_CRITICAL_CLOSURE,EG-01,alert:ALT-CSE-BANK-02-0006580,strong
CSE-BANK-02,CRITICAL_WITHOUT_ESCALATION,EG-02,case:CAS-CSE-BANK-02-0006580,strong
CSE-BANK-02,FAST_CRITICAL_CLOSURE,EG-01,alert:ALT-CSE-BANK-02-0006581,strong
CSE-BANK-02,CRITICAL_WITHOUT_ESCALATION,EG-02,case:CAS-CSE-BANK-02-0006581,strong
CSE-BANK-02,FAST_CRITICAL_CLOSURE,EG-01,alert:ALT-CSE-BANK-02-0006582,strong
CSE-BANK-02,CRITICAL_WITHOUT_ESCALATION,EG-02,case:CAS-CSE-BANK-02-0006582,strong
CSE-BANK-02,CRITICAL_WITHOUT_ESCALATION,EG-02,case:CAS-CSE-BANK-02-0006583,strong
CSE-BANK-02,FAST_CRITICAL_CLOSURE,EG-01,alert:ALT-CSE-BANK-02-0006585,strong
CSE-BANK-02,CRITICAL_WITHOUT_ESCALATION,EG-02,case:CAS-CSE-BANK-02-0006585,strong
CSE-BANK-02,FAST_CRITICAL_CLOSURE,EG-01,alert:ALT-CSE-BANK-02-0006593,strong
CSE-BANK-02,CRITICAL_WITHOUT_ESCALATION,EG-02,case:CAS-CSE-BANK-02-0006593,strong
CSE-BANK-02,FAST_CRITICAL_CLOSURE,EG-01,alert:ALT-CSE-BANK-02-0006594,strong
CSE-BANK-02,CRITICAL_WITHOUT_ESCALATION,EG-02,case:CAS-CSE-BANK-02-0006594,strong
CSE-BANK-02,FAST_CRITICAL_CLOSURE,EG-01,alert:ALT-CSE-BANK-02-0006598,strong
CSE-BANK-02,CRITICAL_WITHOUT_ESCALATION,EG-02,case:CAS-CSE-BANK-02-0006598,strong
CSE-BANK-02,CRITICAL_WITHOUT_ESCALATION,EG-02,case:CAS-CSE-BANK-02-0006602,strong
CSE-BANK-02,FAST_CRITICAL_CLOSURE,EG-01,alert:ALT-CSE-BANK-02-0006604,strong
CSE-BANK-02,CRITICAL_WITHOUT_ESCALATION,EG-02,case:CAS-CSE-BANK-02-0006604,strong
CSE-BANK-02,FAST_CRITICAL_CLOSURE,EG-01,alert:ALT-CSE-BANK-02-0006608,strong
CSE-BANK-02,CRITICAL_WITHOUT_ESCALATION,EG-02,case:CAS-CSE-BANK-02-0006608,strong
CSE-BANK-02,FAST_CRITICAL_CLOSURE,EG-01,alert:ALT-CSE-BANK-02-0006609,strong
CSE-BANK-02,CRITICAL_WITHOUT_ESCALATION,EG-02,case:CAS-CSE-BANK-02-0006609,strong
CSE-BANK-02,FAST_CRITICAL_CLOSURE,EG-01,alert:ALT-CSE-BANK-02-0006617,strong
CSE-BANK-02,CRITICAL_WITHOUT_ESCALATION,EG-02,case:CAS-CSE-BANK-02-0006617,strong
CSE-BANK-02,CRITICAL_WITHOUT_ESCALATION,EG-02,case:CAS-CSE-BANK-02-0006618,strong
CSE-BANK-02,FAST_CRITICAL_CLOSURE,EG-01,alert:ALT-CSE-BANK-02-0006619,strong
CSE-BANK-02,CRITICAL_WITHOUT_ESCALATION,EG-02,case:CAS-CSE-BANK-02-0006619,strong
CSE-BANK-02,FAST_CRITICAL_CLOSURE,EG-01,alert:ALT-CSE-BANK-02-0006620,strong
CSE-BANK-02,CRITICAL_WITHOUT_ESCALATION,EG-02,case:CAS-CSE-BANK-02-0006620,strong
CSE-BANK-02,FAST_CRITICAL_CLOSURE,EG-01,alert:ALT-CSE-BANK-02-0006626,strong
CSE-BANK-02,CRITICAL_WITHOUT_ESCALATION,EG-02,case:CAS-CSE-BANK-02-0006626,strong
CSE-BANK-02,FAST_CRITICAL_CLOSURE,EG-01,alert:ALT-CSE-BANK-02-0006630,strong
CSE-BANK-02,CRITICAL_WITHOUT_ESCALATION,EG-02,case:CAS-CSE-BANK-02-0006630,strong
CSE-BANK-02,FAST_CRITICAL_CLOSURE,EG-01,alert:ALT-CSE-BANK-02-0006631,strong
CSE-BANK-02,CRITICAL_WITHOUT_ESCALATION,EG-02,case:CAS-CSE-BANK-02-0006631,strong
CSE-BANK-02,FAST_CRITICAL_CLOSURE,EG-01,alert:ALT-CSE-BANK-02-0006632,strong
CSE-BANK-02,CRITICAL_WITHOUT_ESCALATION,EG-02,case:CAS-CSE-BANK-02-0006632,strong
CSE-BANK-02,FAST_CRITICAL_CLOSURE,EG-01,alert:ALT-CSE-BANK-02-0006637,strong
CSE-BANK-02,CRITICAL_WITHOUT_ESCALATION,EG-02,case:CAS-CSE-BANK-02-0006637,strong
CSE-BANK-02,CRITICAL_WITHOUT_ESCALATION,EG-02,case:CAS-CSE-BANK-02-0006644,strong
CSE-BANK-02,FAST_CRITICAL_CLOSURE,EG-01,alert:ALT-CSE-BANK-02-0006647,strong
CSE-BANK-02,CRITICAL_WITHOUT_ESCALATION,EG-02,case:CAS-CSE-BANK-02-0006647,strong
CSE-BANK-02,FAST_CRITICAL_CLOSURE,EG-01,alert:ALT-CSE-BANK-02-0006654,strong
CSE-BANK-02,CRITICAL_WITHOUT_ESCALATION,EG-02,case:CAS-CSE-BANK-02-0006654,strong
CSE-BANK-02,FAST_CRITICAL_CLOSURE,EG-01,alert:ALT-CSE-BANK-02-0006657,strong
CSE-BANK-02,CRITICAL_WITHOUT_ESCALATION,EG-02,case:CAS-CSE-BANK-02-0006657,strong
CSE-BANK-02,FAST_CRITICAL_CLOSURE,EG-01,alert:ALT-CSE-BANK-02-0006667,strong
CSE-BANK-02,CRITICAL_WITHOUT_ESCALATION,EG-02,case:CAS-CSE-BANK-02-0006667,strong
CSE-BANK-02,FAST_CRITICAL_CLOSURE,EG-01,alert:ALT-CSE-BANK-02-0006679,strong
CSE-BANK-02,CRITICAL_WITHOUT_ESCALATION,EG-02,case:CAS-CSE-BANK-02-0006679,strong
CSE-BANK-02,FAST_CRITICAL_CLOSURE,EG-01,alert:ALT-CSE-BANK-02-0006688,strong
CSE-BANK-02,CRITICAL_WITHOUT_ESCALATION,EG-02,case:CAS-CSE-BANK-02-0006688,strong
CSE-BANK-02,FAST_CRITICAL_CLOSURE,EG-01,alert:ALT-CSE-BANK-02-0006689,strong
CSE-BANK-02,CRITICAL_WITHOUT_ESCALATION,EG-02,case:CAS-CSE-BANK-02-0006689,strong
CSE-BANK-02,FAST_CRITICAL_CLOSURE,EG-01,alert:ALT-CSE-BANK-02-0006692,strong
CSE-BANK-02,CRITICAL_WITHOUT_ESCALATION,EG-02,case:CAS-CSE-BANK-02-0006692,strong
CSE-BANK-02,FAST_CRITICAL_CLOSURE,EG-01,alert:ALT-CSE-BANK-02-0006693,strong
CSE-BANK-02,CRITICAL_WITHOUT_ESCALATION,EG-02,case:CAS-CSE-BANK-02-0006693,strong
CSE-BANK-02,FAST_CRITICAL_CLOSURE,EG-01,alert:ALT-CSE-BANK-02-0006697,strong
CSE-BANK-02,CRITICAL_WITHOUT_ESCALATION,EG-02,case:CAS-CSE-BANK-02-0006697,strong
CSE-BANK-02,FAST_CRITICAL_CLOSURE,EG-01,alert:ALT-CSE-BANK-02-0006701,strong
CSE-BANK-02,CRITICAL_WITHOUT_ESCALATION,EG-02,case:CAS-CSE-BANK-02-0006701,strong
CSE-BANK-02,FAST_CRITICAL_CLOSURE,EG-01,alert:ALT-CSE-BANK-02-0006703,strong
CSE-BANK-02,CRITICAL_WITHOUT_ESCALATION,EG-02,case:CAS-CSE-BANK-02-0006703,strong
CSE-BANK-02,FAST_CRITICAL_CLOSURE,EG-01,alert:ALT-CSE-BANK-02-0006706,strong
CSE-BANK-02,CRITICAL_WITHOUT_ESCALATION,EG-02,case:CAS-CSE-BANK-02-0006706,strong
CSE-BANK-02,CRITICAL_WITHOUT_ESCALATION,EG-02,case:CAS-CSE-BANK-02-0006708,strong
CSE-BANK-02,FAST_CRITICAL_CLOSURE,EG-01,alert:ALT-CSE-BANK-02-0006721,strong
CSE-BANK-02,CRITICAL_WITHOUT_ESCALATION,EG-02,case:CAS-CSE-BANK-02-0006721,strong
CSE-BANK-02,FAST_CRITICAL_CLOSURE,EG-01,alert:ALT-CSE-BANK-02-0006724,strong
CSE-BANK-02,CRITICAL_WITHOUT_ESCALATION,EG-02,case:CAS-CSE-BANK-02-0006724,strong
CSE-BANK-02,FAST_CRITICAL_CLOSURE,EG-01,alert:ALT-CSE-BANK-02-0006729,strong
CSE-BANK-02,CRITICAL_WITHOUT_ESCALATION,EG-02,case:CAS-CSE-BANK-02-0006729,strong
CSE-BANK-02,FAST_CRITICAL_CLOSURE,EG-01,alert:ALT-CSE-BANK-02-0006740,strong
CSE-BANK-02,CRITICAL_WITHOUT_ESCALATION,EG-02,case:CAS-CSE-BANK-02-0006740,strong
CSE-BANK-02,CRITICAL_WITHOUT_ESCALATION,EG-02,case:CAS-CSE-BANK-02-0006741,strong
CSE-BANK-02,FAST_CRITICAL_CLOSURE,EG-01,alert:ALT-CSE-BANK-02-0006744,strong
CSE-BANK-02,CRITICAL_WITHOUT_ESCALATION,EG-02,case:CAS-CSE-BANK-02-0006744,strong
CSE-BANK-02,FAST_CRITICAL_CLOSURE,EG-01,alert:ALT-CSE-BANK-02-0006745,strong
CSE-BANK-02,CRITICAL_WITHOUT_ESCALATION,EG-02,case:CAS-CSE-BANK-02-0006745,strong
CSE-BANK-02,FAST_CRITICAL_CLOSURE,EG-01,alert:ALT-CSE-BANK-02-0006749,strong
CSE-BANK-02,CRITICAL_WITHOUT_ESCALATION,EG-02,case:CAS-CSE-BANK-02-0006749,strong
CSE-BANK-02,FAST_CRITICAL_CLOSURE,EG-01,alert:ALT-CSE-BANK-02-0006759,strong
CSE-BANK-02,CRITICAL_WITHOUT_ESCALATION,EG-02,case:CAS-CSE-BANK-02-0006759,strong
CSE-BANK-02,FAST_CRITICAL_CLOSURE,EG-01,alert:ALT-CSE-BANK-02-0006764,strong
CSE-BANK-02,CRITICAL_WITHOUT_ESCALATION,EG-02,case:CAS-CSE-BANK-02-0006764,strong
CSE-BANK-02,FAST_CRITICAL_CLOSURE,EG-01,alert:ALT-CSE-BANK-02-0006766,strong
CSE-BANK-02,CRITICAL_WITHOUT_ESCALATION,EG-02,case:CAS-CSE-BANK-02-0006766,strong
CSE-BANK-02,FAST_CRITICAL_CLOSURE,EG-01,alert:ALT-CSE-BANK-02-0006767,strong
CSE-BANK-02,CRITICAL_WITHOUT_ESCALATION,EG-02,case:CAS-CSE-BANK-02-0006767,strong
CSE-BANK-02,CRITICAL_WITHOUT_ESCALATION,EG-02,case:CAS-CSE-BANK-02-0006773,strong
CSE-BANK-02,FAST_CRITICAL_CLOSURE,EG-01,alert:ALT-CSE-BANK-02-0006774,strong
CSE-BANK-02,CRITICAL_WITHOUT_ESCALATION,EG-02,case:CAS-CSE-BANK-02-0006774,strong
CSE-BANK-02,FAST_CRITICAL_CLOSURE,EG-01,alert:ALT-CSE-BANK-02-0006778,strong
CSE-BANK-02,CRITICAL_WITHOUT_ESCALATION,EG-02,case:CAS-CSE-BANK-02-0006778,strong
CSE-BANK-02,FAST_CRITICAL_CLOSURE,EG-01,alert:ALT-CSE-BANK-02-0006782,strong
CSE-BANK-02,CRITICAL_WITHOUT_ESCALATION,EG-02,case:CAS-CSE-BANK-02-0006782,strong
CSE-BANK-02,FAST_CRITICAL_CLOSURE,EG-01,alert:ALT-CSE-BANK-02-0006785,strong
CSE-BANK-02,CRITICAL_WITHOUT_ESCALATION,EG-02,case:CAS-CSE-BANK-02-0006785,strong
CSE-BANK-02,FAST_CRITICAL_CLOSURE,EG-01,alert:ALT-CSE-BANK-02-0006786,strong
CSE-BANK-02,CRITICAL_WITHOUT_ESCALATION,EG-02,case:CAS-CSE-BANK-02-0006786,strong
CSE-BANK-02,FAST_CRITICAL_CLOSURE,EG-01,alert:ALT-CSE-BANK-02-0006790,strong
CSE-BANK-02,CRITICAL_WITHOUT_ESCALATION,EG-02,case:CAS-CSE-BANK-02-0006790,strong
CSE-BANK-02,FAST_CRITICAL_CLOSURE,EG-01,alert:ALT-CSE-BANK-02-0006796,strong
CSE-BANK-02,CRITICAL_WITHOUT_ESCALATION,EG-02,case:CAS-CSE-BANK-02-0006796,strong
CSE-BANK-02,FAST_CRITICAL_CLOSURE,EG-01,alert:ALT-CSE-BANK-02-0006797,strong
CSE-BANK-02,CRITICAL_WITHOUT_ESCALATION,EG-02,case:CAS-CSE-BANK-02-0006797,strong
CSE-BANK-02,FAST_CRITICAL_CLOSURE,EG-01,alert:ALT-CSE-BANK-02-0006807,strong
CSE-BANK-02,CRITICAL_WITHOUT_ESCALATION,EG-02,case:CAS-CSE-BANK-02-0006807,strong
CSE-BANK-02,FAST_CRITICAL_CLOSURE,EG-01,alert:ALT-CSE-BANK-02-0006822,strong
CSE-BANK-02,CRITICAL_WITHOUT_ESCALATION,EG-02,case:CAS-CSE-BANK-02-0006822,strong
CSE-BANK-02,FAST_CRITICAL_CLOSURE,EG-01,alert:ALT-CSE-BANK-02-0006825,strong
CSE-BANK-02,CRITICAL_WITHOUT_ESCALATION,EG-02,case:CAS-CSE-BANK-02-0006825,strong
CSE-BANK-02,FAST_CRITICAL_CLOSURE,EG-01,alert:ALT-CSE-BANK-02-0006828,strong
CSE-BANK-02,CRITICAL_WITHOUT_ESCALATION,EG-02,case:CAS-CSE-BANK-02-0006828,strong
CSE-BANK-02,FAST_CRITICAL_CLOSURE,EG-01,alert:ALT-CSE-BANK-02-0006832,strong
CSE-BANK-02,CRITICAL_WITHOUT_ESCALATION,EG-02,case:CAS-CSE-BANK-02-0006832,strong
CSE-BANK-02,FAST_CRITICAL_CLOSURE,EG-01,alert:ALT-CSE-BANK-02-0006835,strong
CSE-BANK-02,CRITICAL_WITHOUT_ESCALATION,EG-02,case:CAS-CSE-BANK-02-0006835,strong
CSE-BANK-02,FAST_CRITICAL_CLOSURE,EG-01,alert:ALT-CSE-BANK-02-0006842,strong
CSE-BANK-02,CRITICAL_WITHOUT_ESCALATION,EG-02,case:CAS-CSE-BANK-02-0006842,strong
CSE-BANK-02,FAST_CRITICAL_CLOSURE,EG-01,alert:ALT-CSE-BANK-02-0006848,strong
CSE-BANK-02,CRITICAL_WITHOUT_ESCALATION,EG-02,case:CAS-CSE-BANK-02-0006848,strong
CSE-BANK-02,CRITICAL_WITHOUT_ESCALATION,EG-02,case:CAS-CSE-BANK-02-0006850,strong
CSE-BANK-02,FAST_CRITICAL_CLOSURE,EG-01,alert:ALT-CSE-BANK-02-0006853,strong
CSE-BANK-02,CRITICAL_WITHOUT_ESCALATION,EG-02,case:CAS-CSE-BANK-02-0006853,strong
CSE-BANK-02,FAST_CRITICAL_CLOSURE,EG-01,alert:ALT-CSE-BANK-02-0006854,strong
CSE-BANK-02,CRITICAL_WITHOUT_ESCALATION,EG-02,case:CAS-CSE-BANK-02-0006854,strong
CSE-BANK-02,FAST_CRITICAL_CLOSURE,EG-01,alert:ALT-CSE-BANK-02-0006855,strong
CSE-BANK-02,CRITICAL_WITHOUT_ESCALATION,EG-02,case:CAS-CSE-BANK-02-0006855,strong
CSE-BANK-02,FAST_CRITICAL_CLOSURE,EG-01,alert:ALT-CSE-BANK-02-0006857,strong
CSE-BANK-02,CRITICAL_WITHOUT_ESCALATION,EG-02,case:CAS-CSE-BANK-02-0006857,strong
CSE-BANK-02,FAST_CRITICAL_CLOSURE,EG-01,alert:ALT-CSE-BANK-02-0006870,strong
CSE-BANK-02,CRITICAL_WITHOUT_ESCALATION,EG-02,case:CAS-CSE-BANK-02-0006870,strong
CSE-BANK-02,FAST_CRITICAL_CLOSURE,EG-01,alert:ALT-CSE-BANK-02-0006873,strong
CSE-BANK-02,CRITICAL_WITHOUT_ESCALATION,EG-02,case:CAS-CSE-BANK-02-0006873,strong
CSE-BANK-02,CRITICAL_WITHOUT_ESCALATION,EG-02,case:CAS-CSE-BANK-02-0006880,strong
CSE-BANK-02,FAST_CRITICAL_CLOSURE,EG-01,alert:ALT-CSE-BANK-02-0006881,strong
CSE-BANK-02,CRITICAL_WITHOUT_ESCALATION,EG-02,case:CAS-CSE-BANK-02-0006881,strong
CSE-BANK-02,FAST_CRITICAL_CLOSURE,EG-01,alert:ALT-CSE-BANK-02-0006882,strong
CSE-BANK-02,CRITICAL_WITHOUT_ESCALATION,EG-02,case:CAS-CSE-BANK-02-0006882,strong
CSE-BANK-02,FAST_CRITICAL_CLOSURE,EG-01,alert:ALT-CSE-BANK-02-0006891,strong
CSE-BANK-02,CRITICAL_WITHOUT_ESCALATION,EG-02,case:CAS-CSE-BANK-02-0006891,strong
CSE-BANK-02,FAST_CRITICAL_CLOSURE,EG-01,alert:ALT-CSE-BANK-02-0006896,strong
CSE-BANK-02,CRITICAL_WITHOUT_ESCALATION,EG-02,case:CAS-CSE-BANK-02-0006896,strong
CSE-BANK-02,FAST_CRITICAL_CLOSURE,EG-01,alert:ALT-CSE-BANK-02-0006901,strong
CSE-BANK-02,CRITICAL_WITHOUT_ESCALATION,EG-02,case:CAS-CSE-BANK-02-0006901,strong
CSE-BANK-02,FAST_CRITICAL_CLOSURE,EG-01,alert:ALT-CSE-BANK-02-0006904,strong
CSE-BANK-02,CRITICAL_WITHOUT_ESCALATION,EG-02,case:CAS-CSE-BANK-02-0006904,strong
CSE-BANK-02,FAST_CRITICAL_CLOSURE,EG-01,alert:ALT-CSE-BANK-02-0006905,strong
CSE-BANK-02,CRITICAL_WITHOUT_ESCALATION,EG-02,case:CAS-CSE-BANK-02-0006905,strong
CSE-BANK-02,FAST_CRITICAL_CLOSURE,EG-01,alert:ALT-CSE-BANK-02-0006907,strong
CSE-BANK-02,CRITICAL_WITHOUT_ESCALATION,EG-02,case:CAS-CSE-BANK-02-0006907,strong
CSE-BANK-02,FAST_CRITICAL_CLOSURE,EG-01,alert:ALT-CSE-BANK-02-0006909,strong
CSE-BANK-02,CRITICAL_WITHOUT_ESCALATION,EG-02,case:CAS-CSE-BANK-02-0006909,strong
CSE-BANK-02,FAST_CRITICAL_CLOSURE,EG-01,alert:ALT-CSE-BANK-02-0006918,strong
CSE-BANK-02,CRITICAL_WITHOUT_ESCALATION,EG-02,case:CAS-CSE-BANK-02-0006918,strong
CSE-BANK-02,FAST_CRITICAL_CLOSURE,EG-01,alert:ALT-CSE-BANK-02-0006919,strong
CSE-BANK-02,CRITICAL_WITHOUT_ESCALATION,EG-02,case:CAS-CSE-BANK-02-0006919,strong
CSE-BANK-02,FAST_CRITICAL_CLOSURE,EG-01,alert:ALT-CSE-BANK-02-0006921,strong
CSE-BANK-02,CRITICAL_WITHOUT_ESCALATION,EG-02,case:CAS-CSE-BANK-02-0006921,strong
CSE-BANK-02,FAST_CRITICAL_CLOSURE,EG-01,alert:ALT-CSE-BANK-02-0006923,strong
CSE-BANK-02,CRITICAL_WITHOUT_ESCALATION,EG-02,case:CAS-CSE-BANK-02-0006923,strong
CSE-BANK-02,FAST_CRITICAL_CLOSURE,EG-01,alert:ALT-CSE-BANK-02-0006930,strong
CSE-BANK-02,CRITICAL_WITHOUT_ESCALATION,EG-02,case:CAS-CSE-BANK-02-0006930,strong
CSE-BANK-02,FAST_CRITICAL_CLOSURE,EG-01,alert:ALT-CSE-BANK-02-0006932,strong
CSE-BANK-02,CRITICAL_WITHOUT_ESCALATION,EG-02,case:CAS-CSE-BANK-02-0006932,strong
CSE-BANK-02,FAST_CRITICAL_CLOSURE,EG-01,alert:ALT-CSE-BANK-02-0006936,strong
CSE-BANK-02,CRITICAL_WITHOUT_ESCALATION,EG-02,case:CAS-CSE-BANK-02-0006936,strong
CSE-BANK-02,FAST_CRITICAL_CLOSURE,EG-01,alert:ALT-CSE-BANK-02-0006937,strong
CSE-BANK-02,CRITICAL_WITHOUT_ESCALATION,EG-02,case:CAS-CSE-BANK-02-0006937,strong
CSE-BANK-02,FAST_CRITICAL_CLOSURE,EG-01,alert:ALT-CSE-BANK-02-0006938,strong
CSE-BANK-02,CRITICAL_WITHOUT_ESCALATION,EG-02,case:CAS-CSE-BANK-02-0006938,strong
CSE-BANK-02,FAST_CRITICAL_CLOSURE,EG-01,alert:ALT-CSE-BANK-02-0006939,strong
CSE-BANK-02,CRITICAL_WITHOUT_ESCALATION,EG-02,case:CAS-CSE-BANK-02-0006939,strong
CSE-BANK-02,FAST_CRITICAL_CLOSURE,EG-01,alert:ALT-CSE-BANK-02-0006941,strong
CSE-BANK-02,CRITICAL_WITHOUT_ESCALATION,EG-02,case:CAS-CSE-BANK-02-0006941,strong
CSE-BANK-02,CRITICAL_WITHOUT_ESCALATION,EG-02,case:CAS-CSE-BANK-02-0006949,strong
CSE-BANK-02,FAST_CRITICAL_CLOSURE,EG-01,alert:ALT-CSE-BANK-02-0006950,strong
CSE-BANK-02,CRITICAL_WITHOUT_ESCALATION,EG-02,case:CAS-CSE-BANK-02-0006950,strong
CSE-BANK-02,FAST_CRITICAL_CLOSURE,EG-01,alert:ALT-CSE-BANK-02-0006953,strong
CSE-BANK-02,CRITICAL_WITHOUT_ESCALATION,EG-02,case:CAS-CSE-BANK-02-0006953,strong
CSE-BANK-02,FAST_CRITICAL_CLOSURE,EG-01,alert:ALT-CSE-BANK-02-0006955,strong
CSE-BANK-02,CRITICAL_WITHOUT_ESCALATION,EG-02,case:CAS-CSE-BANK-02-0006955,strong
CSE-BANK-02,FAST_CRITICAL_CLOSURE,EG-01,alert:ALT-CSE-BANK-02-0006956,strong
CSE-BANK-02,CRITICAL_WITHOUT_ESCALATION,EG-02,case:CAS-CSE-BANK-02-0006956,strong
CSE-BANK-02,CRITICAL_WITHOUT_ESCALATION,EG-02,case:CAS-CSE-BANK-02-0006960,strong
CSE-BANK-02,FAST_CRITICAL_CLOSURE,EG-01,alert:ALT-CSE-BANK-02-0006961,strong
CSE-BANK-02,CRITICAL_WITHOUT_ESCALATION,EG-02,case:CAS-CSE-BANK-02-0006961,strong
CSE-BANK-02,FAST_CRITICAL_CLOSURE,EG-01,alert:ALT-CSE-BANK-02-0006972,strong
CSE-BANK-02,CRITICAL_WITHOUT_ESCALATION,EG-02,case:CAS-CSE-BANK-02-0006972,strong
CSE-BANK-02,FAST_CRITICAL_CLOSURE,EG-01,alert:ALT-CSE-BANK-02-0006976,strong
CSE-BANK-02,CRITICAL_WITHOUT_ESCALATION,EG-02,case:CAS-CSE-BANK-02-0006976,strong
CSE-BANK-02,FAST_CRITICAL_CLOSURE,EG-01,alert:ALT-CSE-BANK-02-0006978,strong
CSE-BANK-02,CRITICAL_WITHOUT_ESCALATION,EG-02,case:CAS-CSE-BANK-02-0006978,strong
CSE-BANK-02,FAST_CRITICAL_CLOSURE,EG-01,alert:ALT-CSE-BANK-02-0006980,strong
CSE-BANK-02,CRITICAL_WITHOUT_ESCALATION,EG-02,case:CAS-CSE-BANK-02-0006980,strong
CSE-BANK-02,FAST_CRITICAL_CLOSURE,EG-01,alert:ALT-CSE-BANK-02-0006982,strong
CSE-BANK-02,CRITICAL_WITHOUT_ESCALATION,EG-02,case:CAS-CSE-BANK-02-0006982,strong
CSE-BANK-02,FAST_CRITICAL_CLOSURE,EG-01,alert:ALT-CSE-BANK-02-0006997,strong
CSE-BANK-02,CRITICAL_WITHOUT_ESCALATION,EG-02,case:CAS-CSE-BANK-02-0006997,strong
CSE-BANK-02,CRITICAL_WITHOUT_ESCALATION,EG-02,case:CAS-CSE-BANK-02-0007010,strong
CSE-BANK-02,FAST_CRITICAL_CLOSURE,EG-01,alert:ALT-CSE-BANK-02-0007020,strong
CSE-BANK-02,CRITICAL_WITHOUT_ESCALATION,EG-02,case:CAS-CSE-BANK-02-0007020,strong
CSE-BANK-02,FAST_CRITICAL_CLOSURE,EG-01,alert:ALT-CSE-BANK-02-0007021,strong
CSE-BANK-02,CRITICAL_WITHOUT_ESCALATION,EG-02,case:CAS-CSE-BANK-02-0007021,strong
CSE-BANK-02,FAST_CRITICAL_CLOSURE,EG-01,alert:ALT-CSE-BANK-02-0007023,strong
CSE-BANK-02,CRITICAL_WITHOUT_ESCALATION,EG-02,case:CAS-CSE-BANK-02-0007023,strong
CSE-BANK-02,FAST_CRITICAL_CLOSURE,EG-01,alert:ALT-CSE-BANK-02-0007025,strong
CSE-BANK-02,CRITICAL_WITHOUT_ESCALATION,EG-02,case:CAS-CSE-BANK-02-0007025,strong
CSE-BANK-02,FAST_CRITICAL_CLOSURE,EG-01,alert:ALT-CSE-BANK-02-0007030,strong
CSE-BANK-02,CRITICAL_WITHOUT_ESCALATION,EG-02,case:CAS-CSE-BANK-02-0007030,strong
CSE-BANK-02,FAST_CRITICAL_CLOSURE,EG-01,alert:ALT-CSE-BANK-02-0007031,strong
CSE-BANK-02,CRITICAL_WITHOUT_ESCALATION,EG-02,case:CAS-CSE-BANK-02-0007031,strong
CSE-BANK-02,FAST_CRITICAL_CLOSURE,EG-01,alert:ALT-CSE-BANK-02-0007035,strong
CSE-BANK-02,CRITICAL_WITHOUT_ESCALATION,EG-02,case:CAS-CSE-BANK-02-0007035,strong
CSE-BANK-02,CRITICAL_WITHOUT_ESCALATION,EG-02,case:CAS-CSE-BANK-02-0007036,strong
CSE-BANK-02,FAST_CRITICAL_CLOSURE,EG-01,alert:ALT-CSE-BANK-02-0007041,strong
CSE-BANK-02,CRITICAL_WITHOUT_ESCALATION,EG-02,case:CAS-CSE-BANK-02-0007041,strong
CSE-BANK-02,FAST_CRITICAL_CLOSURE,EG-01,alert:ALT-CSE-BANK-02-0007042,strong
CSE-BANK-02,CRITICAL_WITHOUT_ESCALATION,EG-02,case:CAS-CSE-BANK-02-0007042,strong
CSE-BANK-02,CRITICAL_WITHOUT_ESCALATION,EG-02,case:CAS-CSE-BANK-02-0007044,strong
CSE-BANK-02,FAST_CRITICAL_CLOSURE,EG-01,alert:ALT-CSE-BANK-02-0007045,strong
CSE-BANK-02,CRITICAL_WITHOUT_ESCALATION,EG-02,case:CAS-CSE-BANK-02-0007045,strong
CSE-BANK-02,FAST_CRITICAL_CLOSURE,EG-01,alert:ALT-CSE-BANK-02-0007048,strong
CSE-BANK-02,CRITICAL_WITHOUT_ESCALATION,EG-02,case:CAS-CSE-BANK-02-0007048,strong
CSE-BANK-02,FAST_CRITICAL_CLOSURE,EG-01,alert:ALT-CSE-BANK-02-0007052,strong
CSE-BANK-02,CRITICAL_WITHOUT_ESCALATION,EG-02,case:CAS-CSE-BANK-02-0007052,strong
CSE-BANK-02,FAST_CRITICAL_CLOSURE,EG-01,alert:ALT-CSE-BANK-02-0007053,strong
CSE-BANK-02,CRITICAL_WITHOUT_ESCALATION,EG-02,case:CAS-CSE-BANK-02-0007053,strong
CSE-BANK-02,CRITICAL_WITHOUT_ESCALATION,EG-02,case:CAS-CSE-BANK-02-0007072,strong
CSE-BANK-02,FAST_CRITICAL_CLOSURE,EG-01,alert:ALT-CSE-BANK-02-0007075,strong
CSE-BANK-02,CRITICAL_WITHOUT_ESCALATION,EG-02,case:CAS-CSE-BANK-02-0007075,strong
CSE-BANK-02,FAST_CRITICAL_CLOSURE,EG-01,alert:ALT-CSE-BANK-02-0007076,strong
CSE-BANK-02,CRITICAL_WITHOUT_ESCALATION,EG-02,case:CAS-CSE-BANK-02-0007076,strong
CSE-BANK-02,FAST_CRITICAL_CLOSURE,EG-01,alert:ALT-CSE-BANK-02-0007077,strong
CSE-BANK-02,CRITICAL_WITHOUT_ESCALATION,EG-02,case:CAS-CSE-BANK-02-0007077,strong
CSE-BANK-02,FAST_CRITICAL_CLOSURE,EG-01,alert:ALT-CSE-BANK-02-0007080,strong
CSE-BANK-02,CRITICAL_WITHOUT_ESCALATION,EG-02,case:CAS-CSE-BANK-02-0007080,strong
CSE-BANK-02,FAST_CRITICAL_CLOSURE,EG-01,alert:ALT-CSE-BANK-02-0007090,strong
CSE-BANK-02,CRITICAL_WITHOUT_ESCALATION,EG-02,case:CAS-CSE-BANK-02-0007090,strong
CSE-BANK-02,FAST_CRITICAL_CLOSURE,EG-01,alert:ALT-CSE-BANK-02-0007094,strong
CSE-BANK-02,CRITICAL_WITHOUT_ESCALATION,EG-02,case:CAS-CSE-BANK-02-0007094,strong
CSE-BANK-02,FAST_CRITICAL_CLOSURE,EG-01,alert:ALT-CSE-BANK-02-0007095,strong
CSE-BANK-02,CRITICAL_WITHOUT_ESCALATION,EG-02,case:CAS-CSE-BANK-02-0007095,strong
CSE-BANK-02,FAST_CRITICAL_CLOSURE,EG-01,alert:ALT-CSE-BANK-02-0007097,strong
CSE-BANK-02,CRITICAL_WITHOUT_ESCALATION,EG-02,case:CAS-CSE-BANK-02-0007097,strong
CSE-BANK-02,CRITICAL_WITHOUT_ESCALATION,EG-02,case:CAS-CSE-BANK-02-0007098,strong
CSE-BANK-02,CRITICAL_WITHOUT_ESCALATION,EG-02,case:CAS-CSE-BANK-02-0007109,strong
CSE-BANK-02,FAST_CRITICAL_CLOSURE,EG-01,alert:ALT-CSE-BANK-02-0007110,strong
CSE-BANK-02,CRITICAL_WITHOUT_ESCALATION,EG-02,case:CAS-CSE-BANK-02-0007110,strong
CSE-BANK-02,FAST_CRITICAL_CLOSURE,EG-01,alert:ALT-CSE-BANK-02-0007111,strong
CSE-BANK-02,CRITICAL_WITHOUT_ESCALATION,EG-02,case:CAS-CSE-BANK-02-0007111,strong
CSE-BANK-02,FAST_CRITICAL_CLOSURE,EG-01,alert:ALT-CSE-BANK-02-0007118,strong
CSE-BANK-02,CRITICAL_WITHOUT_ESCALATION,EG-02,case:CAS-CSE-BANK-02-0007118,strong
CSE-BANK-02,FAST_CRITICAL_CLOSURE,EG-01,alert:ALT-CSE-BANK-02-0007119,strong
CSE-BANK-02,CRITICAL_WITHOUT_ESCALATION,EG-02,case:CAS-CSE-BANK-02-0007119,strong
CSE-BANK-02,FAST_CRITICAL_CLOSURE,EG-01,alert:ALT-CSE-BANK-02-0007135,strong
CSE-BANK-02,CRITICAL_WITHOUT_ESCALATION,EG-02,case:CAS-CSE-BANK-02-0007135,strong
CSE-BANK-02,FAST_CRITICAL_CLOSURE,EG-01,alert:ALT-CSE-BANK-02-0007138,strong
CSE-BANK-02,CRITICAL_WITHOUT_ESCALATION,EG-02,case:CAS-CSE-BANK-02-0007138,strong
CSE-BANK-02,FAST_CRITICAL_CLOSURE,EG-01,alert:ALT-CSE-BANK-02-0007145,strong
CSE-BANK-02,CRITICAL_WITHOUT_ESCALATION,EG-02,case:CAS-CSE-BANK-02-0007145,strong
CSE-BANK-02,FAST_CRITICAL_CLOSURE,EG-01,alert:ALT-CSE-BANK-02-0007148,strong
CSE-BANK-02,CRITICAL_WITHOUT_ESCALATION,EG-02,case:CAS-CSE-BANK-02-0007148,strong
CSE-BANK-02,FAST_CRITICAL_CLOSURE,EG-01,alert:ALT-CSE-BANK-02-0007150,strong
CSE-BANK-02,CRITICAL_WITHOUT_ESCALATION,EG-02,case:CAS-CSE-BANK-02-0007150,strong
CSE-BANK-02,FAST_CRITICAL_CLOSURE,EG-01,alert:ALT-CSE-BANK-02-0007158,strong
CSE-BANK-02,CRITICAL_WITHOUT_ESCALATION,EG-02,case:CAS-CSE-BANK-02-0007158,strong
CSE-BANK-02,CRITICAL_WITHOUT_ESCALATION,EG-02,case:CAS-CSE-BANK-02-0007159,strong
CSE-BANK-02,FAST_CRITICAL_CLOSURE,EG-01,alert:ALT-CSE-BANK-02-0007160,strong
CSE-BANK-02,CRITICAL_WITHOUT_ESCALATION,EG-02,case:CAS-CSE-BANK-02-0007160,strong
CSE-BANK-02,FAST_CRITICAL_CLOSURE,EG-01,alert:ALT-CSE-BANK-02-0007161,strong
CSE-BANK-02,CRITICAL_WITHOUT_ESCALATION,EG-02,case:CAS-CSE-BANK-02-0007161,strong
CSE-BANK-02,FAST_CRITICAL_CLOSURE,EG-01,alert:ALT-CSE-BANK-02-0007162,strong
CSE-BANK-02,CRITICAL_WITHOUT_ESCALATION,EG-02,case:CAS-CSE-BANK-02-0007162,strong
CSE-BANK-02,FAST_CRITICAL_CLOSURE,EG-01,alert:ALT-CSE-BANK-02-0007167,strong
CSE-BANK-02,CRITICAL_WITHOUT_ESCALATION,EG-02,case:CAS-CSE-BANK-02-0007167,strong
CSE-BANK-02,FAST_CRITICAL_CLOSURE,EG-01,alert:ALT-CSE-BANK-02-0007173,strong
CSE-BANK-02,CRITICAL_WITHOUT_ESCALATION,EG-02,case:CAS-CSE-BANK-02-0007173,strong
CSE-BANK-02,CRITICAL_WITHOUT_ESCALATION,EG-02,case:CAS-CSE-BANK-02-0007178,strong
CSE-BANK-02,FAST_CRITICAL_CLOSURE,EG-01,alert:ALT-CSE-BANK-02-0007179,strong
CSE-BANK-02,CRITICAL_WITHOUT_ESCALATION,EG-02,case:CAS-CSE-BANK-02-0007179,strong
CSE-BANK-02,FAST_CRITICAL_CLOSURE,EG-01,alert:ALT-CSE-BANK-02-0007188,strong
CSE-BANK-02,CRITICAL_WITHOUT_ESCALATION,EG-02,case:CAS-CSE-BANK-02-0007188,strong
CSE-BANK-02,FAST_CRITICAL_CLOSURE,EG-01,alert:ALT-CSE-BANK-02-0007192,strong
CSE-BANK-02,CRITICAL_WITHOUT_ESCALATION,EG-02,case:CAS-CSE-BANK-02-0007192,strong
CSE-BANK-02,FAST_CRITICAL_CLOSURE,EG-01,alert:ALT-CSE-BANK-02-0007198,strong
CSE-BANK-02,CRITICAL_WITHOUT_ESCALATION,EG-02,case:CAS-CSE-BANK-02-0007198,strong
CSE-BANK-02,FAST_CRITICAL_CLOSURE,EG-01,alert:ALT-CSE-BANK-02-0007204,strong
CSE-BANK-02,CRITICAL_WITHOUT_ESCALATION,EG-02,case:CAS-CSE-BANK-02-0007204,strong
CSE-BANK-02,FAST_CRITICAL_CLOSURE,EG-01,alert:ALT-CSE-BANK-02-0007209,strong
CSE-BANK-02,CRITICAL_WITHOUT_ESCALATION,EG-02,case:CAS-CSE-BANK-02-0007209,strong
CSE-BANK-02,FAST_CRITICAL_CLOSURE,EG-01,alert:ALT-CSE-BANK-02-0007220,strong
CSE-BANK-02,CRITICAL_WITHOUT_ESCALATION,EG-02,case:CAS-CSE-BANK-02-0007220,strong
CSE-BANK-02,CRITICAL_WITHOUT_ESCALATION,EG-02,case:CAS-CSE-BANK-02-0007224,strong
CSE-BANK-02,FAST_CRITICAL_CLOSURE,EG-01,alert:ALT-CSE-BANK-02-0007234,strong
CSE-BANK-02,CRITICAL_WITHOUT_ESCALATION,EG-02,case:CAS-CSE-BANK-02-0007234,strong
CSE-BANK-02,FAST_CRITICAL_CLOSURE,EG-01,alert:ALT-CSE-BANK-02-0007239,strong
CSE-BANK-02,CRITICAL_WITHOUT_ESCALATION,EG-02,case:CAS-CSE-BANK-02-0007239,strong
CSE-BANK-02,FAST_CRITICAL_CLOSURE,EG-01,alert:ALT-CSE-BANK-02-0007243,strong
CSE-BANK-02,CRITICAL_WITHOUT_ESCALATION,EG-02,case:CAS-CSE-BANK-02-0007243,strong
CSE-BANK-02,FAST_CRITICAL_CLOSURE,EG-01,alert:ALT-CSE-BANK-02-0007245,strong
CSE-BANK-02,CRITICAL_WITHOUT_ESCALATION,EG-02,case:CAS-CSE-BANK-02-0007245,strong
CSE-BANK-02,CRITICAL_WITHOUT_ESCALATION,EG-02,case:CAS-CSE-BANK-02-0007250,strong
CSE-BANK-02,FAST_CRITICAL_CLOSURE,EG-01,alert:ALT-CSE-BANK-02-0007251,strong
CSE-BANK-02,CRITICAL_WITHOUT_ESCALATION,EG-02,case:CAS-CSE-BANK-02-0007251,strong
CSE-BANK-02,CRITICAL_WITHOUT_ESCALATION,EG-02,case:CAS-CSE-BANK-02-0007252,strong
CSE-BANK-02,FAST_CRITICAL_CLOSURE,EG-01,alert:ALT-CSE-BANK-02-0007266,strong
CSE-BANK-02,CRITICAL_WITHOUT_ESCALATION,EG-02,case:CAS-CSE-BANK-02-0007266,strong
CSE-BANK-02,FAST_CRITICAL_CLOSURE,EG-01,alert:ALT-CSE-BANK-02-0007267,strong
CSE-BANK-02,CRITICAL_WITHOUT_ESCALATION,EG-02,case:CAS-CSE-BANK-02-0007267,strong
CSE-BANK-02,FAST_CRITICAL_CLOSURE,EG-01,alert:ALT-CSE-BANK-02-0007268,strong
CSE-BANK-02,CRITICAL_WITHOUT_ESCALATION,EG-02,case:CAS-CSE-BANK-02-0007268,strong
CSE-BANK-02,FAST_CRITICAL_CLOSURE,EG-01,alert:ALT-CSE-BANK-02-0007269,strong
CSE-BANK-02,CRITICAL_WITHOUT_ESCALATION,EG-02,case:CAS-CSE-BANK-02-0007269,strong
CSE-BANK-02,FAST_CRITICAL_CLOSURE,EG-01,alert:ALT-CSE-BANK-02-0007271,strong
CSE-BANK-02,CRITICAL_WITHOUT_ESCALATION,EG-02,case:CAS-CSE-BANK-02-0007271,strong
CSE-BANK-02,FAST_CRITICAL_CLOSURE,EG-01,alert:ALT-CSE-BANK-02-0007272,strong
CSE-BANK-02,CRITICAL_WITHOUT_ESCALATION,EG-02,case:CAS-CSE-BANK-02-0007272,strong
CSE-BANK-02,FAST_CRITICAL_CLOSURE,EG-01,alert:ALT-CSE-BANK-02-0007286,strong
CSE-BANK-02,CRITICAL_WITHOUT_ESCALATION,EG-02,case:CAS-CSE-BANK-02-0007286,strong
CSE-BANK-02,FAST_CRITICAL_CLOSURE,EG-01,alert:ALT-CSE-BANK-02-0007287,strong
CSE-BANK-02,CRITICAL_WITHOUT_ESCALATION,EG-02,case:CAS-CSE-BANK-02-0007287,strong
CSE-BANK-02,FAST_CRITICAL_CLOSURE,EG-01,alert:ALT-CSE-BANK-02-0007293,strong
CSE-BANK-02,CRITICAL_WITHOUT_ESCALATION,EG-02,case:CAS-CSE-BANK-02-0007293,strong
CSE-BANK-02,CRITICAL_WITHOUT_ESCALATION,EG-02,case:CAS-CSE-BANK-02-0007297,strong
CSE-BANK-02,FAST_CRITICAL_CLOSURE,EG-01,alert:ALT-CSE-BANK-02-0007305,strong
CSE-BANK-02,CRITICAL_WITHOUT_ESCALATION,EG-02,case:CAS-CSE-BANK-02-0007305,strong
CSE-BANK-02,CRITICAL_WITHOUT_ESCALATION,EG-02,case:CAS-CSE-BANK-02-0007312,strong
CSE-BANK-02,FAST_CRITICAL_CLOSURE,EG-01,alert:ALT-CSE-BANK-02-0007313,strong
CSE-BANK-02,CRITICAL_WITHOUT_ESCALATION,EG-02,case:CAS-CSE-BANK-02-0007313,strong
CSE-BANK-02,FAST_CRITICAL_CLOSURE,EG-01,alert:ALT-CSE-BANK-02-0007316,strong
CSE-BANK-02,CRITICAL_WITHOUT_ESCALATION,EG-02,case:CAS-CSE-BANK-02-0007316,strong
CSE-BANK-02,FAST_CRITICAL_CLOSURE,EG-01,alert:ALT-CSE-BANK-02-0007318,strong
CSE-BANK-02,CRITICAL_WITHOUT_ESCALATION,EG-02,case:CAS-CSE-BANK-02-0007318,strong
CSE-BANK-02,FAST_CRITICAL_CLOSURE,EG-01,alert:ALT-CSE-BANK-02-0007319,strong
CSE-BANK-02,CRITICAL_WITHOUT_ESCALATION,EG-02,case:CAS-CSE-BANK-02-0007319,strong
CSE-BANK-02,CRITICAL_WITHOUT_ESCALATION,EG-02,case:CAS-CSE-BANK-02-0007325,strong
CSE-BANK-02,FAST_CRITICAL_CLOSURE,EG-01,alert:ALT-CSE-BANK-02-0007341,strong
CSE-BANK-02,CRITICAL_WITHOUT_ESCALATION,EG-02,case:CAS-CSE-BANK-02-0007341,strong
CSE-BANK-02,FAST_CRITICAL_CLOSURE,EG-01,alert:ALT-CSE-BANK-02-0007345,strong
CSE-BANK-02,CRITICAL_WITHOUT_ESCALATION,EG-02,case:CAS-CSE-BANK-02-0007345,strong
CSE-BANK-02,FAST_CRITICAL_CLOSURE,EG-01,alert:ALT-CSE-BANK-02-0007346,strong
CSE-BANK-02,CRITICAL_WITHOUT_ESCALATION,EG-02,case:CAS-CSE-BANK-02-0007346,strong
CSE-BANK-02,FAST_CRITICAL_CLOSURE,EG-01,alert:ALT-CSE-BANK-02-0007348,strong
CSE-BANK-02,CRITICAL_WITHOUT_ESCALATION,EG-02,case:CAS-CSE-BANK-02-0007348,strong
CSE-BANK-02,FAST_CRITICAL_CLOSURE,EG-01,alert:ALT-CSE-BANK-02-0007350,strong
CSE-BANK-02,CRITICAL_WITHOUT_ESCALATION,EG-02,case:CAS-CSE-BANK-02-0007350,strong
CSE-BANK-02,FAST_CRITICAL_CLOSURE,EG-01,alert:ALT-CSE-BANK-02-0007353,strong
CSE-BANK-02,CRITICAL_WITHOUT_ESCALATION,EG-02,case:CAS-CSE-BANK-02-0007353,strong
CSE-BANK-02,FAST_CRITICAL_CLOSURE,EG-01,alert:ALT-CSE-BANK-02-0007355,strong
CSE-BANK-02,CRITICAL_WITHOUT_ESCALATION,EG-02,case:CAS-CSE-BANK-02-0007355,strong
CSE-BANK-02,FAST_CRITICAL_CLOSURE,EG-01,alert:ALT-CSE-BANK-02-0007365,strong
CSE-BANK-02,CRITICAL_WITHOUT_ESCALATION,EG-02,case:CAS-CSE-BANK-02-0007365,strong
CSE-BANK-02,FAST_CRITICAL_CLOSURE,EG-01,alert:ALT-CSE-BANK-02-0007367,strong
CSE-BANK-02,CRITICAL_WITHOUT_ESCALATION,EG-02,case:CAS-CSE-BANK-02-0007367,strong
CSE-BANK-02,FAST_CRITICAL_CLOSURE,EG-01,alert:ALT-CSE-BANK-02-0007371,strong
CSE-BANK-02,CRITICAL_WITHOUT_ESCALATION,EG-02,case:CAS-CSE-BANK-02-0007371,strong
CSE-BANK-02,CRITICAL_WITHOUT_ESCALATION,EG-02,case:CAS-CSE-BANK-02-0007372,strong
CSE-BANK-02,FAST_CRITICAL_CLOSURE,EG-01,alert:ALT-CSE-BANK-02-0007376,strong
CSE-BANK-02,CRITICAL_WITHOUT_ESCALATION,EG-02,case:CAS-CSE-BANK-02-0007376,strong
CSE-BANK-02,FAST_CRITICAL_CLOSURE,EG-01,alert:ALT-CSE-BANK-02-0007377,strong
CSE-BANK-02,CRITICAL_WITHOUT_ESCALATION,EG-02,case:CAS-CSE-BANK-02-0007377,strong
CSE-BANK-02,FAST_CRITICAL_CLOSURE,EG-01,alert:ALT-CSE-BANK-02-0007378,strong
CSE-BANK-02,CRITICAL_WITHOUT_ESCALATION,EG-02,case:CAS-CSE-BANK-02-0007378,strong
CSE-BANK-02,FAST_CRITICAL_CLOSURE,EG-01,alert:ALT-CSE-BANK-02-0007383,strong
CSE-BANK-02,CRITICAL_WITHOUT_ESCALATION,EG-02,case:CAS-CSE-BANK-02-0007383,strong
CSE-BANK-02,FAST_CRITICAL_CLOSURE,EG-01,alert:ALT-CSE-BANK-02-0007384,strong
CSE-BANK-02,CRITICAL_WITHOUT_ESCALATION,EG-02,case:CAS-CSE-BANK-02-0007384,strong
CSE-BANK-02,FAST_CRITICAL_CLOSURE,EG-01,alert:ALT-CSE-BANK-02-0007389,strong
CSE-BANK-02,CRITICAL_WITHOUT_ESCALATION,EG-02,case:CAS-CSE-BANK-02-0007389,strong
CSE-BANK-02,FAST_CRITICAL_CLOSURE,EG-01,alert:ALT-CSE-BANK-02-0007402,strong
CSE-BANK-02,CRITICAL_WITHOUT_ESCALATION,EG-02,case:CAS-CSE-BANK-02-0007402,strong
CSE-BANK-02,FAST_CRITICAL_CLOSURE,EG-01,alert:ALT-CSE-BANK-02-0007407,strong
CSE-BANK-02,CRITICAL_WITHOUT_ESCALATION,EG-02,case:CAS-CSE-BANK-02-0007407,strong
CSE-BANK-02,FAST_CRITICAL_CLOSURE,EG-01,alert:ALT-CSE-BANK-02-0007408,strong
CSE-BANK-02,CRITICAL_WITHOUT_ESCALATION,EG-02,case:CAS-CSE-BANK-02-0007408,strong
CSE-BANK-02,FAST_CRITICAL_CLOSURE,EG-01,alert:ALT-CSE-BANK-02-0007411,strong
CSE-BANK-02,CRITICAL_WITHOUT_ESCALATION,EG-02,case:CAS-CSE-BANK-02-0007411,strong
CSE-BANK-02,FAST_CRITICAL_CLOSURE,EG-01,alert:ALT-CSE-BANK-02-0007417,strong
CSE-BANK-02,CRITICAL_WITHOUT_ESCALATION,EG-02,case:CAS-CSE-BANK-02-0007417,strong
CSE-BANK-02,FAST_CRITICAL_CLOSURE,EG-01,alert:ALT-CSE-BANK-02-0007418,strong
CSE-BANK-02,CRITICAL_WITHOUT_ESCALATION,EG-02,case:CAS-CSE-BANK-02-0007418,strong
CSE-BANK-02,FAST_CRITICAL_CLOSURE,EG-01,alert:ALT-CSE-BANK-02-0007425,strong
CSE-BANK-02,CRITICAL_WITHOUT_ESCALATION,EG-02,case:CAS-CSE-BANK-02-0007425,strong
CSE-BANK-02,FAST_CRITICAL_CLOSURE,EG-01,alert:ALT-CSE-BANK-02-0007427,strong
CSE-BANK-02,CRITICAL_WITHOUT_ESCALATION,EG-02,case:CAS-CSE-BANK-02-0007427,strong
CSE-BANK-02,CRITICAL_WITHOUT_ESCALATION,EG-02,case:CAS-CSE-BANK-02-0007430,strong
CSE-BANK-02,CRITICAL_WITHOUT_ESCALATION,EG-02,case:CAS-CSE-BANK-02-0007432,strong
CSE-BANK-02,FAST_CRITICAL_CLOSURE,EG-01,alert:ALT-CSE-BANK-02-0007433,strong
CSE-BANK-02,CRITICAL_WITHOUT_ESCALATION,EG-02,case:CAS-CSE-BANK-02-0007433,strong
CSE-BANK-02,FAST_CRITICAL_CLOSURE,EG-01,alert:ALT-CSE-BANK-02-0007435,strong
CSE-BANK-02,CRITICAL_WITHOUT_ESCALATION,EG-02,case:CAS-CSE-BANK-02-0007435,strong
CSE-BANK-02,CRITICAL_WITHOUT_ESCALATION,EG-02,case:CAS-CSE-BANK-02-0007436,strong
CSE-BANK-02,CRITICAL_WITHOUT_ESCALATION,EG-02,case:CAS-CSE-BANK-02-0007440,strong
CSE-BANK-02,FAST_CRITICAL_CLOSURE,EG-01,alert:ALT-CSE-BANK-02-0007451,strong
CSE-BANK-02,CRITICAL_WITHOUT_ESCALATION,EG-02,case:CAS-CSE-BANK-02-0007451,strong
CSE-BANK-02,FAST_CRITICAL_CLOSURE,EG-01,alert:ALT-CSE-BANK-02-0007457,strong
CSE-BANK-02,CRITICAL_WITHOUT_ESCALATION,EG-02,case:CAS-CSE-BANK-02-0007457,strong
CSE-BANK-02,CRITICAL_WITHOUT_ESCALATION,EG-02,case:CAS-CSE-BANK-02-0007461,strong
CSE-BANK-02,FAST_CRITICAL_CLOSURE,EG-01,alert:ALT-CSE-BANK-02-0007463,strong
CSE-BANK-02,CRITICAL_WITHOUT_ESCALATION,EG-02,case:CAS-CSE-BANK-02-0007463,strong
CSE-BANK-02,CRITICAL_WITHOUT_ESCALATION,EG-02,case:CAS-CSE-BANK-02-0007465,strong
CSE-BANK-02,FAST_CRITICAL_CLOSURE,EG-01,alert:ALT-CSE-BANK-02-0007466,strong
CSE-BANK-02,CRITICAL_WITHOUT_ESCALATION,EG-02,case:CAS-CSE-BANK-02-0007466,strong
CSE-BANK-02,FAST_CRITICAL_CLOSURE,EG-01,alert:ALT-CSE-BANK-02-0007469,strong
CSE-BANK-02,CRITICAL_WITHOUT_ESCALATION,EG-02,case:CAS-CSE-BANK-02-0007469,strong
CSE-BANK-02,FAST_CRITICAL_CLOSURE,EG-01,alert:ALT-CSE-BANK-02-0007472,strong
CSE-BANK-02,CRITICAL_WITHOUT_ESCALATION,EG-02,case:CAS-CSE-BANK-02-0007472,strong
CSE-BANK-02,CRITICAL_WITHOUT_ESCALATION,EG-02,case:CAS-CSE-BANK-02-0007477,strong
CSE-BANK-02,FAST_CRITICAL_CLOSURE,EG-01,alert:ALT-CSE-BANK-02-0007481,strong
CSE-BANK-02,CRITICAL_WITHOUT_ESCALATION,EG-02,case:CAS-CSE-BANK-02-0007481,strong
CSE-BANK-02,CRITICAL_WITHOUT_ESCALATION,EG-02,case:CAS-CSE-BANK-02-0007482,strong
CSE-BANK-02,FAST_CRITICAL_CLOSURE,EG-01,alert:ALT-CSE-BANK-02-0007495,strong
CSE-BANK-02,CRITICAL_WITHOUT_ESCALATION,EG-02,case:CAS-CSE-BANK-02-0007495,strong
CSE-BANK-02,CRITICAL_WITHOUT_ESCALATION,EG-02,case:CAS-CSE-BANK-02-0007496,strong
CSE-BANK-02,CRITICAL_WITHOUT_ESCALATION,EG-02,case:CAS-CSE-BANK-02-0007503,strong
CSE-BANK-02,FAST_CRITICAL_CLOSURE,EG-01,alert:ALT-CSE-BANK-02-0007506,strong
CSE-BANK-02,CRITICAL_WITHOUT_ESCALATION,EG-02,case:CAS-CSE-BANK-02-0007506,strong
CSE-BANK-02,FAST_CRITICAL_CLOSURE,EG-01,alert:ALT-CSE-BANK-02-0007508,strong
CSE-BANK-02,CRITICAL_WITHOUT_ESCALATION,EG-02,case:CAS-CSE-BANK-02-0007508,strong
CSE-BANK-02,FAST_CRITICAL_CLOSURE,EG-01,alert:ALT-CSE-BANK-02-0007511,strong
CSE-BANK-02,CRITICAL_WITHOUT_ESCALATION,EG-02,case:CAS-CSE-BANK-02-0007511,strong
CSE-BANK-02,CRITICAL_WITHOUT_ESCALATION,EG-02,case:CAS-CSE-BANK-02-0007512,strong
CSE-BANK-02,FAST_CRITICAL_CLOSURE,EG-01,alert:ALT-CSE-BANK-02-0007513,strong
CSE-BANK-02,CRITICAL_WITHOUT_ESCALATION,EG-02,case:CAS-CSE-BANK-02-0007513,strong
CSE-BANK-02,FAST_CRITICAL_CLOSURE,EG-01,alert:ALT-CSE-BANK-02-0007516,strong
CSE-BANK-02,CRITICAL_WITHOUT_ESCALATION,EG-02,case:CAS-CSE-BANK-02-0007516,strong
CSE-BANK-02,CRITICAL_WITHOUT_ESCALATION,EG-02,case:CAS-CSE-BANK-02-0007518,strong
CSE-BANK-02,FAST_CRITICAL_CLOSURE,EG-01,alert:ALT-CSE-BANK-02-0007519,strong
CSE-BANK-02,CRITICAL_WITHOUT_ESCALATION,EG-02,case:CAS-CSE-BANK-02-0007519,strong
CSE-BANK-02,CRITICAL_WITHOUT_ESCALATION,EG-02,case:CAS-CSE-BANK-02-0007520,strong
CSE-BANK-02,FAST_CRITICAL_CLOSURE,EG-01,alert:ALT-CSE-BANK-02-0007521,strong
CSE-BANK-02,CRITICAL_WITHOUT_ESCALATION,EG-02,case:CAS-CSE-BANK-02-0007521,strong
CSE-BANK-02,FAST_CRITICAL_CLOSURE,EG-01,alert:ALT-CSE-BANK-02-0007526,strong
CSE-BANK-02,CRITICAL_WITHOUT_ESCALATION,EG-02,case:CAS-CSE-BANK-02-0007526,strong
CSE-BANK-02,FAST_CRITICAL_CLOSURE,EG-01,alert:ALT-CSE-BANK-02-0007527,strong
CSE-BANK-02,CRITICAL_WITHOUT_ESCALATION,EG-02,case:CAS-CSE-BANK-02-0007527,strong
CSE-BANK-02,FAST_CRITICAL_CLOSURE,EG-01,alert:ALT-CSE-BANK-02-0007533,strong
CSE-BANK-02,CRITICAL_WITHOUT_ESCALATION,EG-02,case:CAS-CSE-BANK-02-0007533,strong
CSE-BANK-02,FAST_CRITICAL_CLOSURE,EG-01,alert:ALT-CSE-BANK-02-0007534,strong
CSE-BANK-02,CRITICAL_WITHOUT_ESCALATION,EG-02,case:CAS-CSE-BANK-02-0007534,strong
CSE-BANK-02,FAST_CRITICAL_CLOSURE,EG-01,alert:ALT-CSE-BANK-02-0007538,strong
CSE-BANK-02,CRITICAL_WITHOUT_ESCALATION,EG-02,case:CAS-CSE-BANK-02-0007538,strong
CSE-BANK-02,CRITICAL_WITHOUT_ESCALATION,EG-02,case:CAS-CSE-BANK-02-0007540,strong
CSE-BANK-02,FAST_CRITICAL_CLOSURE,EG-01,alert:ALT-CSE-BANK-02-0007545,strong
CSE-BANK-02,CRITICAL_WITHOUT_ESCALATION,EG-02,case:CAS-CSE-BANK-02-0007545,strong
CSE-BANK-02,FAST_CRITICAL_CLOSURE,EG-01,alert:ALT-CSE-BANK-02-0007547,strong
CSE-BANK-02,CRITICAL_WITHOUT_ESCALATION,EG-02,case:CAS-CSE-BANK-02-0007547,strong
CSE-BANK-02,FAST_CRITICAL_CLOSURE,EG-01,alert:ALT-CSE-BANK-02-0007549,strong
CSE-BANK-02,CRITICAL_WITHOUT_ESCALATION,EG-02,case:CAS-CSE-BANK-02-0007549,strong
CSE-BANK-02,FAST_CRITICAL_CLOSURE,EG-01,alert:ALT-CSE-BANK-02-0007554,strong
CSE-BANK-02,CRITICAL_WITHOUT_ESCALATION,EG-02,case:CAS-CSE-BANK-02-0007554,strong
CSE-BANK-02,FAST_CRITICAL_CLOSURE,EG-01,alert:ALT-CSE-BANK-02-0007563,strong
CSE-BANK-02,CRITICAL_WITHOUT_ESCALATION,EG-02,case:CAS-CSE-BANK-02-0007563,strong
CSE-BANK-02,FAST_CRITICAL_CLOSURE,EG-01,alert:ALT-CSE-BANK-02-0007569,strong
CSE-BANK-02,CRITICAL_WITHOUT_ESCALATION,EG-02,case:CAS-CSE-BANK-02-0007569,strong
CSE-BANK-02,FAST_CRITICAL_CLOSURE,EG-01,alert:ALT-CSE-BANK-02-0007570,strong
CSE-BANK-02,CRITICAL_WITHOUT_ESCALATION,EG-02,case:CAS-CSE-BANK-02-0007570,strong
CSE-BANK-02,FAST_CRITICAL_CLOSURE,EG-01,alert:ALT-CSE-BANK-02-0007577,strong
CSE-BANK-02,CRITICAL_WITHOUT_ESCALATION,EG-02,case:CAS-CSE-BANK-02-0007577,strong
CSE-BANK-02,CRITICAL_WITHOUT_ESCALATION,EG-02,case:CAS-CSE-BANK-02-0007579,strong
CSE-BANK-02,FAST_CRITICAL_CLOSURE,EG-01,alert:ALT-CSE-BANK-02-0007583,strong
CSE-BANK-02,CRITICAL_WITHOUT_ESCALATION,EG-02,case:CAS-CSE-BANK-02-0007583,strong
CSE-BANK-02,FAST_CRITICAL_CLOSURE,EG-01,alert:ALT-CSE-BANK-02-0007585,strong
CSE-BANK-02,CRITICAL_WITHOUT_ESCALATION,EG-02,case:CAS-CSE-BANK-02-0007585,strong
CSE-BANK-02,FAST_CRITICAL_CLOSURE,EG-01,alert:ALT-CSE-BANK-02-0007586,strong
CSE-BANK-02,CRITICAL_WITHOUT_ESCALATION,EG-02,case:CAS-CSE-BANK-02-0007586,strong
CSE-BANK-02,FAST_CRITICAL_CLOSURE,EG-01,alert:ALT-CSE-BANK-02-0007587,strong
CSE-BANK-02,CRITICAL_WITHOUT_ESCALATION,EG-02,case:CAS-CSE-BANK-02-0007587,strong
CSE-BANK-02,FAST_CRITICAL_CLOSURE,EG-01,alert:ALT-CSE-BANK-02-0007591,strong
CSE-BANK-02,CRITICAL_WITHOUT_ESCALATION,EG-02,case:CAS-CSE-BANK-02-0007591,strong
CSE-BANK-02,FAST_CRITICAL_CLOSURE,EG-01,alert:ALT-CSE-BANK-02-0007594,strong
CSE-BANK-02,CRITICAL_WITHOUT_ESCALATION,EG-02,case:CAS-CSE-BANK-02-0007594,strong
CSE-BANK-02,FAST_CRITICAL_CLOSURE,EG-01,alert:ALT-CSE-BANK-02-0007596,strong
CSE-BANK-02,CRITICAL_WITHOUT_ESCALATION,EG-02,case:CAS-CSE-BANK-02-0007596,strong
CSE-BANK-02,FAST_CRITICAL_CLOSURE,EG-01,alert:ALT-CSE-BANK-02-0007599,strong
CSE-BANK-02,CRITICAL_WITHOUT_ESCALATION,EG-02,case:CAS-CSE-BANK-02-0007599,strong
CSE-BANK-02,FAST_CRITICAL_CLOSURE,EG-01,alert:ALT-CSE-BANK-02-0007604,strong
CSE-BANK-02,CRITICAL_WITHOUT_ESCALATION,EG-02,case:CAS-CSE-BANK-02-0007604,strong
CSE-BANK-02,FAST_CRITICAL_CLOSURE,EG-01,alert:ALT-CSE-BANK-02-0007607,strong
CSE-BANK-02,CRITICAL_WITHOUT_ESCALATION,EG-02,case:CAS-CSE-BANK-02-0007607,strong
CSE-BANK-02,FAST_CRITICAL_CLOSURE,EG-01,alert:ALT-CSE-BANK-02-0007613,strong
CSE-BANK-02,CRITICAL_WITHOUT_ESCALATION,EG-02,case:CAS-CSE-BANK-02-0007613,strong
CSE-BANK-02,FAST_CRITICAL_CLOSURE,EG-01,alert:ALT-CSE-BANK-02-0007614,strong
CSE-BANK-02,CRITICAL_WITHOUT_ESCALATION,EG-02,case:CAS-CSE-BANK-02-0007614,strong
CSE-BANK-02,FAST_CRITICAL_CLOSURE,EG-01,alert:ALT-CSE-BANK-02-0007615,strong
CSE-BANK-02,CRITICAL_WITHOUT_ESCALATION,EG-02,case:CAS-CSE-BANK-02-0007615,strong
CSE-BANK-02,FAST_CRITICAL_CLOSURE,EG-01,alert:ALT-CSE-BANK-02-0007621,strong
CSE-BANK-02,CRITICAL_WITHOUT_ESCALATION,EG-02,case:CAS-CSE-BANK-02-0007621,strong
CSE-BANK-02,FAST_CRITICAL_CLOSURE,EG-01,alert:ALT-CSE-BANK-02-0007622,strong
CSE-BANK-02,CRITICAL_WITHOUT_ESCALATION,EG-02,case:CAS-CSE-BANK-02-0007622,strong
CSE-BANK-02,FAST_CRITICAL_CLOSURE,EG-01,alert:ALT-CSE-BANK-02-0007624,strong
CSE-BANK-02,CRITICAL_WITHOUT_ESCALATION,EG-02,case:CAS-CSE-BANK-02-0007624,strong
CSE-BANK-02,FAST_CRITICAL_CLOSURE,EG-01,alert:ALT-CSE-BANK-02-0007625,strong
CSE-BANK-02,CRITICAL_WITHOUT_ESCALATION,EG-02,case:CAS-CSE-BANK-02-0007625,strong
CSE-BANK-02,FAST_CRITICAL_CLOSURE,EG-01,alert:ALT-CSE-BANK-02-0007626,strong
CSE-BANK-02,CRITICAL_WITHOUT_ESCALATION,EG-02,case:CAS-CSE-BANK-02-0007626,strong
CSE-BANK-02,FAST_CRITICAL_CLOSURE,EG-01,alert:ALT-CSE-BANK-02-0007627,strong
CSE-BANK-02,CRITICAL_WITHOUT_ESCALATION,EG-02,case:CAS-CSE-BANK-02-0007627,strong
CSE-BANK-02,FAST_CRITICAL_CLOSURE,EG-01,alert:ALT-CSE-BANK-02-0007629,strong
CSE-BANK-02,CRITICAL_WITHOUT_ESCALATION,EG-02,case:CAS-CSE-BANK-02-0007629,strong
CSE-BANK-02,CRITICAL_WITHOUT_ESCALATION,EG-02,case:CAS-CSE-BANK-02-0007631,strong
CSE-BANK-02,FAST_CRITICAL_CLOSURE,EG-01,alert:ALT-CSE-BANK-02-0007637,strong
CSE-BANK-02,CRITICAL_WITHOUT_ESCALATION,EG-02,case:CAS-CSE-BANK-02-0007637,strong
CSE-BANK-02,FAST_CRITICAL_CLOSURE,EG-01,alert:ALT-CSE-BANK-02-0007638,strong
CSE-BANK-02,CRITICAL_WITHOUT_ESCALATION,EG-02,case:CAS-CSE-BANK-02-0007638,strong
CSE-BANK-02,CRITICAL_WITHOUT_ESCALATION,EG-02,case:CAS-CSE-BANK-02-0007639,strong
CSE-BANK-02,FAST_CRITICAL_CLOSURE,EG-01,alert:ALT-CSE-BANK-02-0007640,strong
CSE-BANK-02,CRITICAL_WITHOUT_ESCALATION,EG-02,case:CAS-CSE-BANK-02-0007640,strong
CSE-BANK-02,FAST_CRITICAL_CLOSURE,EG-01,alert:ALT-CSE-BANK-02-0007642,strong
CSE-BANK-02,CRITICAL_WITHOUT_ESCALATION,EG-02,case:CAS-CSE-BANK-02-0007642,strong
CSE-BANK-02,FAST_CRITICAL_CLOSURE,EG-01,alert:ALT-CSE-BANK-02-0007645,strong
CSE-BANK-02,CRITICAL_WITHOUT_ESCALATION,EG-02,case:CAS-CSE-BANK-02-0007645,strong
CSE-BANK-02,FAST_CRITICAL_CLOSURE,EG-01,alert:ALT-CSE-BANK-02-0007647,strong
CSE-BANK-02,CRITICAL_WITHOUT_ESCALATION,EG-02,case:CAS-CSE-BANK-02-0007647,strong
CSE-BANK-02,FAST_CRITICAL_CLOSURE,EG-01,alert:ALT-CSE-BANK-02-0007649,strong
CSE-BANK-02,CRITICAL_WITHOUT_ESCALATION,EG-02,case:CAS-CSE-BANK-02-0007649,strong
CSE-BANK-02,CRITICAL_WITHOUT_ESCALATION,EG-02,case:CAS-CSE-BANK-02-0007660,strong
CSE-BANK-02,FAST_CRITICAL_CLOSURE,EG-01,alert:ALT-CSE-BANK-02-0007667,strong
CSE-BANK-02,CRITICAL_WITHOUT_ESCALATION,EG-02,case:CAS-CSE-BANK-02-0007667,strong
CSE-BANK-02,FAST_CRITICAL_CLOSURE,EG-01,alert:ALT-CSE-BANK-02-0007672,strong
CSE-BANK-02,CRITICAL_WITHOUT_ESCALATION,EG-02,case:CAS-CSE-BANK-02-0007672,strong
CSE-BANK-02,FAST_CRITICAL_CLOSURE,EG-01,alert:ALT-CSE-BANK-02-0007677,strong
CSE-BANK-02,CRITICAL_WITHOUT_ESCALATION,EG-02,case:CAS-CSE-BANK-02-0007677,strong
CSE-BANK-02,FAST_CRITICAL_CLOSURE,EG-01,alert:ALT-CSE-BANK-02-0007678,strong
CSE-BANK-02,CRITICAL_WITHOUT_ESCALATION,EG-02,case:CAS-CSE-BANK-02-0007678,strong
CSE-BANK-02,FAST_CRITICAL_CLOSURE,EG-01,alert:ALT-CSE-BANK-02-0007684,strong
CSE-BANK-02,CRITICAL_WITHOUT_ESCALATION,EG-02,case:CAS-CSE-BANK-02-0007684,strong
CSE-BANK-02,FAST_CRITICAL_CLOSURE,EG-01,alert:ALT-CSE-BANK-02-0007688,strong
CSE-BANK-02,CRITICAL_WITHOUT_ESCALATION,EG-02,case:CAS-CSE-BANK-02-0007688,strong
CSE-BANK-02,FAST_CRITICAL_CLOSURE,EG-01,alert:ALT-CSE-BANK-02-0007692,strong
CSE-BANK-02,CRITICAL_WITHOUT_ESCALATION,EG-02,case:CAS-CSE-BANK-02-0007692,strong
CSE-BANK-02,FAST_CRITICAL_CLOSURE,EG-01,alert:ALT-CSE-BANK-02-0007697,strong
CSE-BANK-02,CRITICAL_WITHOUT_ESCALATION,EG-02,case:CAS-CSE-BANK-02-0007697,strong
CSE-BANK-02,FAST_CRITICAL_CLOSURE,EG-01,alert:ALT-CSE-BANK-02-0007700,strong
CSE-BANK-02,CRITICAL_WITHOUT_ESCALATION,EG-02,case:CAS-CSE-BANK-02-0007700,strong
CSE-BANK-02,FAST_CRITICAL_CLOSURE,EG-01,alert:ALT-CSE-BANK-02-0007703,strong
CSE-BANK-02,CRITICAL_WITHOUT_ESCALATION,EG-02,case:CAS-CSE-BANK-02-0007703,strong
CSE-BANK-02,FAST_CRITICAL_CLOSURE,EG-01,alert:ALT-CSE-BANK-02-0007705,strong
CSE-BANK-02,CRITICAL_WITHOUT_ESCALATION,EG-02,case:CAS-CSE-BANK-02-0007705,strong
CSE-BANK-02,FAST_CRITICAL_CLOSURE,EG-01,alert:ALT-CSE-BANK-02-0007706,strong
CSE-BANK-02,CRITICAL_WITHOUT_ESCALATION,EG-02,case:CAS-CSE-BANK-02-0007706,strong
CSE-BANK-02,FAST_CRITICAL_CLOSURE,EG-01,alert:ALT-CSE-BANK-02-0007709,strong
CSE-BANK-02,CRITICAL_WITHOUT_ESCALATION,EG-02,case:CAS-CSE-BANK-02-0007709,strong
CSE-BANK-02,FAST_CRITICAL_CLOSURE,EG-01,alert:ALT-CSE-BANK-02-0007714,strong
CSE-BANK-02,CRITICAL_WITHOUT_ESCALATION,EG-02,case:CAS-CSE-BANK-02-0007714,strong
CSE-BANK-02,FAST_CRITICAL_CLOSURE,EG-01,alert:ALT-CSE-BANK-02-0007717,strong
CSE-BANK-02,CRITICAL_WITHOUT_ESCALATION,EG-02,case:CAS-CSE-BANK-02-0007717,strong
CSE-BANK-02,FAST_CRITICAL_CLOSURE,EG-01,alert:ALT-CSE-BANK-02-0007720,strong
CSE-BANK-02,CRITICAL_WITHOUT_ESCALATION,EG-02,case:CAS-CSE-BANK-02-0007720,strong
CSE-BANK-02,FAST_CRITICAL_CLOSURE,EG-01,alert:ALT-CSE-BANK-02-0007723,strong
CSE-BANK-02,CRITICAL_WITHOUT_ESCALATION,EG-02,case:CAS-CSE-BANK-02-0007723,strong
CSE-BANK-02,FAST_CRITICAL_CLOSURE,EG-01,alert:ALT-CSE-BANK-02-0007726,strong
CSE-BANK-02,CRITICAL_WITHOUT_ESCALATION,EG-02,case:CAS-CSE-BANK-02-0007726,strong
CSE-BANK-02,CRITICAL_WITHOUT_ESCALATION,EG-02,case:CAS-CSE-BANK-02-0007727,strong
CSE-BANK-02,FAST_CRITICAL_CLOSURE,EG-01,alert:ALT-CSE-BANK-02-0007728,strong
CSE-BANK-02,CRITICAL_WITHOUT_ESCALATION,EG-02,case:CAS-CSE-BANK-02-0007728,strong
CSE-BANK-02,FAST_CRITICAL_CLOSURE,EG-01,alert:ALT-CSE-BANK-02-0007731,strong
CSE-BANK-02,CRITICAL_WITHOUT_ESCALATION,EG-02,case:CAS-CSE-BANK-02-0007731,strong
CSE-BANK-02,FAST_CRITICAL_CLOSURE,EG-01,alert:ALT-CSE-BANK-02-0007733,strong
CSE-BANK-02,CRITICAL_WITHOUT_ESCALATION,EG-02,case:CAS-CSE-BANK-02-0007733,strong
CSE-BANK-02,FAST_CRITICAL_CLOSURE,EG-01,alert:ALT-CSE-BANK-02-0007735,strong
CSE-BANK-02,CRITICAL_WITHOUT_ESCALATION,EG-02,case:CAS-CSE-BANK-02-0007735,strong
CSE-BANK-02,FAST_CRITICAL_CLOSURE,EG-01,alert:ALT-CSE-BANK-02-0007736,strong
CSE-BANK-02,CRITICAL_WITHOUT_ESCALATION,EG-02,case:CAS-CSE-BANK-02-0007736,strong
CSE-BANK-02,FAST_CRITICAL_CLOSURE,EG-01,alert:ALT-CSE-BANK-02-0007740,strong
CSE-BANK-02,CRITICAL_WITHOUT_ESCALATION,EG-02,case:CAS-CSE-BANK-02-0007740,strong
CSE-BANK-02,CRITICAL_WITHOUT_ESCALATION,EG-02,case:CAS-CSE-BANK-02-0007744,strong
CSE-BANK-02,FAST_CRITICAL_CLOSURE,EG-01,alert:ALT-CSE-BANK-02-0007749,strong
CSE-BANK-02,CRITICAL_WITHOUT_ESCALATION,EG-02,case:CAS-CSE-BANK-02-0007749,strong
CSE-BANK-02,FAST_CRITICAL_CLOSURE,EG-01,alert:ALT-CSE-BANK-02-0007752,strong
CSE-BANK-02,CRITICAL_WITHOUT_ESCALATION,EG-02,case:CAS-CSE-BANK-02-0007752,strong
CSE-BANK-02,FAST_CRITICAL_CLOSURE,EG-01,alert:ALT-CSE-BANK-02-0007756,strong
CSE-BANK-02,CRITICAL_WITHOUT_ESCALATION,EG-02,case:CAS-CSE-BANK-02-0007756,strong
CSE-BANK-02,FAST_CRITICAL_CLOSURE,EG-01,alert:ALT-CSE-BANK-02-0007757,strong
CSE-BANK-02,CRITICAL_WITHOUT_ESCALATION,EG-02,case:CAS-CSE-BANK-02-0007757,strong
CSE-BANK-02,FAST_CRITICAL_CLOSURE,EG-01,alert:ALT-CSE-BANK-02-0007764,strong
CSE-BANK-02,CRITICAL_WITHOUT_ESCALATION,EG-02,case:CAS-CSE-BANK-02-0007764,strong
CSE-BANK-02,FAST_CRITICAL_CLOSURE,EG-01,alert:ALT-CSE-BANK-02-0007766,strong
CSE-BANK-02,CRITICAL_WITHOUT_ESCALATION,EG-02,case:CAS-CSE-BANK-02-0007766,strong
CSE-BANK-02,FAST_CRITICAL_CLOSURE,EG-01,alert:ALT-CSE-BANK-02-0007768,strong
CSE-BANK-02,CRITICAL_WITHOUT_ESCALATION,EG-02,case:CAS-CSE-BANK-02-0007768,strong
CSE-BANK-02,FAST_CRITICAL_CLOSURE,EG-01,alert:ALT-CSE-BANK-02-0007770,strong
CSE-BANK-02,CRITICAL_WITHOUT_ESCALATION,EG-02,case:CAS-CSE-BANK-02-0007770,strong
CSE-BANK-02,FAST_CRITICAL_CLOSURE,EG-01,alert:ALT-CSE-BANK-02-0007771,strong
CSE-BANK-02,CRITICAL_WITHOUT_ESCALATION,EG-02,case:CAS-CSE-BANK-02-0007771,strong
CSE-BANK-02,FAST_CRITICAL_CLOSURE,EG-01,alert:ALT-CSE-BANK-02-0007772,strong
CSE-BANK-02,CRITICAL_WITHOUT_ESCALATION,EG-02,case:CAS-CSE-BANK-02-0007772,strong
CSE-BANK-02,FAST_CRITICAL_CLOSURE,EG-01,alert:ALT-CSE-BANK-02-0007778,strong
CSE-BANK-02,CRITICAL_WITHOUT_ESCALATION,EG-02,case:CAS-CSE-BANK-02-0007778,strong
CSE-BANK-02,FAST_CRITICAL_CLOSURE,EG-01,alert:ALT-CSE-BANK-02-0007781,strong
CSE-BANK-02,CRITICAL_WITHOUT_ESCALATION,EG-02,case:CAS-CSE-BANK-02-0007781,strong
CSE-BANK-02,CRITICAL_WITHOUT_ESCALATION,EG-02,case:CAS-CSE-BANK-02-0007782,strong
CSE-BANK-02,CRITICAL_WITHOUT_ESCALATION,EG-02,case:CAS-CSE-BANK-02-0007785,strong
CSE-BANK-02,FAST_CRITICAL_CLOSURE,EG-01,alert:ALT-CSE-BANK-02-0007788,strong
CSE-BANK-02,CRITICAL_WITHOUT_ESCALATION,EG-02,case:CAS-CSE-BANK-02-0007788,strong
CSE-BANK-02,FAST_CRITICAL_CLOSURE,EG-01,alert:ALT-CSE-BANK-02-0007792,strong
CSE-BANK-02,CRITICAL_WITHOUT_ESCALATION,EG-02,case:CAS-CSE-BANK-02-0007792,strong
CSE-BANK-02,FAST_CRITICAL_CLOSURE,EG-01,alert:ALT-CSE-BANK-02-0007796,strong
CSE-BANK-02,CRITICAL_WITHOUT_ESCALATION,EG-02,case:CAS-CSE-BANK-02-0007796,strong
CSE-BANK-02,FAST_CRITICAL_CLOSURE,EG-01,alert:ALT-CSE-BANK-02-0007797,strong
CSE-BANK-02,CRITICAL_WITHOUT_ESCALATION,EG-02,case:CAS-CSE-BANK-02-0007797,strong
CSE-BANK-02,CRITICAL_WITHOUT_ESCALATION,EG-02,case:CAS-CSE-BANK-02-0007798,strong
CSE-BANK-02,FAST_CRITICAL_CLOSURE,EG-01,alert:ALT-CSE-BANK-02-0007799,strong
CSE-BANK-02,CRITICAL_WITHOUT_ESCALATION,EG-02,case:CAS-CSE-BANK-02-0007799,strong
CSE-BANK-02,FAST_CRITICAL_CLOSURE,EG-01,alert:ALT-CSE-BANK-02-0007801,strong
CSE-BANK-02,CRITICAL_WITHOUT_ESCALATION,EG-02,case:CAS-CSE-BANK-02-0007801,strong
CSE-BANK-02,FAST_CRITICAL_CLOSURE,EG-01,alert:ALT-CSE-BANK-02-0007803,strong
CSE-BANK-02,CRITICAL_WITHOUT_ESCALATION,EG-02,case:CAS-CSE-BANK-02-0007803,strong
CSE-BANK-02,FAST_CRITICAL_CLOSURE,EG-01,alert:ALT-CSE-BANK-02-0007809,strong
CSE-BANK-02,CRITICAL_WITHOUT_ESCALATION,EG-02,case:CAS-CSE-BANK-02-0007809,strong
CSE-BANK-02,FAST_CRITICAL_CLOSURE,EG-01,alert:ALT-CSE-BANK-02-0007811,strong
CSE-BANK-02,CRITICAL_WITHOUT_ESCALATION,EG-02,case:CAS-CSE-BANK-02-0007811,strong
CSE-BANK-02,FAST_CRITICAL_CLOSURE,EG-01,alert:ALT-CSE-BANK-02-0007814,strong
CSE-BANK-02,CRITICAL_WITHOUT_ESCALATION,EG-02,case:CAS-CSE-BANK-02-0007814,strong
CSE-BANK-02,FAST_CRITICAL_CLOSURE,EG-01,alert:ALT-CSE-BANK-02-0007821,strong
CSE-BANK-02,CRITICAL_WITHOUT_ESCALATION,EG-02,case:CAS-CSE-BANK-02-0007821,strong
CSE-BANK-02,FAST_CRITICAL_CLOSURE,EG-01,alert:ALT-CSE-BANK-02-0007823,strong
CSE-BANK-02,CRITICAL_WITHOUT_ESCALATION,EG-02,case:CAS-CSE-BANK-02-0007823,strong
CSE-BANK-02,FAST_CRITICAL_CLOSURE,EG-01,alert:ALT-CSE-BANK-02-0007826,strong
CSE-BANK-02,CRITICAL_WITHOUT_ESCALATION,EG-02,case:CAS-CSE-BANK-02-0007826,strong
CSE-BANK-02,FAST_CRITICAL_CLOSURE,EG-01,alert:ALT-CSE-BANK-02-0007829,strong
CSE-BANK-02,CRITICAL_WITHOUT_ESCALATION,EG-02,case:CAS-CSE-BANK-02-0007829,strong
CSE-BANK-02,FAST_CRITICAL_CLOSURE,EG-01,alert:ALT-CSE-BANK-02-0007830,strong
CSE-BANK-02,CRITICAL_WITHOUT_ESCALATION,EG-02,case:CAS-CSE-BANK-02-0007830,strong
CSE-BANK-02,FAST_CRITICAL_CLOSURE,EG-01,alert:ALT-CSE-BANK-02-0007831,strong
CSE-BANK-02,CRITICAL_WITHOUT_ESCALATION,EG-02,case:CAS-CSE-BANK-02-0007831,strong
CSE-BANK-02,FAST_CRITICAL_CLOSURE,EG-01,alert:ALT-CSE-BANK-02-0007832,strong
CSE-BANK-02,CRITICAL_WITHOUT_ESCALATION,EG-02,case:CAS-CSE-BANK-02-0007832,strong
CSE-BANK-02,FAST_CRITICAL_CLOSURE,EG-01,alert:ALT-CSE-BANK-02-0007839,strong
CSE-BANK-02,CRITICAL_WITHOUT_ESCALATION,EG-02,case:CAS-CSE-BANK-02-0007839,strong
CSE-BANK-02,FAST_CRITICAL_CLOSURE,EG-01,alert:ALT-CSE-BANK-02-0007840,strong
CSE-BANK-02,CRITICAL_WITHOUT_ESCALATION,EG-02,case:CAS-CSE-BANK-02-0007840,strong
CSE-BANK-02,FAST_CRITICAL_CLOSURE,EG-01,alert:ALT-CSE-BANK-02-0007843,strong
CSE-BANK-02,CRITICAL_WITHOUT_ESCALATION,EG-02,case:CAS-CSE-BANK-02-0007843,strong
CSE-BANK-02,FAST_CRITICAL_CLOSURE,EG-01,alert:ALT-CSE-BANK-02-0007848,strong
CSE-BANK-02,CRITICAL_WITHOUT_ESCALATION,EG-02,case:CAS-CSE-BANK-02-0007848,strong
CSE-BANK-02,FAST_CRITICAL_CLOSURE,EG-01,alert:ALT-CSE-BANK-02-0007851,strong
CSE-BANK-02,CRITICAL_WITHOUT_ESCALATION,EG-02,case:CAS-CSE-BANK-02-0007851,strong
CSE-BANK-02,FAST_CRITICAL_CLOSURE,EG-01,alert:ALT-CSE-BANK-02-0007854,strong
CSE-BANK-02,CRITICAL_WITHOUT_ESCALATION,EG-02,case:CAS-CSE-BANK-02-0007854,strong
CSE-BANK-02,FAST_CRITICAL_CLOSURE,EG-01,alert:ALT-CSE-BANK-02-0007855,strong
CSE-BANK-02,CRITICAL_WITHOUT_ESCALATION,EG-02,case:CAS-CSE-BANK-02-0007855,strong
CSE-BANK-02,FAST_CRITICAL_CLOSURE,EG-01,alert:ALT-CSE-BANK-02-0007859,strong
CSE-BANK-02,CRITICAL_WITHOUT_ESCALATION,EG-02,case:CAS-CSE-BANK-02-0007859,strong
CSE-BANK-02,CRITICAL_WITHOUT_ESCALATION,EG-02,case:CAS-CSE-BANK-02-0007860,strong
CSE-BANK-02,FAST_CRITICAL_CLOSURE,EG-01,alert:ALT-CSE-BANK-02-0007864,strong
CSE-BANK-02,CRITICAL_WITHOUT_ESCALATION,EG-02,case:CAS-CSE-BANK-02-0007864,strong
CSE-BANK-02,FAST_CRITICAL_CLOSURE,EG-01,alert:ALT-CSE-BANK-02-0007866,strong
CSE-BANK-02,CRITICAL_WITHOUT_ESCALATION,EG-02,case:CAS-CSE-BANK-02-0007866,strong
CSE-BANK-02,FAST_CRITICAL_CLOSURE,EG-01,alert:ALT-CSE-BANK-02-0007873,strong
CSE-BANK-02,CRITICAL_WITHOUT_ESCALATION,EG-02,case:CAS-CSE-BANK-02-0007873,strong
CSE-BANK-02,FAST_CRITICAL_CLOSURE,EG-01,alert:ALT-CSE-BANK-02-0007876,strong
CSE-BANK-02,CRITICAL_WITHOUT_ESCALATION,EG-02,case:CAS-CSE-BANK-02-0007876,strong
CSE-BANK-02,FAST_CRITICAL_CLOSURE,EG-01,alert:ALT-CSE-BANK-02-0007880,strong
CSE-BANK-02,CRITICAL_WITHOUT_ESCALATION,EG-02,case:CAS-CSE-BANK-02-0007880,strong
CSE-BANK-02,FAST_CRITICAL_CLOSURE,EG-01,alert:ALT-CSE-BANK-02-0007881,strong
CSE-BANK-02,CRITICAL_WITHOUT_ESCALATION,EG-02,case:CAS-CSE-BANK-02-0007881,strong
CSE-BANK-02,FAST_CRITICAL_CLOSURE,EG-01,alert:ALT-CSE-BANK-02-0007883,strong
CSE-BANK-02,CRITICAL_WITHOUT_ESCALATION,EG-02,case:CAS-CSE-BANK-02-0007883,strong
CSE-BANK-02,FAST_CRITICAL_CLOSURE,EG-01,alert:ALT-CSE-BANK-02-0007885,strong
CSE-BANK-02,CRITICAL_WITHOUT_ESCALATION,EG-02,case:CAS-CSE-BANK-02-0007885,strong
CSE-BANK-02,FAST_CRITICAL_CLOSURE,EG-01,alert:ALT-CSE-BANK-02-0007886,strong
CSE-BANK-02,CRITICAL_WITHOUT_ESCALATION,EG-02,case:CAS-CSE-BANK-02-0007886,strong
CSE-BANK-02,FAST_CRITICAL_CLOSURE,EG-01,alert:ALT-CSE-BANK-02-0007887,strong
CSE-BANK-02,CRITICAL_WITHOUT_ESCALATION,EG-02,case:CAS-CSE-BANK-02-0007887,strong
CSE-BANK-02,FAST_CRITICAL_CLOSURE,EG-01,alert:ALT-CSE-BANK-02-0007889,strong
CSE-BANK-02,CRITICAL_WITHOUT_ESCALATION,EG-02,case:CAS-CSE-BANK-02-0007889,strong
CSE-BANK-02,FAST_CRITICAL_CLOSURE,EG-01,alert:ALT-CSE-BANK-02-0007894,strong
CSE-BANK-02,CRITICAL_WITHOUT_ESCALATION,EG-02,case:CAS-CSE-BANK-02-0007894,strong
CSE-BANK-02,FAST_CRITICAL_CLOSURE,EG-01,alert:ALT-CSE-BANK-02-0007897,strong
CSE-BANK-02,CRITICAL_WITHOUT_ESCALATION,EG-02,case:CAS-CSE-BANK-02-0007897,strong
CSE-BANK-02,FAST_CRITICAL_CLOSURE,EG-01,alert:ALT-CSE-BANK-02-0007899,strong
CSE-BANK-02,CRITICAL_WITHOUT_ESCALATION,EG-02,case:CAS-CSE-BANK-02-0007899,strong
CSE-BANK-02,FAST_CRITICAL_CLOSURE,EG-01,alert:ALT-CSE-BANK-02-0007901,strong
CSE-BANK-02,CRITICAL_WITHOUT_ESCALATION,EG-02,case:CAS-CSE-BANK-02-0007901,strong
CSE-BANK-02,FAST_CRITICAL_CLOSURE,EG-01,alert:ALT-CSE-BANK-02-0007902,strong
CSE-BANK-02,CRITICAL_WITHOUT_ESCALATION,EG-02,case:CAS-CSE-BANK-02-0007902,strong
CSE-BANK-02,FAST_CRITICAL_CLOSURE,EG-01,alert:ALT-CSE-BANK-02-0007904,strong
CSE-BANK-02,CRITICAL_WITHOUT_ESCALATION,EG-02,case:CAS-CSE-BANK-02-0007904,strong
CSE-BANK-02,FAST_CRITICAL_CLOSURE,EG-01,alert:ALT-CSE-BANK-02-0007909,strong
CSE-BANK-02,CRITICAL_WITHOUT_ESCALATION,EG-02,case:CAS-CSE-BANK-02-0007909,strong
CSE-BANK-02,FAST_CRITICAL_CLOSURE,EG-01,alert:ALT-CSE-BANK-02-0007916,strong
CSE-BANK-02,CRITICAL_WITHOUT_ESCALATION,EG-02,case:CAS-CSE-BANK-02-0007916,strong
CSE-BANK-02,CRITICAL_WITHOUT_ESCALATION,EG-02,case:CAS-CSE-BANK-02-0007918,strong
CSE-BANK-02,FAST_CRITICAL_CLOSURE,EG-01,alert:ALT-CSE-BANK-02-0007919,strong
CSE-BANK-02,CRITICAL_WITHOUT_ESCALATION,EG-02,case:CAS-CSE-BANK-02-0007919,strong
CSE-BANK-02,FAST_CRITICAL_CLOSURE,EG-01,alert:ALT-CSE-BANK-02-0007923,strong
CSE-BANK-02,CRITICAL_WITHOUT_ESCALATION,EG-02,case:CAS-CSE-BANK-02-0007923,strong
CSE-BANK-02,FAST_CRITICAL_CLOSURE,EG-01,alert:ALT-CSE-BANK-02-0007924,strong
CSE-BANK-02,CRITICAL_WITHOUT_ESCALATION,EG-02,case:CAS-CSE-BANK-02-0007924,strong
CSE-BANK-02,FAST_CRITICAL_CLOSURE,EG-01,alert:ALT-CSE-BANK-02-0007925,strong
CSE-BANK-02,CRITICAL_WITHOUT_ESCALATION,EG-02,case:CAS-CSE-BANK-02-0007925,strong
CSE-BANK-02,FAST_CRITICAL_CLOSURE,EG-01,alert:ALT-CSE-BANK-02-0007926,strong
CSE-BANK-02,CRITICAL_WITHOUT_ESCALATION,EG-02,case:CAS-CSE-BANK-02-0007926,strong
CSE-BANK-02,FAST_CRITICAL_CLOSURE,EG-01,alert:ALT-CSE-BANK-02-0007927,strong
CSE-BANK-02,CRITICAL_WITHOUT_ESCALATION,EG-02,case:CAS-CSE-BANK-02-0007927,strong
CSE-BANK-02,FAST_CRITICAL_CLOSURE,EG-01,alert:ALT-CSE-BANK-02-0007930,strong
CSE-BANK-02,CRITICAL_WITHOUT_ESCALATION,EG-02,case:CAS-CSE-BANK-02-0007930,strong
CSE-BANK-02,FAST_CRITICAL_CLOSURE,EG-01,alert:ALT-CSE-BANK-02-0007932,strong
CSE-BANK-02,CRITICAL_WITHOUT_ESCALATION,EG-02,case:CAS-CSE-BANK-02-0007932,strong
CSE-BANK-02,FAST_CRITICAL_CLOSURE,EG-01,alert:ALT-CSE-BANK-02-0007933,strong
CSE-BANK-02,CRITICAL_WITHOUT_ESCALATION,EG-02,case:CAS-CSE-BANK-02-0007933,strong
CSE-BANK-02,FAST_CRITICAL_CLOSURE,EG-01,alert:ALT-CSE-BANK-02-0007935,strong
CSE-BANK-02,CRITICAL_WITHOUT_ESCALATION,EG-02,case:CAS-CSE-BANK-02-0007935,strong
CSE-BANK-02,FAST_CRITICAL_CLOSURE,EG-01,alert:ALT-CSE-BANK-02-0007936,strong
CSE-BANK-02,CRITICAL_WITHOUT_ESCALATION,EG-02,case:CAS-CSE-BANK-02-0007936,strong
CSE-BANK-02,FAST_CRITICAL_CLOSURE,EG-01,alert:ALT-CSE-BANK-02-0007938,strong
CSE-BANK-02,CRITICAL_WITHOUT_ESCALATION,EG-02,case:CAS-CSE-BANK-02-0007938,strong
CSE-BANK-02,FAST_CRITICAL_CLOSURE,EG-01,alert:ALT-CSE-BANK-02-0007944,strong
CSE-BANK-02,CRITICAL_WITHOUT_ESCALATION,EG-02,case:CAS-CSE-BANK-02-0007944,strong
CSE-BANK-02,FAST_CRITICAL_CLOSURE,EG-01,alert:ALT-CSE-BANK-02-0007945,strong
CSE-BANK-02,CRITICAL_WITHOUT_ESCALATION,EG-02,case:CAS-CSE-BANK-02-0007945,strong
CSE-BANK-02,CRITICAL_WITHOUT_ESCALATION,EG-02,case:CAS-CSE-BANK-02-0007946,strong
CSE-BANK-02,FAST_CRITICAL_CLOSURE,EG-01,alert:ALT-CSE-BANK-02-0007947,strong
CSE-BANK-02,CRITICAL_WITHOUT_ESCALATION,EG-02,case:CAS-CSE-BANK-02-0007947,strong
CSE-BANK-02,FAST_CRITICAL_CLOSURE,EG-01,alert:ALT-CSE-BANK-02-0007951,strong
CSE-BANK-02,CRITICAL_WITHOUT_ESCALATION,EG-02,case:CAS-CSE-BANK-02-0007951,strong
CSE-BANK-02,FAST_CRITICAL_CLOSURE,EG-01,alert:ALT-CSE-BANK-02-0007954,strong
CSE-BANK-02,CRITICAL_WITHOUT_ESCALATION,EG-02,case:CAS-CSE-BANK-02-0007954,strong
CSE-BANK-02,FAST_CRITICAL_CLOSURE,EG-01,alert:ALT-CSE-BANK-02-0007960,strong
CSE-BANK-02,CRITICAL_WITHOUT_ESCALATION,EG-02,case:CAS-CSE-BANK-02-0007960,strong
CSE-BANK-02,FAST_CRITICAL_CLOSURE,EG-01,alert:ALT-CSE-BANK-02-0007969,strong
CSE-BANK-02,CRITICAL_WITHOUT_ESCALATION,EG-02,case:CAS-CSE-BANK-02-0007969,strong
CSE-BANK-02,FAST_CRITICAL_CLOSURE,EG-01,alert:ALT-CSE-BANK-02-0007975,strong
CSE-BANK-02,CRITICAL_WITHOUT_ESCALATION,EG-02,case:CAS-CSE-BANK-02-0007975,strong
CSE-BANK-02,FAST_CRITICAL_CLOSURE,EG-01,alert:ALT-CSE-BANK-02-0007978,strong
CSE-BANK-02,CRITICAL_WITHOUT_ESCALATION,EG-02,case:CAS-CSE-BANK-02-0007978,strong
CSE-BANK-02,CRITICAL_WITHOUT_ESCALATION,EG-02,case:CAS-CSE-BANK-02-0007986,strong
CSE-BANK-02,CRITICAL_WITHOUT_ESCALATION,EG-02,case:CAS-CSE-BANK-02-0007991,strong
CSE-BANK-02,CRITICAL_WITHOUT_ESCALATION,EG-02,case:CAS-CSE-BANK-02-0007994,strong
CSE-BANK-02,FAST_CRITICAL_CLOSURE,EG-01,alert:ALT-CSE-BANK-02-0007995,strong
CSE-BANK-02,CRITICAL_WITHOUT_ESCALATION,EG-02,case:CAS-CSE-BANK-02-0007995,strong
CSE-BANK-02,FAST_CRITICAL_CLOSURE,EG-01,alert:ALT-CSE-BANK-02-0007996,strong
CSE-BANK-02,CRITICAL_WITHOUT_ESCALATION,EG-02,case:CAS-CSE-BANK-02-0007996,strong
CSE-BANK-02,FAST_CRITICAL_CLOSURE,EG-01,alert:ALT-CSE-BANK-02-0007998,strong
CSE-BANK-02,CRITICAL_WITHOUT_ESCALATION,EG-02,case:CAS-CSE-BANK-02-0007998,strong
CSE-BANK-02,FAST_CRITICAL_CLOSURE,EG-01,alert:ALT-CSE-BANK-02-0008015,strong
CSE-BANK-02,CRITICAL_WITHOUT_ESCALATION,EG-02,case:CAS-CSE-BANK-02-0008015,strong
CSE-BANK-02,FAST_CRITICAL_CLOSURE,EG-01,alert:ALT-CSE-BANK-02-0008017,strong
CSE-BANK-02,CRITICAL_WITHOUT_ESCALATION,EG-02,case:CAS-CSE-BANK-02-0008017,strong
CSE-BANK-02,FAST_CRITICAL_CLOSURE,EG-01,alert:ALT-CSE-BANK-02-0008022,strong
CSE-BANK-02,CRITICAL_WITHOUT_ESCALATION,EG-02,case:CAS-CSE-BANK-02-0008022,strong
CSE-BANK-02,FAST_CRITICAL_CLOSURE,EG-01,alert:ALT-CSE-BANK-02-0008027,strong
CSE-BANK-02,CRITICAL_WITHOUT_ESCALATION,EG-02,case:CAS-CSE-BANK-02-0008027,strong
CSE-BANK-02,FAST_CRITICAL_CLOSURE,EG-01,alert:ALT-CSE-BANK-02-0008029,strong
CSE-BANK-02,CRITICAL_WITHOUT_ESCALATION,EG-02,case:CAS-CSE-BANK-02-0008029,strong
CSE-BANK-02,FAST_CRITICAL_CLOSURE,EG-01,alert:ALT-CSE-BANK-02-0008031,strong
CSE-BANK-02,CRITICAL_WITHOUT_ESCALATION,EG-02,case:CAS-CSE-BANK-02-0008031,strong
CSE-BANK-02,FAST_CRITICAL_CLOSURE,EG-01,alert:ALT-CSE-BANK-02-0008035,strong
CSE-BANK-02,CRITICAL_WITHOUT_ESCALATION,EG-02,case:CAS-CSE-BANK-02-0008035,strong
CSE-BANK-02,FAST_CRITICAL_CLOSURE,EG-01,alert:ALT-CSE-BANK-02-0008036,strong
CSE-BANK-02,CRITICAL_WITHOUT_ESCALATION,EG-02,case:CAS-CSE-BANK-02-0008036,strong
CSE-BANK-02,CRITICAL_WITHOUT_ESCALATION,EG-02,case:CAS-CSE-BANK-02-0008045,strong
CSE-BANK-02,FAST_CRITICAL_CLOSURE,EG-01,alert:ALT-CSE-BANK-02-0008052,strong
CSE-BANK-02,CRITICAL_WITHOUT_ESCALATION,EG-02,case:CAS-CSE-BANK-02-0008052,strong
CSE-BANK-02,FAST_CRITICAL_CLOSURE,EG-01,alert:ALT-CSE-BANK-02-0008056,strong
CSE-BANK-02,CRITICAL_WITHOUT_ESCALATION,EG-02,case:CAS-CSE-BANK-02-0008056,strong
CSE-BANK-02,CRITICAL_WITHOUT_ESCALATION,EG-02,case:CAS-CSE-BANK-02-0008059,strong
CSE-BANK-02,FAST_CRITICAL_CLOSURE,EG-01,alert:ALT-CSE-BANK-02-0008060,strong
CSE-BANK-02,CRITICAL_WITHOUT_ESCALATION,EG-02,case:CAS-CSE-BANK-02-0008060,strong
CSE-BANK-02,FAST_CRITICAL_CLOSURE,EG-01,alert:ALT-CSE-BANK-02-0008062,strong
CSE-BANK-02,CRITICAL_WITHOUT_ESCALATION,EG-02,case:CAS-CSE-BANK-02-0008062,strong
CSE-BANK-02,FAST_CRITICAL_CLOSURE,EG-01,alert:ALT-CSE-BANK-02-0008066,strong
CSE-BANK-02,CRITICAL_WITHOUT_ESCALATION,EG-02,case:CAS-CSE-BANK-02-0008066,strong
CSE-BANK-02,FAST_CRITICAL_CLOSURE,EG-01,alert:ALT-CSE-BANK-02-0008071,strong
CSE-BANK-02,CRITICAL_WITHOUT_ESCALATION,EG-02,case:CAS-CSE-BANK-02-0008071,strong
CSE-BANK-02,FAST_CRITICAL_CLOSURE,EG-01,alert:ALT-CSE-BANK-02-0008073,strong
CSE-BANK-02,CRITICAL_WITHOUT_ESCALATION,EG-02,case:CAS-CSE-BANK-02-0008073,strong
CSE-BANK-02,FAST_CRITICAL_CLOSURE,EG-01,alert:ALT-CSE-BANK-02-0008078,strong
CSE-BANK-02,CRITICAL_WITHOUT_ESCALATION,EG-02,case:CAS-CSE-BANK-02-0008078,strong
CSE-BANK-02,FAST_CRITICAL_CLOSURE,EG-01,alert:ALT-CSE-BANK-02-0008084,strong
CSE-BANK-02,CRITICAL_WITHOUT_ESCALATION,EG-02,case:CAS-CSE-BANK-02-0008084,strong
CSE-BANK-02,FAST_CRITICAL_CLOSURE,EG-01,alert:ALT-CSE-BANK-02-0008086,strong
CSE-BANK-02,CRITICAL_WITHOUT_ESCALATION,EG-02,case:CAS-CSE-BANK-02-0008086,strong
CSE-BANK-02,FAST_CRITICAL_CLOSURE,EG-01,alert:ALT-CSE-BANK-02-0008092,strong
CSE-BANK-02,CRITICAL_WITHOUT_ESCALATION,EG-02,case:CAS-CSE-BANK-02-0008092,strong
CSE-BANK-02,FAST_CRITICAL_CLOSURE,EG-01,alert:ALT-CSE-BANK-02-0008093,strong
CSE-BANK-02,CRITICAL_WITHOUT_ESCALATION,EG-02,case:CAS-CSE-BANK-02-0008093,strong
CSE-BANK-02,FAST_CRITICAL_CLOSURE,EG-01,alert:ALT-CSE-BANK-02-0008107,strong
CSE-BANK-02,CRITICAL_WITHOUT_ESCALATION,EG-02,case:CAS-CSE-BANK-02-0008107,strong
CSE-BANK-02,FAST_CRITICAL_CLOSURE,EG-01,alert:ALT-CSE-BANK-02-0008109,strong
CSE-BANK-02,CRITICAL_WITHOUT_ESCALATION,EG-02,case:CAS-CSE-BANK-02-0008109,strong
CSE-BANK-02,FAST_CRITICAL_CLOSURE,EG-01,alert:ALT-CSE-BANK-02-0008121,strong
CSE-BANK-02,CRITICAL_WITHOUT_ESCALATION,EG-02,case:CAS-CSE-BANK-02-0008121,strong
CSE-BANK-02,FAST_CRITICAL_CLOSURE,EG-01,alert:ALT-CSE-BANK-02-0008132,strong
CSE-BANK-02,CRITICAL_WITHOUT_ESCALATION,EG-02,case:CAS-CSE-BANK-02-0008132,strong
CSE-BANK-02,FAST_CRITICAL_CLOSURE,EG-01,alert:ALT-CSE-BANK-02-0008133,strong
CSE-BANK-02,CRITICAL_WITHOUT_ESCALATION,EG-02,case:CAS-CSE-BANK-02-0008133,strong
CSE-BANK-02,FAST_CRITICAL_CLOSURE,EG-01,alert:ALT-CSE-BANK-02-0008135,strong
CSE-BANK-02,CRITICAL_WITHOUT_ESCALATION,EG-02,case:CAS-CSE-BANK-02-0008135,strong
CSE-BANK-02,FAST_CRITICAL_CLOSURE,EG-01,alert:ALT-CSE-BANK-02-0008136,strong
CSE-BANK-02,CRITICAL_WITHOUT_ESCALATION,EG-02,case:CAS-CSE-BANK-02-0008136,strong
CSE-BANK-02,CRITICAL_WITHOUT_ESCALATION,EG-02,case:CAS-CSE-BANK-02-0008137,strong
CSE-BANK-02,CRITICAL_WITHOUT_ESCALATION,EG-02,case:CAS-CSE-BANK-02-0008141,strong
CSE-BANK-02,CRITICAL_WITHOUT_ESCALATION,EG-02,case:CAS-CSE-BANK-02-0008151,strong
CSE-BANK-02,FAST_CRITICAL_CLOSURE,EG-01,alert:ALT-CSE-BANK-02-0008154,strong
CSE-BANK-02,CRITICAL_WITHOUT_ESCALATION,EG-02,case:CAS-CSE-BANK-02-0008154,strong
CSE-BANK-02,FAST_CRITICAL_CLOSURE,EG-01,alert:ALT-CSE-BANK-02-0008158,strong
CSE-BANK-02,CRITICAL_WITHOUT_ESCALATION,EG-02,case:CAS-CSE-BANK-02-0008158,strong
CSE-BANK-02,FAST_CRITICAL_CLOSURE,EG-01,alert:ALT-CSE-BANK-02-0008162,strong
CSE-BANK-02,CRITICAL_WITHOUT_ESCALATION,EG-02,case:CAS-CSE-BANK-02-0008162,strong
CSE-BANK-02,CRITICAL_WITHOUT_ESCALATION,EG-02,case:CAS-CSE-BANK-02-0008164,strong
CSE-BANK-02,FAST_CRITICAL_CLOSURE,EG-01,alert:ALT-CSE-BANK-02-0008165,strong
CSE-BANK-02,CRITICAL_WITHOUT_ESCALATION,EG-02,case:CAS-CSE-BANK-02-0008165,strong
CSE-BANK-02,FAST_CRITICAL_CLOSURE,EG-01,alert:ALT-CSE-BANK-02-0008169,strong
CSE-BANK-02,CRITICAL_WITHOUT_ESCALATION,EG-02,case:CAS-CSE-BANK-02-0008169,strong
CSE-BANK-02,FAST_CRITICAL_CLOSURE,EG-01,alert:ALT-CSE-BANK-02-0008171,strong
CSE-BANK-02,CRITICAL_WITHOUT_ESCALATION,EG-02,case:CAS-CSE-BANK-02-0008171,strong
CSE-BANK-02,FAST_CRITICAL_CLOSURE,EG-01,alert:ALT-CSE-BANK-02-0008172,strong
CSE-BANK-02,CRITICAL_WITHOUT_ESCALATION,EG-02,case:CAS-CSE-BANK-02-0008172,strong
CSE-BANK-02,FAST_CRITICAL_CLOSURE,EG-01,alert:ALT-CSE-BANK-02-0008176,strong
CSE-BANK-02,CRITICAL_WITHOUT_ESCALATION,EG-02,case:CAS-CSE-BANK-02-0008176,strong
CSE-BANK-02,FAST_CRITICAL_CLOSURE,EG-01,alert:ALT-CSE-BANK-02-0008186,strong
CSE-BANK-02,CRITICAL_WITHOUT_ESCALATION,EG-02,case:CAS-CSE-BANK-02-0008186,strong
CSE-BANK-02,FAST_CRITICAL_CLOSURE,EG-01,alert:ALT-CSE-BANK-02-0008187,strong
CSE-BANK-02,CRITICAL_WITHOUT_ESCALATION,EG-02,case:CAS-CSE-BANK-02-0008187,strong
CSE-BANK-02,FAST_CRITICAL_CLOSURE,EG-01,alert:ALT-CSE-BANK-02-0008194,strong
CSE-BANK-02,CRITICAL_WITHOUT_ESCALATION,EG-02,case:CAS-CSE-BANK-02-0008194,strong
CSE-BANK-02,FAST_CRITICAL_CLOSURE,EG-01,alert:ALT-CSE-BANK-02-0008199,strong
CSE-BANK-02,CRITICAL_WITHOUT_ESCALATION,EG-02,case:CAS-CSE-BANK-02-0008199,strong
CSE-BANK-02,FAST_CRITICAL_CLOSURE,EG-01,alert:ALT-CSE-BANK-02-0008201,strong
CSE-BANK-02,CRITICAL_WITHOUT_ESCALATION,EG-02,case:CAS-CSE-BANK-02-0008201,strong
CSE-BANK-02,FAST_CRITICAL_CLOSURE,EG-01,alert:ALT-CSE-BANK-02-0008202,strong
CSE-BANK-02,CRITICAL_WITHOUT_ESCALATION,EG-02,case:CAS-CSE-BANK-02-0008202,strong
CSE-BANK-02,FAST_CRITICAL_CLOSURE,EG-01,alert:ALT-CSE-BANK-02-0008205,strong
CSE-BANK-02,CRITICAL_WITHOUT_ESCALATION,EG-02,case:CAS-CSE-BANK-02-0008205,strong
CSE-BANK-02,FAST_CRITICAL_CLOSURE,EG-01,alert:ALT-CSE-BANK-02-0008210,strong
CSE-BANK-02,CRITICAL_WITHOUT_ESCALATION,EG-02,case:CAS-CSE-BANK-02-0008210,strong
CSE-BANK-02,CRITICAL_WITHOUT_ESCALATION,EG-02,case:CAS-CSE-BANK-02-0008216,strong
CSE-BANK-02,FAST_CRITICAL_CLOSURE,EG-01,alert:ALT-CSE-BANK-02-0008217,strong
CSE-BANK-02,CRITICAL_WITHOUT_ESCALATION,EG-02,case:CAS-CSE-BANK-02-0008217,strong
CSE-BANK-02,FAST_CRITICAL_CLOSURE,EG-01,alert:ALT-CSE-BANK-02-0008221,strong
CSE-BANK-02,CRITICAL_WITHOUT_ESCALATION,EG-02,case:CAS-CSE-BANK-02-0008221,strong
CSE-BANK-02,FAST_CRITICAL_CLOSURE,EG-01,alert:ALT-CSE-BANK-02-0008223,strong
CSE-BANK-02,CRITICAL_WITHOUT_ESCALATION,EG-02,case:CAS-CSE-BANK-02-0008223,strong
CSE-BANK-02,FAST_CRITICAL_CLOSURE,EG-01,alert:ALT-CSE-BANK-02-0008226,strong
CSE-BANK-02,CRITICAL_WITHOUT_ESCALATION,EG-02,case:CAS-CSE-BANK-02-0008226,strong
CSE-BANK-02,FAST_CRITICAL_CLOSURE,EG-01,alert:ALT-CSE-BANK-02-0008228,strong
CSE-BANK-02,CRITICAL_WITHOUT_ESCALATION,EG-02,case:CAS-CSE-BANK-02-0008228,strong
CSE-BANK-02,FAST_CRITICAL_CLOSURE,EG-01,alert:ALT-CSE-BANK-02-0008232,strong
CSE-BANK-02,CRITICAL_WITHOUT_ESCALATION,EG-02,case:CAS-CSE-BANK-02-0008232,strong
CSE-BANK-02,FAST_CRITICAL_CLOSURE,EG-01,alert:ALT-CSE-BANK-02-0008238,strong
CSE-BANK-02,CRITICAL_WITHOUT_ESCALATION,EG-02,case:CAS-CSE-BANK-02-0008238,strong
CSE-BANK-02,FAST_CRITICAL_CLOSURE,EG-01,alert:ALT-CSE-BANK-02-0008247,strong
CSE-BANK-02,CRITICAL_WITHOUT_ESCALATION,EG-02,case:CAS-CSE-BANK-02-0008247,strong
CSE-BANK-02,FAST_CRITICAL_CLOSURE,EG-01,alert:ALT-CSE-BANK-02-0008248,strong
CSE-BANK-02,CRITICAL_WITHOUT_ESCALATION,EG-02,case:CAS-CSE-BANK-02-0008248,strong
CSE-BANK-02,FAST_CRITICAL_CLOSURE,EG-01,alert:ALT-CSE-BANK-02-0008254,strong
CSE-BANK-02,CRITICAL_WITHOUT_ESCALATION,EG-02,case:CAS-CSE-BANK-02-0008254,strong
CSE-BANK-02,CRITICAL_WITHOUT_ESCALATION,EG-02,case:CAS-CSE-BANK-02-0008259,strong
CSE-BANK-02,FAST_CRITICAL_CLOSURE,EG-01,alert:ALT-CSE-BANK-02-0008260,strong
CSE-BANK-02,CRITICAL_WITHOUT_ESCALATION,EG-02,case:CAS-CSE-BANK-02-0008260,strong
CSE-BANK-02,FAST_CRITICAL_CLOSURE,EG-01,alert:ALT-CSE-BANK-02-0008263,strong
CSE-BANK-02,CRITICAL_WITHOUT_ESCALATION,EG-02,case:CAS-CSE-BANK-02-0008263,strong
CSE-BANK-02,FAST_CRITICAL_CLOSURE,EG-01,alert:ALT-CSE-BANK-02-0008272,strong
CSE-BANK-02,CRITICAL_WITHOUT_ESCALATION,EG-02,case:CAS-CSE-BANK-02-0008272,strong
CSE-BANK-02,FAST_CRITICAL_CLOSURE,EG-01,alert:ALT-CSE-BANK-02-0008276,strong
CSE-BANK-02,CRITICAL_WITHOUT_ESCALATION,EG-02,case:CAS-CSE-BANK-02-0008276,strong
CSE-BANK-02,FAST_CRITICAL_CLOSURE,EG-01,alert:ALT-CSE-BANK-02-0008277,strong
CSE-BANK-02,CRITICAL_WITHOUT_ESCALATION,EG-02,case:CAS-CSE-BANK-02-0008277,strong
CSE-BANK-02,CRITICAL_WITHOUT_ESCALATION,EG-02,case:CAS-CSE-BANK-02-0008279,strong
CSE-BANK-02,FAST_CRITICAL_CLOSURE,EG-01,alert:ALT-CSE-BANK-02-0008281,strong
CSE-BANK-02,CRITICAL_WITHOUT_ESCALATION,EG-02,case:CAS-CSE-BANK-02-0008281,strong
CSE-BANK-02,FAST_CRITICAL_CLOSURE,EG-01,alert:ALT-CSE-BANK-02-0008288,strong
CSE-BANK-02,CRITICAL_WITHOUT_ESCALATION,EG-02,case:CAS-CSE-BANK-02-0008288,strong
CSE-BANK-02,CRITICAL_WITHOUT_ESCALATION,EG-02,case:CAS-CSE-BANK-02-0008291,strong
CSE-BANK-02,FAST_CRITICAL_CLOSURE,EG-01,alert:ALT-CSE-BANK-02-0008293,strong
CSE-BANK-02,CRITICAL_WITHOUT_ESCALATION,EG-02,case:CAS-CSE-BANK-02-0008293,strong
CSE-BANK-02,CRITICAL_WITHOUT_ESCALATION,EG-02,case:CAS-CSE-BANK-02-0008294,strong
CSE-BANK-02,FAST_CRITICAL_CLOSURE,EG-01,alert:ALT-CSE-BANK-02-0008295,strong
CSE-BANK-02,CRITICAL_WITHOUT_ESCALATION,EG-02,case:CAS-CSE-BANK-02-0008295,strong
CSE-BANK-02,FAST_CRITICAL_CLOSURE,EG-01,alert:ALT-CSE-BANK-02-0008296,strong
CSE-BANK-02,CRITICAL_WITHOUT_ESCALATION,EG-02,case:CAS-CSE-BANK-02-0008296,strong
CSE-BANK-02,CRITICAL_WITHOUT_ESCALATION,EG-02,case:CAS-CSE-BANK-02-0008297,strong
CSE-BANK-02,FAST_CRITICAL_CLOSURE,EG-01,alert:ALT-CSE-BANK-02-0008298,strong
CSE-BANK-02,CRITICAL_WITHOUT_ESCALATION,EG-02,case:CAS-CSE-BANK-02-0008298,strong
CSE-BANK-02,FAST_CRITICAL_CLOSURE,EG-01,alert:ALT-CSE-BANK-02-0008304,strong
CSE-BANK-02,CRITICAL_WITHOUT_ESCALATION,EG-02,case:CAS-CSE-BANK-02-0008304,strong
CSE-BANK-02,FAST_CRITICAL_CLOSURE,EG-01,alert:ALT-CSE-BANK-02-0008306,strong
CSE-BANK-02,CRITICAL_WITHOUT_ESCALATION,EG-02,case:CAS-CSE-BANK-02-0008306,strong
CSE-BANK-02,FAST_CRITICAL_CLOSURE,EG-01,alert:ALT-CSE-BANK-02-0008308,strong
CSE-BANK-02,CRITICAL_WITHOUT_ESCALATION,EG-02,case:CAS-CSE-BANK-02-0008308,strong
CSE-BANK-02,FAST_CRITICAL_CLOSURE,EG-01,alert:ALT-CSE-BANK-02-0008309,strong
CSE-BANK-02,CRITICAL_WITHOUT_ESCALATION,EG-02,case:CAS-CSE-BANK-02-0008309,strong
CSE-BANK-02,FAST_CRITICAL_CLOSURE,EG-01,alert:ALT-CSE-BANK-02-0008313,strong
CSE-BANK-02,CRITICAL_WITHOUT_ESCALATION,EG-02,case:CAS-CSE-BANK-02-0008313,strong
CSE-BANK-02,CRITICAL_WITHOUT_ESCALATION,EG-02,case:CAS-CSE-BANK-02-0008320,strong
CSE-BANK-02,FAST_CRITICAL_CLOSURE,EG-01,alert:ALT-CSE-BANK-02-0008323,strong
CSE-BANK-02,CRITICAL_WITHOUT_ESCALATION,EG-02,case:CAS-CSE-BANK-02-0008323,strong
CSE-BANK-02,FAST_CRITICAL_CLOSURE,EG-01,alert:ALT-CSE-BANK-02-0008325,strong
CSE-BANK-02,CRITICAL_WITHOUT_ESCALATION,EG-02,case:CAS-CSE-BANK-02-0008325,strong
CSE-BANK-03,ANALYST_CONCENTRATION,EG-07,case:CAS-CSE-BANK-03-0008341,subtle
CSE-BANK-03,TEMPLATE_INVESTIGATION,EG-04,case:CAS-CSE-BANK-03-0008346,subtle
CSE-BANK-03,TEMPLATE_INVESTIGATION,EG-04,case:CAS-CSE-BANK-03-0008356,subtle
CSE-BANK-03,TEMPLATE_INVESTIGATION,EG-04,case:CAS-CSE-BANK-03-0008366,subtle
CSE-BANK-03,TEMPLATE_INVESTIGATION,EG-04,case:CAS-CSE-BANK-03-0008376,subtle
CSE-BANK-03,TEMPLATE_INVESTIGATION,EG-04,case:CAS-CSE-BANK-03-0008386,subtle
CSE-BANK-03,ANALYST_CONCENTRATION,EG-07,case:CAS-CSE-BANK-03-0008401,subtle
CSE-BANK-03,TEMPLATE_INVESTIGATION,EG-04,case:CAS-CSE-BANK-03-0008406,subtle
CSE-BANK-03,TEMPLATE_INVESTIGATION,EG-04,case:CAS-CSE-BANK-03-0008426,subtle
CSE-BANK-03,ANALYST_CONCENTRATION,EG-07,case:CAS-CSE-BANK-03-0008431,subtle
CSE-BANK-03,TEMPLATE_INVESTIGATION,EG-04,case:CAS-CSE-BANK-03-0008436,subtle
CSE-BANK-03,TEMPLATE_INVESTIGATION,EG-04,case:CAS-CSE-BANK-03-0008446,subtle
CSE-BANK-03,TEMPLATE_INVESTIGATION,EG-04,case:CAS-CSE-BANK-03-0008456,subtle
CSE-BANK-03,ANALYST_CONCENTRATION,EG-07,case:CAS-CSE-BANK-03-0008461,subtle
CSE-BANK-03,TEMPLATE_INVESTIGATION,EG-04,case:CAS-CSE-BANK-03-0008466,subtle
CSE-BANK-03,TEMPLATE_INVESTIGATION,EG-04,case:CAS-CSE-BANK-03-0008476,subtle
CSE-BANK-03,TEMPLATE_INVESTIGATION,EG-04,case:CAS-CSE-BANK-03-0008486,subtle
CSE-BANK-03,TEMPLATE_INVESTIGATION,EG-04,case:CAS-CSE-BANK-03-0008496,subtle
CSE-BANK-03,ANALYST_CONCENTRATION,EG-07,case:CAS-CSE-BANK-03-0008506,subtle
CSE-BANK-03,TEMPLATE_INVESTIGATION,EG-04,case:CAS-CSE-BANK-03-0008506,subtle
CSE-BANK-03,TEMPLATE_INVESTIGATION,EG-04,case:CAS-CSE-BANK-03-0008526,subtle
CSE-BANK-03,TEMPLATE_INVESTIGATION,EG-04,case:CAS-CSE-BANK-03-0008536,subtle
CSE-BANK-03,TEMPLATE_INVESTIGATION,EG-04,case:CAS-CSE-BANK-03-0008556,subtle
CSE-BANK-03,TEMPLATE_INVESTIGATION,EG-04,case:CAS-CSE-BANK-03-0008566,subtle
CSE-BANK-03,TEMPLATE_INVESTIGATION,EG-04,case:CAS-CSE-BANK-03-0008576,subtle
CSE-BANK-03,ANALYST_CONCENTRATION,EG-07,case:CAS-CSE-BANK-03-0008581,subtle
CSE-BANK-03,TEMPLATE_INVESTIGATION,EG-04,case:CAS-CSE-BANK-03-0008586,subtle
CSE-BANK-03,TEMPLATE_INVESTIGATION,EG-04,case:CAS-CSE-BANK-03-0008596,subtle
CSE-BANK-03,ANALYST_CONCENTRATION,EG-07,case:CAS-CSE-BANK-03-0008611,subtle
CSE-BANK-03,TEMPLATE_INVESTIGATION,EG-04,case:CAS-CSE-BANK-03-0008616,subtle
CSE-BANK-03,ANALYST_CONCENTRATION,EG-07,case:CAS-CSE-BANK-03-0008626,subtle
CSE-BANK-03,TEMPLATE_INVESTIGATION,EG-04,case:CAS-CSE-BANK-03-0008626,subtle
CSE-BANK-03,TEMPLATE_INVESTIGATION,EG-04,case:CAS-CSE-BANK-03-0008646,subtle
CSE-BANK-03,TEMPLATE_INVESTIGATION,EG-04,case:CAS-CSE-BANK-03-0008656,subtle
CSE-BANK-03,TEMPLATE_INVESTIGATION,EG-04,case:CAS-CSE-BANK-03-0008666,subtle
CSE-BANK-03,ANALYST_CONCENTRATION,EG-07,case:CAS-CSE-BANK-03-0008671,subtle
CSE-BANK-03,TEMPLATE_INVESTIGATION,EG-04,case:CAS-CSE-BANK-03-0008676,subtle
CSE-BANK-03,TEMPLATE_INVESTIGATION,EG-04,case:CAS-CSE-BANK-03-0008686,subtle
CSE-BANK-03,TEMPLATE_INVESTIGATION,EG-04,case:CAS-CSE-BANK-03-0008716,subtle
CSE-BANK-03,TEMPLATE_INVESTIGATION,EG-04,case:CAS-CSE-BANK-03-0008736,subtle
CSE-BANK-03,TEMPLATE_INVESTIGATION,EG-04,case:CAS-CSE-BANK-03-0008746,subtle
CSE-BANK-03,TEMPLATE_INVESTIGATION,EG-04,case:CAS-CSE-BANK-03-0008756,subtle
CSE-BANK-03,TEMPLATE_INVESTIGATION,EG-04,case:CAS-CSE-BANK-03-0008766,subtle
CSE-BANK-03,TEMPLATE_INVESTIGATION,EG-04,case:CAS-CSE-BANK-03-0008786,subtle
CSE-BANK-03,TEMPLATE_INVESTIGATION,EG-04,case:CAS-CSE-BANK-03-0008796,subtle
CSE-BANK-03,TEMPLATE_INVESTIGATION,EG-04,case:CAS-CSE-BANK-03-0008806,subtle
CSE-BANK-03,TEMPLATE_INVESTIGATION,EG-04,case:CAS-CSE-BANK-03-0008816,subtle
CSE-BANK-03,TEMPLATE_INVESTIGATION,EG-04,case:CAS-CSE-BANK-03-0008826,subtle
CSE-BANK-03,TEMPLATE_INVESTIGATION,EG-04,case:CAS-CSE-BANK-03-0008836,subtle
CSE-BANK-03,TEMPLATE_INVESTIGATION,EG-04,case:CAS-CSE-BANK-03-0008846,subtle
CSE-BANK-03,TEMPLATE_INVESTIGATION,EG-04,case:CAS-CSE-BANK-03-0008856,subtle
CSE-BANK-03,TEMPLATE_INVESTIGATION,EG-04,case:CAS-CSE-BANK-03-0008866,subtle
CSE-BANK-03,TEMPLATE_INVESTIGATION,EG-04,case:CAS-CSE-BANK-03-0008876,subtle
CSE-BANK-03,ANALYST_CONCENTRATION,EG-07,case:CAS-CSE-BANK-03-0008881,subtle
CSE-BANK-03,ANALYST_CONCENTRATION,EG-07,case:CAS-CSE-BANK-03-0008896,subtle
CSE-BANK-03,TEMPLATE_INVESTIGATION,EG-04,case:CAS-CSE-BANK-03-0008896,subtle
CSE-BANK-03,TEMPLATE_INVESTIGATION,EG-04,case:CAS-CSE-BANK-03-0008906,subtle
CSE-BANK-03,TEMPLATE_INVESTIGATION,EG-04,case:CAS-CSE-BANK-03-0008916,subtle
CSE-BANK-03,TEMPLATE_INVESTIGATION,EG-04,case:CAS-CSE-BANK-03-0008926,subtle
CSE-BANK-03,TEMPLATE_INVESTIGATION,EG-04,case:CAS-CSE-BANK-03-0008936,subtle
CSE-BANK-03,TEMPLATE_INVESTIGATION,EG-04,case:CAS-CSE-BANK-03-0008946,subtle
CSE-BANK-03,TEMPLATE_INVESTIGATION,EG-04,case:CAS-CSE-BANK-03-0008956,subtle
CSE-BANK-03,TEMPLATE_INVESTIGATION,EG-04,case:CAS-CSE-BANK-03-0008966,subtle
CSE-BANK-03,TEMPLATE_INVESTIGATION,EG-04,case:CAS-CSE-BANK-03-0008976,subtle
CSE-BANK-03,TEMPLATE_INVESTIGATION,EG-04,case:CAS-CSE-BANK-03-0008986,subtle
CSE-BANK-03,TEMPLATE_INVESTIGATION,EG-04,case:CAS-CSE-BANK-03-0008996,subtle
CSE-BANK-03,TEMPLATE_INVESTIGATION,EG-04,case:CAS-CSE-BANK-03-0009006,subtle
CSE-BANK-03,TEMPLATE_INVESTIGATION,EG-04,case:CAS-CSE-BANK-03-0009016,subtle
CSE-BANK-03,TEMPLATE_INVESTIGATION,EG-04,case:CAS-CSE-BANK-03-0009026,subtle
CSE-BANK-03,TEMPLATE_INVESTIGATION,EG-04,case:CAS-CSE-BANK-03-0009036,subtle
CSE-BANK-03,TEMPLATE_INVESTIGATION,EG-04,case:CAS-CSE-BANK-03-0009046,subtle
CSE-BANK-03,TEMPLATE_INVESTIGATION,EG-04,case:CAS-CSE-BANK-03-0009056,subtle
CSE-BANK-03,TEMPLATE_INVESTIGATION,EG-04,case:CAS-CSE-BANK-03-0009066,subtle
CSE-BANK-03,TEMPLATE_INVESTIGATION,EG-04,case:CAS-CSE-BANK-03-0009076,subtle
CSE-BANK-03,TEMPLATE_INVESTIGATION,EG-04,case:CAS-CSE-BANK-03-0009086,subtle
CSE-BANK-03,TEMPLATE_INVESTIGATION,EG-04,case:CAS-CSE-BANK-03-0009096,subtle
CSE-BANK-03,TEMPLATE_INVESTIGATION,EG-04,case:CAS-CSE-BANK-03-0009106,subtle
CSE-BANK-03,TEMPLATE_INVESTIGATION,EG-04,case:CAS-CSE-BANK-03-0009116,subtle
CSE-BANK-03,TEMPLATE_INVESTIGATION,EG-04,case:CAS-CSE-BANK-03-0009126,subtle
CSE-BANK-03,ANALYST_CONCENTRATION,EG-07,case:CAS-CSE-BANK-03-0009136,subtle
CSE-BANK-03,TEMPLATE_INVESTIGATION,EG-04,case:CAS-CSE-BANK-03-0009136,subtle
CSE-BANK-03,TEMPLATE_INVESTIGATION,EG-04,case:CAS-CSE-BANK-03-0009146,subtle
CSE-BANK-03,TEMPLATE_INVESTIGATION,EG-04,case:CAS-CSE-BANK-03-0009176,subtle
CSE-BANK-03,TEMPLATE_INVESTIGATION,EG-04,case:CAS-CSE-BANK-03-0009186,subtle
CSE-BANK-03,TEMPLATE_INVESTIGATION,EG-04,case:CAS-CSE-BANK-03-0009196,subtle
CSE-BANK-03,TEMPLATE_INVESTIGATION,EG-04,case:CAS-CSE-BANK-03-0009206,subtle
CSE-BANK-03,TEMPLATE_INVESTIGATION,EG-04,case:CAS-CSE-BANK-03-0009226,subtle
CSE-BANK-03,ANALYST_CONCENTRATION,EG-07,case:CAS-CSE-BANK-03-0009241,subtle
CSE-BANK-03,TEMPLATE_INVESTIGATION,EG-04,case:CAS-CSE-BANK-03-0009246,subtle
CSE-BANK-03,TEMPLATE_INVESTIGATION,EG-04,case:CAS-CSE-BANK-03-0009256,subtle
CSE-BANK-03,TEMPLATE_INVESTIGATION,EG-04,case:CAS-CSE-BANK-03-0009266,subtle
CSE-BANK-03,TEMPLATE_INVESTIGATION,EG-04,case:CAS-CSE-BANK-03-0009286,subtle
CSE-BANK-03,TEMPLATE_INVESTIGATION,EG-04,case:CAS-CSE-BANK-03-0009296,subtle
CSE-BANK-03,ANALYST_CONCENTRATION,EG-07,case:CAS-CSE-BANK-03-0009316,subtle
CSE-BANK-03,TEMPLATE_INVESTIGATION,EG-04,case:CAS-CSE-BANK-03-0009326,subtle
CSE-BANK-03,ANALYST_CONCENTRATION,EG-07,case:CAS-CSE-BANK-03-0009331,subtle
CSE-BANK-03,TEMPLATE_INVESTIGATION,EG-04,case:CAS-CSE-BANK-03-0009336,subtle
CSE-BANK-03,ANALYST_CONCENTRATION,EG-07,case:CAS-CSE-BANK-03-0009346,subtle
CSE-BANK-03,TEMPLATE_INVESTIGATION,EG-04,case:CAS-CSE-BANK-03-0009346,subtle
CSE-BANK-03,TEMPLATE_INVESTIGATION,EG-04,case:CAS-CSE-BANK-03-0009356,subtle
CSE-BANK-03,TEMPLATE_INVESTIGATION,EG-04,case:CAS-CSE-BANK-03-0009366,subtle
CSE-BANK-03,TEMPLATE_INVESTIGATION,EG-04,case:CAS-CSE-BANK-03-0009376,subtle
CSE-BANK-03,TEMPLATE_INVESTIGATION,EG-04,case:CAS-CSE-BANK-03-0009386,subtle
CSE-BANK-03,TEMPLATE_INVESTIGATION,EG-04,case:CAS-CSE-BANK-03-0009396,subtle
CSE-BANK-03,TEMPLATE_INVESTIGATION,EG-04,case:CAS-CSE-BANK-03-0009406,subtle
CSE-BANK-03,TEMPLATE_INVESTIGATION,EG-04,case:CAS-CSE-BANK-03-0009426,subtle
CSE-BANK-03,TEMPLATE_INVESTIGATION,EG-04,case:CAS-CSE-BANK-03-0009436,subtle
CSE-BANK-03,ANALYST_CONCENTRATION,EG-07,case:CAS-CSE-BANK-03-0009466,subtle
CSE-BANK-03,TEMPLATE_INVESTIGATION,EG-04,case:CAS-CSE-BANK-03-0009476,subtle
CSE-BANK-03,ANALYST_CONCENTRATION,EG-07,case:CAS-CSE-BANK-03-0009481,subtle
CSE-BANK-03,TEMPLATE_INVESTIGATION,EG-04,case:CAS-CSE-BANK-03-0009486,subtle
CSE-BANK-03,TEMPLATE_INVESTIGATION,EG-04,case:CAS-CSE-BANK-03-0009506,subtle
CSE-BANK-03,TEMPLATE_INVESTIGATION,EG-04,case:CAS-CSE-BANK-03-0009516,subtle
CSE-BANK-03,TEMPLATE_INVESTIGATION,EG-04,case:CAS-CSE-BANK-03-0009536,subtle
CSE-BANK-03,ANALYST_CONCENTRATION,EG-07,case:CAS-CSE-BANK-03-0009541,subtle
CSE-BANK-03,TEMPLATE_INVESTIGATION,EG-04,case:CAS-CSE-BANK-03-0009546,subtle
CSE-BANK-03,ANALYST_CONCENTRATION,EG-07,case:CAS-CSE-BANK-03-0009556,subtle
CSE-BANK-03,TEMPLATE_INVESTIGATION,EG-04,case:CAS-CSE-BANK-03-0009556,subtle
CSE-BANK-03,TEMPLATE_INVESTIGATION,EG-04,case:CAS-CSE-BANK-03-0009566,subtle
CSE-BANK-03,TEMPLATE_INVESTIGATION,EG-04,case:CAS-CSE-BANK-03-0009576,subtle
CSE-BANK-03,TEMPLATE_INVESTIGATION,EG-04,case:CAS-CSE-BANK-03-0009586,subtle
CSE-BANK-03,TEMPLATE_INVESTIGATION,EG-04,case:CAS-CSE-BANK-03-0009596,subtle
CSE-BANK-03,TEMPLATE_INVESTIGATION,EG-04,case:CAS-CSE-BANK-03-0009606,subtle
CSE-BANK-03,TEMPLATE_INVESTIGATION,EG-04,case:CAS-CSE-BANK-03-0009616,subtle
CSE-BANK-03,TEMPLATE_INVESTIGATION,EG-04,case:CAS-CSE-BANK-03-0009636,subtle
CSE-BANK-03,TEMPLATE_INVESTIGATION,EG-04,case:CAS-CSE-BANK-03-0009646,subtle
CSE-BANK-03,TEMPLATE_INVESTIGATION,EG-04,case:CAS-CSE-BANK-03-0009656,subtle
CSE-BANK-03,TEMPLATE_INVESTIGATION,EG-04,case:CAS-CSE-BANK-03-0009676,subtle
CSE-BANK-03,TEMPLATE_INVESTIGATION,EG-04,case:CAS-CSE-BANK-03-0009686,subtle
CSE-BANK-03,TEMPLATE_INVESTIGATION,EG-04,case:CAS-CSE-BANK-03-0009696,subtle
CSE-BANK-03,TEMPLATE_INVESTIGATION,EG-04,case:CAS-CSE-BANK-03-0009716,subtle
CSE-BANK-03,TEMPLATE_INVESTIGATION,EG-04,case:CAS-CSE-BANK-03-0009726,subtle
CSE-BANK-03,TEMPLATE_INVESTIGATION,EG-04,case:CAS-CSE-BANK-03-0009736,subtle
CSE-BANK-03,TEMPLATE_INVESTIGATION,EG-04,case:CAS-CSE-BANK-03-0009746,subtle
CSE-BANK-03,TEMPLATE_INVESTIGATION,EG-04,case:CAS-CSE-BANK-03-0009766,subtle
CSE-BANK-03,TEMPLATE_INVESTIGATION,EG-04,case:CAS-CSE-BANK-03-0009776,subtle
CSE-BANK-03,ANALYST_CONCENTRATION,EG-07,case:CAS-CSE-BANK-03-0009781,subtle
CSE-BANK-03,TEMPLATE_INVESTIGATION,EG-04,case:CAS-CSE-BANK-03-0009786,subtle
CSE-BANK-03,TEMPLATE_INVESTIGATION,EG-04,case:CAS-CSE-BANK-03-0009796,subtle
CSE-BANK-03,TEMPLATE_INVESTIGATION,EG-04,case:CAS-CSE-BANK-03-0009806,subtle
CSE-BANK-03,TEMPLATE_INVESTIGATION,EG-04,case:CAS-CSE-BANK-03-0009816,subtle
CSE-BANK-03,TEMPLATE_INVESTIGATION,EG-04,case:CAS-CSE-BANK-03-0009836,subtle
CSE-BANK-03,ANALYST_CONCENTRATION,EG-07,case:CAS-CSE-BANK-03-0009841,subtle
CSE-BANK-03,TEMPLATE_INVESTIGATION,EG-04,case:CAS-CSE-BANK-03-0009846,subtle
CSE-BANK-03,TEMPLATE_INVESTIGATION,EG-04,case:CAS-CSE-BANK-03-0009856,subtle
CSE-BANK-03,TEMPLATE_INVESTIGATION,EG-04,case:CAS-CSE-BANK-03-0009866,subtle
CSE-BANK-03,TEMPLATE_INVESTIGATION,EG-04,case:CAS-CSE-BANK-03-0009876,subtle
CSE-BANK-03,TEMPLATE_INVESTIGATION,EG-04,case:CAS-CSE-BANK-03-0009886,subtle
CSE-BANK-03,TEMPLATE_INVESTIGATION,EG-04,case:CAS-CSE-BANK-03-0009896,subtle
CSE-BANK-03,TEMPLATE_INVESTIGATION,EG-04,case:CAS-CSE-BANK-03-0009906,subtle
CSE-BANK-03,TEMPLATE_INVESTIGATION,EG-04,case:CAS-CSE-BANK-03-0009916,subtle
CSE-BANK-03,TEMPLATE_INVESTIGATION,EG-04,case:CAS-CSE-BANK-03-0009926,subtle
CSE-BANK-03,TEMPLATE_INVESTIGATION,EG-04,case:CAS-CSE-BANK-03-0009936,subtle
CSE-BANK-03,ANALYST_CONCENTRATION,EG-07,case:CAS-CSE-BANK-03-0009946,subtle
CSE-BANK-03,TEMPLATE_INVESTIGATION,EG-04,case:CAS-CSE-BANK-03-0009946,subtle
CSE-BANK-03,TEMPLATE_INVESTIGATION,EG-04,case:CAS-CSE-BANK-03-0009956,subtle
CSE-BANK-03,TEMPLATE_INVESTIGATION,EG-04,case:CAS-CSE-BANK-03-0009966,subtle
CSE-BANK-03,TEMPLATE_INVESTIGATION,EG-04,case:CAS-CSE-BANK-03-0009976,subtle
CSE-BANK-03,TEMPLATE_INVESTIGATION,EG-04,case:CAS-CSE-BANK-03-0009996,subtle
CSE-BANK-03,TEMPLATE_INVESTIGATION,EG-04,case:CAS-CSE-BANK-03-0010006,subtle
CSE-BANK-03,TEMPLATE_INVESTIGATION,EG-04,case:CAS-CSE-BANK-03-0010016,subtle
CSE-BANK-03,TEMPLATE_INVESTIGATION,EG-04,case:CAS-CSE-BANK-03-0010026,subtle
CSE-BANK-03,ANALYST_CONCENTRATION,EG-07,case:CAS-CSE-BANK-03-0010036,subtle
CSE-BANK-03,TEMPLATE_INVESTIGATION,EG-04,case:CAS-CSE-BANK-03-0010036,subtle
CSE-BANK-03,TEMPLATE_INVESTIGATION,EG-04,case:CAS-CSE-BANK-03-0010046,subtle
CSE-BANK-03,TEMPLATE_INVESTIGATION,EG-04,case:CAS-CSE-BANK-03-0010056,subtle
CSE-BANK-03,TEMPLATE_INVESTIGATION,EG-04,case:CAS-CSE-BANK-03-0010076,subtle
CSE-BANK-03,TEMPLATE_INVESTIGATION,EG-04,case:CAS-CSE-BANK-03-0010086,subtle
CSE-BANK-03,TEMPLATE_INVESTIGATION,EG-04,case:CAS-CSE-BANK-03-0010096,subtle
CSE-BANK-03,TEMPLATE_INVESTIGATION,EG-04,case:CAS-CSE-BANK-03-0010106,subtle
CSE-BANK-03,TEMPLATE_INVESTIGATION,EG-04,case:CAS-CSE-BANK-03-0010116,subtle
CSE-BANK-03,TEMPLATE_INVESTIGATION,EG-04,case:CAS-CSE-BANK-03-0010126,subtle
CSE-BANK-03,ANALYST_CONCENTRATION,EG-07,case:CAS-CSE-BANK-03-0010141,subtle
CSE-BANK-03,TEMPLATE_INVESTIGATION,EG-04,case:CAS-CSE-BANK-03-0010146,subtle
CSE-BANK-03,ANALYST_CONCENTRATION,EG-07,case:CAS-CSE-BANK-03-0010156,subtle
CSE-BANK-03,TEMPLATE_INVESTIGATION,EG-04,case:CAS-CSE-BANK-03-0010156,subtle
CSE-BANK-03,TEMPLATE_INVESTIGATION,EG-04,case:CAS-CSE-BANK-03-0010166,subtle
CSE-BANK-03,TEMPLATE_INVESTIGATION,EG-04,case:CAS-CSE-BANK-03-0010176,subtle
CSE-BANK-03,ANALYST_CONCENTRATION,EG-07,case:CAS-CSE-BANK-03-0010186,subtle
CSE-BANK-03,TEMPLATE_INVESTIGATION,EG-04,case:CAS-CSE-BANK-03-0010186,subtle
CSE-BANK-03,TEMPLATE_INVESTIGATION,EG-04,case:CAS-CSE-BANK-03-0010196,subtle
CSE-BANK-03,TEMPLATE_INVESTIGATION,EG-04,case:CAS-CSE-BANK-03-0010206,subtle
CSE-BANK-03,TEMPLATE_INVESTIGATION,EG-04,case:CAS-CSE-BANK-03-0010216,subtle
CSE-BANK-03,TEMPLATE_INVESTIGATION,EG-04,case:CAS-CSE-BANK-03-0010226,subtle
CSE-BANK-03,TEMPLATE_INVESTIGATION,EG-04,case:CAS-CSE-BANK-03-0010236,subtle
CSE-BANK-03,TEMPLATE_INVESTIGATION,EG-04,case:CAS-CSE-BANK-03-0010246,subtle
CSE-BANK-03,TEMPLATE_INVESTIGATION,EG-04,case:CAS-CSE-BANK-03-0010266,subtle
CSE-BANK-03,TEMPLATE_INVESTIGATION,EG-04,case:CAS-CSE-BANK-03-0010276,subtle
CSE-BANK-03,TEMPLATE_INVESTIGATION,EG-04,case:CAS-CSE-BANK-03-0010286,subtle
CSE-BANK-03,TEMPLATE_INVESTIGATION,EG-04,case:CAS-CSE-BANK-03-0010296,subtle
CSE-BANK-03,TEMPLATE_INVESTIGATION,EG-04,case:CAS-CSE-BANK-03-0010306,subtle
CSE-BANK-03,TEMPLATE_INVESTIGATION,EG-04,case:CAS-CSE-BANK-03-0010316,subtle
CSE-BANK-03,TEMPLATE_INVESTIGATION,EG-04,case:CAS-CSE-BANK-03-0010326,subtle
CSE-BANK-03,ANALYST_CONCENTRATION,EG-07,case:CAS-CSE-BANK-03-0010336,subtle
CSE-BANK-03,TEMPLATE_INVESTIGATION,EG-04,case:CAS-CSE-BANK-03-0010336,subtle
CSE-BANK-03,TEMPLATE_INVESTIGATION,EG-04,case:CAS-CSE-BANK-03-0010346,subtle
CSE-BANK-03,TEMPLATE_INVESTIGATION,EG-04,case:CAS-CSE-BANK-03-0010356,subtle
CSE-BANK-03,ANALYST_CONCENTRATION,EG-07,case:CAS-CSE-BANK-03-0010366,subtle
CSE-BANK-03,TEMPLATE_INVESTIGATION,EG-04,case:CAS-CSE-BANK-03-0010366,subtle
CSE-BANK-03,TEMPLATE_INVESTIGATION,EG-04,case:CAS-CSE-BANK-03-0010376,subtle
CSE-BANK-03,ANALYST_CONCENTRATION,EG-07,case:CAS-CSE-BANK-03-0010381,subtle
CSE-BANK-03,TEMPLATE_INVESTIGATION,EG-04,case:CAS-CSE-BANK-03-0010386,subtle
CSE-BANK-03,TEMPLATE_INVESTIGATION,EG-04,case:CAS-CSE-BANK-03-0010396,subtle
CSE-BANK-03,TEMPLATE_INVESTIGATION,EG-04,case:CAS-CSE-BANK-03-0010406,subtle
CSE-BANK-03,TEMPLATE_INVESTIGATION,EG-04,case:CAS-CSE-BANK-03-0010436,subtle
CSE-BANK-03,TEMPLATE_INVESTIGATION,EG-04,case:CAS-CSE-BANK-03-0010446,subtle
CSE-BANK-03,TEMPLATE_INVESTIGATION,EG-04,case:CAS-CSE-BANK-03-0010456,subtle
CSE-BANK-03,TEMPLATE_INVESTIGATION,EG-04,case:CAS-CSE-BANK-03-0010466,subtle
CSE-BANK-03,ANALYST_CONCENTRATION,EG-07,case:CAS-CSE-BANK-03-0010471,subtle
CSE-BANK-03,TEMPLATE_INVESTIGATION,EG-04,case:CAS-CSE-BANK-03-0010486,subtle
CSE-BANK-03,ANALYST_CONCENTRATION,EG-07,case:CAS-CSE-BANK-03-0010501,subtle
CSE-BANK-03,TEMPLATE_INVESTIGATION,EG-04,case:CAS-CSE-BANK-03-0010506,subtle
CSE-BANK-03,ANALYST_CONCENTRATION,EG-07,case:CAS-CSE-BANK-03-0010516,subtle
CSE-BANK-03,TEMPLATE_INVESTIGATION,EG-04,case:CAS-CSE-BANK-03-0010526,subtle
CSE-BANK-03,TEMPLATE_INVESTIGATION,EG-04,case:CAS-CSE-BANK-03-0010536,subtle
CSE-BANK-03,TEMPLATE_INVESTIGATION,EG-04,case:CAS-CSE-BANK-03-0010546,subtle
CSE-BANK-03,TEMPLATE_INVESTIGATION,EG-04,case:CAS-CSE-BANK-03-0010556,subtle
CSE-BANK-03,ANALYST_CONCENTRATION,EG-07,case:CAS-CSE-BANK-03-0010561,subtle
CSE-BANK-03,TEMPLATE_INVESTIGATION,EG-04,case:CAS-CSE-BANK-03-0010566,subtle
CSE-BANK-03,ANALYST_CONCENTRATION,EG-07,case:CAS-CSE-BANK-03-0010576,subtle
CSE-BANK-03,TEMPLATE_INVESTIGATION,EG-04,case:CAS-CSE-BANK-03-0010576,subtle
CSE-BANK-03,TEMPLATE_INVESTIGATION,EG-04,case:CAS-CSE-BANK-03-0010586,subtle
CSE-BANK-03,TEMPLATE_INVESTIGATION,EG-04,case:CAS-CSE-BANK-03-0010596,subtle
CSE-BANK-03,TEMPLATE_INVESTIGATION,EG-04,case:CAS-CSE-BANK-03-0010616,subtle
CSE-BANK-03,TEMPLATE_INVESTIGATION,EG-04,case:CAS-CSE-BANK-03-0010626,subtle
CSE-BANK-03,TEMPLATE_INVESTIGATION,EG-04,case:CAS-CSE-BANK-03-0010636,subtle
CSE-BANK-03,TEMPLATE_INVESTIGATION,EG-04,case:CAS-CSE-BANK-03-0010646,subtle
CSE-BANK-03,TEMPLATE_INVESTIGATION,EG-04,case:CAS-CSE-BANK-03-0010656,subtle
CSE-BANK-03,TEMPLATE_INVESTIGATION,EG-04,case:CAS-CSE-BANK-03-0010666,subtle
CSE-BANK-03,TEMPLATE_INVESTIGATION,EG-04,case:CAS-CSE-BANK-03-0010676,subtle
CSE-BANK-03,TEMPLATE_INVESTIGATION,EG-04,case:CAS-CSE-BANK-03-0010696,subtle
CSE-BANK-03,TEMPLATE_INVESTIGATION,EG-04,case:CAS-CSE-BANK-03-0010716,subtle
CSE-BANK-03,TEMPLATE_INVESTIGATION,EG-04,case:CAS-CSE-BANK-03-0010736,subtle
CSE-BANK-03,TEMPLATE_INVESTIGATION,EG-04,case:CAS-CSE-BANK-03-0010746,subtle
CSE-BANK-03,TEMPLATE_INVESTIGATION,EG-04,case:CAS-CSE-BANK-03-0010756,subtle
CSE-BANK-03,TEMPLATE_INVESTIGATION,EG-04,case:CAS-CSE-BANK-03-0010766,subtle
CSE-BANK-03,TEMPLATE_INVESTIGATION,EG-04,case:CAS-CSE-BANK-03-0010776,subtle
CSE-BANK-03,TEMPLATE_INVESTIGATION,EG-04,case:CAS-CSE-BANK-03-0010786,subtle
CSE-BANK-03,TEMPLATE_INVESTIGATION,EG-04,case:CAS-CSE-BANK-03-0010796,subtle
CSE-BANK-03,TEMPLATE_INVESTIGATION,EG-04,case:CAS-CSE-BANK-03-0010806,subtle
CSE-BANK-03,TEMPLATE_INVESTIGATION,EG-04,case:CAS-CSE-BANK-03-0010816,subtle
CSE-BANK-03,TEMPLATE_INVESTIGATION,EG-04,case:CAS-CSE-BANK-03-0010826,subtle
CSE-BANK-03,TEMPLATE_INVESTIGATION,EG-04,case:CAS-CSE-BANK-03-0010836,subtle
CSE-BANK-03,TEMPLATE_INVESTIGATION,EG-04,case:CAS-CSE-BANK-03-0010846,subtle
CSE-BANK-03,TEMPLATE_INVESTIGATION,EG-04,case:CAS-CSE-BANK-03-0010866,subtle
CSE-BANK-03,TEMPLATE_INVESTIGATION,EG-04,case:CAS-CSE-BANK-03-0010876,subtle
CSE-BANK-03,TEMPLATE_INVESTIGATION,EG-04,case:CAS-CSE-BANK-03-0010886,subtle
CSE-BANK-03,TEMPLATE_INVESTIGATION,EG-04,case:CAS-CSE-BANK-03-0010896,subtle
CSE-BANK-03,TEMPLATE_INVESTIGATION,EG-04,case:CAS-CSE-BANK-03-0010906,subtle
CSE-BANK-03,TEMPLATE_INVESTIGATION,EG-04,case:CAS-CSE-BANK-03-0010916,subtle
CSE-BANK-03,TEMPLATE_INVESTIGATION,EG-04,case:CAS-CSE-BANK-03-0010926,subtle
CSE-BANK-03,ANALYST_CONCENTRATION,EG-07,case:CAS-CSE-BANK-03-0010936,subtle
CSE-BANK-03,TEMPLATE_INVESTIGATION,EG-04,case:CAS-CSE-BANK-03-0010936,subtle
CSE-BANK-03,ANALYST_CONCENTRATION,EG-07,case:CAS-CSE-BANK-03-0010951,subtle
CSE-BANK-03,TEMPLATE_INVESTIGATION,EG-04,case:CAS-CSE-BANK-03-0010956,subtle
CSE-BANK-03,TEMPLATE_INVESTIGATION,EG-04,case:CAS-CSE-BANK-03-0010976,subtle
CSE-BANK-03,ANALYST_CONCENTRATION,EG-07,case:CAS-CSE-BANK-03-0010981,subtle
CSE-BANK-03,TEMPLATE_INVESTIGATION,EG-04,case:CAS-CSE-BANK-03-0010986,subtle
CSE-BANK-03,TEMPLATE_INVESTIGATION,EG-04,case:CAS-CSE-BANK-03-0010996,subtle
CSE-BANK-03,TEMPLATE_INVESTIGATION,EG-04,case:CAS-CSE-BANK-03-0011006,subtle
CSE-BANK-03,TEMPLATE_INVESTIGATION,EG-04,case:CAS-CSE-BANK-03-0011016,subtle
CSE-BANK-03,TEMPLATE_INVESTIGATION,EG-04,case:CAS-CSE-BANK-03-0011026,subtle
CSE-BANK-03,TEMPLATE_INVESTIGATION,EG-04,case:CAS-CSE-BANK-03-0011036,subtle
CSE-BANK-03,TEMPLATE_INVESTIGATION,EG-04,case:CAS-CSE-BANK-03-0011046,subtle
CSE-BANK-03,TEMPLATE_INVESTIGATION,EG-04,case:CAS-CSE-BANK-03-0011056,subtle
CSE-BANK-03,TEMPLATE_INVESTIGATION,EG-04,case:CAS-CSE-BANK-03-0011066,subtle
CSE-BANK-03,TEMPLATE_INVESTIGATION,EG-04,case:CAS-CSE-BANK-03-0011076,subtle
CSE-BANK-03,TEMPLATE_INVESTIGATION,EG-04,case:CAS-CSE-BANK-03-0011086,subtle
CSE-BANK-03,TEMPLATE_INVESTIGATION,EG-04,case:CAS-CSE-BANK-03-0011096,subtle
CSE-BANK-03,TEMPLATE_INVESTIGATION,EG-04,case:CAS-CSE-BANK-03-0011106,subtle
CSE-BANK-03,ANALYST_CONCENTRATION,EG-07,case:CAS-CSE-BANK-03-0011116,subtle
CSE-BANK-03,TEMPLATE_INVESTIGATION,EG-04,case:CAS-CSE-BANK-03-0011116,subtle
CSE-BANK-03,TEMPLATE_INVESTIGATION,EG-04,case:CAS-CSE-BANK-03-0011126,subtle
CSE-BANK-03,TEMPLATE_INVESTIGATION,EG-04,case:CAS-CSE-BANK-03-0011136,subtle
CSE-BANK-03,TEMPLATE_INVESTIGATION,EG-04,case:CAS-CSE-BANK-03-0011146,subtle
CSE-BANK-03,TEMPLATE_INVESTIGATION,EG-04,case:CAS-CSE-BANK-03-0011156,subtle
CSE-BANK-03,TEMPLATE_INVESTIGATION,EG-04,case:CAS-CSE-BANK-03-0011176,subtle
CSE-BANK-03,TEMPLATE_INVESTIGATION,EG-04,case:CAS-CSE-BANK-03-0011196,subtle
CSE-BANK-03,TEMPLATE_INVESTIGATION,EG-04,case:CAS-CSE-BANK-03-0011206,subtle
CSE-BANK-03,TEMPLATE_INVESTIGATION,EG-04,case:CAS-CSE-BANK-03-0011216,subtle
CSE-BANK-03,TEMPLATE_INVESTIGATION,EG-04,case:CAS-CSE-BANK-03-0011226,subtle
CSE-BANK-03,TEMPLATE_INVESTIGATION,EG-04,case:CAS-CSE-BANK-03-0011236,subtle
CSE-BANK-03,TEMPLATE_INVESTIGATION,EG-04,case:CAS-CSE-BANK-03-0011256,subtle
CSE-BANK-03,TEMPLATE_INVESTIGATION,EG-04,case:CAS-CSE-BANK-03-0011266,subtle
CSE-BANK-03,TEMPLATE_INVESTIGATION,EG-04,case:CAS-CSE-BANK-03-0011286,subtle
CSE-BANK-03,ANALYST_CONCENTRATION,EG-07,case:CAS-CSE-BANK-03-0011296,subtle
CSE-BANK-03,TEMPLATE_INVESTIGATION,EG-04,case:CAS-CSE-BANK-03-0011316,subtle
CSE-BANK-03,TEMPLATE_INVESTIGATION,EG-04,case:CAS-CSE-BANK-03-0011326,subtle
CSE-BANK-03,TEMPLATE_INVESTIGATION,EG-04,case:CAS-CSE-BANK-03-0011336,subtle
CSE-BANK-03,TEMPLATE_INVESTIGATION,EG-04,case:CAS-CSE-BANK-03-0011346,subtle
CSE-BANK-03,TEMPLATE_INVESTIGATION,EG-04,case:CAS-CSE-BANK-03-0011356,subtle
CSE-BANK-03,TEMPLATE_INVESTIGATION,EG-04,case:CAS-CSE-BANK-03-0011366,subtle
CSE-BANK-03,TEMPLATE_INVESTIGATION,EG-04,case:CAS-CSE-BANK-03-0011376,subtle
CSE-BANK-03,TEMPLATE_INVESTIGATION,EG-04,case:CAS-CSE-BANK-03-0011406,subtle
CSE-BANK-03,TEMPLATE_INVESTIGATION,EG-04,case:CAS-CSE-BANK-03-0011416,subtle
CSE-BANK-03,TEMPLATE_INVESTIGATION,EG-04,case:CAS-CSE-BANK-03-0011446,subtle
CSE-BANK-03,TEMPLATE_INVESTIGATION,EG-04,case:CAS-CSE-BANK-03-0011456,subtle
CSE-BANK-03,TEMPLATE_INVESTIGATION,EG-04,case:CAS-CSE-BANK-03-0011466,subtle
CSE-BANK-03,TEMPLATE_INVESTIGATION,EG-04,case:CAS-CSE-BANK-03-0011486,subtle
CSE-BANK-04,SUPPRESSED_ALERT_VOLUME,NS-04,entity:CSE-BANK-04,strong
CSE-BANK-04,SLA_BOUNDARY_BUNCHING,EG-06,alert:ALT-CSE-BANK-04-0011494,strong
CSE-BANK-04,SLA_BOUNDARY_BUNCHING,EG-06,alert:ALT-CSE-BANK-04-0011504,strong
CSE-BANK-04,SLA_BOUNDARY_BUNCHING,EG-06,alert:ALT-CSE-BANK-04-0011524,strong
CSE-BANK-04,SLA_BOUNDARY_BUNCHING,EG-06,alert:ALT-CSE-BANK-04-0011544,strong
CSE-BANK-04,SLA_BOUNDARY_BUNCHING,EG-06,alert:ALT-CSE-BANK-04-0011574,strong
CSE-BANK-04,SLA_BOUNDARY_BUNCHING,EG-06,alert:ALT-CSE-BANK-04-0011584,strong
CSE-BANK-04,SLA_BOUNDARY_BUNCHING,EG-06,alert:ALT-CSE-BANK-04-0011614,strong
CSE-BANK-04,SLA_BOUNDARY_BUNCHING,EG-06,alert:ALT-CSE-BANK-04-0011634,strong
CSE-BANK-04,SLA_BOUNDARY_BUNCHING,EG-06,alert:ALT-CSE-BANK-04-0011654,strong
CSE-BANK-04,SLA_BOUNDARY_BUNCHING,EG-06,alert:ALT-CSE-BANK-04-0011724,strong
CSE-BANK-04,SLA_BOUNDARY_BUNCHING,EG-06,alert:ALT-CSE-BANK-04-0011744,strong
CSE-BANK-04,SLA_BOUNDARY_BUNCHING,EG-06,alert:ALT-CSE-BANK-04-0011764,strong
CSE-BANK-04,SLA_BOUNDARY_BUNCHING,EG-06,alert:ALT-CSE-BANK-04-0011774,strong
CSE-BANK-04,SLA_BOUNDARY_BUNCHING,EG-06,alert:ALT-CSE-BANK-04-0011804,strong
CSE-BANK-04,SLA_BOUNDARY_BUNCHING,EG-06,alert:ALT-CSE-BANK-04-0011824,strong
CSE-BANK-04,SLA_BOUNDARY_BUNCHING,EG-06,alert:ALT-CSE-BANK-04-0011844,strong
CSE-BANK-04,SLA_BOUNDARY_BUNCHING,EG-06,alert:ALT-CSE-BANK-04-0011874,strong
CSE-ENGY-02,SILENT_CRITICAL_ASSET,NS-01,asset:CSE-ENGY-02-AST-0011,strong
CSE-ENGY-02,SILENT_CRITICAL_ASSET,NS-01,asset:CSE-ENGY-02-AST-0015,strong
CSE-ENGY-02,SILENT_CRITICAL_ASSET,NS-01,asset:CSE-ENGY-02-AST-0023,strong
CSE-ENGY-02,SILENT_CRITICAL_ASSET,NS-01,asset:CSE-ENGY-02-AST-0029,strong
CSE-ENGY-02,COVERAGE_RATIO_DEFICIT,NS-06,entity:CSE-ENGY-02,strong
CSE-ENGY-03,REPEAT_ALERTS_NO_REMEDIATION,EG-05,asset:CSE-ENGY-03-AST-0001,subtle
CSE-ENGY-03,ACK_NO_WORK,EG-03,case:CAS-CSE-ENGY-03-0020612,subtle
CSE-ENGY-03,ACK_NO_WORK,EG-03,case:CAS-CSE-ENGY-03-0020613,subtle
CSE-ENGY-03,ACK_NO_WORK,EG-03,case:CAS-CSE-ENGY-03-0020616,subtle
CSE-ENGY-03,ACK_NO_WORK,EG-03,case:CAS-CSE-ENGY-03-0020619,subtle
CSE-ENGY-03,ACK_NO_WORK,EG-03,case:CAS-CSE-ENGY-03-0020621,subtle
CSE-ENGY-03,ACK_NO_WORK,EG-03,case:CAS-CSE-ENGY-03-0020623,subtle
CSE-ENGY-03,ACK_NO_WORK,EG-03,case:CAS-CSE-ENGY-03-0020624,subtle
CSE-ENGY-03,ACK_NO_WORK,EG-03,case:CAS-CSE-ENGY-03-0020626,subtle
CSE-ENGY-03,ACK_NO_WORK,EG-03,case:CAS-CSE-ENGY-03-0020629,subtle
CSE-ENGY-03,ACK_NO_WORK,EG-03,case:CAS-CSE-ENGY-03-0020630,subtle
CSE-ENGY-03,ACK_NO_WORK,EG-03,case:CAS-CSE-ENGY-03-0020631,subtle
CSE-ENGY-03,ACK_NO_WORK,EG-03,case:CAS-CSE-ENGY-03-0020632,subtle
CSE-ENGY-03,ACK_NO_WORK,EG-03,case:CAS-CSE-ENGY-03-0020637,subtle
CSE-ENGY-03,ACK_NO_WORK,EG-03,case:CAS-CSE-ENGY-03-0020638,subtle
CSE-ENGY-03,ACK_NO_WORK,EG-03,case:CAS-CSE-ENGY-03-0020640,subtle
CSE-ENGY-03,ACK_NO_WORK,EG-03,case:CAS-CSE-ENGY-03-0020641,subtle
CSE-ENGY-03,ACK_NO_WORK,EG-03,case:CAS-CSE-ENGY-03-0020644,subtle
CSE-ENGY-03,ACK_NO_WORK,EG-03,case:CAS-CSE-ENGY-03-0020646,subtle
CSE-ENGY-03,ACK_NO_WORK,EG-03,case:CAS-CSE-ENGY-03-0020647,subtle
CSE-ENGY-03,ACK_NO_WORK,EG-03,case:CAS-CSE-ENGY-03-0020651,subtle
CSE-ENGY-03,ACK_NO_WORK,EG-03,case:CAS-CSE-ENGY-03-0020652,subtle
CSE-ENGY-03,ACK_NO_WORK,EG-03,case:CAS-CSE-ENGY-03-0020657,subtle
CSE-ENGY-03,ACK_NO_WORK,EG-03,case:CAS-CSE-ENGY-03-0020659,subtle
CSE-ENGY-03,ACK_NO_WORK,EG-03,case:CAS-CSE-ENGY-03-0020665,subtle
CSE-ENGY-03,ACK_NO_WORK,EG-03,case:CAS-CSE-ENGY-03-0020668,subtle
CSE-ENGY-03,ACK_NO_WORK,EG-03,case:CAS-CSE-ENGY-03-0020683,subtle
CSE-ENGY-03,ACK_NO_WORK,EG-03,case:CAS-CSE-ENGY-03-0020684,subtle
CSE-ENGY-03,ACK_NO_WORK,EG-03,case:CAS-CSE-ENGY-03-0020688,subtle
CSE-ENGY-03,ACK_NO_WORK,EG-03,case:CAS-CSE-ENGY-03-0020692,subtle
CSE-ENGY-03,ACK_NO_WORK,EG-03,case:CAS-CSE-ENGY-03-0020694,subtle
CSE-ENGY-03,ACK_NO_WORK,EG-03,case:CAS-CSE-ENGY-03-0020696,subtle
CSE-ENGY-03,ACK_NO_WORK,EG-03,case:CAS-CSE-ENGY-03-0020698,subtle
CSE-ENGY-03,ACK_NO_WORK,EG-03,case:CAS-CSE-ENGY-03-0020701,subtle
CSE-ENGY-03,ACK_NO_WORK,EG-03,case:CAS-CSE-ENGY-03-0020702,subtle
CSE-ENGY-03,ACK_NO_WORK,EG-03,case:CAS-CSE-ENGY-03-0020710,subtle
CSE-ENGY-03,ACK_NO_WORK,EG-03,case:CAS-CSE-ENGY-03-0020714,subtle
CSE-ENGY-03,ACK_NO_WORK,EG-03,case:CAS-CSE-ENGY-03-0020715,subtle
CSE-ENGY-03,ACK_NO_WORK,EG-03,case:CAS-CSE-ENGY-03-0020725,subtle
CSE-ENGY-03,ACK_NO_WORK,EG-03,case:CAS-CSE-ENGY-03-0020727,subtle
CSE-ENGY-03,ACK_NO_WORK,EG-03,case:CAS-CSE-ENGY-03-0020730,subtle
CSE-ENGY-03,ACK_NO_WORK,EG-03,case:CAS-CSE-ENGY-03-0020731,subtle
CSE-ENGY-03,ACK_NO_WORK,EG-03,case:CAS-CSE-ENGY-03-0020736,subtle
CSE-ENGY-03,ACK_NO_WORK,EG-03,case:CAS-CSE-ENGY-03-0020739,subtle
CSE-ENGY-03,ACK_NO_WORK,EG-03,case:CAS-CSE-ENGY-03-0020740,subtle
CSE-ENGY-03,ACK_NO_WORK,EG-03,case:CAS-CSE-ENGY-03-0020749,subtle
CSE-ENGY-03,ACK_NO_WORK,EG-03,case:CAS-CSE-ENGY-03-0020750,subtle
CSE-ENGY-03,ACK_NO_WORK,EG-03,case:CAS-CSE-ENGY-03-0020756,subtle
CSE-ENGY-03,ACK_NO_WORK,EG-03,case:CAS-CSE-ENGY-03-0020758,subtle
CSE-ENGY-03,ACK_NO_WORK,EG-03,case:CAS-CSE-ENGY-03-0020764,subtle
CSE-ENGY-03,ACK_NO_WORK,EG-03,case:CAS-CSE-ENGY-03-0020765,subtle
CSE-ENGY-03,ACK_NO_WORK,EG-03,case:CAS-CSE-ENGY-03-0020767,subtle
CSE-ENGY-03,ACK_NO_WORK,EG-03,case:CAS-CSE-ENGY-03-0020769,subtle
CSE-ENGY-03,ACK_NO_WORK,EG-03,case:CAS-CSE-ENGY-03-0020770,subtle
CSE-ENGY-03,ACK_NO_WORK,EG-03,case:CAS-CSE-ENGY-03-0020771,subtle
CSE-ENGY-03,ACK_NO_WORK,EG-03,case:CAS-CSE-ENGY-03-0020781,subtle
CSE-ENGY-03,ACK_NO_WORK,EG-03,case:CAS-CSE-ENGY-03-0020786,subtle
CSE-ENGY-03,ACK_NO_WORK,EG-03,case:CAS-CSE-ENGY-03-0020787,subtle
CSE-ENGY-03,ACK_NO_WORK,EG-03,case:CAS-CSE-ENGY-03-0020790,subtle
CSE-ENGY-03,ACK_NO_WORK,EG-03,case:CAS-CSE-ENGY-03-0020791,subtle
CSE-ENGY-03,ACK_NO_WORK,EG-03,case:CAS-CSE-ENGY-03-0020792,subtle
CSE-ENGY-03,ACK_NO_WORK,EG-03,case:CAS-CSE-ENGY-03-0020798,subtle
CSE-ENGY-03,ACK_NO_WORK,EG-03,case:CAS-CSE-ENGY-03-0020799,subtle
CSE-ENGY-03,ACK_NO_WORK,EG-03,case:CAS-CSE-ENGY-03-0020802,subtle
CSE-ENGY-03,ACK_NO_WORK,EG-03,case:CAS-CSE-ENGY-03-0020804,subtle
CSE-ENGY-03,ACK_NO_WORK,EG-03,case:CAS-CSE-ENGY-03-0020810,subtle
CSE-ENGY-03,ACK_NO_WORK,EG-03,case:CAS-CSE-ENGY-03-0020811,subtle
CSE-ENGY-03,ACK_NO_WORK,EG-03,case:CAS-CSE-ENGY-03-0020813,subtle
CSE-ENGY-03,ACK_NO_WORK,EG-03,case:CAS-CSE-ENGY-03-0020825,subtle
CSE-ENGY-03,ACK_NO_WORK,EG-03,case:CAS-CSE-ENGY-03-0020827,subtle
CSE-ENGY-03,ACK_NO_WORK,EG-03,case:CAS-CSE-ENGY-03-0020828,subtle
CSE-ENGY-03,ACK_NO_WORK,EG-03,case:CAS-CSE-ENGY-03-0020829,subtle
CSE-ENGY-03,ACK_NO_WORK,EG-03,case:CAS-CSE-ENGY-03-0020831,subtle
CSE-ENGY-03,ACK_NO_WORK,EG-03,case:CAS-CSE-ENGY-03-0020836,subtle
CSE-ENGY-03,ACK_NO_WORK,EG-03,case:CAS-CSE-ENGY-03-0020837,subtle
CSE-ENGY-03,ACK_NO_WORK,EG-03,case:CAS-CSE-ENGY-03-0020838,subtle
CSE-ENGY-03,ACK_NO_WORK,EG-03,case:CAS-CSE-ENGY-03-0020839,subtle
CSE-ENGY-03,ACK_NO_WORK,EG-03,case:CAS-CSE-ENGY-03-0020842,subtle
CSE-ENGY-03,ACK_NO_WORK,EG-03,case:CAS-CSE-ENGY-03-0020844,subtle
CSE-ENGY-03,ACK_NO_WORK,EG-03,case:CAS-CSE-ENGY-03-0020847,subtle
CSE-ENGY-03,ACK_NO_WORK,EG-03,case:CAS-CSE-ENGY-03-0020849,subtle
CSE-ENGY-03,ACK_NO_WORK,EG-03,case:CAS-CSE-ENGY-03-0020850,subtle
CSE-ENGY-03,ACK_NO_WORK,EG-03,case:CAS-CSE-ENGY-03-0020852,subtle
CSE-ENGY-03,ACK_NO_WORK,EG-03,case:CAS-CSE-ENGY-03-0020855,subtle
CSE-ENGY-03,ACK_NO_WORK,EG-03,case:CAS-CSE-ENGY-03-0020860,subtle
CSE-ENGY-03,ACK_NO_WORK,EG-03,case:CAS-CSE-ENGY-03-0020861,subtle
CSE-ENGY-03,ACK_NO_WORK,EG-03,case:CAS-CSE-ENGY-03-0020864,subtle
CSE-ENGY-03,ACK_NO_WORK,EG-03,case:CAS-CSE-ENGY-03-0020868,subtle
CSE-ENGY-03,ACK_NO_WORK,EG-03,case:CAS-CSE-ENGY-03-0020869,subtle
CSE-ENGY-03,ACK_NO_WORK,EG-03,case:CAS-CSE-ENGY-03-0020872,subtle
CSE-ENGY-03,ACK_NO_WORK,EG-03,case:CAS-CSE-ENGY-03-0020874,subtle
CSE-ENGY-03,ACK_NO_WORK,EG-03,case:CAS-CSE-ENGY-03-0020876,subtle
CSE-ENGY-03,ACK_NO_WORK,EG-03,case:CAS-CSE-ENGY-03-0020877,subtle
CSE-ENGY-03,ACK_NO_WORK,EG-03,case:CAS-CSE-ENGY-03-0020879,subtle
CSE-ENGY-03,ACK_NO_WORK,EG-03,case:CAS-CSE-ENGY-03-0020880,subtle
CSE-ENGY-03,ACK_NO_WORK,EG-03,case:CAS-CSE-ENGY-03-0020882,subtle
CSE-ENGY-03,ACK_NO_WORK,EG-03,case:CAS-CSE-ENGY-03-0020883,subtle
CSE-ENGY-03,ACK_NO_WORK,EG-03,case:CAS-CSE-ENGY-03-0020884,subtle
CSE-ENGY-03,ACK_NO_WORK,EG-03,case:CAS-CSE-ENGY-03-0020888,subtle
CSE-ENGY-03,ACK_NO_WORK,EG-03,case:CAS-CSE-ENGY-03-0020890,subtle
CSE-ENGY-03,ACK_NO_WORK,EG-03,case:CAS-CSE-ENGY-03-0020893,subtle
CSE-ENGY-03,ACK_NO_WORK,EG-03,case:CAS-CSE-ENGY-03-0020895,subtle
CSE-ENGY-03,ACK_NO_WORK,EG-03,case:CAS-CSE-ENGY-03-0020896,subtle
CSE-ENGY-03,ACK_NO_WORK,EG-03,case:CAS-CSE-ENGY-03-0020901,subtle
CSE-ENGY-03,ACK_NO_WORK,EG-03,case:CAS-CSE-ENGY-03-0020902,subtle
CSE-ENGY-03,ACK_NO_WORK,EG-03,case:CAS-CSE-ENGY-03-0020904,subtle
CSE-ENGY-03,ACK_NO_WORK,EG-03,case:CAS-CSE-ENGY-03-0020907,subtle
CSE-ENGY-03,ACK_NO_WORK,EG-03,case:CAS-CSE-ENGY-03-0020912,subtle
CSE-ENGY-03,ACK_NO_WORK,EG-03,case:CAS-CSE-ENGY-03-0020913,subtle
CSE-ENGY-03,ACK_NO_WORK,EG-03,case:CAS-CSE-ENGY-03-0020914,subtle
CSE-ENGY-03,ACK_NO_WORK,EG-03,case:CAS-CSE-ENGY-03-0020915,subtle
CSE-ENGY-03,ACK_NO_WORK,EG-03,case:CAS-CSE-ENGY-03-0020919,subtle
CSE-ENGY-03,ACK_NO_WORK,EG-03,case:CAS-CSE-ENGY-03-0020923,subtle
CSE-ENGY-03,ACK_NO_WORK,EG-03,case:CAS-CSE-ENGY-03-0020926,subtle
CSE-ENGY-03,ACK_NO_WORK,EG-03,case:CAS-CSE-ENGY-03-0020934,subtle
CSE-ENGY-03,ACK_NO_WORK,EG-03,case:CAS-CSE-ENGY-03-0020936,subtle
CSE-ENGY-03,ACK_NO_WORK,EG-03,case:CAS-CSE-ENGY-03-0020937,subtle
CSE-ENGY-03,ACK_NO_WORK,EG-03,case:CAS-CSE-ENGY-03-0020939,subtle
CSE-ENGY-03,ACK_NO_WORK,EG-03,case:CAS-CSE-ENGY-03-0020941,subtle
CSE-ENGY-03,ACK_NO_WORK,EG-03,case:CAS-CSE-ENGY-03-0020949,subtle
CSE-ENGY-03,ACK_NO_WORK,EG-03,case:CAS-CSE-ENGY-03-0020950,subtle
CSE-ENGY-03,ACK_NO_WORK,EG-03,case:CAS-CSE-ENGY-03-0020951,subtle
CSE-ENGY-03,ACK_NO_WORK,EG-03,case:CAS-CSE-ENGY-03-0020955,subtle
CSE-ENGY-03,ACK_NO_WORK,EG-03,case:CAS-CSE-ENGY-03-0020959,subtle
CSE-ENGY-03,ACK_NO_WORK,EG-03,case:CAS-CSE-ENGY-03-0020964,subtle
CSE-ENGY-03,ACK_NO_WORK,EG-03,case:CAS-CSE-ENGY-03-0020969,subtle
CSE-ENGY-03,ACK_NO_WORK,EG-03,case:CAS-CSE-ENGY-03-0020973,subtle
CSE-ENGY-03,ACK_NO_WORK,EG-03,case:CAS-CSE-ENGY-03-0020974,subtle
CSE-ENGY-03,ACK_NO_WORK,EG-03,case:CAS-CSE-ENGY-03-0020977,subtle
CSE-ENGY-03,ACK_NO_WORK,EG-03,case:CAS-CSE-ENGY-03-0020978,subtle
CSE-ENGY-03,ACK_NO_WORK,EG-03,case:CAS-CSE-ENGY-03-0020981,subtle
CSE-ENGY-03,ACK_NO_WORK,EG-03,case:CAS-CSE-ENGY-03-0020985,subtle
CSE-ENGY-03,ACK_NO_WORK,EG-03,case:CAS-CSE-ENGY-03-0020988,subtle
CSE-ENGY-03,ACK_NO_WORK,EG-03,case:CAS-CSE-ENGY-03-0020994,subtle
CSE-ENGY-03,ACK_NO_WORK,EG-03,case:CAS-CSE-ENGY-03-0020996,subtle
CSE-ENGY-03,ACK_NO_WORK,EG-03,case:CAS-CSE-ENGY-03-0021000,subtle
CSE-ENGY-03,ACK_NO_WORK,EG-03,case:CAS-CSE-ENGY-03-0021001,subtle
CSE-ENGY-03,ACK_NO_WORK,EG-03,case:CAS-CSE-ENGY-03-0021004,subtle
CSE-ENGY-03,ACK_NO_WORK,EG-03,case:CAS-CSE-ENGY-03-0021005,subtle
CSE-ENGY-03,ACK_NO_WORK,EG-03,case:CAS-CSE-ENGY-03-0021006,subtle
CSE-ENGY-03,ACK_NO_WORK,EG-03,case:CAS-CSE-ENGY-03-0021012,subtle
CSE-ENGY-03,ACK_NO_WORK,EG-03,case:CAS-CSE-ENGY-03-0021014,subtle
CSE-ENGY-03,ACK_NO_WORK,EG-03,case:CAS-CSE-ENGY-03-0021016,subtle
CSE-ENGY-03,ACK_NO_WORK,EG-03,case:CAS-CSE-ENGY-03-0021017,subtle
CSE-ENGY-03,ACK_NO_WORK,EG-03,case:CAS-CSE-ENGY-03-0021019,subtle
CSE-ENGY-03,ACK_NO_WORK,EG-03,case:CAS-CSE-ENGY-03-0021023,subtle
CSE-ENGY-03,ACK_NO_WORK,EG-03,case:CAS-CSE-ENGY-03-0021025,subtle
CSE-ENGY-03,ACK_NO_WORK,EG-03,case:CAS-CSE-ENGY-03-0021028,subtle
CSE-ENGY-03,ACK_NO_WORK,EG-03,case:CAS-CSE-ENGY-03-0021029,subtle
CSE-ENGY-03,ACK_NO_WORK,EG-03,case:CAS-CSE-ENGY-03-0021036,subtle
CSE-ENGY-03,ACK_NO_WORK,EG-03,case:CAS-CSE-ENGY-03-0021040,subtle
CSE-ENGY-03,ACK_NO_WORK,EG-03,case:CAS-CSE-ENGY-03-0021052,subtle
CSE-ENGY-03,ACK_NO_WORK,EG-03,case:CAS-CSE-ENGY-03-0021053,subtle
CSE-ENGY-03,ACK_NO_WORK,EG-03,case:CAS-CSE-ENGY-03-0021061,subtle
CSE-ENGY-03,ACK_NO_WORK,EG-03,case:CAS-CSE-ENGY-03-0021064,subtle
CSE-ENGY-03,ACK_NO_WORK,EG-03,case:CAS-CSE-ENGY-03-0021067,subtle
CSE-ENGY-03,ACK_NO_WORK,EG-03,case:CAS-CSE-ENGY-03-0021070,subtle
CSE-ENGY-03,ACK_NO_WORK,EG-03,case:CAS-CSE-ENGY-03-0021077,subtle
CSE-ENGY-03,ACK_NO_WORK,EG-03,case:CAS-CSE-ENGY-03-0021078,subtle
CSE-ENGY-03,ACK_NO_WORK,EG-03,case:CAS-CSE-ENGY-03-0021080,subtle
CSE-ENGY-03,ACK_NO_WORK,EG-03,case:CAS-CSE-ENGY-03-0021087,subtle
CSE-ENGY-03,ACK_NO_WORK,EG-03,case:CAS-CSE-ENGY-03-0021088,subtle
CSE-ENGY-03,ACK_NO_WORK,EG-03,case:CAS-CSE-ENGY-03-0021091,subtle
CSE-ENGY-03,ACK_NO_WORK,EG-03,case:CAS-CSE-ENGY-03-0021094,subtle
CSE-ENGY-03,ACK_NO_WORK,EG-03,case:CAS-CSE-ENGY-03-0021095,subtle
CSE-ENGY-03,ACK_NO_WORK,EG-03,case:CAS-CSE-ENGY-03-0021096,subtle
CSE-ENGY-03,ACK_NO_WORK,EG-03,case:CAS-CSE-ENGY-03-0021099,subtle
CSE-ENGY-03,ACK_NO_WORK,EG-03,case:CAS-CSE-ENGY-03-0021104,subtle
CSE-ENGY-03,ACK_NO_WORK,EG-03,case:CAS-CSE-ENGY-03-0021105,subtle
CSE-ENGY-03,ACK_NO_WORK,EG-03,case:CAS-CSE-ENGY-03-0021107,subtle
CSE-ENGY-03,ACK_NO_WORK,EG-03,case:CAS-CSE-ENGY-03-0021108,subtle
CSE-ENGY-03,ACK_NO_WORK,EG-03,case:CAS-CSE-ENGY-03-0021109,subtle
CSE-ENGY-03,ACK_NO_WORK,EG-03,case:CAS-CSE-ENGY-03-0021112,subtle
CSE-ENGY-03,ACK_NO_WORK,EG-03,case:CAS-CSE-ENGY-03-0021114,subtle
CSE-ENGY-03,ACK_NO_WORK,EG-03,case:CAS-CSE-ENGY-03-0021118,subtle
CSE-ENGY-03,ACK_NO_WORK,EG-03,case:CAS-CSE-ENGY-03-0021120,subtle
CSE-ENGY-03,ACK_NO_WORK,EG-03,case:CAS-CSE-ENGY-03-0021125,subtle
CSE-ENGY-03,ACK_NO_WORK,EG-03,case:CAS-CSE-ENGY-03-0021127,subtle
CSE-ENGY-03,ACK_NO_WORK,EG-03,case:CAS-CSE-ENGY-03-0021128,subtle
CSE-ENGY-03,ACK_NO_WORK,EG-03,case:CAS-CSE-ENGY-03-0021131,subtle
CSE-ENGY-03,ACK_NO_WORK,EG-03,case:CAS-CSE-ENGY-03-0021132,subtle
CSE-ENGY-03,ACK_NO_WORK,EG-03,case:CAS-CSE-ENGY-03-0021136,subtle
CSE-ENGY-03,ACK_NO_WORK,EG-03,case:CAS-CSE-ENGY-03-0021137,subtle
CSE-ENGY-03,ACK_NO_WORK,EG-03,case:CAS-CSE-ENGY-03-0021138,subtle
CSE-ENGY-03,ACK_NO_WORK,EG-03,case:CAS-CSE-ENGY-03-0021140,subtle
CSE-ENGY-03,ACK_NO_WORK,EG-03,case:CAS-CSE-ENGY-03-0021144,subtle
CSE-ENGY-03,ACK_NO_WORK,EG-03,case:CAS-CSE-ENGY-03-0021146,subtle
CSE-ENGY-03,ACK_NO_WORK,EG-03,case:CAS-CSE-ENGY-03-0021147,subtle
CSE-ENGY-03,ACK_NO_WORK,EG-03,case:CAS-CSE-ENGY-03-0021148,subtle
CSE-ENGY-03,ACK_NO_WORK,EG-03,case:CAS-CSE-ENGY-03-0021150,subtle
CSE-ENGY-03,ACK_NO_WORK,EG-03,case:CAS-CSE-ENGY-03-0021151,subtle
CSE-ENGY-03,ACK_NO_WORK,EG-03,case:CAS-CSE-ENGY-03-0021152,subtle
CSE-ENGY-03,ACK_NO_WORK,EG-03,case:CAS-CSE-ENGY-03-0021157,subtle
CSE-ENGY-03,ACK_NO_WORK,EG-03,case:CAS-CSE-ENGY-03-0021159,subtle
CSE-ENGY-03,ACK_NO_WORK,EG-03,case:CAS-CSE-ENGY-03-0021161,subtle
CSE-ENGY-03,ACK_NO_WORK,EG-03,case:CAS-CSE-ENGY-03-0021163,subtle
CSE-ENGY-03,ACK_NO_WORK,EG-03,case:CAS-CSE-ENGY-03-0021165,subtle
CSE-ENGY-03,ACK_NO_WORK,EG-03,case:CAS-CSE-ENGY-03-0021169,subtle
CSE-ENGY-03,ACK_NO_WORK,EG-03,case:CAS-CSE-ENGY-03-0021173,subtle
CSE-ENGY-03,ACK_NO_WORK,EG-03,case:CAS-CSE-ENGY-03-0021177,subtle
CSE-ENGY-03,ACK_NO_WORK,EG-03,case:CAS-CSE-ENGY-03-0021179,subtle
CSE-ENGY-03,ACK_NO_WORK,EG-03,case:CAS-CSE-ENGY-03-0021180,subtle
CSE-ENGY-03,ACK_NO_WORK,EG-03,case:CAS-CSE-ENGY-03-0021185,subtle
CSE-ENGY-03,ACK_NO_WORK,EG-03,case:CAS-CSE-ENGY-03-0021186,subtle
CSE-ENGY-03,ACK_NO_WORK,EG-03,case:CAS-CSE-ENGY-03-0021192,subtle
CSE-ENGY-03,ACK_NO_WORK,EG-03,case:CAS-CSE-ENGY-03-0021193,subtle
CSE-ENGY-03,ACK_NO_WORK,EG-03,case:CAS-CSE-ENGY-03-0021195,subtle
CSE-ENGY-03,ACK_NO_WORK,EG-03,case:CAS-CSE-ENGY-03-0021196,subtle
CSE-ENGY-03,ACK_NO_WORK,EG-03,case:CAS-CSE-ENGY-03-0021197,subtle
CSE-ENGY-03,ACK_NO_WORK,EG-03,case:CAS-CSE-ENGY-03-0021199,subtle
CSE-ENGY-03,ACK_NO_WORK,EG-03,case:CAS-CSE-ENGY-03-0021200,subtle
CSE-ENGY-03,ACK_NO_WORK,EG-03,case:CAS-CSE-ENGY-03-0021203,subtle
CSE-ENGY-03,ACK_NO_WORK,EG-03,case:CAS-CSE-ENGY-03-0021204,subtle
CSE-ENGY-03,ACK_NO_WORK,EG-03,case:CAS-CSE-ENGY-03-0021205,subtle
CSE-ENGY-03,ACK_NO_WORK,EG-03,case:CAS-CSE-ENGY-03-0021210,subtle
CSE-ENGY-03,ACK_NO_WORK,EG-03,case:CAS-CSE-ENGY-03-0021211,subtle
CSE-ENGY-03,ACK_NO_WORK,EG-03,case:CAS-CSE-ENGY-03-0021212,subtle
CSE-ENGY-03,ACK_NO_WORK,EG-03,case:CAS-CSE-ENGY-03-0021217,subtle
CSE-ENGY-03,ACK_NO_WORK,EG-03,case:CAS-CSE-ENGY-03-0021218,subtle
CSE-ENGY-03,ACK_NO_WORK,EG-03,case:CAS-CSE-ENGY-03-0021220,subtle
CSE-ENGY-03,ACK_NO_WORK,EG-03,case:CAS-CSE-ENGY-03-0021222,subtle
CSE-ENGY-03,ACK_NO_WORK,EG-03,case:CAS-CSE-ENGY-03-0021223,subtle
CSE-ENGY-03,ACK_NO_WORK,EG-03,case:CAS-CSE-ENGY-03-0021236,subtle
CSE-ENGY-03,ACK_NO_WORK,EG-03,case:CAS-CSE-ENGY-03-0021240,subtle
CSE-ENGY-03,ACK_NO_WORK,EG-03,case:CAS-CSE-ENGY-03-0021242,subtle
CSE-ENGY-03,ACK_NO_WORK,EG-03,case:CAS-CSE-ENGY-03-0021244,subtle
CSE-ENGY-03,ACK_NO_WORK,EG-03,case:CAS-CSE-ENGY-03-0021246,subtle
CSE-ENGY-03,ACK_NO_WORK,EG-03,case:CAS-CSE-ENGY-03-0021250,subtle
CSE-ENGY-03,ACK_NO_WORK,EG-03,case:CAS-CSE-ENGY-03-0021257,subtle
CSE-ENGY-03,ACK_NO_WORK,EG-03,case:CAS-CSE-ENGY-03-0021259,subtle
CSE-ENGY-03,ACK_NO_WORK,EG-03,case:CAS-CSE-ENGY-03-0021262,subtle
CSE-ENGY-03,ACK_NO_WORK,EG-03,case:CAS-CSE-ENGY-03-0021263,subtle
CSE-ENGY-03,ACK_NO_WORK,EG-03,case:CAS-CSE-ENGY-03-0021264,subtle
CSE-ENGY-03,ACK_NO_WORK,EG-03,case:CAS-CSE-ENGY-03-0021266,subtle
CSE-ENGY-03,ACK_NO_WORK,EG-03,case:CAS-CSE-ENGY-03-0021268,subtle
CSE-ENGY-03,ACK_NO_WORK,EG-03,case:CAS-CSE-ENGY-03-0021270,subtle
CSE-ENGY-03,ACK_NO_WORK,EG-03,case:CAS-CSE-ENGY-03-0021271,subtle
CSE-ENGY-03,ACK_NO_WORK,EG-03,case:CAS-CSE-ENGY-03-0021272,subtle
CSE-ENGY-03,ACK_NO_WORK,EG-03,case:CAS-CSE-ENGY-03-0021273,subtle
CSE-ENGY-03,ACK_NO_WORK,EG-03,case:CAS-CSE-ENGY-03-0021275,subtle
CSE-ENGY-03,ACK_NO_WORK,EG-03,case:CAS-CSE-ENGY-03-0021281,subtle
CSE-ENGY-03,ACK_NO_WORK,EG-03,case:CAS-CSE-ENGY-03-0021284,subtle
CSE-ENGY-03,ACK_NO_WORK,EG-03,case:CAS-CSE-ENGY-03-0021292,subtle
CSE-ENGY-03,ACK_NO_WORK,EG-03,case:CAS-CSE-ENGY-03-0021300,subtle
CSE-ENGY-03,ACK_NO_WORK,EG-03,case:CAS-CSE-ENGY-03-0021302,subtle
CSE-ENGY-03,ACK_NO_WORK,EG-03,case:CAS-CSE-ENGY-03-0021303,subtle
CSE-ENGY-03,ACK_NO_WORK,EG-03,case:CAS-CSE-ENGY-03-0021308,subtle
CSE-ENGY-03,ACK_NO_WORK,EG-03,case:CAS-CSE-ENGY-03-0021309,subtle
CSE-ENGY-03,ACK_NO_WORK,EG-03,case:CAS-CSE-ENGY-03-0021311,subtle
CSE-ENGY-03,ACK_NO_WORK,EG-03,case:CAS-CSE-ENGY-03-0021315,subtle
CSE-ENGY-03,ACK_NO_WORK,EG-03,case:CAS-CSE-ENGY-03-0021318,subtle
CSE-ENGY-03,ACK_NO_WORK,EG-03,case:CAS-CSE-ENGY-03-0021320,subtle
CSE-ENGY-03,ACK_NO_WORK,EG-03,case:CAS-CSE-ENGY-03-0021321,subtle
CSE-ENGY-03,ACK_NO_WORK,EG-03,case:CAS-CSE-ENGY-03-0021324,subtle
CSE-ENGY-03,ACK_NO_WORK,EG-03,case:CAS-CSE-ENGY-03-0021325,subtle
CSE-ENGY-03,ACK_NO_WORK,EG-03,case:CAS-CSE-ENGY-03-0021337,subtle
CSE-ENGY-03,ACK_NO_WORK,EG-03,case:CAS-CSE-ENGY-03-0021338,subtle
CSE-ENGY-03,ACK_NO_WORK,EG-03,case:CAS-CSE-ENGY-03-0021341,subtle
CSE-ENGY-03,ACK_NO_WORK,EG-03,case:CAS-CSE-ENGY-03-0021347,subtle
CSE-ENGY-03,ACK_NO_WORK,EG-03,case:CAS-CSE-ENGY-03-0021350,subtle
CSE-ENGY-03,ACK_NO_WORK,EG-03,case:CAS-CSE-ENGY-03-0021351,subtle
CSE-ENGY-03,ACK_NO_WORK,EG-03,case:CAS-CSE-ENGY-03-0021352,subtle
CSE-ENGY-03,ACK_NO_WORK,EG-03,case:CAS-CSE-ENGY-03-0021353,subtle
CSE-ENGY-03,ACK_NO_WORK,EG-03,case:CAS-CSE-ENGY-03-0021356,subtle
CSE-ENGY-03,ACK_NO_WORK,EG-03,case:CAS-CSE-ENGY-03-0021362,subtle
CSE-ENGY-03,ACK_NO_WORK,EG-03,case:CAS-CSE-ENGY-03-0021363,subtle
CSE-ENGY-03,ACK_NO_WORK,EG-03,case:CAS-CSE-ENGY-03-0021365,subtle
CSE-ENGY-03,ACK_NO_WORK,EG-03,case:CAS-CSE-ENGY-03-0021370,subtle
CSE-ENGY-03,ACK_NO_WORK,EG-03,case:CAS-CSE-ENGY-03-0021380,subtle
CSE-ENGY-03,ACK_NO_WORK,EG-03,case:CAS-CSE-ENGY-03-0021385,subtle
CSE-ENGY-03,ACK_NO_WORK,EG-03,case:CAS-CSE-ENGY-03-0021391,subtle
CSE-ENGY-03,ACK_NO_WORK,EG-03,case:CAS-CSE-ENGY-03-0021395,subtle
CSE-ENGY-03,ACK_NO_WORK,EG-03,case:CAS-CSE-ENGY-03-0021396,subtle
CSE-ENGY-03,ACK_NO_WORK,EG-03,case:CAS-CSE-ENGY-03-0021399,subtle
CSE-ENGY-03,ACK_NO_WORK,EG-03,case:CAS-CSE-ENGY-03-0021400,subtle
CSE-ENGY-03,ACK_NO_WORK,EG-03,case:CAS-CSE-ENGY-03-0021401,subtle
CSE-ENGY-03,ACK_NO_WORK,EG-03,case:CAS-CSE-ENGY-03-0021402,subtle
CSE-ENGY-03,ACK_NO_WORK,EG-03,case:CAS-CSE-ENGY-03-0021404,subtle
CSE-ENGY-03,ACK_NO_WORK,EG-03,case:CAS-CSE-ENGY-03-0021410,subtle
CSE-ENGY-03,ACK_NO_WORK,EG-03,case:CAS-CSE-ENGY-03-0021412,subtle
CSE-ENGY-03,ACK_NO_WORK,EG-03,case:CAS-CSE-ENGY-03-0021413,subtle
CSE-ENGY-03,ACK_NO_WORK,EG-03,case:CAS-CSE-ENGY-03-0021414,subtle
CSE-ENGY-03,ACK_NO_WORK,EG-03,case:CAS-CSE-ENGY-03-0021415,subtle
CSE-ENGY-03,ACK_NO_WORK,EG-03,case:CAS-CSE-ENGY-03-0021428,subtle
CSE-ENGY-03,ACK_NO_WORK,EG-03,case:CAS-CSE-ENGY-03-0021433,subtle
CSE-ENGY-03,ACK_NO_WORK,EG-03,case:CAS-CSE-ENGY-03-0021435,subtle
CSE-ENGY-03,ACK_NO_WORK,EG-03,case:CAS-CSE-ENGY-03-0021439,subtle
CSE-ENGY-03,ACK_NO_WORK,EG-03,case:CAS-CSE-ENGY-03-0021441,subtle
CSE-ENGY-03,ACK_NO_WORK,EG-03,case:CAS-CSE-ENGY-03-0021443,subtle
CSE-ENGY-03,ACK_NO_WORK,EG-03,case:CAS-CSE-ENGY-03-0021444,subtle
CSE-ENGY-03,ACK_NO_WORK,EG-03,case:CAS-CSE-ENGY-03-0021445,subtle
CSE-ENGY-03,ACK_NO_WORK,EG-03,case:CAS-CSE-ENGY-03-0021447,subtle
CSE-ENGY-03,ACK_NO_WORK,EG-03,case:CAS-CSE-ENGY-03-0021448,subtle
CSE-ENGY-03,ACK_NO_WORK,EG-03,case:CAS-CSE-ENGY-03-0021449,subtle
CSE-ENGY-03,ACK_NO_WORK,EG-03,case:CAS-CSE-ENGY-03-0021451,subtle
CSE-ENGY-03,ACK_NO_WORK,EG-03,case:CAS-CSE-ENGY-03-0021452,subtle
CSE-ENGY-03,ACK_NO_WORK,EG-03,case:CAS-CSE-ENGY-03-0021456,subtle
CSE-ENGY-03,ACK_NO_WORK,EG-03,case:CAS-CSE-ENGY-03-0021457,subtle
CSE-ENGY-03,ACK_NO_WORK,EG-03,case:CAS-CSE-ENGY-03-0021464,subtle
CSE-ENGY-03,ACK_NO_WORK,EG-03,case:CAS-CSE-ENGY-03-0021466,subtle
CSE-ENGY-03,ACK_NO_WORK,EG-03,case:CAS-CSE-ENGY-03-0021468,subtle
CSE-ENGY-03,ACK_NO_WORK,EG-03,case:CAS-CSE-ENGY-03-0021471,subtle
CSE-ENGY-03,ACK_NO_WORK,EG-03,case:CAS-CSE-ENGY-03-0021474,subtle
CSE-ENGY-03,ACK_NO_WORK,EG-03,case:CAS-CSE-ENGY-03-0021485,subtle
CSE-ENGY-03,ACK_NO_WORK,EG-03,case:CAS-CSE-ENGY-03-0021488,subtle
CSE-ENGY-03,ACK_NO_WORK,EG-03,case:CAS-CSE-ENGY-03-0021489,subtle
CSE-ENGY-03,ACK_NO_WORK,EG-03,case:CAS-CSE-ENGY-03-0021490,subtle
CSE-ENGY-03,ACK_NO_WORK,EG-03,case:CAS-CSE-ENGY-03-0021493,subtle
CSE-ENGY-03,ACK_NO_WORK,EG-03,case:CAS-CSE-ENGY-03-0021495,subtle
CSE-ENGY-03,ACK_NO_WORK,EG-03,case:CAS-CSE-ENGY-03-0021497,subtle
CSE-ENGY-03,ACK_NO_WORK,EG-03,case:CAS-CSE-ENGY-03-0021498,subtle
CSE-ENGY-03,ACK_NO_WORK,EG-03,case:CAS-CSE-ENGY-03-0021499,subtle
CSE-ENGY-03,ACK_NO_WORK,EG-03,case:CAS-CSE-ENGY-03-0021503,subtle
CSE-ENGY-03,ACK_NO_WORK,EG-03,case:CAS-CSE-ENGY-03-0021504,subtle
CSE-ENGY-03,ACK_NO_WORK,EG-03,case:CAS-CSE-ENGY-03-0021505,subtle
CSE-ENGY-03,ACK_NO_WORK,EG-03,case:CAS-CSE-ENGY-03-0021508,subtle
CSE-ENGY-03,ACK_NO_WORK,EG-03,case:CAS-CSE-ENGY-03-0021509,subtle
CSE-ENGY-03,ACK_NO_WORK,EG-03,case:CAS-CSE-ENGY-03-0021510,subtle
CSE-ENGY-03,ACK_NO_WORK,EG-03,case:CAS-CSE-ENGY-03-0021511,subtle
CSE-ENGY-03,ACK_NO_WORK,EG-03,case:CAS-CSE-ENGY-03-0021513,subtle
CSE-ENGY-03,ACK_NO_WORK,EG-03,case:CAS-CSE-ENGY-03-0021514,subtle
CSE-ENGY-03,ACK_NO_WORK,EG-03,case:CAS-CSE-ENGY-03-0021515,subtle
CSE-ENGY-03,ACK_NO_WORK,EG-03,case:CAS-CSE-ENGY-03-0021520,subtle
CSE-ENGY-03,ACK_NO_WORK,EG-03,case:CAS-CSE-ENGY-03-0021522,subtle
CSE-ENGY-03,ACK_NO_WORK,EG-03,case:CAS-CSE-ENGY-03-0021524,subtle
CSE-ENGY-03,ACK_NO_WORK,EG-03,case:CAS-CSE-ENGY-03-0021525,subtle
CSE-ENGY-03,ACK_NO_WORK,EG-03,case:CAS-CSE-ENGY-03-0021528,subtle
CSE-ENGY-03,ACK_NO_WORK,EG-03,case:CAS-CSE-ENGY-03-0021531,subtle
CSE-ENGY-03,ACK_NO_WORK,EG-03,case:CAS-CSE-ENGY-03-0021533,subtle
CSE-ENGY-03,ACK_NO_WORK,EG-03,case:CAS-CSE-ENGY-03-0021534,subtle
CSE-ENGY-03,ACK_NO_WORK,EG-03,case:CAS-CSE-ENGY-03-0021536,subtle
CSE-ENGY-03,ACK_NO_WORK,EG-03,case:CAS-CSE-ENGY-03-0021539,subtle
CSE-ENGY-03,ACK_NO_WORK,EG-03,case:CAS-CSE-ENGY-03-0021548,subtle
CSE-ENGY-03,ACK_NO_WORK,EG-03,case:CAS-CSE-ENGY-03-0021554,subtle
CSE-ENGY-03,ACK_NO_WORK,EG-03,case:CAS-CSE-ENGY-03-0021557,subtle
CSE-ENGY-03,ACK_NO_WORK,EG-03,case:CAS-CSE-ENGY-03-0021559,subtle
CSE-ENGY-03,ACK_NO_WORK,EG-03,case:CAS-CSE-ENGY-03-0021561,subtle
CSE-ENGY-03,ACK_NO_WORK,EG-03,case:CAS-CSE-ENGY-03-0021566,subtle
CSE-ENGY-03,ACK_NO_WORK,EG-03,case:CAS-CSE-ENGY-03-0021568,subtle
CSE-ENGY-03,ACK_NO_WORK,EG-03,case:CAS-CSE-ENGY-03-0021569,subtle
CSE-ENGY-03,ACK_NO_WORK,EG-03,case:CAS-CSE-ENGY-03-0021574,subtle
CSE-ENGY-03,ACK_NO_WORK,EG-03,case:CAS-CSE-ENGY-03-0021582,subtle
CSE-ENGY-03,ACK_NO_WORK,EG-03,case:CAS-CSE-ENGY-03-0021584,subtle
CSE-ENGY-03,ACK_NO_WORK,EG-03,case:CAS-CSE-ENGY-03-0021586,subtle
CSE-ENGY-03,ACK_NO_WORK,EG-03,case:CAS-CSE-ENGY-03-0021592,subtle
CSE-ENGY-03,ACK_NO_WORK,EG-03,case:CAS-CSE-ENGY-03-0021594,subtle
CSE-ENGY-03,ACK_NO_WORK,EG-03,case:CAS-CSE-ENGY-03-0021598,subtle
CSE-ENGY-03,ACK_NO_WORK,EG-03,case:CAS-CSE-ENGY-03-0021600,subtle
CSE-ENGY-03,ACK_NO_WORK,EG-03,case:CAS-CSE-ENGY-03-0021610,subtle
CSE-ENGY-03,ACK_NO_WORK,EG-03,case:CAS-CSE-ENGY-03-0021611,subtle
CSE-ENGY-03,ACK_NO_WORK,EG-03,case:CAS-CSE-ENGY-03-0021612,subtle
CSE-ENGY-03,ACK_NO_WORK,EG-03,case:CAS-CSE-ENGY-03-0021619,subtle
CSE-ENGY-03,ACK_NO_WORK,EG-03,case:CAS-CSE-ENGY-03-0021621,subtle
CSE-ENGY-03,ACK_NO_WORK,EG-03,case:CAS-CSE-ENGY-03-0021625,subtle
CSE-ENGY-03,ACK_NO_WORK,EG-03,case:CAS-CSE-ENGY-03-0021627,subtle
CSE-ENGY-03,ACK_NO_WORK,EG-03,case:CAS-CSE-ENGY-03-0021629,subtle
CSE-ENGY-03,ACK_NO_WORK,EG-03,case:CAS-CSE-ENGY-03-0021630,subtle
CSE-ENGY-03,ACK_NO_WORK,EG-03,case:CAS-CSE-ENGY-03-0021640,subtle
CSE-ENGY-03,ACK_NO_WORK,EG-03,case:CAS-CSE-ENGY-03-0021650,subtle
CSE-ENGY-03,ACK_NO_WORK,EG-03,case:CAS-CSE-ENGY-03-0021651,subtle
CSE-ENGY-03,ACK_NO_WORK,EG-03,case:CAS-CSE-ENGY-03-0021652,subtle
CSE-ENGY-03,ACK_NO_WORK,EG-03,case:CAS-CSE-ENGY-03-0021653,subtle
CSE-ENGY-03,ACK_NO_WORK,EG-03,case:CAS-CSE-ENGY-03-0021655,subtle
CSE-ENGY-03,ACK_NO_WORK,EG-03,case:CAS-CSE-ENGY-03-0021659,subtle
CSE-ENGY-03,ACK_NO_WORK,EG-03,case:CAS-CSE-ENGY-03-0021660,subtle
CSE-ENGY-03,ACK_NO_WORK,EG-03,case:CAS-CSE-ENGY-03-0021662,subtle
CSE-ENGY-03,ACK_NO_WORK,EG-03,case:CAS-CSE-ENGY-03-0021666,subtle
CSE-ENGY-03,ACK_NO_WORK,EG-03,case:CAS-CSE-ENGY-03-0021668,subtle
CSE-ENGY-03,ACK_NO_WORK,EG-03,case:CAS-CSE-ENGY-03-0021671,subtle
CSE-ENGY-03,ACK_NO_WORK,EG-03,case:CAS-CSE-ENGY-03-0021672,subtle
CSE-ENGY-03,ACK_NO_WORK,EG-03,case:CAS-CSE-ENGY-03-0021673,subtle
CSE-ENGY-03,ACK_NO_WORK,EG-03,case:CAS-CSE-ENGY-03-0021679,subtle
CSE-ENGY-03,ACK_NO_WORK,EG-03,case:CAS-CSE-ENGY-03-0021681,subtle
CSE-ENGY-03,ACK_NO_WORK,EG-03,case:CAS-CSE-ENGY-03-0021682,subtle
CSE-ENGY-03,ACK_NO_WORK,EG-03,case:CAS-CSE-ENGY-03-0021683,subtle
CSE-ENGY-03,ACK_NO_WORK,EG-03,case:CAS-CSE-ENGY-03-0021684,subtle
CSE-ENGY-03,ACK_NO_WORK,EG-03,case:CAS-CSE-ENGY-03-0021686,subtle
CSE-ENGY-03,ACK_NO_WORK,EG-03,case:CAS-CSE-ENGY-03-0021695,subtle
CSE-ENGY-03,ACK_NO_WORK,EG-03,case:CAS-CSE-ENGY-03-0021699,subtle
CSE-ENGY-03,ACK_NO_WORK,EG-03,case:CAS-CSE-ENGY-03-0021700,subtle
CSE-ENGY-03,ACK_NO_WORK,EG-03,case:CAS-CSE-ENGY-03-0021703,subtle
CSE-ENGY-03,ACK_NO_WORK,EG-03,case:CAS-CSE-ENGY-03-0021706,subtle
CSE-ENGY-03,ACK_NO_WORK,EG-03,case:CAS-CSE-ENGY-03-0021710,subtle
CSE-ENGY-03,ACK_NO_WORK,EG-03,case:CAS-CSE-ENGY-03-0021712,subtle
CSE-ENGY-03,ACK_NO_WORK,EG-03,case:CAS-CSE-ENGY-03-0021713,subtle
CSE-ENGY-03,ACK_NO_WORK,EG-03,case:CAS-CSE-ENGY-03-0021716,subtle
CSE-ENGY-03,ACK_NO_WORK,EG-03,case:CAS-CSE-ENGY-03-0021718,subtle
CSE-ENGY-03,ACK_NO_WORK,EG-03,case:CAS-CSE-ENGY-03-0021720,subtle
CSE-ENGY-03,ACK_NO_WORK,EG-03,case:CAS-CSE-ENGY-03-0021721,subtle
CSE-ENGY-03,ACK_NO_WORK,EG-03,case:CAS-CSE-ENGY-03-0021723,subtle
CSE-ENGY-03,ACK_NO_WORK,EG-03,case:CAS-CSE-ENGY-03-0021724,subtle
CSE-ENGY-03,ACK_NO_WORK,EG-03,case:CAS-CSE-ENGY-03-0021725,subtle
CSE-ENGY-03,ACK_NO_WORK,EG-03,case:CAS-CSE-ENGY-03-0021729,subtle
CSE-ENGY-03,ACK_NO_WORK,EG-03,case:CAS-CSE-ENGY-03-0021736,subtle
CSE-ENGY-03,ACK_NO_WORK,EG-03,case:CAS-CSE-ENGY-03-0021737,subtle
CSE-ENGY-03,ACK_NO_WORK,EG-03,case:CAS-CSE-ENGY-03-0021740,subtle
CSE-ENGY-03,ACK_NO_WORK,EG-03,case:CAS-CSE-ENGY-03-0021741,subtle
CSE-ENGY-03,ACK_NO_WORK,EG-03,case:CAS-CSE-ENGY-03-0021742,subtle
CSE-ENGY-03,ACK_NO_WORK,EG-03,case:CAS-CSE-ENGY-03-0021744,subtle
CSE-ENGY-03,ACK_NO_WORK,EG-03,case:CAS-CSE-ENGY-03-0021746,subtle
CSE-ENGY-03,ACK_NO_WORK,EG-03,case:CAS-CSE-ENGY-03-0021747,subtle
CSE-ENGY-03,ACK_NO_WORK,EG-03,case:CAS-CSE-ENGY-03-0021748,subtle
CSE-ENGY-03,ACK_NO_WORK,EG-03,case:CAS-CSE-ENGY-03-0021751,subtle
CSE-ENGY-03,ACK_NO_WORK,EG-03,case:CAS-CSE-ENGY-03-0021754,subtle
CSE-ENGY-03,ACK_NO_WORK,EG-03,case:CAS-CSE-ENGY-03-0021755,subtle
CSE-ENGY-03,ACK_NO_WORK,EG-03,case:CAS-CSE-ENGY-03-0021756,subtle
CSE-ENGY-03,ACK_NO_WORK,EG-03,case:CAS-CSE-ENGY-03-0021761,subtle
CSE-ENGY-03,ACK_NO_WORK,EG-03,case:CAS-CSE-ENGY-03-0021763,subtle
CSE-ENGY-03,ACK_NO_WORK,EG-03,case:CAS-CSE-ENGY-03-0021764,subtle
CSE-ENGY-03,ACK_NO_WORK,EG-03,case:CAS-CSE-ENGY-03-0021765,subtle
CSE-ENGY-03,ACK_NO_WORK,EG-03,case:CAS-CSE-ENGY-03-0021766,subtle
CSE-ENGY-03,ACK_NO_WORK,EG-03,case:CAS-CSE-ENGY-03-0021775,subtle
CSE-ENGY-03,ACK_NO_WORK,EG-03,case:CAS-CSE-ENGY-03-0021776,subtle
CSE-ENGY-03,ACK_NO_WORK,EG-03,case:CAS-CSE-ENGY-03-0021783,subtle
CSE-ENGY-03,ACK_NO_WORK,EG-03,case:CAS-CSE-ENGY-03-0021784,subtle
CSE-ENGY-03,ACK_NO_WORK,EG-03,case:CAS-CSE-ENGY-03-0021787,subtle
CSE-ENGY-03,ACK_NO_WORK,EG-03,case:CAS-CSE-ENGY-03-0021792,subtle
CSE-ENGY-03,ACK_NO_WORK,EG-03,case:CAS-CSE-ENGY-03-0021793,subtle
CSE-ENGY-03,ACK_NO_WORK,EG-03,case:CAS-CSE-ENGY-03-0021794,subtle
CSE-ENGY-03,ACK_NO_WORK,EG-03,case:CAS-CSE-ENGY-03-0021799,subtle
CSE-ENGY-03,ACK_NO_WORK,EG-03,case:CAS-CSE-ENGY-03-0021806,subtle
CSE-ENGY-03,ACK_NO_WORK,EG-03,case:CAS-CSE-ENGY-03-0021807,subtle
CSE-ENGY-03,ACK_NO_WORK,EG-03,case:CAS-CSE-ENGY-03-0021808,subtle
CSE-ENGY-03,ACK_NO_WORK,EG-03,case:CAS-CSE-ENGY-03-0021809,subtle
CSE-ENGY-03,ACK_NO_WORK,EG-03,case:CAS-CSE-ENGY-03-0021810,subtle
CSE-ENGY-03,ACK_NO_WORK,EG-03,case:CAS-CSE-ENGY-03-0021811,subtle
CSE-ENGY-03,ACK_NO_WORK,EG-03,case:CAS-CSE-ENGY-03-0021812,subtle
CSE-ENGY-03,ACK_NO_WORK,EG-03,case:CAS-CSE-ENGY-03-0021815,subtle
CSE-ENGY-03,ACK_NO_WORK,EG-03,case:CAS-CSE-ENGY-03-0021819,subtle
CSE-ENGY-03,ACK_NO_WORK,EG-03,case:CAS-CSE-ENGY-03-0021822,subtle
CSE-ENGY-03,ACK_NO_WORK,EG-03,case:CAS-CSE-ENGY-03-0021823,subtle
CSE-ENGY-03,ACK_NO_WORK,EG-03,case:CAS-CSE-ENGY-03-0021827,subtle
CSE-ENGY-03,ACK_NO_WORK,EG-03,case:CAS-CSE-ENGY-03-0021828,subtle
CSE-ENGY-03,ACK_NO_WORK,EG-03,case:CAS-CSE-ENGY-03-0021837,subtle
CSE-ENGY-03,ACK_NO_WORK,EG-03,case:CAS-CSE-ENGY-03-0021839,subtle
CSE-ENGY-03,ACK_NO_WORK,EG-03,case:CAS-CSE-ENGY-03-0021840,subtle
CSE-ENGY-03,ACK_NO_WORK,EG-03,case:CAS-CSE-ENGY-03-0021844,subtle
CSE-ENGY-03,ACK_NO_WORK,EG-03,case:CAS-CSE-ENGY-03-0021845,subtle
CSE-ENGY-03,ACK_NO_WORK,EG-03,case:CAS-CSE-ENGY-03-0021847,subtle
CSE-ENGY-03,ACK_NO_WORK,EG-03,case:CAS-CSE-ENGY-03-0021848,subtle
CSE-ENGY-03,ACK_NO_WORK,EG-03,case:CAS-CSE-ENGY-03-0021850,subtle
CSE-ENGY-03,ACK_NO_WORK,EG-03,case:CAS-CSE-ENGY-03-0021851,subtle
CSE-ENGY-03,ACK_NO_WORK,EG-03,case:CAS-CSE-ENGY-03-0021855,subtle
CSE-ENGY-03,ACK_NO_WORK,EG-03,case:CAS-CSE-ENGY-03-0021856,subtle
CSE-ENGY-03,ACK_NO_WORK,EG-03,case:CAS-CSE-ENGY-03-0021857,subtle
CSE-ENGY-03,ACK_NO_WORK,EG-03,case:CAS-CSE-ENGY-03-0021858,subtle
CSE-ENGY-03,ACK_NO_WORK,EG-03,case:CAS-CSE-ENGY-03-0021860,subtle
CSE-ENGY-03,ACK_NO_WORK,EG-03,case:CAS-CSE-ENGY-03-0021861,subtle
CSE-ENGY-03,ACK_NO_WORK,EG-03,case:CAS-CSE-ENGY-03-0021862,subtle
CSE-ENGY-03,ACK_NO_WORK,EG-03,case:CAS-CSE-ENGY-03-0021864,subtle
CSE-ENGY-03,ACK_NO_WORK,EG-03,case:CAS-CSE-ENGY-03-0021865,subtle
CSE-ENGY-03,ACK_NO_WORK,EG-03,case:CAS-CSE-ENGY-03-0021873,subtle
CSE-ENGY-03,ACK_NO_WORK,EG-03,case:CAS-CSE-ENGY-03-0021874,subtle
CSE-ENGY-03,ACK_NO_WORK,EG-03,case:CAS-CSE-ENGY-03-0021880,subtle
CSE-ENGY-03,ACK_NO_WORK,EG-03,case:CAS-CSE-ENGY-03-0021890,subtle
CSE-ENGY-03,ACK_NO_WORK,EG-03,case:CAS-CSE-ENGY-03-0021892,subtle
CSE-ENGY-03,ACK_NO_WORK,EG-03,case:CAS-CSE-ENGY-03-0021893,subtle
CSE-ENGY-03,ACK_NO_WORK,EG-03,case:CAS-CSE-ENGY-03-0021895,subtle
CSE-ENGY-03,ACK_NO_WORK,EG-03,case:CAS-CSE-ENGY-03-0021899,subtle
CSE-ENGY-03,ACK_NO_WORK,EG-03,case:CAS-CSE-ENGY-03-0021912,subtle
CSE-ENGY-03,ACK_NO_WORK,EG-03,case:CAS-CSE-ENGY-03-0021915,subtle
CSE-ENGY-03,ACK_NO_WORK,EG-03,case:CAS-CSE-ENGY-03-0021918,subtle
CSE-ENGY-03,ACK_NO_WORK,EG-03,case:CAS-CSE-ENGY-03-0021921,subtle
CSE-ENGY-03,ACK_NO_WORK,EG-03,case:CAS-CSE-ENGY-03-0021926,subtle
CSE-ENGY-03,ACK_NO_WORK,EG-03,case:CAS-CSE-ENGY-03-0021927,subtle
CSE-ENGY-03,ACK_NO_WORK,EG-03,case:CAS-CSE-ENGY-03-0021928,subtle
CSE-ENGY-03,ACK_NO_WORK,EG-03,case:CAS-CSE-ENGY-03-0021929,subtle
CSE-ENGY-03,ACK_NO_WORK,EG-03,case:CAS-CSE-ENGY-03-0021932,subtle
CSE-ENGY-03,ACK_NO_WORK,EG-03,case:CAS-CSE-ENGY-03-0021934,subtle
CSE-ENGY-03,ACK_NO_WORK,EG-03,case:CAS-CSE-ENGY-03-0021937,subtle
CSE-ENGY-03,ACK_NO_WORK,EG-03,case:CAS-CSE-ENGY-03-0021938,subtle
CSE-ENGY-03,ACK_NO_WORK,EG-03,case:CAS-CSE-ENGY-03-0021943,subtle
CSE-ENGY-03,ACK_NO_WORK,EG-03,case:CAS-CSE-ENGY-03-0021944,subtle
CSE-ENGY-03,ACK_NO_WORK,EG-03,case:CAS-CSE-ENGY-03-0021945,subtle
CSE-ENGY-03,ACK_NO_WORK,EG-03,case:CAS-CSE-ENGY-03-0021946,subtle
CSE-ENGY-03,ACK_NO_WORK,EG-03,case:CAS-CSE-ENGY-03-0021947,subtle
CSE-ENGY-03,ACK_NO_WORK,EG-03,case:CAS-CSE-ENGY-03-0021950,subtle
CSE-ENGY-03,ACK_NO_WORK,EG-03,case:CAS-CSE-ENGY-03-0021951,subtle
CSE-ENGY-03,ACK_NO_WORK,EG-03,case:CAS-CSE-ENGY-03-0021956,subtle
CSE-ENGY-03,ACK_NO_WORK,EG-03,case:CAS-CSE-ENGY-03-0021957,subtle
CSE-ENGY-03,ACK_NO_WORK,EG-03,case:CAS-CSE-ENGY-03-0021961,subtle
CSE-ENGY-03,ACK_NO_WORK,EG-03,case:CAS-CSE-ENGY-03-0021962,subtle
CSE-ENGY-03,ACK_NO_WORK,EG-03,case:CAS-CSE-ENGY-03-0021963,subtle
CSE-ENGY-03,ACK_NO_WORK,EG-03,case:CAS-CSE-ENGY-03-0021964,subtle
CSE-ENGY-03,ACK_NO_WORK,EG-03,case:CAS-CSE-ENGY-03-0021965,subtle
CSE-ENGY-03,ACK_NO_WORK,EG-03,case:CAS-CSE-ENGY-03-0021966,subtle
CSE-ENGY-03,ACK_NO_WORK,EG-03,case:CAS-CSE-ENGY-03-0021968,subtle
CSE-ENGY-03,ACK_NO_WORK,EG-03,case:CAS-CSE-ENGY-03-0021974,subtle
CSE-ENGY-03,ACK_NO_WORK,EG-03,case:CAS-CSE-ENGY-03-0021976,subtle
CSE-ENGY-03,ACK_NO_WORK,EG-03,case:CAS-CSE-ENGY-03-0021979,subtle
CSE-ENGY-03,ACK_NO_WORK,EG-03,case:CAS-CSE-ENGY-03-0021980,subtle
CSE-ENGY-03,ACK_NO_WORK,EG-03,case:CAS-CSE-ENGY-03-0021982,subtle
CSE-ENGY-03,ACK_NO_WORK,EG-03,case:CAS-CSE-ENGY-03-0021983,subtle
CSE-ENGY-03,ACK_NO_WORK,EG-03,case:CAS-CSE-ENGY-03-0021985,subtle
CSE-ENGY-03,ACK_NO_WORK,EG-03,case:CAS-CSE-ENGY-03-0021986,subtle
CSE-ENGY-03,ACK_NO_WORK,EG-03,case:CAS-CSE-ENGY-03-0021989,subtle
CSE-ENGY-03,ACK_NO_WORK,EG-03,case:CAS-CSE-ENGY-03-0021992,subtle
CSE-ENGY-03,ACK_NO_WORK,EG-03,case:CAS-CSE-ENGY-03-0021997,subtle
CSE-ENGY-03,ACK_NO_WORK,EG-03,case:CAS-CSE-ENGY-03-0022000,subtle
CSE-ENGY-03,ACK_NO_WORK,EG-03,case:CAS-CSE-ENGY-03-0022003,subtle
CSE-ENGY-03,ACK_NO_WORK,EG-03,case:CAS-CSE-ENGY-03-0022005,subtle
CSE-ENGY-03,ACK_NO_WORK,EG-03,case:CAS-CSE-ENGY-03-0022008,subtle
CSE-ENGY-03,ACK_NO_WORK,EG-03,case:CAS-CSE-ENGY-03-0022009,subtle
CSE-ENGY-03,ACK_NO_WORK,EG-03,case:CAS-CSE-ENGY-03-0022013,subtle
CSE-ENGY-03,ACK_NO_WORK,EG-03,case:CAS-CSE-ENGY-03-0022014,subtle
CSE-ENGY-03,ACK_NO_WORK,EG-03,case:CAS-CSE-ENGY-03-0022016,subtle
CSE-ENGY-03,ACK_NO_WORK,EG-03,case:CAS-CSE-ENGY-03-0022018,subtle
CSE-ENGY-03,ACK_NO_WORK,EG-03,case:CAS-CSE-ENGY-03-0022026,subtle
CSE-ENGY-03,ACK_NO_WORK,EG-03,case:CAS-CSE-ENGY-03-0022029,subtle
CSE-ENGY-03,ACK_NO_WORK,EG-03,case:CAS-CSE-ENGY-03-0022031,subtle
CSE-ENGY-03,ACK_NO_WORK,EG-03,case:CAS-CSE-ENGY-03-0022032,subtle
CSE-ENGY-03,ACK_NO_WORK,EG-03,case:CAS-CSE-ENGY-03-0022038,subtle
CSE-ENGY-03,ACK_NO_WORK,EG-03,case:CAS-CSE-ENGY-03-0022039,subtle
CSE-ENGY-03,ACK_NO_WORK,EG-03,case:CAS-CSE-ENGY-03-0022041,subtle
CSE-ENGY-03,ACK_NO_WORK,EG-03,case:CAS-CSE-ENGY-03-0022042,subtle
CSE-ENGY-03,ACK_NO_WORK,EG-03,case:CAS-CSE-ENGY-03-0022044,subtle
CSE-ENGY-03,ACK_NO_WORK,EG-03,case:CAS-CSE-ENGY-03-0022046,subtle
CSE-ENGY-03,ACK_NO_WORK,EG-03,case:CAS-CSE-ENGY-03-0022053,subtle
CSE-ENGY-03,ACK_NO_WORK,EG-03,case:CAS-CSE-ENGY-03-0022054,subtle
CSE-ENGY-03,ACK_NO_WORK,EG-03,case:CAS-CSE-ENGY-03-0022058,subtle
CSE-ENGY-03,ACK_NO_WORK,EG-03,case:CAS-CSE-ENGY-03-0022059,subtle
CSE-ENGY-03,ACK_NO_WORK,EG-03,case:CAS-CSE-ENGY-03-0022061,subtle
CSE-ENGY-03,ACK_NO_WORK,EG-03,case:CAS-CSE-ENGY-03-0022064,subtle
CSE-ENGY-03,ACK_NO_WORK,EG-03,case:CAS-CSE-ENGY-03-0022066,subtle
CSE-ENGY-03,ACK_NO_WORK,EG-03,case:CAS-CSE-ENGY-03-0022068,subtle
CSE-ENGY-03,ACK_NO_WORK,EG-03,case:CAS-CSE-ENGY-03-0022071,subtle
CSE-ENGY-03,ACK_NO_WORK,EG-03,case:CAS-CSE-ENGY-03-0022075,subtle
CSE-ENGY-03,ACK_NO_WORK,EG-03,case:CAS-CSE-ENGY-03-0022078,subtle
CSE-ENGY-03,ACK_NO_WORK,EG-03,case:CAS-CSE-ENGY-03-0022080,subtle
CSE-ENGY-03,ACK_NO_WORK,EG-03,case:CAS-CSE-ENGY-03-0022081,subtle
CSE-ENGY-03,ACK_NO_WORK,EG-03,case:CAS-CSE-ENGY-03-0022082,subtle
CSE-ENGY-03,ACK_NO_WORK,EG-03,case:CAS-CSE-ENGY-03-0022084,subtle
CSE-ENGY-03,ACK_NO_WORK,EG-03,case:CAS-CSE-ENGY-03-0022089,subtle
CSE-ENGY-03,ACK_NO_WORK,EG-03,case:CAS-CSE-ENGY-03-0022092,subtle
CSE-ENGY-03,ACK_NO_WORK,EG-03,case:CAS-CSE-ENGY-03-0022093,subtle
CSE-ENGY-03,ACK_NO_WORK,EG-03,case:CAS-CSE-ENGY-03-0022094,subtle
CSE-ENGY-03,ACK_NO_WORK,EG-03,case:CAS-CSE-ENGY-03-0022096,subtle
CSE-ENGY-03,ACK_NO_WORK,EG-03,case:CAS-CSE-ENGY-03-0022097,subtle
CSE-ENGY-03,ACK_NO_WORK,EG-03,case:CAS-CSE-ENGY-03-0022105,subtle
CSE-ENGY-03,ACK_NO_WORK,EG-03,case:CAS-CSE-ENGY-03-0022107,subtle
CSE-ENGY-03,ACK_NO_WORK,EG-03,case:CAS-CSE-ENGY-03-0022111,subtle
CSE-ENGY-03,ACK_NO_WORK,EG-03,case:CAS-CSE-ENGY-03-0022114,subtle
CSE-ENGY-03,ACK_NO_WORK,EG-03,case:CAS-CSE-ENGY-03-0022115,subtle
CSE-ENGY-03,ACK_NO_WORK,EG-03,case:CAS-CSE-ENGY-03-0022118,subtle
CSE-ENGY-03,ACK_NO_WORK,EG-03,case:CAS-CSE-ENGY-03-0022122,subtle
CSE-ENGY-03,ACK_NO_WORK,EG-03,case:CAS-CSE-ENGY-03-0022123,subtle
CSE-ENGY-03,ACK_NO_WORK,EG-03,case:CAS-CSE-ENGY-03-0022124,subtle
CSE-ENGY-03,ACK_NO_WORK,EG-03,case:CAS-CSE-ENGY-03-0022125,subtle
CSE-ENGY-03,ACK_NO_WORK,EG-03,case:CAS-CSE-ENGY-03-0022131,subtle
CSE-ENGY-03,ACK_NO_WORK,EG-03,case:CAS-CSE-ENGY-03-0022136,subtle
CSE-ENGY-03,ACK_NO_WORK,EG-03,case:CAS-CSE-ENGY-03-0022137,subtle
CSE-ENGY-03,ACK_NO_WORK,EG-03,case:CAS-CSE-ENGY-03-0022139,subtle
CSE-ENGY-03,ACK_NO_WORK,EG-03,case:CAS-CSE-ENGY-03-0022143,subtle
CSE-ENGY-03,ACK_NO_WORK,EG-03,case:CAS-CSE-ENGY-03-0022144,subtle
CSE-ENGY-03,ACK_NO_WORK,EG-03,case:CAS-CSE-ENGY-03-0022147,subtle
CSE-ENGY-03,ACK_NO_WORK,EG-03,case:CAS-CSE-ENGY-03-0022148,subtle
CSE-ENGY-03,ACK_NO_WORK,EG-03,case:CAS-CSE-ENGY-03-0022150,subtle
CSE-ENGY-03,ACK_NO_WORK,EG-03,case:CAS-CSE-ENGY-03-0022155,subtle
CSE-ENGY-03,ACK_NO_WORK,EG-03,case:CAS-CSE-ENGY-03-0022157,subtle
CSE-ENGY-03,ACK_NO_WORK,EG-03,case:CAS-CSE-ENGY-03-0022159,subtle
CSE-ENGY-03,ACK_NO_WORK,EG-03,case:CAS-CSE-ENGY-03-0022160,subtle
CSE-ENGY-03,ACK_NO_WORK,EG-03,case:CAS-CSE-ENGY-03-0022161,subtle
CSE-ENGY-03,ACK_NO_WORK,EG-03,case:CAS-CSE-ENGY-03-0022162,subtle
CSE-ENGY-03,ACK_NO_WORK,EG-03,case:CAS-CSE-ENGY-03-0022165,subtle
CSE-ENGY-03,ACK_NO_WORK,EG-03,case:CAS-CSE-ENGY-03-0022166,subtle
CSE-ENGY-03,ACK_NO_WORK,EG-03,case:CAS-CSE-ENGY-03-0022168,subtle
CSE-ENGY-03,ACK_NO_WORK,EG-03,case:CAS-CSE-ENGY-03-0022171,subtle
CSE-ENGY-03,ACK_NO_WORK,EG-03,case:CAS-CSE-ENGY-03-0022172,subtle
CSE-ENGY-03,ACK_NO_WORK,EG-03,case:CAS-CSE-ENGY-03-0022174,subtle
CSE-ENGY-03,ACK_NO_WORK,EG-03,case:CAS-CSE-ENGY-03-0022178,subtle
CSE-ENGY-03,ACK_NO_WORK,EG-03,case:CAS-CSE-ENGY-03-0022180,subtle
CSE-ENGY-03,ACK_NO_WORK,EG-03,case:CAS-CSE-ENGY-03-0022181,subtle
CSE-ENGY-03,ACK_NO_WORK,EG-03,case:CAS-CSE-ENGY-03-0022182,subtle
CSE-ENGY-03,ACK_NO_WORK,EG-03,case:CAS-CSE-ENGY-03-0022188,subtle
CSE-ENGY-03,ACK_NO_WORK,EG-03,case:CAS-CSE-ENGY-03-0022191,subtle
CSE-ENGY-03,ACK_NO_WORK,EG-03,case:CAS-CSE-ENGY-03-0022194,subtle
CSE-ENGY-03,ACK_NO_WORK,EG-03,case:CAS-CSE-ENGY-03-0022195,subtle
CSE-ENGY-03,ACK_NO_WORK,EG-03,case:CAS-CSE-ENGY-03-0022200,subtle
CSE-ENGY-03,ACK_NO_WORK,EG-03,case:CAS-CSE-ENGY-03-0022202,subtle
CSE-ENGY-03,ACK_NO_WORK,EG-03,case:CAS-CSE-ENGY-03-0022205,subtle
CSE-ENGY-03,ACK_NO_WORK,EG-03,case:CAS-CSE-ENGY-03-0022206,subtle
CSE-ENGY-03,ACK_NO_WORK,EG-03,case:CAS-CSE-ENGY-03-0022207,subtle
CSE-ENGY-03,ACK_NO_WORK,EG-03,case:CAS-CSE-ENGY-03-0022208,subtle
CSE-ENGY-03,ACK_NO_WORK,EG-03,case:CAS-CSE-ENGY-03-0022209,subtle
CSE-ENGY-03,ACK_NO_WORK,EG-03,case:CAS-CSE-ENGY-03-0022212,subtle
CSE-ENGY-03,ACK_NO_WORK,EG-03,case:CAS-CSE-ENGY-03-0022215,subtle
CSE-ENGY-03,ACK_NO_WORK,EG-03,case:CAS-CSE-ENGY-03-0022224,subtle
CSE-ENGY-03,ACK_NO_WORK,EG-03,case:CAS-CSE-ENGY-03-0022227,subtle
CSE-ENGY-03,ACK_NO_WORK,EG-03,case:CAS-CSE-ENGY-03-0022233,subtle
CSE-ENGY-03,ACK_NO_WORK,EG-03,case:CAS-CSE-ENGY-03-0022234,subtle
CSE-ENGY-03,ACK_NO_WORK,EG-03,case:CAS-CSE-ENGY-03-0022235,subtle
CSE-ENGY-03,ACK_NO_WORK,EG-03,case:CAS-CSE-ENGY-03-0022237,subtle
CSE-ENGY-03,ACK_NO_WORK,EG-03,case:CAS-CSE-ENGY-03-0022238,subtle
CSE-ENGY-03,ACK_NO_WORK,EG-03,case:CAS-CSE-ENGY-03-0022246,subtle
CSE-ENGY-03,ACK_NO_WORK,EG-03,case:CAS-CSE-ENGY-03-0022248,subtle
CSE-ENGY-03,ACK_NO_WORK,EG-03,case:CAS-CSE-ENGY-03-0022251,subtle
CSE-ENGY-03,ACK_NO_WORK,EG-03,case:CAS-CSE-ENGY-03-0022253,subtle
CSE-ENGY-03,ACK_NO_WORK,EG-03,case:CAS-CSE-ENGY-03-0022259,subtle
CSE-ENGY-03,ACK_NO_WORK,EG-03,case:CAS-CSE-ENGY-03-0022263,subtle
CSE-ENGY-03,ACK_NO_WORK,EG-03,case:CAS-CSE-ENGY-03-0022266,subtle
CSE-ENGY-03,ACK_NO_WORK,EG-03,case:CAS-CSE-ENGY-03-0022276,subtle
CSE-ENGY-03,ACK_NO_WORK,EG-03,case:CAS-CSE-ENGY-03-0022281,subtle
CSE-ENGY-03,ACK_NO_WORK,EG-03,case:CAS-CSE-ENGY-03-0022284,subtle
CSE-ENGY-03,ACK_NO_WORK,EG-03,case:CAS-CSE-ENGY-03-0022296,subtle
CSE-ENGY-03,ACK_NO_WORK,EG-03,case:CAS-CSE-ENGY-03-0022299,subtle
CSE-ENGY-03,ACK_NO_WORK,EG-03,case:CAS-CSE-ENGY-03-0022304,subtle
CSE-ENGY-03,ACK_NO_WORK,EG-03,case:CAS-CSE-ENGY-03-0022305,subtle
CSE-ENGY-03,ACK_NO_WORK,EG-03,case:CAS-CSE-ENGY-03-0022306,subtle
CSE-ENGY-03,ACK_NO_WORK,EG-03,case:CAS-CSE-ENGY-03-0022309,subtle
CSE-ENGY-03,ACK_NO_WORK,EG-03,case:CAS-CSE-ENGY-03-0022310,subtle
CSE-ENGY-03,ACK_NO_WORK,EG-03,case:CAS-CSE-ENGY-03-0022316,subtle
CSE-ENGY-03,ACK_NO_WORK,EG-03,case:CAS-CSE-ENGY-03-0022318,subtle
CSE-ENGY-03,ACK_NO_WORK,EG-03,case:CAS-CSE-ENGY-03-0022319,subtle
CSE-ENGY-03,ACK_NO_WORK,EG-03,case:CAS-CSE-ENGY-03-0022320,subtle
CSE-ENGY-03,ACK_NO_WORK,EG-03,case:CAS-CSE-ENGY-03-0022324,subtle
CSE-ENGY-03,ACK_NO_WORK,EG-03,case:CAS-CSE-ENGY-03-0022325,subtle
CSE-ENGY-03,ACK_NO_WORK,EG-03,case:CAS-CSE-ENGY-03-0022327,subtle
CSE-ENGY-03,ACK_NO_WORK,EG-03,case:CAS-CSE-ENGY-03-0022331,subtle
CSE-ENGY-03,ACK_NO_WORK,EG-03,case:CAS-CSE-ENGY-03-0022332,subtle
CSE-ENGY-03,ACK_NO_WORK,EG-03,case:CAS-CSE-ENGY-03-0022334,subtle
CSE-ENGY-03,ACK_NO_WORK,EG-03,case:CAS-CSE-ENGY-03-0022346,subtle
CSE-ENGY-03,ACK_NO_WORK,EG-03,case:CAS-CSE-ENGY-03-0022349,subtle
CSE-ENGY-03,ACK_NO_WORK,EG-03,case:CAS-CSE-ENGY-03-0022350,subtle
CSE-ENGY-03,ACK_NO_WORK,EG-03,case:CAS-CSE-ENGY-03-0022351,subtle
CSE-ENGY-03,ACK_NO_WORK,EG-03,case:CAS-CSE-ENGY-03-0022353,subtle
CSE-ENGY-03,ACK_NO_WORK,EG-03,case:CAS-CSE-ENGY-03-0022355,subtle
CSE-ENGY-03,ACK_NO_WORK,EG-03,case:CAS-CSE-ENGY-03-0022358,subtle
CSE-ENGY-03,ACK_NO_WORK,EG-03,case:CAS-CSE-ENGY-03-0022359,subtle
CSE-ENGY-03,ACK_NO_WORK,EG-03,case:CAS-CSE-ENGY-03-0022360,subtle
CSE-ENGY-03,ACK_NO_WORK,EG-03,case:CAS-CSE-ENGY-03-0022363,subtle
CSE-ENGY-03,ACK_NO_WORK,EG-03,case:CAS-CSE-ENGY-03-0022365,subtle
CSE-ENGY-03,ACK_NO_WORK,EG-03,case:CAS-CSE-ENGY-03-0022366,subtle
CSE-ENGY-03,ACK_NO_WORK,EG-03,case:CAS-CSE-ENGY-03-0022369,subtle
CSE-ENGY-03,ACK_NO_WORK,EG-03,case:CAS-CSE-ENGY-03-0022370,subtle
CSE-ENGY-03,ACK_NO_WORK,EG-03,case:CAS-CSE-ENGY-03-0022371,subtle
CSE-ENGY-03,ACK_NO_WORK,EG-03,case:CAS-CSE-ENGY-03-0022373,subtle
CSE-ENGY-03,ACK_NO_WORK,EG-03,case:CAS-CSE-ENGY-03-0022378,subtle
CSE-ENGY-03,ACK_NO_WORK,EG-03,case:CAS-CSE-ENGY-03-0022379,subtle
CSE-ENGY-03,ACK_NO_WORK,EG-03,case:CAS-CSE-ENGY-03-0022381,subtle
CSE-ENGY-03,ACK_NO_WORK,EG-03,case:CAS-CSE-ENGY-03-0022383,subtle
CSE-ENGY-03,ACK_NO_WORK,EG-03,case:CAS-CSE-ENGY-03-0022384,subtle
CSE-ENGY-03,ACK_NO_WORK,EG-03,case:CAS-CSE-ENGY-03-0022386,subtle
CSE-ENGY-03,ACK_NO_WORK,EG-03,case:CAS-CSE-ENGY-03-0022390,subtle
CSE-ENGY-03,ACK_NO_WORK,EG-03,case:CAS-CSE-ENGY-03-0022391,subtle
CSE-ENGY-03,ACK_NO_WORK,EG-03,case:CAS-CSE-ENGY-03-0022399,subtle
CSE-ENGY-03,ACK_NO_WORK,EG-03,case:CAS-CSE-ENGY-03-0022400,subtle
CSE-ENGY-03,ACK_NO_WORK,EG-03,case:CAS-CSE-ENGY-03-0022401,subtle
CSE-ENGY-03,ACK_NO_WORK,EG-03,case:CAS-CSE-ENGY-03-0022407,subtle
CSE-ENGY-03,ACK_NO_WORK,EG-03,case:CAS-CSE-ENGY-03-0022409,subtle
CSE-ENGY-03,ACK_NO_WORK,EG-03,case:CAS-CSE-ENGY-03-0022410,subtle
CSE-ENGY-03,ACK_NO_WORK,EG-03,case:CAS-CSE-ENGY-03-0022412,subtle
CSE-ENGY-03,ACK_NO_WORK,EG-03,case:CAS-CSE-ENGY-03-0022415,subtle
CSE-ENGY-03,ACK_NO_WORK,EG-03,case:CAS-CSE-ENGY-03-0022416,subtle
CSE-ENGY-03,ACK_NO_WORK,EG-03,case:CAS-CSE-ENGY-03-0022418,subtle
CSE-ENGY-03,ACK_NO_WORK,EG-03,case:CAS-CSE-ENGY-03-0022420,subtle
CSE-ENGY-03,ACK_NO_WORK,EG-03,case:CAS-CSE-ENGY-03-0022421,subtle
CSE-ENGY-03,ACK_NO_WORK,EG-03,case:CAS-CSE-ENGY-03-0022427,subtle
CSE-ENGY-03,ACK_NO_WORK,EG-03,case:CAS-CSE-ENGY-03-0022435,subtle
CSE-ENGY-03,ACK_NO_WORK,EG-03,case:CAS-CSE-ENGY-03-0022436,subtle
CSE-ENGY-03,ACK_NO_WORK,EG-03,case:CAS-CSE-ENGY-03-0022438,subtle
CSE-ENGY-03,ACK_NO_WORK,EG-03,case:CAS-CSE-ENGY-03-0022440,subtle
CSE-ENGY-03,ACK_NO_WORK,EG-03,case:CAS-CSE-ENGY-03-0022441,subtle
CSE-ENGY-03,ACK_NO_WORK,EG-03,case:CAS-CSE-ENGY-03-0022447,subtle
CSE-ENGY-03,ACK_NO_WORK,EG-03,case:CAS-CSE-ENGY-03-0022448,subtle
CSE-ENGY-03,ACK_NO_WORK,EG-03,case:CAS-CSE-ENGY-03-0022449,subtle
CSE-ENGY-03,ACK_NO_WORK,EG-03,case:CAS-CSE-ENGY-03-0022453,subtle
CSE-ENGY-03,ACK_NO_WORK,EG-03,case:CAS-CSE-ENGY-03-0022457,subtle
CSE-ENGY-03,ACK_NO_WORK,EG-03,case:CAS-CSE-ENGY-03-0022458,subtle
CSE-ENGY-03,ACK_NO_WORK,EG-03,case:CAS-CSE-ENGY-03-0022463,subtle
CSE-ENGY-03,ACK_NO_WORK,EG-03,case:CAS-CSE-ENGY-03-0022469,subtle
CSE-ENGY-03,ACK_NO_WORK,EG-03,case:CAS-CSE-ENGY-03-0022470,subtle
CSE-ENGY-03,ACK_NO_WORK,EG-03,case:CAS-CSE-ENGY-03-0022471,subtle
CSE-ENGY-03,ACK_NO_WORK,EG-03,case:CAS-CSE-ENGY-03-0022472,subtle
CSE-ENGY-03,ACK_NO_WORK,EG-03,case:CAS-CSE-ENGY-03-0022473,subtle
CSE-ENGY-03,ACK_NO_WORK,EG-03,case:CAS-CSE-ENGY-03-0022475,subtle
CSE-ENGY-03,ACK_NO_WORK,EG-03,case:CAS-CSE-ENGY-03-0022476,subtle
CSE-ENGY-03,ACK_NO_WORK,EG-03,case:CAS-CSE-ENGY-03-0022477,subtle
CSE-ENGY-03,ACK_NO_WORK,EG-03,case:CAS-CSE-ENGY-03-0022488,subtle
CSE-ENGY-03,ACK_NO_WORK,EG-03,case:CAS-CSE-ENGY-03-0022490,subtle
CSE-ENGY-03,ACK_NO_WORK,EG-03,case:CAS-CSE-ENGY-03-0022492,subtle
CSE-ENGY-03,ACK_NO_WORK,EG-03,case:CAS-CSE-ENGY-03-0022495,subtle
CSE-ENGY-03,ACK_NO_WORK,EG-03,case:CAS-CSE-ENGY-03-0022497,subtle
CSE-ENGY-03,ACK_NO_WORK,EG-03,case:CAS-CSE-ENGY-03-0022500,subtle
CSE-ENGY-03,ACK_NO_WORK,EG-03,case:CAS-CSE-ENGY-03-0022501,subtle
CSE-ENGY-03,ACK_NO_WORK,EG-03,case:CAS-CSE-ENGY-03-0022503,subtle
CSE-ENGY-03,ACK_NO_WORK,EG-03,case:CAS-CSE-ENGY-03-0022509,subtle
CSE-ENGY-03,ACK_NO_WORK,EG-03,case:CAS-CSE-ENGY-03-0022511,subtle
CSE-ENGY-03,ACK_NO_WORK,EG-03,case:CAS-CSE-ENGY-03-0022513,subtle
CSE-ENGY-03,ACK_NO_WORK,EG-03,case:CAS-CSE-ENGY-03-0022516,subtle
CSE-ENGY-03,ACK_NO_WORK,EG-03,case:CAS-CSE-ENGY-03-0022519,subtle
CSE-ENGY-03,ACK_NO_WORK,EG-03,case:CAS-CSE-ENGY-03-0022524,subtle
CSE-ENGY-03,ACK_NO_WORK,EG-03,case:CAS-CSE-ENGY-03-0022525,subtle
CSE-ENGY-03,ACK_NO_WORK,EG-03,case:CAS-CSE-ENGY-03-0022527,subtle
CSE-ENGY-03,ACK_NO_WORK,EG-03,case:CAS-CSE-ENGY-03-0022529,subtle
CSE-ENGY-03,ACK_NO_WORK,EG-03,case:CAS-CSE-ENGY-03-0022530,subtle
CSE-ENGY-03,ACK_NO_WORK,EG-03,case:CAS-CSE-ENGY-03-0022531,subtle
CSE-ENGY-03,ACK_NO_WORK,EG-03,case:CAS-CSE-ENGY-03-0022536,subtle
CSE-ENGY-03,ACK_NO_WORK,EG-03,case:CAS-CSE-ENGY-03-0022537,subtle
CSE-ENGY-03,ACK_NO_WORK,EG-03,case:CAS-CSE-ENGY-03-0022538,subtle
CSE-ENGY-03,ACK_NO_WORK,EG-03,case:CAS-CSE-ENGY-03-0022541,subtle
CSE-ENGY-03,ACK_NO_WORK,EG-03,case:CAS-CSE-ENGY-03-0022542,subtle
CSE-ENGY-03,ACK_NO_WORK,EG-03,case:CAS-CSE-ENGY-03-0022544,subtle
CSE-ENGY-03,ACK_NO_WORK,EG-03,case:CAS-CSE-ENGY-03-0022545,subtle
CSE-ENGY-03,ACK_NO_WORK,EG-03,case:CAS-CSE-ENGY-03-0022547,subtle
CSE-ENGY-03,ACK_NO_WORK,EG-03,case:CAS-CSE-ENGY-03-0022549,subtle
CSE-ENGY-03,ACK_NO_WORK,EG-03,case:CAS-CSE-ENGY-03-0022553,subtle
CSE-ENGY-03,ACK_NO_WORK,EG-03,case:CAS-CSE-ENGY-03-0022558,subtle
CSE-ENGY-03,ACK_NO_WORK,EG-03,case:CAS-CSE-ENGY-03-0022560,subtle
CSE-ENGY-03,ACK_NO_WORK,EG-03,case:CAS-CSE-ENGY-03-0022562,subtle
CSE-ENGY-03,ACK_NO_WORK,EG-03,case:CAS-CSE-ENGY-03-0022564,subtle
CSE-ENGY-03,ACK_NO_WORK,EG-03,case:CAS-CSE-ENGY-03-0022565,subtle
CSE-ENGY-03,ACK_NO_WORK,EG-03,case:CAS-CSE-ENGY-03-0022566,subtle
CSE-ENGY-03,ACK_NO_WORK,EG-03,case:CAS-CSE-ENGY-03-0022569,subtle
CSE-ENGY-03,ACK_NO_WORK,EG-03,case:CAS-CSE-ENGY-03-0022575,subtle
CSE-ENGY-03,ACK_NO_WORK,EG-03,case:CAS-CSE-ENGY-03-0022576,subtle
CSE-ENGY-03,ACK_NO_WORK,EG-03,case:CAS-CSE-ENGY-03-0022578,subtle
CSE-ENGY-03,ACK_NO_WORK,EG-03,case:CAS-CSE-ENGY-03-0022579,subtle
CSE-ENGY-03,ACK_NO_WORK,EG-03,case:CAS-CSE-ENGY-03-0022581,subtle
CSE-ENGY-03,ACK_NO_WORK,EG-03,case:CAS-CSE-ENGY-03-0022583,subtle
CSE-ENGY-03,ACK_NO_WORK,EG-03,case:CAS-CSE-ENGY-03-0022584,subtle
CSE-ENGY-03,ACK_NO_WORK,EG-03,case:CAS-CSE-ENGY-03-0022589,subtle
CSE-ENGY-03,ACK_NO_WORK,EG-03,case:CAS-CSE-ENGY-03-0022593,subtle
CSE-ENGY-03,ACK_NO_WORK,EG-03,case:CAS-CSE-ENGY-03-0022594,subtle
CSE-ENGY-03,ACK_NO_WORK,EG-03,case:CAS-CSE-ENGY-03-0022595,subtle
CSE-ENGY-03,ACK_NO_WORK,EG-03,case:CAS-CSE-ENGY-03-0022596,subtle
CSE-ENGY-03,ACK_NO_WORK,EG-03,case:CAS-CSE-ENGY-03-0022599,subtle
CSE-ENGY-03,ACK_NO_WORK,EG-03,case:CAS-CSE-ENGY-03-0022600,subtle
CSE-ENGY-03,ACK_NO_WORK,EG-03,case:CAS-CSE-ENGY-03-0022604,subtle
CSE-ENGY-03,ACK_NO_WORK,EG-03,case:CAS-CSE-ENGY-03-0022607,subtle
CSE-ENGY-03,ACK_NO_WORK,EG-03,case:CAS-CSE-ENGY-03-0022610,subtle
CSE-ENGY-03,ACK_NO_WORK,EG-03,case:CAS-CSE-ENGY-03-0022612,subtle
CSE-ENGY-03,ACK_NO_WORK,EG-03,case:CAS-CSE-ENGY-03-0022615,subtle
CSE-ENGY-03,ACK_NO_WORK,EG-03,case:CAS-CSE-ENGY-03-0022621,subtle
CSE-ENGY-03,ACK_NO_WORK,EG-03,case:CAS-CSE-ENGY-03-0022622,subtle
CSE-ENGY-03,ACK_NO_WORK,EG-03,case:CAS-CSE-ENGY-03-0022626,subtle
CSE-ENGY-03,ACK_NO_WORK,EG-03,case:CAS-CSE-ENGY-03-0022629,subtle
CSE-ENGY-03,ACK_NO_WORK,EG-03,case:CAS-CSE-ENGY-03-0022631,subtle
CSE-ENGY-03,ACK_NO_WORK,EG-03,case:CAS-CSE-ENGY-03-0022637,subtle
CSE-ENGY-03,ACK_NO_WORK,EG-03,case:CAS-CSE-ENGY-03-0022638,subtle
CSE-ENGY-03,ACK_NO_WORK,EG-03,case:CAS-CSE-ENGY-03-0022639,subtle
CSE-ENGY-03,ACK_NO_WORK,EG-03,case:CAS-CSE-ENGY-03-0022640,subtle
CSE-ENGY-03,ACK_NO_WORK,EG-03,case:CAS-CSE-ENGY-03-0022641,subtle
CSE-ENGY-03,ACK_NO_WORK,EG-03,case:CAS-CSE-ENGY-03-0022644,subtle
CSE-ENGY-03,ACK_NO_WORK,EG-03,case:CAS-CSE-ENGY-03-0022646,subtle
CSE-ENGY-03,ACK_NO_WORK,EG-03,case:CAS-CSE-ENGY-03-0022649,subtle
CSE-ENGY-03,ACK_NO_WORK,EG-03,case:CAS-CSE-ENGY-03-0022651,subtle
CSE-ENGY-03,ACK_NO_WORK,EG-03,case:CAS-CSE-ENGY-03-0022653,subtle
CSE-ENGY-03,ACK_NO_WORK,EG-03,case:CAS-CSE-ENGY-03-0022655,subtle
CSE-ENGY-03,ACK_NO_WORK,EG-03,case:CAS-CSE-ENGY-03-0022658,subtle
CSE-ENGY-03,ACK_NO_WORK,EG-03,case:CAS-CSE-ENGY-03-0022660,subtle
CSE-ENGY-03,ACK_NO_WORK,EG-03,case:CAS-CSE-ENGY-03-0022663,subtle
CSE-ENGY-03,ACK_NO_WORK,EG-03,case:CAS-CSE-ENGY-03-0022664,subtle
CSE-ENGY-03,ACK_NO_WORK,EG-03,case:CAS-CSE-ENGY-03-0022665,subtle
CSE-ENGY-03,ACK_NO_WORK,EG-03,case:CAS-CSE-ENGY-03-0022669,subtle
CSE-ENGY-03,ACK_NO_WORK,EG-03,case:CAS-CSE-ENGY-03-0022672,subtle
CSE-ENGY-03,ACK_NO_WORK,EG-03,case:CAS-CSE-ENGY-03-0022675,subtle
CSE-ENGY-03,ACK_NO_WORK,EG-03,case:CAS-CSE-ENGY-03-0022676,subtle
CSE-ENGY-03,ACK_NO_WORK,EG-03,case:CAS-CSE-ENGY-03-0022677,subtle
CSE-ENGY-03,ACK_NO_WORK,EG-03,case:CAS-CSE-ENGY-03-0022679,subtle
CSE-ENGY-03,ACK_NO_WORK,EG-03,case:CAS-CSE-ENGY-03-0022680,subtle
CSE-ENGY-03,ACK_NO_WORK,EG-03,case:CAS-CSE-ENGY-03-0022681,subtle
CSE-ENGY-03,ACK_NO_WORK,EG-03,case:CAS-CSE-ENGY-03-0022683,subtle
CSE-ENGY-03,ACK_NO_WORK,EG-03,case:CAS-CSE-ENGY-03-0022686,subtle
CSE-ENGY-03,ACK_NO_WORK,EG-03,case:CAS-CSE-ENGY-03-0022687,subtle
CSE-ENGY-03,ACK_NO_WORK,EG-03,case:CAS-CSE-ENGY-03-0022692,subtle
CSE-ENGY-03,ACK_NO_WORK,EG-03,case:CAS-CSE-ENGY-03-0022694,subtle
CSE-ENGY-03,ACK_NO_WORK,EG-03,case:CAS-CSE-ENGY-03-0022697,subtle
CSE-ENGY-03,ACK_NO_WORK,EG-03,case:CAS-CSE-ENGY-03-0022699,subtle
CSE-ENGY-03,ACK_NO_WORK,EG-03,case:CAS-CSE-ENGY-03-0022703,subtle
CSE-ENGY-03,ACK_NO_WORK,EG-03,case:CAS-CSE-ENGY-03-0022708,subtle
CSE-ENGY-03,ACK_NO_WORK,EG-03,case:CAS-CSE-ENGY-03-0022709,subtle
CSE-ENGY-03,ACK_NO_WORK,EG-03,case:CAS-CSE-ENGY-03-0022711,subtle
CSE-ENGY-03,ACK_NO_WORK,EG-03,case:CAS-CSE-ENGY-03-0022716,subtle
CSE-ENGY-03,ACK_NO_WORK,EG-03,case:CAS-CSE-ENGY-03-0022723,subtle
CSE-ENGY-03,ACK_NO_WORK,EG-03,case:CAS-CSE-ENGY-03-0022726,subtle
CSE-ENGY-03,ACK_NO_WORK,EG-03,case:CAS-CSE-ENGY-03-0022729,subtle
CSE-ENGY-03,ACK_NO_WORK,EG-03,case:CAS-CSE-ENGY-03-0022744,subtle
CSE-ENGY-03,ACK_NO_WORK,EG-03,case:CAS-CSE-ENGY-03-0022745,subtle
CSE-ENGY-03,ACK_NO_WORK,EG-03,case:CAS-CSE-ENGY-03-0022746,subtle
CSE-ENGY-03,ACK_NO_WORK,EG-03,case:CAS-CSE-ENGY-03-0022748,subtle
CSE-ENGY-03,ACK_NO_WORK,EG-03,case:CAS-CSE-ENGY-03-0022749,subtle
CSE-ENGY-03,ACK_NO_WORK,EG-03,case:CAS-CSE-ENGY-03-0022753,subtle
CSE-ENGY-03,ACK_NO_WORK,EG-03,case:CAS-CSE-ENGY-03-0022755,subtle
CSE-ENGY-03,ACK_NO_WORK,EG-03,case:CAS-CSE-ENGY-03-0022757,subtle
CSE-ENGY-03,ACK_NO_WORK,EG-03,case:CAS-CSE-ENGY-03-0022766,subtle
CSE-ENGY-03,ACK_NO_WORK,EG-03,case:CAS-CSE-ENGY-03-0022769,subtle
CSE-ENGY-03,ACK_NO_WORK,EG-03,case:CAS-CSE-ENGY-03-0022771,subtle
CSE-ENGY-03,ACK_NO_WORK,EG-03,case:CAS-CSE-ENGY-03-0022774,subtle
CSE-ENGY-03,ACK_NO_WORK,EG-03,case:CAS-CSE-ENGY-03-0022776,subtle
CSE-ENGY-03,ACK_NO_WORK,EG-03,case:CAS-CSE-ENGY-03-0022779,subtle
CSE-ENGY-03,ACK_NO_WORK,EG-03,case:CAS-CSE-ENGY-03-0022783,subtle
CSE-ENGY-03,ACK_NO_WORK,EG-03,case:CAS-CSE-ENGY-03-0022785,subtle
CSE-ENGY-03,ACK_NO_WORK,EG-03,case:CAS-CSE-ENGY-03-0022788,subtle
CSE-ENGY-03,ACK_NO_WORK,EG-03,case:CAS-CSE-ENGY-03-0022789,subtle
CSE-ENGY-03,ACK_NO_WORK,EG-03,case:CAS-CSE-ENGY-03-0022791,subtle
CSE-ENGY-03,ACK_NO_WORK,EG-03,case:CAS-CSE-ENGY-03-0022793,subtle
CSE-ENGY-03,ACK_NO_WORK,EG-03,case:CAS-CSE-ENGY-03-0022796,subtle
CSE-ENGY-03,ACK_NO_WORK,EG-03,case:CAS-CSE-ENGY-03-0022797,subtle
CSE-ENGY-03,ACK_NO_WORK,EG-03,case:CAS-CSE-ENGY-03-0022798,subtle
CSE-ENGY-03,ACK_NO_WORK,EG-03,case:CAS-CSE-ENGY-03-0022799,subtle
CSE-ENGY-03,ACK_NO_WORK,EG-03,case:CAS-CSE-ENGY-03-0022802,subtle
CSE-ENGY-03,ACK_NO_WORK,EG-03,case:CAS-CSE-ENGY-03-0022805,subtle
CSE-ENGY-03,ACK_NO_WORK,EG-03,case:CAS-CSE-ENGY-03-0022807,subtle
CSE-ENGY-03,ACK_NO_WORK,EG-03,case:CAS-CSE-ENGY-03-0022808,subtle
CSE-ENGY-03,ACK_NO_WORK,EG-03,case:CAS-CSE-ENGY-03-0022810,subtle
CSE-ENGY-03,ACK_NO_WORK,EG-03,case:CAS-CSE-ENGY-03-0022811,subtle
CSE-ENGY-03,ACK_NO_WORK,EG-03,case:CAS-CSE-ENGY-03-0022812,subtle
CSE-ENGY-03,ACK_NO_WORK,EG-03,case:CAS-CSE-ENGY-03-0022817,subtle
CSE-ENGY-03,ACK_NO_WORK,EG-03,case:CAS-CSE-ENGY-03-0022820,subtle
CSE-ENGY-03,ACK_NO_WORK,EG-03,case:CAS-CSE-ENGY-03-0022822,subtle
CSE-ENGY-03,ACK_NO_WORK,EG-03,case:CAS-CSE-ENGY-03-0022823,subtle
CSE-ENGY-03,ACK_NO_WORK,EG-03,case:CAS-CSE-ENGY-03-0022826,subtle
CSE-ENGY-03,ACK_NO_WORK,EG-03,case:CAS-CSE-ENGY-03-0022827,subtle
CSE-ENGY-03,ACK_NO_WORK,EG-03,case:CAS-CSE-ENGY-03-0022831,subtle
CSE-ENGY-03,ACK_NO_WORK,EG-03,case:CAS-CSE-ENGY-03-0022834,subtle
CSE-ENGY-03,ACK_NO_WORK,EG-03,case:CAS-CSE-ENGY-03-0022841,subtle
CSE-ENGY-03,ACK_NO_WORK,EG-03,case:CAS-CSE-ENGY-03-0022844,subtle
CSE-ENGY-03,ACK_NO_WORK,EG-03,case:CAS-CSE-ENGY-03-0022845,subtle
CSE-ENGY-03,ACK_NO_WORK,EG-03,case:CAS-CSE-ENGY-03-0022846,subtle
CSE-ENGY-03,ACK_NO_WORK,EG-03,case:CAS-CSE-ENGY-03-0022849,subtle
CSE-ENGY-03,ACK_NO_WORK,EG-03,case:CAS-CSE-ENGY-03-0022850,subtle
CSE-ENGY-03,ACK_NO_WORK,EG-03,case:CAS-CSE-ENGY-03-0022852,subtle
CSE-ENGY-03,ACK_NO_WORK,EG-03,case:CAS-CSE-ENGY-03-0022859,subtle
CSE-ENGY-03,ACK_NO_WORK,EG-03,case:CAS-CSE-ENGY-03-0022860,subtle
CSE-ENGY-03,ACK_NO_WORK,EG-03,case:CAS-CSE-ENGY-03-0022861,subtle
CSE-ENGY-03,ACK_NO_WORK,EG-03,case:CAS-CSE-ENGY-03-0022862,subtle
CSE-ENGY-03,ACK_NO_WORK,EG-03,case:CAS-CSE-ENGY-03-0022864,subtle
CSE-ENGY-03,ACK_NO_WORK,EG-03,case:CAS-CSE-ENGY-03-0022866,subtle
CSE-ENGY-03,ACK_NO_WORK,EG-03,case:CAS-CSE-ENGY-03-0022867,subtle
CSE-ENGY-03,ACK_NO_WORK,EG-03,case:CAS-CSE-ENGY-03-0022868,subtle
CSE-ENGY-03,ACK_NO_WORK,EG-03,case:CAS-CSE-ENGY-03-0022871,subtle
CSE-ENGY-03,ACK_NO_WORK,EG-03,case:CAS-CSE-ENGY-03-0022874,subtle
CSE-ENGY-03,ACK_NO_WORK,EG-03,case:CAS-CSE-ENGY-03-0022879,subtle
CSE-ENGY-03,ACK_NO_WORK,EG-03,case:CAS-CSE-ENGY-03-0022886,subtle
CSE-ENGY-03,ACK_NO_WORK,EG-03,case:CAS-CSE-ENGY-03-0022888,subtle
CSE-ENGY-03,ACK_NO_WORK,EG-03,case:CAS-CSE-ENGY-03-0022890,subtle
CSE-ENGY-03,ACK_NO_WORK,EG-03,case:CAS-CSE-ENGY-03-0022893,subtle
CSE-ENGY-03,ACK_NO_WORK,EG-03,case:CAS-CSE-ENGY-03-0022898,subtle
CSE-ENGY-03,ACK_NO_WORK,EG-03,case:CAS-CSE-ENGY-03-0022903,subtle
CSE-ENGY-03,ACK_NO_WORK,EG-03,case:CAS-CSE-ENGY-03-0022904,subtle
CSE-ENGY-03,ACK_NO_WORK,EG-03,case:CAS-CSE-ENGY-03-0022906,subtle
CSE-ENGY-03,ACK_NO_WORK,EG-03,case:CAS-CSE-ENGY-03-0022910,subtle
CSE-ENGY-03,ACK_NO_WORK,EG-03,case:CAS-CSE-ENGY-03-0022911,subtle
CSE-ENGY-03,ACK_NO_WORK,EG-03,case:CAS-CSE-ENGY-03-0022913,subtle
CSE-ENGY-03,ACK_NO_WORK,EG-03,case:CAS-CSE-ENGY-03-0022914,subtle
CSE-ENGY-03,ACK_NO_WORK,EG-03,case:CAS-CSE-ENGY-03-0022917,subtle
CSE-ENGY-03,ACK_NO_WORK,EG-03,case:CAS-CSE-ENGY-03-0022919,subtle
CSE-ENGY-03,ACK_NO_WORK,EG-03,case:CAS-CSE-ENGY-03-0022928,subtle
CSE-ENGY-03,ACK_NO_WORK,EG-03,case:CAS-CSE-ENGY-03-0022931,subtle
CSE-ENGY-03,ACK_NO_WORK,EG-03,case:CAS-CSE-ENGY-03-0022933,subtle
CSE-ENGY-03,ACK_NO_WORK,EG-03,case:CAS-CSE-ENGY-03-0022935,subtle
CSE-ENGY-03,ACK_NO_WORK,EG-03,case:CAS-CSE-ENGY-03-0022937,subtle
CSE-ENGY-03,ACK_NO_WORK,EG-03,case:CAS-CSE-ENGY-03-0022939,subtle
CSE-ENGY-03,ACK_NO_WORK,EG-03,case:CAS-CSE-ENGY-03-0022940,subtle
CSE-ENGY-03,ACK_NO_WORK,EG-03,case:CAS-CSE-ENGY-03-0022944,subtle
CSE-ENGY-03,ACK_NO_WORK,EG-03,case:CAS-CSE-ENGY-03-0022948,subtle
CSE-ENGY-03,ACK_NO_WORK,EG-03,case:CAS-CSE-ENGY-03-0022949,subtle
CSE-ENGY-03,ACK_NO_WORK,EG-03,case:CAS-CSE-ENGY-03-0022950,subtle
CSE-ENGY-03,ACK_NO_WORK,EG-03,case:CAS-CSE-ENGY-03-0022953,subtle
CSE-ENGY-03,ACK_NO_WORK,EG-03,case:CAS-CSE-ENGY-03-0022956,subtle
CSE-ENGY-03,ACK_NO_WORK,EG-03,case:CAS-CSE-ENGY-03-0022957,subtle
CSE-ENGY-03,ACK_NO_WORK,EG-03,case:CAS-CSE-ENGY-03-0022963,subtle
CSE-ENGY-03,ACK_NO_WORK,EG-03,case:CAS-CSE-ENGY-03-0022972,subtle
CSE-ENGY-03,ACK_NO_WORK,EG-03,case:CAS-CSE-ENGY-03-0022974,subtle
CSE-ENGY-03,ACK_NO_WORK,EG-03,case:CAS-CSE-ENGY-03-0022976,subtle
CSE-ENGY-03,ACK_NO_WORK,EG-03,case:CAS-CSE-ENGY-03-0022977,subtle
CSE-ENGY-03,ACK_NO_WORK,EG-03,case:CAS-CSE-ENGY-03-0022979,subtle
CSE-ENGY-03,ACK_NO_WORK,EG-03,case:CAS-CSE-ENGY-03-0022987,subtle
CSE-ENGY-03,ACK_NO_WORK,EG-03,case:CAS-CSE-ENGY-03-0022998,subtle
CSE-ENGY-03,ACK_NO_WORK,EG-03,case:CAS-CSE-ENGY-03-0023000,subtle
CSE-ENGY-03,ACK_NO_WORK,EG-03,case:CAS-CSE-ENGY-03-0023001,subtle
CSE-ENGY-03,ACK_NO_WORK,EG-03,case:CAS-CSE-ENGY-03-0023006,subtle
CSE-ENGY-03,ACK_NO_WORK,EG-03,case:CAS-CSE-ENGY-03-0023009,subtle
CSE-ENGY-03,ACK_NO_WORK,EG-03,case:CAS-CSE-ENGY-03-0023011,subtle
CSE-ENGY-03,ACK_NO_WORK,EG-03,case:CAS-CSE-ENGY-03-0023013,subtle
CSE-ENGY-03,ACK_NO_WORK,EG-03,case:CAS-CSE-ENGY-03-0023015,subtle
CSE-ENGY-03,ACK_NO_WORK,EG-03,case:CAS-CSE-ENGY-03-0023019,subtle
CSE-ENGY-03,ACK_NO_WORK,EG-03,case:CAS-CSE-ENGY-03-0023020,subtle
CSE-ENGY-03,ACK_NO_WORK,EG-03,case:CAS-CSE-ENGY-03-0023023,subtle
CSE-ENGY-03,ACK_NO_WORK,EG-03,case:CAS-CSE-ENGY-03-0023027,subtle
CSE-ENGY-03,ACK_NO_WORK,EG-03,case:CAS-CSE-ENGY-03-0023028,subtle
CSE-ENGY-03,ACK_NO_WORK,EG-03,case:CAS-CSE-ENGY-03-0023031,subtle
CSE-ENGY-03,ACK_NO_WORK,EG-03,case:CAS-CSE-ENGY-03-0023032,subtle
CSE-ENGY-03,ACK_NO_WORK,EG-03,case:CAS-CSE-ENGY-03-0023034,subtle
CSE-ENGY-03,ACK_NO_WORK,EG-03,case:CAS-CSE-ENGY-03-0023035,subtle
CSE-ENGY-03,ACK_NO_WORK,EG-03,case:CAS-CSE-ENGY-03-0023043,subtle
CSE-ENGY-03,ACK_NO_WORK,EG-03,case:CAS-CSE-ENGY-03-0023046,subtle
CSE-ENGY-03,ACK_NO_WORK,EG-03,case:CAS-CSE-ENGY-03-0023049,subtle
CSE-ENGY-03,ACK_NO_WORK,EG-03,case:CAS-CSE-ENGY-03-0023051,subtle
CSE-ENGY-03,ACK_NO_WORK,EG-03,case:CAS-CSE-ENGY-03-0023052,subtle
CSE-ENGY-03,ACK_NO_WORK,EG-03,case:CAS-CSE-ENGY-03-0023053,subtle
CSE-ENGY-03,ACK_NO_WORK,EG-03,case:CAS-CSE-ENGY-03-0023059,subtle
CSE-ENGY-03,ACK_NO_WORK,EG-03,case:CAS-CSE-ENGY-03-0023061,subtle
CSE-ENGY-03,ACK_NO_WORK,EG-03,case:CAS-CSE-ENGY-03-0023064,subtle
CSE-ENGY-03,ACK_NO_WORK,EG-03,case:CAS-CSE-ENGY-03-0023065,subtle
CSE-ENGY-03,ACK_NO_WORK,EG-03,case:CAS-CSE-ENGY-03-0023071,subtle
CSE-ENGY-03,ACK_NO_WORK,EG-03,case:CAS-CSE-ENGY-03-0023073,subtle
CSE-ENGY-03,ACK_NO_WORK,EG-03,case:CAS-CSE-ENGY-03-0023080,subtle
CSE-ENGY-03,ACK_NO_WORK,EG-03,case:CAS-CSE-ENGY-03-0023081,subtle
CSE-ENGY-03,ACK_NO_WORK,EG-03,case:CAS-CSE-ENGY-03-0023083,subtle
CSE-ENGY-03,ACK_NO_WORK,EG-03,case:CAS-CSE-ENGY-03-0023084,subtle
CSE-ENGY-03,ACK_NO_WORK,EG-03,case:CAS-CSE-ENGY-03-0023086,subtle
CSE-ENGY-03,ACK_NO_WORK,EG-03,case:CAS-CSE-ENGY-03-0023088,subtle
CSE-ENGY-03,ACK_NO_WORK,EG-03,case:CAS-CSE-ENGY-03-0023094,subtle
CSE-ENGY-03,ACK_NO_WORK,EG-03,case:CAS-CSE-ENGY-03-0023096,subtle
CSE-ENGY-03,ACK_NO_WORK,EG-03,case:CAS-CSE-ENGY-03-0023097,subtle
CSE-ENGY-03,ACK_NO_WORK,EG-03,case:CAS-CSE-ENGY-03-0023101,subtle
CSE-ENGY-03,ACK_NO_WORK,EG-03,case:CAS-CSE-ENGY-03-0023104,subtle
CSE-ENGY-03,ACK_NO_WORK,EG-03,case:CAS-CSE-ENGY-03-0023105,subtle
CSE-ENGY-03,ACK_NO_WORK,EG-03,case:CAS-CSE-ENGY-03-0023106,subtle
CSE-ENGY-03,ACK_NO_WORK,EG-03,case:CAS-CSE-ENGY-03-0023107,subtle
CSE-ENGY-03,ACK_NO_WORK,EG-03,case:CAS-CSE-ENGY-03-0023108,subtle
CSE-ENGY-03,ACK_NO_WORK,EG-03,case:CAS-CSE-ENGY-03-0023109,subtle
CSE-ENGY-03,ACK_NO_WORK,EG-03,case:CAS-CSE-ENGY-03-0023110,subtle
CSE-ENGY-03,ACK_NO_WORK,EG-03,case:CAS-CSE-ENGY-03-0023113,subtle
CSE-ENGY-03,ACK_NO_WORK,EG-03,case:CAS-CSE-ENGY-03-0023114,subtle
CSE-ENGY-03,ACK_NO_WORK,EG-03,case:CAS-CSE-ENGY-03-0023116,subtle
CSE-ENGY-03,ACK_NO_WORK,EG-03,case:CAS-CSE-ENGY-03-0023117,subtle
CSE-ENGY-03,ACK_NO_WORK,EG-03,case:CAS-CSE-ENGY-03-0023118,subtle
CSE-ENGY-03,ACK_NO_WORK,EG-03,case:CAS-CSE-ENGY-03-0023120,subtle
CSE-ENGY-03,ACK_NO_WORK,EG-03,case:CAS-CSE-ENGY-03-0023129,subtle
CSE-ENGY-03,ACK_NO_WORK,EG-03,case:CAS-CSE-ENGY-03-0023131,subtle
CSE-ENGY-03,ACK_NO_WORK,EG-03,case:CAS-CSE-ENGY-03-0023132,subtle
CSE-ENGY-03,ACK_NO_WORK,EG-03,case:CAS-CSE-ENGY-03-0023133,subtle
CSE-ENGY-03,ACK_NO_WORK,EG-03,case:CAS-CSE-ENGY-03-0023134,subtle
CSE-ENGY-03,ACK_NO_WORK,EG-03,case:CAS-CSE-ENGY-03-0023136,subtle
CSE-ENGY-03,ACK_NO_WORK,EG-03,case:CAS-CSE-ENGY-03-0023139,subtle
CSE-ENGY-03,ACK_NO_WORK,EG-03,case:CAS-CSE-ENGY-03-0023142,subtle
CSE-ENGY-03,ACK_NO_WORK,EG-03,case:CAS-CSE-ENGY-03-0023147,subtle
CSE-ENGY-03,ACK_NO_WORK,EG-03,case:CAS-CSE-ENGY-03-0023156,subtle
CSE-ENGY-03,ACK_NO_WORK,EG-03,case:CAS-CSE-ENGY-03-0023157,subtle
CSE-ENGY-03,ACK_NO_WORK,EG-03,case:CAS-CSE-ENGY-03-0023158,subtle
CSE-ENGY-03,ACK_NO_WORK,EG-03,case:CAS-CSE-ENGY-03-0023159,subtle
CSE-ENGY-03,ACK_NO_WORK,EG-03,case:CAS-CSE-ENGY-03-0023167,subtle
CSE-ENGY-03,ACK_NO_WORK,EG-03,case:CAS-CSE-ENGY-03-0023169,subtle
CSE-ENGY-03,ACK_NO_WORK,EG-03,case:CAS-CSE-ENGY-03-0023170,subtle
CSE-ENGY-03,ACK_NO_WORK,EG-03,case:CAS-CSE-ENGY-03-0023171,subtle
CSE-ENGY-03,ACK_NO_WORK,EG-03,case:CAS-CSE-ENGY-03-0023174,subtle
CSE-ENGY-03,ACK_NO_WORK,EG-03,case:CAS-CSE-ENGY-03-0023176,subtle
CSE-ENGY-03,ACK_NO_WORK,EG-03,case:CAS-CSE-ENGY-03-0023179,subtle
CSE-ENGY-03,ACK_NO_WORK,EG-03,case:CAS-CSE-ENGY-03-0023180,subtle
CSE-ENGY-03,ACK_NO_WORK,EG-03,case:CAS-CSE-ENGY-03-0023186,subtle
CSE-ENGY-03,ACK_NO_WORK,EG-03,case:CAS-CSE-ENGY-03-0023193,subtle
CSE-ENGY-03,ACK_NO_WORK,EG-03,case:CAS-CSE-ENGY-03-0023194,subtle
CSE-ENGY-03,ACK_NO_WORK,EG-03,case:CAS-CSE-ENGY-03-0023196,subtle
CSE-ENGY-03,ACK_NO_WORK,EG-03,case:CAS-CSE-ENGY-03-0023197,subtle
CSE-ENGY-03,ACK_NO_WORK,EG-03,case:CAS-CSE-ENGY-03-0023199,subtle
CSE-ENGY-03,ACK_NO_WORK,EG-03,case:CAS-CSE-ENGY-03-0023202,subtle
CSE-ENGY-03,ACK_NO_WORK,EG-03,case:CAS-CSE-ENGY-03-0023203,subtle
CSE-ENGY-03,ACK_NO_WORK,EG-03,case:CAS-CSE-ENGY-03-0023205,subtle
CSE-ENGY-03,ACK_NO_WORK,EG-03,case:CAS-CSE-ENGY-03-0023207,subtle
CSE-ENGY-03,ACK_NO_WORK,EG-03,case:CAS-CSE-ENGY-03-0023208,subtle
CSE-ENGY-03,ACK_NO_WORK,EG-03,case:CAS-CSE-ENGY-03-0023212,subtle
CSE-ENGY-03,ACK_NO_WORK,EG-03,case:CAS-CSE-ENGY-03-0023219,subtle
CSE-ENGY-03,ACK_NO_WORK,EG-03,case:CAS-CSE-ENGY-03-0023221,subtle
CSE-ENGY-03,ACK_NO_WORK,EG-03,case:CAS-CSE-ENGY-03-0023229,subtle
CSE-ENGY-03,ACK_NO_WORK,EG-03,case:CAS-CSE-ENGY-03-0023234,subtle
CSE-ENGY-03,ACK_NO_WORK,EG-03,case:CAS-CSE-ENGY-03-0023241,subtle
CSE-ENGY-03,ACK_NO_WORK,EG-03,case:CAS-CSE-ENGY-03-0023243,subtle
CSE-ENGY-03,ACK_NO_WORK,EG-03,case:CAS-CSE-ENGY-03-0023245,subtle
CSE-ENGY-03,ACK_NO_WORK,EG-03,case:CAS-CSE-ENGY-03-0023249,subtle
CSE-ENGY-03,ACK_NO_WORK,EG-03,case:CAS-CSE-ENGY-03-0023251,subtle
CSE-ENGY-03,ACK_NO_WORK,EG-03,case:CAS-CSE-ENGY-03-0023253,subtle
CSE-ENGY-03,ACK_NO_WORK,EG-03,case:CAS-CSE-ENGY-03-0023260,subtle
CSE-ENGY-03,ACK_NO_WORK,EG-03,case:CAS-CSE-ENGY-03-0023274,subtle
CSE-ENGY-03,ACK_NO_WORK,EG-03,case:CAS-CSE-ENGY-03-0023276,subtle
CSE-ENGY-03,ACK_NO_WORK,EG-03,case:CAS-CSE-ENGY-03-0023279,subtle
CSE-ENGY-03,ACK_NO_WORK,EG-03,case:CAS-CSE-ENGY-03-0023282,subtle
CSE-ENGY-03,ACK_NO_WORK,EG-03,case:CAS-CSE-ENGY-03-0023285,subtle
CSE-ENGY-03,ACK_NO_WORK,EG-03,case:CAS-CSE-ENGY-03-0023289,subtle
CSE-ENGY-03,ACK_NO_WORK,EG-03,case:CAS-CSE-ENGY-03-0023298,subtle
CSE-ENGY-03,ACK_NO_WORK,EG-03,case:CAS-CSE-ENGY-03-0023299,subtle
CSE-ENGY-03,ACK_NO_WORK,EG-03,case:CAS-CSE-ENGY-03-0023302,subtle
CSE-ENGY-03,ACK_NO_WORK,EG-03,case:CAS-CSE-ENGY-03-0023304,subtle
CSE-ENGY-03,ACK_NO_WORK,EG-03,case:CAS-CSE-ENGY-03-0023305,subtle
CSE-ENGY-03,ACK_NO_WORK,EG-03,case:CAS-CSE-ENGY-03-0023307,subtle
CSE-ENGY-03,ACK_NO_WORK,EG-03,case:CAS-CSE-ENGY-03-0023308,subtle
CSE-ENGY-03,ACK_NO_WORK,EG-03,case:CAS-CSE-ENGY-03-0023314,subtle
CSE-ENGY-03,ACK_NO_WORK,EG-03,case:CAS-CSE-ENGY-03-0023316,subtle
CSE-ENGY-03,ACK_NO_WORK,EG-03,case:CAS-CSE-ENGY-03-0023317,subtle
CSE-ENGY-03,ACK_NO_WORK,EG-03,case:CAS-CSE-ENGY-03-0023321,subtle
CSE-ENGY-03,ACK_NO_WORK,EG-03,case:CAS-CSE-ENGY-03-0023322,subtle
CSE-ENGY-03,ACK_NO_WORK,EG-03,case:CAS-CSE-ENGY-03-0023329,subtle
CSE-ENGY-03,ACK_NO_WORK,EG-03,case:CAS-CSE-ENGY-03-0023331,subtle
CSE-ENGY-03,ACK_NO_WORK,EG-03,case:CAS-CSE-ENGY-03-0023332,subtle
CSE-ENGY-03,ACK_NO_WORK,EG-03,case:CAS-CSE-ENGY-03-0023333,subtle
CSE-ENGY-03,ACK_NO_WORK,EG-03,case:CAS-CSE-ENGY-03-0023337,subtle
CSE-ENGY-03,ACK_NO_WORK,EG-03,case:CAS-CSE-ENGY-03-0023339,subtle
CSE-ENGY-03,ACK_NO_WORK,EG-03,case:CAS-CSE-ENGY-03-0023341,subtle
CSE-ENGY-03,ACK_NO_WORK,EG-03,case:CAS-CSE-ENGY-03-0023343,subtle
CSE-ENGY-03,ACK_NO_WORK,EG-03,case:CAS-CSE-ENGY-03-0023345,subtle
CSE-ENGY-03,ACK_NO_WORK,EG-03,case:CAS-CSE-ENGY-03-0023347,subtle
CSE-ENGY-03,ACK_NO_WORK,EG-03,case:CAS-CSE-ENGY-03-0023350,subtle
CSE-ENGY-03,ACK_NO_WORK,EG-03,case:CAS-CSE-ENGY-03-0023352,subtle
CSE-ENGY-03,ACK_NO_WORK,EG-03,case:CAS-CSE-ENGY-03-0023354,subtle
CSE-ENGY-03,ACK_NO_WORK,EG-03,case:CAS-CSE-ENGY-03-0023357,subtle
CSE-ENGY-03,ACK_NO_WORK,EG-03,case:CAS-CSE-ENGY-03-0023358,subtle
CSE-ENGY-03,ACK_NO_WORK,EG-03,case:CAS-CSE-ENGY-03-0023359,subtle
CSE-ENGY-03,ACK_NO_WORK,EG-03,case:CAS-CSE-ENGY-03-0023361,subtle
CSE-ENGY-03,ACK_NO_WORK,EG-03,case:CAS-CSE-ENGY-03-0023362,subtle
CSE-ENGY-03,ACK_NO_WORK,EG-03,case:CAS-CSE-ENGY-03-0023364,subtle
CSE-ENGY-03,ACK_NO_WORK,EG-03,case:CAS-CSE-ENGY-03-0023365,subtle
CSE-ENGY-03,ACK_NO_WORK,EG-03,case:CAS-CSE-ENGY-03-0023366,subtle
CSE-ENGY-03,ACK_NO_WORK,EG-03,case:CAS-CSE-ENGY-03-0023368,subtle
CSE-ENGY-03,ACK_NO_WORK,EG-03,case:CAS-CSE-ENGY-03-0023371,subtle
CSE-ENGY-03,ACK_NO_WORK,EG-03,case:CAS-CSE-ENGY-03-0023374,subtle
CSE-ENGY-03,ACK_NO_WORK,EG-03,case:CAS-CSE-ENGY-03-0023375,subtle
CSE-ENGY-03,ACK_NO_WORK,EG-03,case:CAS-CSE-ENGY-03-0023382,subtle
CSE-ENGY-03,ACK_NO_WORK,EG-03,case:CAS-CSE-ENGY-03-0023384,subtle
CSE-ENGY-03,ACK_NO_WORK,EG-03,case:CAS-CSE-ENGY-03-0023385,subtle
CSE-ENGY-03,ACK_NO_WORK,EG-03,case:CAS-CSE-ENGY-03-0023386,subtle
CSE-ENGY-03,ACK_NO_WORK,EG-03,case:CAS-CSE-ENGY-03-0023389,subtle
CSE-ENGY-03,ACK_NO_WORK,EG-03,case:CAS-CSE-ENGY-03-0023390,subtle
CSE-ENGY-03,ACK_NO_WORK,EG-03,case:CAS-CSE-ENGY-03-0023395,subtle
CSE-ENGY-03,ACK_NO_WORK,EG-03,case:CAS-CSE-ENGY-03-0023398,subtle
CSE-ENGY-03,ACK_NO_WORK,EG-03,case:CAS-CSE-ENGY-03-0023400,subtle
CSE-ENGY-03,ACK_NO_WORK,EG-03,case:CAS-CSE-ENGY-03-0023409,subtle
CSE-ENGY-03,ACK_NO_WORK,EG-03,case:CAS-CSE-ENGY-03-0023410,subtle
CSE-ENGY-03,ACK_NO_WORK,EG-03,case:CAS-CSE-ENGY-03-0023411,subtle
CSE-ENGY-03,ACK_NO_WORK,EG-03,case:CAS-CSE-ENGY-03-0023413,subtle
CSE-ENGY-03,ACK_NO_WORK,EG-03,case:CAS-CSE-ENGY-03-0023416,subtle
CSE-ENGY-03,ACK_NO_WORK,EG-03,case:CAS-CSE-ENGY-03-0023422,subtle
CSE-ENGY-03,ACK_NO_WORK,EG-03,case:CAS-CSE-ENGY-03-0023423,subtle
CSE-ENGY-03,ACK_NO_WORK,EG-03,case:CAS-CSE-ENGY-03-0023424,subtle
CSE-ENGY-03,ACK_NO_WORK,EG-03,case:CAS-CSE-ENGY-03-0023429,subtle
CSE-ENGY-03,ACK_NO_WORK,EG-03,case:CAS-CSE-ENGY-03-0023435,subtle
CSE-ENGY-03,ACK_NO_WORK,EG-03,case:CAS-CSE-ENGY-03-0023445,subtle
CSE-ENGY-03,ACK_NO_WORK,EG-03,case:CAS-CSE-ENGY-03-0023447,subtle
CSE-ENGY-03,ACK_NO_WORK,EG-03,case:CAS-CSE-ENGY-03-0023448,subtle
CSE-ENGY-03,ACK_NO_WORK,EG-03,case:CAS-CSE-ENGY-03-0023449,subtle
CSE-ENGY-03,ACK_NO_WORK,EG-03,case:CAS-CSE-ENGY-03-0023453,subtle
CSE-ENGY-03,ACK_NO_WORK,EG-03,case:CAS-CSE-ENGY-03-0023461,subtle
CSE-ENGY-03,ACK_NO_WORK,EG-03,case:CAS-CSE-ENGY-03-0023463,subtle
CSE-ENGY-03,ACK_NO_WORK,EG-03,case:CAS-CSE-ENGY-03-0023464,subtle
CSE-ENGY-03,ACK_NO_WORK,EG-03,case:CAS-CSE-ENGY-03-0023466,subtle
CSE-ENGY-03,ACK_NO_WORK,EG-03,case:CAS-CSE-ENGY-03-0023470,subtle
CSE-ENGY-03,ACK_NO_WORK,EG-03,case:CAS-CSE-ENGY-03-0023472,subtle
CSE-ENGY-03,ACK_NO_WORK,EG-03,case:CAS-CSE-ENGY-03-0023473,subtle
CSE-ENGY-03,ACK_NO_WORK,EG-03,case:CAS-CSE-ENGY-03-0023474,subtle
CSE-ENGY-03,ACK_NO_WORK,EG-03,case:CAS-CSE-ENGY-03-0023475,subtle
CSE-ENGY-03,ACK_NO_WORK,EG-03,case:CAS-CSE-ENGY-03-0023480,subtle
CSE-ENGY-03,ACK_NO_WORK,EG-03,case:CAS-CSE-ENGY-03-0023484,subtle
CSE-ENGY-03,ACK_NO_WORK,EG-03,case:CAS-CSE-ENGY-03-0023485,subtle
CSE-ENGY-03,ACK_NO_WORK,EG-03,case:CAS-CSE-ENGY-03-0023486,subtle
CSE-ENGY-03,ACK_NO_WORK,EG-03,case:CAS-CSE-ENGY-03-0023493,subtle
CSE-ENGY-03,ACK_NO_WORK,EG-03,case:CAS-CSE-ENGY-03-0023494,subtle
CSE-ENGY-03,ACK_NO_WORK,EG-03,case:CAS-CSE-ENGY-03-0023495,subtle
CSE-ENGY-03,ACK_NO_WORK,EG-03,case:CAS-CSE-ENGY-03-0023503,subtle
CSE-ENGY-03,ACK_NO_WORK,EG-03,case:CAS-CSE-ENGY-03-0023505,subtle
CSE-ENGY-03,ACK_NO_WORK,EG-03,case:CAS-CSE-ENGY-03-0023513,subtle
CSE-ENGY-03,ACK_NO_WORK,EG-03,case:CAS-CSE-ENGY-03-0023519,subtle
CSE-ENGY-03,ACK_NO_WORK,EG-03,case:CAS-CSE-ENGY-03-0023522,subtle
CSE-ENGY-03,ACK_NO_WORK,EG-03,case:CAS-CSE-ENGY-03-0023524,subtle
CSE-ENGY-03,ACK_NO_WORK,EG-03,case:CAS-CSE-ENGY-03-0023526,subtle
CSE-ENGY-03,ACK_NO_WORK,EG-03,case:CAS-CSE-ENGY-03-0023530,subtle
CSE-ENGY-03,ACK_NO_WORK,EG-03,case:CAS-CSE-ENGY-03-0023531,subtle
CSE-ENGY-03,ACK_NO_WORK,EG-03,case:CAS-CSE-ENGY-03-0023534,subtle
CSE-ENGY-03,ACK_NO_WORK,EG-03,case:CAS-CSE-ENGY-03-0023538,subtle
CSE-ENGY-03,ACK_NO_WORK,EG-03,case:CAS-CSE-ENGY-03-0023540,subtle
CSE-ENGY-03,ACK_NO_WORK,EG-03,case:CAS-CSE-ENGY-03-0023543,subtle
CSE-ENGY-03,ACK_NO_WORK,EG-03,case:CAS-CSE-ENGY-03-0023545,subtle
CSE-ENGY-03,ACK_NO_WORK,EG-03,case:CAS-CSE-ENGY-03-0023552,subtle
CSE-ENGY-03,ACK_NO_WORK,EG-03,case:CAS-CSE-ENGY-03-0023553,subtle
CSE-ENGY-03,ACK_NO_WORK,EG-03,case:CAS-CSE-ENGY-03-0023556,subtle
CSE-ENGY-03,ACK_NO_WORK,EG-03,case:CAS-CSE-ENGY-03-0023562,subtle
CSE-ENGY-03,ACK_NO_WORK,EG-03,case:CAS-CSE-ENGY-03-0023563,subtle
CSE-ENGY-03,ACK_NO_WORK,EG-03,case:CAS-CSE-ENGY-03-0023568,subtle
CSE-ENGY-03,ACK_NO_WORK,EG-03,case:CAS-CSE-ENGY-03-0023569,subtle
CSE-ENGY-03,ACK_NO_WORK,EG-03,case:CAS-CSE-ENGY-03-0023579,subtle
CSE-ENGY-03,ACK_NO_WORK,EG-03,case:CAS-CSE-ENGY-03-0023582,subtle
CSE-ENGY-03,ACK_NO_WORK,EG-03,case:CAS-CSE-ENGY-03-0023585,subtle
CSE-ENGY-03,ACK_NO_WORK,EG-03,case:CAS-CSE-ENGY-03-0023593,subtle
CSE-ENGY-03,ACK_NO_WORK,EG-03,case:CAS-CSE-ENGY-03-0023596,subtle
CSE-ENGY-03,ACK_NO_WORK,EG-03,case:CAS-CSE-ENGY-03-0023598,subtle
CSE-ENGY-04,SILENT_OPERATIONAL_PERIOD,NS-05,period:2026-06-09_to_2026-06-16,strong
CSE-ENGY-04,DISPOSITION_SKEW_DRIFT,EG-08,period:2026-03-01_to_2026-08-28,strong
CSE-TELC-02,MISSING_ALERT_CATEGORY,NS-02,category:Data Exfiltration,strong
CSE-TELC-02,ALERT_WITHOUT_CASE,NS-03,alert:ALT-CSE-TELC-02-0029885,strong
CSE-TELC-02,ALERT_WITHOUT_CASE,NS-03,alert:ALT-CSE-TELC-02-0029886,strong
CSE-TELC-02,ALERT_WITHOUT_CASE,NS-03,alert:ALT-CSE-TELC-02-0029887,strong
CSE-TELC-02,ALERT_WITHOUT_CASE,NS-03,alert:ALT-CSE-TELC-02-0029909,strong
CSE-TELC-02,ALERT_WITHOUT_CASE,NS-03,alert:ALT-CSE-TELC-02-0029912,strong
CSE-TELC-02,ALERT_WITHOUT_CASE,NS-03,alert:ALT-CSE-TELC-02-0029924,strong
CSE-TELC-02,ALERT_WITHOUT_CASE,NS-03,alert:ALT-CSE-TELC-02-0029927,strong
CSE-TELC-02,ALERT_WITHOUT_CASE,NS-03,alert:ALT-CSE-TELC-02-0029932,strong
CSE-TELC-02,ALERT_WITHOUT_CASE,NS-03,alert:ALT-CSE-TELC-02-0029935,strong
CSE-TELC-02,ALERT_WITHOUT_CASE,NS-03,alert:ALT-CSE-TELC-02-0029936,strong
CSE-TELC-02,ALERT_WITHOUT_CASE,NS-03,alert:ALT-CSE-TELC-02-0029948,strong
CSE-TELC-02,ALERT_WITHOUT_CASE,NS-03,alert:ALT-CSE-TELC-02-0029984,strong
CSE-TELC-02,ALERT_WITHOUT_CASE,NS-03,alert:ALT-CSE-TELC-02-0030015,strong
CSE-TELC-02,ALERT_WITHOUT_CASE,NS-03,alert:ALT-CSE-TELC-02-0030022,strong
CSE-TELC-02,ALERT_WITHOUT_CASE,NS-03,alert:ALT-CSE-TELC-02-0030026,strong
CSE-TELC-02,ALERT_WITHOUT_CASE,NS-03,alert:ALT-CSE-TELC-02-0030034,strong
CSE-TELC-02,ALERT_WITHOUT_CASE,NS-03,alert:ALT-CSE-TELC-02-0030050,strong
CSE-TELC-02,ALERT_WITHOUT_CASE,NS-03,alert:ALT-CSE-TELC-02-0030051,strong
CSE-TELC-02,ALERT_WITHOUT_CASE,NS-03,alert:ALT-CSE-TELC-02-0030082,strong
CSE-TELC-02,ALERT_WITHOUT_CASE,NS-03,alert:ALT-CSE-TELC-02-0030086,strong
CSE-TELC-02,ALERT_WITHOUT_CASE,NS-03,alert:ALT-CSE-TELC-02-0030096,strong
CSE-TELC-02,ALERT_WITHOUT_CASE,NS-03,alert:ALT-CSE-TELC-02-0030119,strong
CSE-TELC-02,ALERT_WITHOUT_CASE,NS-03,alert:ALT-CSE-TELC-02-0030123,strong
CSE-TELC-02,ALERT_WITHOUT_CASE,NS-03,alert:ALT-CSE-TELC-02-0030130,strong
CSE-TELC-02,ALERT_WITHOUT_CASE,NS-03,alert:ALT-CSE-TELC-02-0030153,strong
CSE-TELC-02,ALERT_WITHOUT_CASE,NS-03,alert:ALT-CSE-TELC-02-0030157,strong
CSE-TELC-02,ALERT_WITHOUT_CASE,NS-03,alert:ALT-CSE-TELC-02-0030173,strong
CSE-TELC-02,ALERT_WITHOUT_CASE,NS-03,alert:ALT-CSE-TELC-02-0030176,strong
CSE-TELC-02,ALERT_WITHOUT_CASE,NS-03,alert:ALT-CSE-TELC-02-0030186,strong
CSE-TELC-02,ALERT_WITHOUT_CASE,NS-03,alert:ALT-CSE-TELC-02-0030230,strong
CSE-TELC-02,ALERT_WITHOUT_CASE,NS-03,alert:ALT-CSE-TELC-02-0030238,strong
CSE-TELC-02,ALERT_WITHOUT_CASE,NS-03,alert:ALT-CSE-TELC-02-0030256,strong
CSE-TELC-02,ALERT_WITHOUT_CASE,NS-03,alert:ALT-CSE-TELC-02-0030275,strong
CSE-TELC-02,ALERT_WITHOUT_CASE,NS-03,alert:ALT-CSE-TELC-02-0030277,strong
CSE-TELC-02,ALERT_WITHOUT_CASE,NS-03,alert:ALT-CSE-TELC-02-0030292,strong
CSE-TELC-02,ALERT_WITHOUT_CASE,NS-03,alert:ALT-CSE-TELC-02-0030307,strong
CSE-TELC-02,ALERT_WITHOUT_CASE,NS-03,alert:ALT-CSE-TELC-02-0030326,strong
CSE-TELC-02,ALERT_WITHOUT_CASE,NS-03,alert:ALT-CSE-TELC-02-0030334,strong
CSE-TELC-02,ALERT_WITHOUT_CASE,NS-03,alert:ALT-CSE-TELC-02-0030349,strong
CSE-TELC-02,ALERT_WITHOUT_CASE,NS-03,alert:ALT-CSE-TELC-02-0030352,strong
CSE-TELC-02,ALERT_WITHOUT_CASE,NS-03,alert:ALT-CSE-TELC-02-0030360,strong
CSE-TELC-02,ALERT_WITHOUT_CASE,NS-03,alert:ALT-CSE-TELC-02-0030363,strong
CSE-TELC-02,ALERT_WITHOUT_CASE,NS-03,alert:ALT-CSE-TELC-02-0030376,strong
CSE-TELC-02,ALERT_WITHOUT_CASE,NS-03,alert:ALT-CSE-TELC-02-0030390,strong
CSE-TELC-02,ALERT_WITHOUT_CASE,NS-03,alert:ALT-CSE-TELC-02-0030397,strong
CSE-TELC-02,ALERT_WITHOUT_CASE,NS-03,alert:ALT-CSE-TELC-02-0030405,strong
CSE-TELC-02,ALERT_WITHOUT_CASE,NS-03,alert:ALT-CSE-TELC-02-0030417,strong
CSE-TELC-02,ALERT_WITHOUT_CASE,NS-03,alert:ALT-CSE-TELC-02-0030429,strong
CSE-TELC-02,ALERT_WITHOUT_CASE,NS-03,alert:ALT-CSE-TELC-02-0030449,strong
CSE-TELC-02,ALERT_WITHOUT_CASE,NS-03,alert:ALT-CSE-TELC-02-0030461,strong
CSE-TELC-02,ALERT_WITHOUT_CASE,NS-03,alert:ALT-CSE-TELC-02-0030514,strong
CSE-TELC-02,ALERT_WITHOUT_CASE,NS-03,alert:ALT-CSE-TELC-02-0030532,strong
CSE-TELC-02,ALERT_WITHOUT_CASE,NS-03,alert:ALT-CSE-TELC-02-0030557,strong
CSE-TELC-02,ALERT_WITHOUT_CASE,NS-03,alert:ALT-CSE-TELC-02-0030567,strong
CSE-TELC-02,ALERT_WITHOUT_CASE,NS-03,alert:ALT-CSE-TELC-02-0030568,strong
CSE-TELC-02,ALERT_WITHOUT_CASE,NS-03,alert:ALT-CSE-TELC-02-0030571,strong
CSE-TELC-02,ALERT_WITHOUT_CASE,NS-03,alert:ALT-CSE-TELC-02-0030590,strong
CSE-TELC-02,ALERT_WITHOUT_CASE,NS-03,alert:ALT-CSE-TELC-02-0030612,strong
CSE-TELC-02,ALERT_WITHOUT_CASE,NS-03,alert:ALT-CSE-TELC-02-0030615,strong
CSE-TELC-02,ALERT_WITHOUT_CASE,NS-03,alert:ALT-CSE-TELC-02-0030620,strong
CSE-TELC-02,ALERT_WITHOUT_CASE,NS-03,alert:ALT-CSE-TELC-02-0030671,strong
CSE-TELC-02,ALERT_WITHOUT_CASE,NS-03,alert:ALT-CSE-TELC-02-0030689,strong
CSE-TELC-02,ALERT_WITHOUT_CASE,NS-03,alert:ALT-CSE-TELC-02-0030700,strong
CSE-TELC-02,ALERT_WITHOUT_CASE,NS-03,alert:ALT-CSE-TELC-02-0030727,strong
CSE-TELC-02,ALERT_WITHOUT_CASE,NS-03,alert:ALT-CSE-TELC-02-0030731,strong
CSE-TELC-02,ALERT_WITHOUT_CASE,NS-03,alert:ALT-CSE-TELC-02-0030742,strong
CSE-TELC-02,ALERT_WITHOUT_CASE,NS-03,alert:ALT-CSE-TELC-02-0030758,strong
CSE-TELC-02,ALERT_WITHOUT_CASE,NS-03,alert:ALT-CSE-TELC-02-0030796,strong
CSE-TELC-02,ALERT_WITHOUT_CASE,NS-03,alert:ALT-CSE-TELC-02-0030804,strong
CSE-TELC-02,ALERT_WITHOUT_CASE,NS-03,alert:ALT-CSE-TELC-02-0030807,strong
CSE-TELC-02,ALERT_WITHOUT_CASE,NS-03,alert:ALT-CSE-TELC-02-0030812,strong
CSE-TELC-02,ALERT_WITHOUT_CASE,NS-03,alert:ALT-CSE-TELC-02-0030836,strong
CSE-TELC-02,ALERT_WITHOUT_CASE,NS-03,alert:ALT-CSE-TELC-02-0030850,strong
CSE-TELC-02,ALERT_WITHOUT_CASE,NS-03,alert:ALT-CSE-TELC-02-0030851,strong
CSE-TELC-02,ALERT_WITHOUT_CASE,NS-03,alert:ALT-CSE-TELC-02-0030862,strong
CSE-TELC-02,ALERT_WITHOUT_CASE,NS-03,alert:ALT-CSE-TELC-02-0030871,strong
CSE-TELC-02,ALERT_WITHOUT_CASE,NS-03,alert:ALT-CSE-TELC-02-0030872,strong
CSE-TELC-02,ALERT_WITHOUT_CASE,NS-03,alert:ALT-CSE-TELC-02-0030874,strong
CSE-TELC-02,ALERT_WITHOUT_CASE,NS-03,alert:ALT-CSE-TELC-02-0030881,strong
CSE-TELC-02,ALERT_WITHOUT_CASE,NS-03,alert:ALT-CSE-TELC-02-0030901,strong
CSE-TELC-02,ALERT_WITHOUT_CASE,NS-03,alert:ALT-CSE-TELC-02-0030905,strong
CSE-TELC-02,ALERT_WITHOUT_CASE,NS-03,alert:ALT-CSE-TELC-02-0030941,strong
CSE-TELC-02,ALERT_WITHOUT_CASE,NS-03,alert:ALT-CSE-TELC-02-0030978,strong
CSE-TELC-02,ALERT_WITHOUT_CASE,NS-03,alert:ALT-CSE-TELC-02-0030990,strong
CSE-TELC-02,ALERT_WITHOUT_CASE,NS-03,alert:ALT-CSE-TELC-02-0031023,strong
CSE-TELC-02,ALERT_WITHOUT_CASE,NS-03,alert:ALT-CSE-TELC-02-0031041,strong
CSE-TELC-02,ALERT_WITHOUT_CASE,NS-03,alert:ALT-CSE-TELC-02-0031045,strong
CSE-TELC-02,ALERT_WITHOUT_CASE,NS-03,alert:ALT-CSE-TELC-02-0031064,strong
CSE-TELC-02,ALERT_WITHOUT_CASE,NS-03,alert:ALT-CSE-TELC-02-0031084,strong
CSE-TELC-02,ALERT_WITHOUT_CASE,NS-03,alert:ALT-CSE-TELC-02-0031100,strong
CSE-TELC-02,ALERT_WITHOUT_CASE,NS-03,alert:ALT-CSE-TELC-02-0031121,strong
CSE-TELC-02,ALERT_WITHOUT_CASE,NS-03,alert:ALT-CSE-TELC-02-0031132,strong
CSE-TELC-02,ALERT_WITHOUT_CASE,NS-03,alert:ALT-CSE-TELC-02-0031140,strong
CSE-TELC-02,ALERT_WITHOUT_CASE,NS-03,alert:ALT-CSE-TELC-02-0031154,strong
CSE-TELC-02,ALERT_WITHOUT_CASE,NS-03,alert:ALT-CSE-TELC-02-0031155,strong
CSE-TELC-02,ALERT_WITHOUT_CASE,NS-03,alert:ALT-CSE-TELC-02-0031161,strong
CSE-TELC-02,ALERT_WITHOUT_CASE,NS-03,alert:ALT-CSE-TELC-02-0031165,strong
CSE-TELC-02,ALERT_WITHOUT_CASE,NS-03,alert:ALT-CSE-TELC-02-0031168,strong
CSE-TELC-02,ALERT_WITHOUT_CASE,NS-03,alert:ALT-CSE-TELC-02-0031179,strong
CSE-TELC-02,ALERT_WITHOUT_CASE,NS-03,alert:ALT-CSE-TELC-02-0031180,strong
CSE-TELC-02,ALERT_WITHOUT_CASE,NS-03,alert:ALT-CSE-TELC-02-0031192,strong
CSE-TELC-02,ALERT_WITHOUT_CASE,NS-03,alert:ALT-CSE-TELC-02-0031195,strong
CSE-TELC-02,ALERT_WITHOUT_CASE,NS-03,alert:ALT-CSE-TELC-02-0031196,strong
CSE-TELC-02,ALERT_WITHOUT_CASE,NS-03,alert:ALT-CSE-TELC-02-0031217,strong
CSE-TELC-02,ALERT_WITHOUT_CASE,NS-03,alert:ALT-CSE-TELC-02-0031222,strong
CSE-TELC-02,ALERT_WITHOUT_CASE,NS-03,alert:ALT-CSE-TELC-02-0031237,strong
CSE-TELC-02,ALERT_WITHOUT_CASE,NS-03,alert:ALT-CSE-TELC-02-0031248,strong
CSE-TELC-02,ALERT_WITHOUT_CASE,NS-03,alert:ALT-CSE-TELC-02-0031256,strong
CSE-TELC-02,ALERT_WITHOUT_CASE,NS-03,alert:ALT-CSE-TELC-02-0031263,strong
CSE-TELC-02,ALERT_WITHOUT_CASE,NS-03,alert:ALT-CSE-TELC-02-0031288,strong
CSE-TELC-02,ALERT_WITHOUT_CASE,NS-03,alert:ALT-CSE-TELC-02-0031303,strong
CSE-TELC-02,ALERT_WITHOUT_CASE,NS-03,alert:ALT-CSE-TELC-02-0031315,strong
CSE-TELC-02,ALERT_WITHOUT_CASE,NS-03,alert:ALT-CSE-TELC-02-0031318,strong
CSE-TELC-02,ALERT_WITHOUT_CASE,NS-03,alert:ALT-CSE-TELC-02-0031327,strong
CSE-TELC-02,ALERT_WITHOUT_CASE,NS-03,alert:ALT-CSE-TELC-02-0031363,strong
CSE-TELC-02,ALERT_WITHOUT_CASE,NS-03,alert:ALT-CSE-TELC-02-0031373,strong
CSE-TELC-02,ALERT_WITHOUT_CASE,NS-03,alert:ALT-CSE-TELC-02-0031384,strong
CSE-TELC-02,ALERT_WITHOUT_CASE,NS-03,alert:ALT-CSE-TELC-02-0031387,strong
CSE-TELC-02,ALERT_WITHOUT_CASE,NS-03,alert:ALT-CSE-TELC-02-0031391,strong
CSE-TELC-02,ALERT_WITHOUT_CASE,NS-03,alert:ALT-CSE-TELC-02-0031395,strong
CSE-TELC-02,ALERT_WITHOUT_CASE,NS-03,alert:ALT-CSE-TELC-02-0031400,strong
CSE-TELC-02,ALERT_WITHOUT_CASE,NS-03,alert:ALT-CSE-TELC-02-0031401,strong
CSE-TELC-02,ALERT_WITHOUT_CASE,NS-03,alert:ALT-CSE-TELC-02-0031402,strong
CSE-TELC-02,ALERT_WITHOUT_CASE,NS-03,alert:ALT-CSE-TELC-02-0031410,strong
CSE-TELC-02,ALERT_WITHOUT_CASE,NS-03,alert:ALT-CSE-TELC-02-0031430,strong
CSE-TELC-02,ALERT_WITHOUT_CASE,NS-03,alert:ALT-CSE-TELC-02-0031450,strong
CSE-TELC-02,ALERT_WITHOUT_CASE,NS-03,alert:ALT-CSE-TELC-02-0031455,strong
CSE-TELC-02,ALERT_WITHOUT_CASE,NS-03,alert:ALT-CSE-TELC-02-0031491,strong
CSE-TELC-02,ALERT_WITHOUT_CASE,NS-03,alert:ALT-CSE-TELC-02-0031498,strong
CSE-TELC-02,ALERT_WITHOUT_CASE,NS-03,alert:ALT-CSE-TELC-02-0031514,strong
CSE-TELC-02,ALERT_WITHOUT_CASE,NS-03,alert:ALT-CSE-TELC-02-0031523,strong
CSE-TELC-02,ALERT_WITHOUT_CASE,NS-03,alert:ALT-CSE-TELC-02-0031568,strong
CSE-TELC-02,ALERT_WITHOUT_CASE,NS-03,alert:ALT-CSE-TELC-02-0031569,strong
CSE-TELC-02,ALERT_WITHOUT_CASE,NS-03,alert:ALT-CSE-TELC-02-0031574,strong
CSE-TELC-02,ALERT_WITHOUT_CASE,NS-03,alert:ALT-CSE-TELC-02-0031578,strong
CSE-TELC-02,ALERT_WITHOUT_CASE,NS-03,alert:ALT-CSE-TELC-02-0031623,strong
CSE-TELC-02,ALERT_WITHOUT_CASE,NS-03,alert:ALT-CSE-TELC-02-0031648,strong
CSE-TELC-02,ALERT_WITHOUT_CASE,NS-03,alert:ALT-CSE-TELC-02-0031665,strong
CSE-TELC-02,ALERT_WITHOUT_CASE,NS-03,alert:ALT-CSE-TELC-02-0031689,strong
CSE-TELC-02,ALERT_WITHOUT_CASE,NS-03,alert:ALT-CSE-TELC-02-0031693,strong
CSE-TELC-02,ALERT_WITHOUT_CASE,NS-03,alert:ALT-CSE-TELC-02-0031698,strong
CSE-TELC-02,ALERT_WITHOUT_CASE,NS-03,alert:ALT-CSE-TELC-02-0031713,strong
CSE-TELC-02,ALERT_WITHOUT_CASE,NS-03,alert:ALT-CSE-TELC-02-0031718,strong
CSE-TELC-02,ALERT_WITHOUT_CASE,NS-03,alert:ALT-CSE-TELC-02-0031723,strong
CSE-TELC-02,ALERT_WITHOUT_CASE,NS-03,alert:ALT-CSE-TELC-02-0031732,strong
CSE-TELC-02,ALERT_WITHOUT_CASE,NS-03,alert:ALT-CSE-TELC-02-0031736,strong
CSE-TELC-02,ALERT_WITHOUT_CASE,NS-03,alert:ALT-CSE-TELC-02-0031743,strong
CSE-TELC-02,ALERT_WITHOUT_CASE,NS-03,alert:ALT-CSE-TELC-02-0031746,strong
CSE-TELC-02,ALERT_WITHOUT_CASE,NS-03,alert:ALT-CSE-TELC-02-0031771,strong
CSE-TELC-02,ALERT_WITHOUT_CASE,NS-03,alert:ALT-CSE-TELC-02-0031782,strong
CSE-TELC-02,ALERT_WITHOUT_CASE,NS-03,alert:ALT-CSE-TELC-02-0031787,strong
CSE-TELC-02,ALERT_WITHOUT_CASE,NS-03,alert:ALT-CSE-TELC-02-0031798,strong
CSE-TELC-02,ALERT_WITHOUT_CASE,NS-03,alert:ALT-CSE-TELC-02-0031803,strong
CSE-TELC-02,ALERT_WITHOUT_CASE,NS-03,alert:ALT-CSE-TELC-02-0031827,strong
CSE-TELC-02,ALERT_WITHOUT_CASE,NS-03,alert:ALT-CSE-TELC-02-0031837,strong
CSE-TELC-02,ALERT_WITHOUT_CASE,NS-03,alert:ALT-CSE-TELC-02-0031838,strong
CSE-TELC-02,ALERT_WITHOUT_CASE,NS-03,alert:ALT-CSE-TELC-02-0031839,strong
CSE-TELC-02,ALERT_WITHOUT_CASE,NS-03,alert:ALT-CSE-TELC-02-0031843,strong
CSE-TELC-02,ALERT_WITHOUT_CASE,NS-03,alert:ALT-CSE-TELC-02-0031862,strong
CSE-TELC-02,ALERT_WITHOUT_CASE,NS-03,alert:ALT-CSE-TELC-02-0031870,strong
CSE-TELC-02,ALERT_WITHOUT_CASE,NS-03,alert:ALT-CSE-TELC-02-0031876,strong
CSE-TELC-02,ALERT_WITHOUT_CASE,NS-03,alert:ALT-CSE-TELC-02-0031905,strong
CSE-TELC-02,ALERT_WITHOUT_CASE,NS-03,alert:ALT-CSE-TELC-02-0031906,strong
CSE-TELC-02,ALERT_WITHOUT_CASE,NS-03,alert:ALT-CSE-TELC-02-0031920,strong
CSE-TELC-02,ALERT_WITHOUT_CASE,NS-03,alert:ALT-CSE-TELC-02-0031948,strong
CSE-TELC-02,ALERT_WITHOUT_CASE,NS-03,alert:ALT-CSE-TELC-02-0031977,strong
CSE-TELC-02,ALERT_WITHOUT_CASE,NS-03,alert:ALT-CSE-TELC-02-0031995,strong
CSE-TELC-02,ALERT_WITHOUT_CASE,NS-03,alert:ALT-CSE-TELC-02-0032009,strong
CSE-TELC-02,ALERT_WITHOUT_CASE,NS-03,alert:ALT-CSE-TELC-02-0032012,strong
CSE-TELC-02,ALERT_WITHOUT_CASE,NS-03,alert:ALT-CSE-TELC-02-0032013,strong
CSE-TELC-02,ALERT_WITHOUT_CASE,NS-03,alert:ALT-CSE-TELC-02-0032046,strong
CSE-TELC-02,ALERT_WITHOUT_CASE,NS-03,alert:ALT-CSE-TELC-02-0032048,strong
CSE-TELC-02,ALERT_WITHOUT_CASE,NS-03,alert:ALT-CSE-TELC-02-0032049,strong
CSE-TELC-02,ALERT_WITHOUT_CASE,NS-03,alert:ALT-CSE-TELC-02-0032055,strong
CSE-TELC-02,ALERT_WITHOUT_CASE,NS-03,alert:ALT-CSE-TELC-02-0032083,strong
CSE-TELC-02,ALERT_WITHOUT_CASE,NS-03,alert:ALT-CSE-TELC-02-0032100,strong
CSE-TELC-02,ALERT_WITHOUT_CASE,NS-03,alert:ALT-CSE-TELC-02-0032113,strong
CSE-TELC-02,ALERT_WITHOUT_CASE,NS-03,alert:ALT-CSE-TELC-02-0032132,strong
CSE-TELC-02,ALERT_WITHOUT_CASE,NS-03,alert:ALT-CSE-TELC-02-0032134,strong
CSE-TELC-02,ALERT_WITHOUT_CASE,NS-03,alert:ALT-CSE-TELC-02-0032144,strong
CSE-TELC-02,ALERT_WITHOUT_CASE,NS-03,alert:ALT-CSE-TELC-02-0032150,strong
CSE-TELC-02,ALERT_WITHOUT_CASE,NS-03,alert:ALT-CSE-TELC-02-0032153,strong
CSE-TELC-02,ALERT_WITHOUT_CASE,NS-03,alert:ALT-CSE-TELC-02-0032160,strong
CSE-TELC-02,ALERT_WITHOUT_CASE,NS-03,alert:ALT-CSE-TELC-02-0032165,strong
CSE-TELC-02,ALERT_WITHOUT_CASE,NS-03,alert:ALT-CSE-TELC-02-0032189,strong
CSE-TELC-02,ALERT_WITHOUT_CASE,NS-03,alert:ALT-CSE-TELC-02-0032244,strong
CSE-TELC-02,ALERT_WITHOUT_CASE,NS-03,alert:ALT-CSE-TELC-02-0032247,strong
CSE-TELC-02,ALERT_WITHOUT_CASE,NS-03,alert:ALT-CSE-TELC-02-0032267,strong
CSE-TELC-02,ALERT_WITHOUT_CASE,NS-03,alert:ALT-CSE-TELC-02-0032273,strong
CSE-TELC-02,ALERT_WITHOUT_CASE,NS-03,alert:ALT-CSE-TELC-02-0032276,strong
CSE-TELC-02,ALERT_WITHOUT_CASE,NS-03,alert:ALT-CSE-TELC-02-0032283,strong
CSE-TELC-02,ALERT_WITHOUT_CASE,NS-03,alert:ALT-CSE-TELC-02-0032309,strong
CSE-TELC-02,ALERT_WITHOUT_CASE,NS-03,alert:ALT-CSE-TELC-02-0032310,strong
CSE-TELC-02,ALERT_WITHOUT_CASE,NS-03,alert:ALT-CSE-TELC-02-0032331,strong
CSE-TELC-02,ALERT_WITHOUT_CASE,NS-03,alert:ALT-CSE-TELC-02-0032368,strong
CSE-TELC-02,ALERT_WITHOUT_CASE,NS-03,alert:ALT-CSE-TELC-02-0032375,strong
CSE-TELC-02,ALERT_WITHOUT_CASE,NS-03,alert:ALT-CSE-TELC-02-0032399,strong
CSE-TELC-02,ALERT_WITHOUT_CASE,NS-03,alert:ALT-CSE-TELC-02-0032404,strong
CSE-TELC-02,ALERT_WITHOUT_CASE,NS-03,alert:ALT-CSE-TELC-02-0032409,strong
CSE-TELC-02,ALERT_WITHOUT_CASE,NS-03,alert:ALT-CSE-TELC-02-0032418,strong
CSE-TELC-02,ALERT_WITHOUT_CASE,NS-03,alert:ALT-CSE-TELC-02-0032422,strong
CSE-TELC-02,ALERT_WITHOUT_CASE,NS-03,alert:ALT-CSE-TELC-02-0032429,strong
CSE-TELC-02,ALERT_WITHOUT_CASE,NS-03,alert:ALT-CSE-TELC-02-0032452,strong
CSE-TELC-02,ALERT_WITHOUT_CASE,NS-03,alert:ALT-CSE-TELC-02-0032455,strong
CSE-TELC-02,ALERT_WITHOUT_CASE,NS-03,alert:ALT-CSE-TELC-02-0032474,strong
CSE-TELC-02,ALERT_WITHOUT_CASE,NS-03,alert:ALT-CSE-TELC-02-0032490,strong
CSE-TELC-02,ALERT_WITHOUT_CASE,NS-03,alert:ALT-CSE-TELC-02-0032504,strong
CSE-TELC-02,ALERT_WITHOUT_CASE,NS-03,alert:ALT-CSE-TELC-02-0032510,strong
CSE-TELC-02,ALERT_WITHOUT_CASE,NS-03,alert:ALT-CSE-TELC-02-0032515,strong
CSE-TELC-02,ALERT_WITHOUT_CASE,NS-03,alert:ALT-CSE-TELC-02-0032516,strong
CSE-TELC-02,ALERT_WITHOUT_CASE,NS-03,alert:ALT-CSE-TELC-02-0032518,strong
CSE-TELC-02,ALERT_WITHOUT_CASE,NS-03,alert:ALT-CSE-TELC-02-0032536,strong
CSE-TELC-02,ALERT_WITHOUT_CASE,NS-03,alert:ALT-CSE-TELC-02-0032537,strong
CSE-TELC-02,ALERT_WITHOUT_CASE,NS-03,alert:ALT-CSE-TELC-02-0032540,strong
CSE-TELC-02,ALERT_WITHOUT_CASE,NS-03,alert:ALT-CSE-TELC-02-0032544,strong
CSE-TELC-02,ALERT_WITHOUT_CASE,NS-03,alert:ALT-CSE-TELC-02-0032555,strong
CSE-TELC-02,ALERT_WITHOUT_CASE,NS-03,alert:ALT-CSE-TELC-02-0032579,strong
CSE-TELC-02,ALERT_WITHOUT_CASE,NS-03,alert:ALT-CSE-TELC-02-0032582,strong
CSE-TELC-02,ALERT_WITHOUT_CASE,NS-03,alert:ALT-CSE-TELC-02-0032598,strong
CSE-TELC-02,ALERT_WITHOUT_CASE,NS-03,alert:ALT-CSE-TELC-02-0032615,strong
CSE-TELC-02,ALERT_WITHOUT_CASE,NS-03,alert:ALT-CSE-TELC-02-0032622,strong
CSE-TELC-02,ALERT_WITHOUT_CASE,NS-03,alert:ALT-CSE-TELC-02-0032649,strong
CSE-TELC-02,ALERT_WITHOUT_CASE,NS-03,alert:ALT-CSE-TELC-02-0032651,strong
CSE-TELC-02,ALERT_WITHOUT_CASE,NS-03,alert:ALT-CSE-TELC-02-0032660,strong
CSE-TELC-02,ALERT_WITHOUT_CASE,NS-03,alert:ALT-CSE-TELC-02-0032666,strong
CSE-TELC-02,ALERT_WITHOUT_CASE,NS-03,alert:ALT-CSE-TELC-02-0032668,strong
CSE-TELC-02,ALERT_WITHOUT_CASE,NS-03,alert:ALT-CSE-TELC-02-0032691,strong
CSE-TELC-02,ALERT_WITHOUT_CASE,NS-03,alert:ALT-CSE-TELC-02-0032700,strong
CSE-TELC-02,ALERT_WITHOUT_CASE,NS-03,alert:ALT-CSE-TELC-02-0032719,strong
CSE-TELC-02,ALERT_WITHOUT_CASE,NS-03,alert:ALT-CSE-TELC-02-0032729,strong
CSE-TELC-02,ALERT_WITHOUT_CASE,NS-03,alert:ALT-CSE-TELC-02-0032735,strong
CSE-TELC-02,ALERT_WITHOUT_CASE,NS-03,alert:ALT-CSE-TELC-02-0032747,strong
CSE-TELC-02,ALERT_WITHOUT_CASE,NS-03,alert:ALT-CSE-TELC-02-0032753,strong
CSE-TELC-02,ALERT_WITHOUT_CASE,NS-03,alert:ALT-CSE-TELC-02-0032759,strong
CSE-TELC-02,ALERT_WITHOUT_CASE,NS-03,alert:ALT-CSE-TELC-02-0032764,strong
CSE-TELC-02,ALERT_WITHOUT_CASE,NS-03,alert:ALT-CSE-TELC-02-0032772,strong
CSE-TELC-02,ALERT_WITHOUT_CASE,NS-03,alert:ALT-CSE-TELC-02-0032793,strong
CSE-TELC-02,ALERT_WITHOUT_CASE,NS-03,alert:ALT-CSE-TELC-02-0032830,strong
CSE-TELC-02,ALERT_WITHOUT_CASE,NS-03,alert:ALT-CSE-TELC-02-0032850,strong
CSE-TELC-02,ALERT_WITHOUT_CASE,NS-03,alert:ALT-CSE-TELC-02-0032852,strong
CSE-TELC-02,ALERT_WITHOUT_CASE,NS-03,alert:ALT-CSE-TELC-02-0032893,strong
CSE-TELC-02,ALERT_WITHOUT_CASE,NS-03,alert:ALT-CSE-TELC-02-0032910,strong
CSE-TELC-02,ALERT_WITHOUT_CASE,NS-03,alert:ALT-CSE-TELC-02-0032928,strong
CSE-TELC-02,ALERT_WITHOUT_CASE,NS-03,alert:ALT-CSE-TELC-02-0032932,strong
CSE-TELC-02,ALERT_WITHOUT_CASE,NS-03,alert:ALT-CSE-TELC-02-0032937,strong
CSE-TELC-02,ALERT_WITHOUT_CASE,NS-03,alert:ALT-CSE-TELC-02-0033016,strong
CSE-TELC-02,ALERT_WITHOUT_CASE,NS-03,alert:ALT-CSE-TELC-02-0033019,strong
CSE-TELC-02,ALERT_WITHOUT_CASE,NS-03,alert:ALT-CSE-TELC-02-0033032,strong
CSE-TELC-02,ALERT_WITHOUT_CASE,NS-03,alert:ALT-CSE-TELC-02-0033051,strong
CSE-TELC-02,ALERT_WITHOUT_CASE,NS-03,alert:ALT-CSE-TELC-02-0033086,strong
CSE-TELC-02,ALERT_WITHOUT_CASE,NS-03,alert:ALT-CSE-TELC-02-0033087,strong
CSE-TELC-02,ALERT_WITHOUT_CASE,NS-03,alert:ALT-CSE-TELC-02-0033103,strong
CSE-TELC-02,ALERT_WITHOUT_CASE,NS-03,alert:ALT-CSE-TELC-02-0033115,strong
CSE-TELC-02,ALERT_WITHOUT_CASE,NS-03,alert:ALT-CSE-TELC-02-0033118,strong
CSE-TELC-02,ALERT_WITHOUT_CASE,NS-03,alert:ALT-CSE-TELC-02-0033123,strong
CSE-TELC-02,ALERT_WITHOUT_CASE,NS-03,alert:ALT-CSE-TELC-02-0033126,strong
CSE-TELC-02,ALERT_WITHOUT_CASE,NS-03,alert:ALT-CSE-TELC-02-0033128,strong
CSE-TELC-02,ALERT_WITHOUT_CASE,NS-03,alert:ALT-CSE-TELC-02-0033155,strong
CSE-TELC-02,ALERT_WITHOUT_CASE,NS-03,alert:ALT-CSE-TELC-02-0033156,strong
CSE-TELC-02,ALERT_WITHOUT_CASE,NS-03,alert:ALT-CSE-TELC-02-0033157,strong
CSE-TELC-02,ALERT_WITHOUT_CASE,NS-03,alert:ALT-CSE-TELC-02-0033164,strong
CSE-TELC-02,ALERT_WITHOUT_CASE,NS-03,alert:ALT-CSE-TELC-02-0033168,strong
CSE-TELC-02,ALERT_WITHOUT_CASE,NS-03,alert:ALT-CSE-TELC-02-0033172,strong
CSE-TELC-02,ALERT_WITHOUT_CASE,NS-03,alert:ALT-CSE-TELC-02-0033173,strong
CSE-TELC-02,ALERT_WITHOUT_CASE,NS-03,alert:ALT-CSE-TELC-02-0033183,strong
CSE-TELC-02,ALERT_WITHOUT_CASE,NS-03,alert:ALT-CSE-TELC-02-0033189,strong
CSE-TELC-02,ALERT_WITHOUT_CASE,NS-03,alert:ALT-CSE-TELC-02-0033190,strong
CSE-TELC-02,ALERT_WITHOUT_CASE,NS-03,alert:ALT-CSE-TELC-02-0033221,strong
CSE-TELC-02,ALERT_WITHOUT_CASE,NS-03,alert:ALT-CSE-TELC-02-0033225,strong
CSE-TELC-02,ALERT_WITHOUT_CASE,NS-03,alert:ALT-CSE-TELC-02-0033230,strong
CSE-TELC-02,ALERT_WITHOUT_CASE,NS-03,alert:ALT-CSE-TELC-02-0033237,strong
CSE-TELC-02,ALERT_WITHOUT_CASE,NS-03,alert:ALT-CSE-TELC-02-0033242,strong
CSE-TELC-02,ALERT_WITHOUT_CASE,NS-03,alert:ALT-CSE-TELC-02-0033244,strong
CSE-TELC-02,ALERT_WITHOUT_CASE,NS-03,alert:ALT-CSE-TELC-02-0033267,strong
CSE-TELC-02,ALERT_WITHOUT_CASE,NS-03,alert:ALT-CSE-TELC-02-0033268,strong
CSE-TELC-02,ALERT_WITHOUT_CASE,NS-03,alert:ALT-CSE-TELC-02-0033280,strong
CSE-TELC-02,ALERT_WITHOUT_CASE,NS-03,alert:ALT-CSE-TELC-02-0033288,strong
CSE-TELC-02,ALERT_WITHOUT_CASE,NS-03,alert:ALT-CSE-TELC-02-0033289,strong
CSE-TELC-02,ALERT_WITHOUT_CASE,NS-03,alert:ALT-CSE-TELC-02-0033296,strong
CSE-TELC-02,ALERT_WITHOUT_CASE,NS-03,alert:ALT-CSE-TELC-02-0033299,strong
CSE-TELC-02,ALERT_WITHOUT_CASE,NS-03,alert:ALT-CSE-TELC-02-0033301,strong
CSE-TELC-02,ALERT_WITHOUT_CASE,NS-03,alert:ALT-CSE-TELC-02-0033320,strong
CSE-TELC-02,ALERT_WITHOUT_CASE,NS-03,alert:ALT-CSE-TELC-02-0033328,strong
CSE-TELC-02,ALERT_WITHOUT_CASE,NS-03,alert:ALT-CSE-TELC-02-0033339,strong
CSE-TELC-02,ALERT_WITHOUT_CASE,NS-03,alert:ALT-CSE-TELC-02-0033343,strong
CSE-TELC-02,ALERT_WITHOUT_CASE,NS-03,alert:ALT-CSE-TELC-02-0033365,strong
CSE-TELC-02,ALERT_WITHOUT_CASE,NS-03,alert:ALT-CSE-TELC-02-0033367,strong
CSE-TELC-02,ALERT_WITHOUT_CASE,NS-03,alert:ALT-CSE-TELC-02-0033377,strong
CSE-TELC-02,ALERT_WITHOUT_CASE,NS-03,alert:ALT-CSE-TELC-02-0033379,strong
CSE-TELC-02,ALERT_WITHOUT_CASE,NS-03,alert:ALT-CSE-TELC-02-0033426,strong
CSE-TELC-02,ALERT_WITHOUT_CASE,NS-03,alert:ALT-CSE-TELC-02-0033429,strong
CSE-TELC-02,ALERT_WITHOUT_CASE,NS-03,alert:ALT-CSE-TELC-02-0033434,strong
CSE-TELC-02,ALERT_WITHOUT_CASE,NS-03,alert:ALT-CSE-TELC-02-0033438,strong
CSE-TELC-02,ALERT_WITHOUT_CASE,NS-03,alert:ALT-CSE-TELC-02-0033440,strong
CSE-TELC-02,ALERT_WITHOUT_CASE,NS-03,alert:ALT-CSE-TELC-02-0033446,strong
CSE-TELC-02,ALERT_WITHOUT_CASE,NS-03,alert:ALT-CSE-TELC-02-0033448,strong
CSE-TELC-02,ALERT_WITHOUT_CASE,NS-03,alert:ALT-CSE-TELC-02-0033454,strong
CSE-TELC-02,ALERT_WITHOUT_CASE,NS-03,alert:ALT-CSE-TELC-02-0033483,strong
CSE-TELC-02,ALERT_WITHOUT_CASE,NS-03,alert:ALT-CSE-TELC-02-0033484,strong
CSE-TELC-02,ALERT_WITHOUT_CASE,NS-03,alert:ALT-CSE-TELC-02-0033492,strong
CSE-TELC-02,ALERT_WITHOUT_CASE,NS-03,alert:ALT-CSE-TELC-02-0033500,strong
CSE-TELC-02,ALERT_WITHOUT_CASE,NS-03,alert:ALT-CSE-TELC-02-0033501,strong
CSE-TELC-02,ALERT_WITHOUT_CASE,NS-03,alert:ALT-CSE-TELC-02-0033514,strong
CSE-TELC-02,ALERT_WITHOUT_CASE,NS-03,alert:ALT-CSE-TELC-02-0033517,strong
CSE-TELC-02,ALERT_WITHOUT_CASE,NS-03,alert:ALT-CSE-TELC-02-0033527,strong
CSE-TELC-02,ALERT_WITHOUT_CASE,NS-03,alert:ALT-CSE-TELC-02-0033534,strong
CSE-TELC-02,ALERT_WITHOUT_CASE,NS-03,alert:ALT-CSE-TELC-02-0033552,strong
CSE-TELC-02,ALERT_WITHOUT_CASE,NS-03,alert:ALT-CSE-TELC-02-0033555,strong
CSE-TELC-02,ALERT_WITHOUT_CASE,NS-03,alert:ALT-CSE-TELC-02-0033567,strong
CSE-TELC-02,ALERT_WITHOUT_CASE,NS-03,alert:ALT-CSE-TELC-02-0033580,strong
CSE-TELC-02,ALERT_WITHOUT_CASE,NS-03,alert:ALT-CSE-TELC-02-0033592,strong
CSE-TELC-02,ALERT_WITHOUT_CASE,NS-03,alert:ALT-CSE-TELC-02-0033615,strong
CSE-TELC-02,ALERT_WITHOUT_CASE,NS-03,alert:ALT-CSE-TELC-02-0033623,strong
CSE-TELC-02,ALERT_WITHOUT_CASE,NS-03,alert:ALT-CSE-TELC-02-0033627,strong
CSE-TELC-02,ALERT_WITHOUT_CASE,NS-03,alert:ALT-CSE-TELC-02-0033629,strong
CSE-TELC-02,ALERT_WITHOUT_CASE,NS-03,alert:ALT-CSE-TELC-02-0033630,strong
CSE-TELC-02,ALERT_WITHOUT_CASE,NS-03,alert:ALT-CSE-TELC-02-0033633,strong
CSE-TELC-02,ALERT_WITHOUT_CASE,NS-03,alert:ALT-CSE-TELC-02-0033648,strong
CSE-TELC-02,ALERT_WITHOUT_CASE,NS-03,alert:ALT-CSE-TELC-02-0033702,strong
CSE-TELC-02,ALERT_WITHOUT_CASE,NS-03,alert:ALT-CSE-TELC-02-0033710,strong
CSE-TELC-02,ALERT_WITHOUT_CASE,NS-03,alert:ALT-CSE-TELC-02-0033716,strong
CSE-TELC-02,ALERT_WITHOUT_CASE,NS-03,alert:ALT-CSE-TELC-02-0033722,strong
CSE-TELC-02,ALERT_WITHOUT_CASE,NS-03,alert:ALT-CSE-TELC-02-0033732,strong
CSE-TELC-02,ALERT_WITHOUT_CASE,NS-03,alert:ALT-CSE-TELC-02-0033734,strong
CSE-TELC-02,ALERT_WITHOUT_CASE,NS-03,alert:ALT-CSE-TELC-02-0033739,strong
CSE-TELC-02,ALERT_WITHOUT_CASE,NS-03,alert:ALT-CSE-TELC-02-0033749,strong
CSE-TELC-02,ALERT_WITHOUT_CASE,NS-03,alert:ALT-CSE-TELC-02-0033759,strong
CSE-TELC-02,ALERT_WITHOUT_CASE,NS-03,alert:ALT-CSE-TELC-02-0033761,strong
CSE-TELC-02,ALERT_WITHOUT_CASE,NS-03,alert:ALT-CSE-TELC-02-0033774,strong
CSE-TELC-02,ALERT_WITHOUT_CASE,NS-03,alert:ALT-CSE-TELC-02-0033785,strong
CSE-TELC-02,ALERT_WITHOUT_CASE,NS-03,alert:ALT-CSE-TELC-02-0033800,strong
CSE-TELC-02,ALERT_WITHOUT_CASE,NS-03,alert:ALT-CSE-TELC-02-0033815,strong
CSE-TELC-02,ALERT_WITHOUT_CASE,NS-03,alert:ALT-CSE-TELC-02-0033830,strong
CSE-TELC-02,ALERT_WITHOUT_CASE,NS-03,alert:ALT-CSE-TELC-02-0033832,strong
CSE-TELC-02,ALERT_WITHOUT_CASE,NS-03,alert:ALT-CSE-TELC-02-0033841,strong
CSE-TELC-02,ALERT_WITHOUT_CASE,NS-03,alert:ALT-CSE-TELC-02-0033851,strong
CSE-TELC-02,ALERT_WITHOUT_CASE,NS-03,alert:ALT-CSE-TELC-02-0033869,strong
CSE-TELC-02,ALERT_WITHOUT_CASE,NS-03,alert:ALT-CSE-TELC-02-0033885,strong
CSE-TELC-02,ALERT_WITHOUT_CASE,NS-03,alert:ALT-CSE-TELC-02-0033888,strong
CSE-TELC-02,ALERT_WITHOUT_CASE,NS-03,alert:ALT-CSE-TELC-02-0033900,strong
CSE-TELC-02,ALERT_WITHOUT_CASE,NS-03,alert:ALT-CSE-TELC-02-0033910,strong
CSE-TELC-02,ALERT_WITHOUT_CASE,NS-03,alert:ALT-CSE-TELC-02-0033919,strong
CSE-TELC-02,ALERT_WITHOUT_CASE,NS-03,alert:ALT-CSE-TELC-02-0033921,strong
CSE-TELC-02,ALERT_WITHOUT_CASE,NS-03,alert:ALT-CSE-TELC-02-0033923,strong
CSE-TELC-02,ALERT_WITHOUT_CASE,NS-03,alert:ALT-CSE-TELC-02-0033925,strong
CSE-TELC-02,ALERT_WITHOUT_CASE,NS-03,alert:ALT-CSE-TELC-02-0033930,strong
CSE-TELC-02,ALERT_WITHOUT_CASE,NS-03,alert:ALT-CSE-TELC-02-0033931,strong
CSE-TELC-02,ALERT_WITHOUT_CASE,NS-03,alert:ALT-CSE-TELC-02-0033932,strong
CSE-TELC-02,ALERT_WITHOUT_CASE,NS-03,alert:ALT-CSE-TELC-02-0033935,strong
CSE-TELC-02,ALERT_WITHOUT_CASE,NS-03,alert:ALT-CSE-TELC-02-0033966,strong
CSE-TELC-02,ALERT_WITHOUT_CASE,NS-03,alert:ALT-CSE-TELC-02-0033967,strong
CSE-TELC-02,ALERT_WITHOUT_CASE,NS-03,alert:ALT-CSE-TELC-02-0033969,strong
CSE-TELC-02,ALERT_WITHOUT_CASE,NS-03,alert:ALT-CSE-TELC-02-0033971,strong
CSE-TELC-02,ALERT_WITHOUT_CASE,NS-03,alert:ALT-CSE-TELC-02-0033972,strong
CSE-TELC-02,ALERT_WITHOUT_CASE,NS-03,alert:ALT-CSE-TELC-02-0033976,strong
CSE-TELC-02,ALERT_WITHOUT_CASE,NS-03,alert:ALT-CSE-TELC-02-0033978,strong
CSE-TELC-02,ALERT_WITHOUT_CASE,NS-03,alert:ALT-CSE-TELC-02-0034005,strong
CSE-TELC-02,ALERT_WITHOUT_CASE,NS-03,alert:ALT-CSE-TELC-02-0034027,strong
CSE-TELC-02,ALERT_WITHOUT_CASE,NS-03,alert:ALT-CSE-TELC-02-0034046,strong
CSE-TELC-02,ALERT_WITHOUT_CASE,NS-03,alert:ALT-CSE-TELC-02-0034047,strong
CSE-TELC-02,ALERT_WITHOUT_CASE,NS-03,alert:ALT-CSE-TELC-02-0034052,strong
CSE-TELC-02,ALERT_WITHOUT_CASE,NS-03,alert:ALT-CSE-TELC-02-0034053,strong
CSE-TELC-02,ALERT_WITHOUT_CASE,NS-03,alert:ALT-CSE-TELC-02-0034067,strong
CSE-TELC-02,ALERT_WITHOUT_CASE,NS-03,alert:ALT-CSE-TELC-02-0034070,strong
CSE-TELC-02,ALERT_WITHOUT_CASE,NS-03,alert:ALT-CSE-TELC-02-0034116,strong
CSE-TELC-02,ALERT_WITHOUT_CASE,NS-03,alert:ALT-CSE-TELC-02-0034120,strong
CSE-TELC-02,ALERT_WITHOUT_CASE,NS-03,alert:ALT-CSE-TELC-02-0034122,strong
CSE-TELC-02,ALERT_WITHOUT_CASE,NS-03,alert:ALT-CSE-TELC-02-0034125,strong
CSE-TELC-02,ALERT_WITHOUT_CASE,NS-03,alert:ALT-CSE-TELC-02-0034144,strong
CSE-TELC-02,ALERT_WITHOUT_CASE,NS-03,alert:ALT-CSE-TELC-02-0034150,strong
CSE-TELC-02,ALERT_WITHOUT_CASE,NS-03,alert:ALT-CSE-TELC-02-0034161,strong
CSE-TELC-02,ALERT_WITHOUT_CASE,NS-03,alert:ALT-CSE-TELC-02-0034177,strong
CSE-TELC-02,ALERT_WITHOUT_CASE,NS-03,alert:ALT-CSE-TELC-02-0034203,strong
CSE-TELC-02,ALERT_WITHOUT_CASE,NS-03,alert:ALT-CSE-TELC-02-0034210,strong
CSE-TELC-02,ALERT_WITHOUT_CASE,NS-03,alert:ALT-CSE-TELC-02-0034212,strong
CSE-TELC-02,ALERT_WITHOUT_CASE,NS-03,alert:ALT-CSE-TELC-02-0034215,strong
CSE-TELC-02,ALERT_WITHOUT_CASE,NS-03,alert:ALT-CSE-TELC-02-0034218,strong
CSE-TELC-02,ALERT_WITHOUT_CASE,NS-03,alert:ALT-CSE-TELC-02-0034222,strong
CSE-TELC-02,ALERT_WITHOUT_CASE,NS-03,alert:ALT-CSE-TELC-02-0034227,strong
CSE-TELC-02,ALERT_WITHOUT_CASE,NS-03,alert:ALT-CSE-TELC-02-0034231,strong
CSE-TELC-02,ALERT_WITHOUT_CASE,NS-03,alert:ALT-CSE-TELC-02-0034235,strong
CSE-TELC-02,ALERT_WITHOUT_CASE,NS-03,alert:ALT-CSE-TELC-02-0034242,strong
CSE-TELC-02,ALERT_WITHOUT_CASE,NS-03,alert:ALT-CSE-TELC-02-0034245,strong
CSE-TELC-02,ALERT_WITHOUT_CASE,NS-03,alert:ALT-CSE-TELC-02-0034248,strong
CSE-TELC-02,ALERT_WITHOUT_CASE,NS-03,alert:ALT-CSE-TELC-02-0034253,strong
CSE-TELC-02,ALERT_WITHOUT_CASE,NS-03,alert:ALT-CSE-TELC-02-0034257,strong
CSE-TELC-02,ALERT_WITHOUT_CASE,NS-03,alert:ALT-CSE-TELC-02-0034261,strong
CSE-TELC-02,ALERT_WITHOUT_CASE,NS-03,alert:ALT-CSE-TELC-02-0034263,strong
CSE-TELC-02,ALERT_WITHOUT_CASE,NS-03,alert:ALT-CSE-TELC-02-0034269,strong
CSE-TELC-03,FAST_CRITICAL_CLOSURE,EG-01,alert:ALT-CSE-TELC-03-0034297,subtle
CSE-TELC-03,TEMPLATE_INVESTIGATION,EG-04,case:CAS-CSE-TELC-03-0033914,subtle
CSE-TELC-03,FAST_CRITICAL_CLOSURE,EG-01,alert:ALT-CSE-TELC-03-0034307,subtle
CSE-TELC-03,FAST_CRITICAL_CLOSURE,EG-01,alert:ALT-CSE-TELC-03-0034323,subtle
CSE-TELC-03,TEMPLATE_INVESTIGATION,EG-04,case:CAS-CSE-TELC-03-0033934,subtle
CSE-TELC-03,FAST_CRITICAL_CLOSURE,EG-01,alert:ALT-CSE-TELC-03-0034327,subtle
CSE-TELC-03,FAST_CRITICAL_CLOSURE,EG-01,alert:ALT-CSE-TELC-03-0034328,subtle
CSE-TELC-03,TEMPLATE_INVESTIGATION,EG-04,case:CAS-CSE-TELC-03-0033944,subtle
CSE-TELC-03,FAST_CRITICAL_CLOSURE,EG-01,alert:ALT-CSE-TELC-03-0034341,subtle
CSE-TELC-03,FAST_CRITICAL_CLOSURE,EG-01,alert:ALT-CSE-TELC-03-0034349,subtle
CSE-TELC-03,TEMPLATE_INVESTIGATION,EG-04,case:CAS-CSE-TELC-03-0033964,subtle
CSE-TELC-03,FAST_CRITICAL_CLOSURE,EG-01,alert:ALT-CSE-TELC-03-0034362,subtle
CSE-TELC-03,TEMPLATE_INVESTIGATION,EG-04,case:CAS-CSE-TELC-03-0033974,subtle
CSE-TELC-03,TEMPLATE_INVESTIGATION,EG-04,case:CAS-CSE-TELC-03-0033984,subtle
CSE-TELC-03,FAST_CRITICAL_CLOSURE,EG-01,alert:ALT-CSE-TELC-03-0034376,subtle
CSE-TELC-03,FAST_CRITICAL_CLOSURE,EG-01,alert:ALT-CSE-TELC-03-0034378,subtle
CSE-TELC-03,TEMPLATE_INVESTIGATION,EG-04,case:CAS-CSE-TELC-03-0033994,subtle
CSE-TELC-03,FAST_CRITICAL_CLOSURE,EG-01,alert:ALT-CSE-TELC-03-0034395,subtle
CSE-TELC-03,TEMPLATE_INVESTIGATION,EG-04,case:CAS-CSE-TELC-03-0034014,subtle
CSE-TELC-03,FAST_CRITICAL_CLOSURE,EG-01,alert:ALT-CSE-TELC-03-0034405,subtle
CSE-TELC-03,FAST_CRITICAL_CLOSURE,EG-01,alert:ALT-CSE-TELC-03-0034410,subtle
CSE-TELC-03,TEMPLATE_INVESTIGATION,EG-04,case:CAS-CSE-TELC-03-0034024,subtle
CSE-TELC-03,TEMPLATE_INVESTIGATION,EG-04,case:CAS-CSE-TELC-03-0034034,subtle
CSE-TELC-03,TEMPLATE_INVESTIGATION,EG-04,case:CAS-CSE-TELC-03-0034044,subtle
CSE-TELC-03,FAST_CRITICAL_CLOSURE,EG-01,alert:ALT-CSE-TELC-03-0034440,subtle
CSE-TELC-03,FAST_CRITICAL_CLOSURE,EG-01,alert:ALT-CSE-TELC-03-0034442,subtle
CSE-TELC-03,TEMPLATE_INVESTIGATION,EG-04,case:CAS-CSE-TELC-03-0034054,subtle
CSE-TELC-03,FAST_CRITICAL_CLOSURE,EG-01,alert:ALT-CSE-TELC-03-0034447,subtle
CSE-TELC-03,FAST_CRITICAL_CLOSURE,EG-01,alert:ALT-CSE-TELC-03-0034448,subtle
CSE-TELC-03,FAST_CRITICAL_CLOSURE,EG-01,alert:ALT-CSE-TELC-03-0034449,subtle
CSE-TELC-03,FAST_CRITICAL_CLOSURE,EG-01,alert:ALT-CSE-TELC-03-0034450,subtle
CSE-TELC-03,FAST_CRITICAL_CLOSURE,EG-01,alert:ALT-CSE-TELC-03-0034451,subtle
CSE-TELC-03,FAST_CRITICAL_CLOSURE,EG-01,alert:ALT-CSE-TELC-03-0034453,subtle
CSE-TELC-03,TEMPLATE_INVESTIGATION,EG-04,case:CAS-CSE-TELC-03-0034064,subtle
CSE-TELC-03,FAST_CRITICAL_CLOSURE,EG-01,alert:ALT-CSE-TELC-03-0034454,subtle
CSE-TELC-03,FAST_CRITICAL_CLOSURE,EG-01,alert:ALT-CSE-TELC-03-0034455,subtle
CSE-TELC-03,FAST_CRITICAL_CLOSURE,EG-01,alert:ALT-CSE-TELC-03-0034460,subtle
CSE-TELC-03,TEMPLATE_INVESTIGATION,EG-04,case:CAS-CSE-TELC-03-0034074,subtle
CSE-TELC-03,FAST_CRITICAL_CLOSURE,EG-01,alert:ALT-CSE-TELC-03-0034464,subtle
CSE-TELC-03,FAST_CRITICAL_CLOSURE,EG-01,alert:ALT-CSE-TELC-03-0034472,subtle
CSE-TELC-03,TEMPLATE_INVESTIGATION,EG-04,case:CAS-CSE-TELC-03-0034084,subtle
CSE-TELC-03,FAST_CRITICAL_CLOSURE,EG-01,alert:ALT-CSE-TELC-03-0034475,subtle
CSE-TELC-03,FAST_CRITICAL_CLOSURE,EG-01,alert:ALT-CSE-TELC-03-0034493,subtle
CSE-TELC-03,FAST_CRITICAL_CLOSURE,EG-01,alert:ALT-CSE-TELC-03-0034497,subtle
CSE-TELC-03,FAST_CRITICAL_CLOSURE,EG-01,alert:ALT-CSE-TELC-03-0034499,subtle
CSE-TELC-03,FAST_CRITICAL_CLOSURE,EG-01,alert:ALT-CSE-TELC-03-0034500,subtle
CSE-TELC-03,FAST_CRITICAL_CLOSURE,EG-01,alert:ALT-CSE-TELC-03-0034505,subtle
CSE-TELC-03,FAST_CRITICAL_CLOSURE,EG-01,alert:ALT-CSE-TELC-03-0034509,subtle
CSE-TELC-03,TEMPLATE_INVESTIGATION,EG-04,case:CAS-CSE-TELC-03-0034124,subtle
CSE-TELC-03,TEMPLATE_INVESTIGATION,EG-04,case:CAS-CSE-TELC-03-0034134,subtle
CSE-TELC-03,TEMPLATE_INVESTIGATION,EG-04,case:CAS-CSE-TELC-03-0034144,subtle
CSE-TELC-03,FAST_CRITICAL_CLOSURE,EG-01,alert:ALT-CSE-TELC-03-0034539,subtle
CSE-TELC-03,FAST_CRITICAL_CLOSURE,EG-01,alert:ALT-CSE-TELC-03-0034540,subtle
CSE-TELC-03,FAST_CRITICAL_CLOSURE,EG-01,alert:ALT-CSE-TELC-03-0034542,subtle
CSE-TELC-03,TEMPLATE_INVESTIGATION,EG-04,case:CAS-CSE-TELC-03-0034154,subtle
CSE-TELC-03,TEMPLATE_INVESTIGATION,EG-04,case:CAS-CSE-TELC-03-0034164,subtle
CSE-TELC-03,FAST_CRITICAL_CLOSURE,EG-01,alert:ALT-CSE-TELC-03-0034555,subtle
CSE-TELC-03,TEMPLATE_INVESTIGATION,EG-04,case:CAS-CSE-TELC-03-0034174,subtle
CSE-TELC-03,FAST_CRITICAL_CLOSURE,EG-01,alert:ALT-CSE-TELC-03-0034568,subtle
CSE-TELC-03,TEMPLATE_INVESTIGATION,EG-04,case:CAS-CSE-TELC-03-0034184,subtle
CSE-TELC-03,FAST_CRITICAL_CLOSURE,EG-01,alert:ALT-CSE-TELC-03-0034576,subtle
CSE-TELC-03,TEMPLATE_INVESTIGATION,EG-04,case:CAS-CSE-TELC-03-0034194,subtle
CSE-TELC-03,FAST_CRITICAL_CLOSURE,EG-01,alert:ALT-CSE-TELC-03-0034584,subtle
CSE-TELC-03,FAST_CRITICAL_CLOSURE,EG-01,alert:ALT-CSE-TELC-03-0034586,subtle
CSE-TELC-03,FAST_CRITICAL_CLOSURE,EG-01,alert:ALT-CSE-TELC-03-0034588,subtle
CSE-TELC-03,TEMPLATE_INVESTIGATION,EG-04,case:CAS-CSE-TELC-03-0034204,subtle
CSE-TELC-03,FAST_CRITICAL_CLOSURE,EG-01,alert:ALT-CSE-TELC-03-0034595,subtle
CSE-TELC-03,FAST_CRITICAL_CLOSURE,EG-01,alert:ALT-CSE-TELC-03-0034596,subtle
CSE-TELC-03,FAST_CRITICAL_CLOSURE,EG-01,alert:ALT-CSE-TELC-03-0034597,subtle
CSE-TELC-03,FAST_CRITICAL_CLOSURE,EG-01,alert:ALT-CSE-TELC-03-0034601,subtle
CSE-TELC-03,TEMPLATE_INVESTIGATION,EG-04,case:CAS-CSE-TELC-03-0034214,subtle
CSE-TELC-03,TEMPLATE_INVESTIGATION,EG-04,case:CAS-CSE-TELC-03-0034224,subtle
CSE-TELC-03,FAST_CRITICAL_CLOSURE,EG-01,alert:ALT-CSE-TELC-03-0034615,subtle
CSE-TELC-03,FAST_CRITICAL_CLOSURE,EG-01,alert:ALT-CSE-TELC-03-0034619,subtle
CSE-TELC-03,FAST_CRITICAL_CLOSURE,EG-01,alert:ALT-CSE-TELC-03-0034622,subtle
CSE-TELC-03,TEMPLATE_INVESTIGATION,EG-04,case:CAS-CSE-TELC-03-0034234,subtle
CSE-TELC-03,FAST_CRITICAL_CLOSURE,EG-01,alert:ALT-CSE-TELC-03-0034625,subtle
CSE-TELC-03,TEMPLATE_INVESTIGATION,EG-04,case:CAS-CSE-TELC-03-0034244,subtle
CSE-TELC-03,TEMPLATE_INVESTIGATION,EG-04,case:CAS-CSE-TELC-03-0034254,subtle
CSE-TELC-03,FAST_CRITICAL_CLOSURE,EG-01,alert:ALT-CSE-TELC-03-0034647,subtle
CSE-TELC-03,FAST_CRITICAL_CLOSURE,EG-01,alert:ALT-CSE-TELC-03-0034648,subtle
CSE-TELC-03,TEMPLATE_INVESTIGATION,EG-04,case:CAS-CSE-TELC-03-0034264,subtle
CSE-TELC-03,FAST_CRITICAL_CLOSURE,EG-01,alert:ALT-CSE-TELC-03-0034658,subtle
CSE-TELC-03,TEMPLATE_INVESTIGATION,EG-04,case:CAS-CSE-TELC-03-0034274,subtle
CSE-TELC-03,TEMPLATE_INVESTIGATION,EG-04,case:CAS-CSE-TELC-03-0034284,subtle
CSE-TELC-03,FAST_CRITICAL_CLOSURE,EG-01,alert:ALT-CSE-TELC-03-0034680,subtle
CSE-TELC-03,TEMPLATE_INVESTIGATION,EG-04,case:CAS-CSE-TELC-03-0034294,subtle
CSE-TELC-03,FAST_CRITICAL_CLOSURE,EG-01,alert:ALT-CSE-TELC-03-0034688,subtle
CSE-TELC-03,FAST_CRITICAL_CLOSURE,EG-01,alert:ALT-CSE-TELC-03-0034692,subtle
CSE-TELC-03,TEMPLATE_INVESTIGATION,EG-04,case:CAS-CSE-TELC-03-0034304,subtle
CSE-TELC-03,FAST_CRITICAL_CLOSURE,EG-01,alert:ALT-CSE-TELC-03-0034695,subtle
CSE-TELC-03,FAST_CRITICAL_CLOSURE,EG-01,alert:ALT-CSE-TELC-03-0034700,subtle
CSE-TELC-03,TEMPLATE_INVESTIGATION,EG-04,case:CAS-CSE-TELC-03-0034314,subtle
CSE-TELC-03,FAST_CRITICAL_CLOSURE,EG-01,alert:ALT-CSE-TELC-03-0034705,subtle
CSE-TELC-03,FAST_CRITICAL_CLOSURE,EG-01,alert:ALT-CSE-TELC-03-0034708,subtle
CSE-TELC-03,FAST_CRITICAL_CLOSURE,EG-01,alert:ALT-CSE-TELC-03-0034712,subtle
CSE-TELC-03,FAST_CRITICAL_CLOSURE,EG-01,alert:ALT-CSE-TELC-03-0034713,subtle
CSE-TELC-03,TEMPLATE_INVESTIGATION,EG-04,case:CAS-CSE-TELC-03-0034324,subtle
CSE-TELC-03,FAST_CRITICAL_CLOSURE,EG-01,alert:ALT-CSE-TELC-03-0034717,subtle
CSE-TELC-03,FAST_CRITICAL_CLOSURE,EG-01,alert:ALT-CSE-TELC-03-0034723,subtle
CSE-TELC-03,TEMPLATE_INVESTIGATION,EG-04,case:CAS-CSE-TELC-03-0034334,subtle
CSE-TELC-03,FAST_CRITICAL_CLOSURE,EG-01,alert:ALT-CSE-TELC-03-0034730,subtle
CSE-TELC-03,TEMPLATE_INVESTIGATION,EG-04,case:CAS-CSE-TELC-03-0034344,subtle
CSE-TELC-03,FAST_CRITICAL_CLOSURE,EG-01,alert:ALT-CSE-TELC-03-0034738,subtle
CSE-TELC-03,FAST_CRITICAL_CLOSURE,EG-01,alert:ALT-CSE-TELC-03-0034741,subtle
CSE-TELC-03,TEMPLATE_INVESTIGATION,EG-04,case:CAS-CSE-TELC-03-0034354,subtle
CSE-TELC-03,TEMPLATE_INVESTIGATION,EG-04,case:CAS-CSE-TELC-03-0034364,subtle
CSE-TELC-03,TEMPLATE_INVESTIGATION,EG-04,case:CAS-CSE-TELC-03-0034374,subtle
CSE-TELC-03,TEMPLATE_INVESTIGATION,EG-04,case:CAS-CSE-TELC-03-0034384,subtle
CSE-TELC-03,FAST_CRITICAL_CLOSURE,EG-01,alert:ALT-CSE-TELC-03-0034782,subtle
CSE-TELC-03,TEMPLATE_INVESTIGATION,EG-04,case:CAS-CSE-TELC-03-0034394,subtle
CSE-TELC-03,TEMPLATE_INVESTIGATION,EG-04,case:CAS-CSE-TELC-03-0034404,subtle
CSE-TELC-03,FAST_CRITICAL_CLOSURE,EG-01,alert:ALT-CSE-TELC-03-0034794,subtle
CSE-TELC-03,FAST_CRITICAL_CLOSURE,EG-01,alert:ALT-CSE-TELC-03-0034798,subtle
CSE-TELC-03,FAST_CRITICAL_CLOSURE,EG-01,alert:ALT-CSE-TELC-03-0034805,subtle
CSE-TELC-03,TEMPLATE_INVESTIGATION,EG-04,case:CAS-CSE-TELC-03-0034424,subtle
CSE-TELC-03,FAST_CRITICAL_CLOSURE,EG-01,alert:ALT-CSE-TELC-03-0034819,subtle
CSE-TELC-03,TEMPLATE_INVESTIGATION,EG-04,case:CAS-CSE-TELC-03-0034434,subtle
CSE-TELC-03,FAST_CRITICAL_CLOSURE,EG-01,alert:ALT-CSE-TELC-03-0034829,subtle
CSE-TELC-03,FAST_CRITICAL_CLOSURE,EG-01,alert:ALT-CSE-TELC-03-0034832,subtle
CSE-TELC-03,FAST_CRITICAL_CLOSURE,EG-01,alert:ALT-CSE-TELC-03-0034833,subtle
CSE-TELC-03,TEMPLATE_INVESTIGATION,EG-04,case:CAS-CSE-TELC-03-0034444,subtle
CSE-TELC-03,FAST_CRITICAL_CLOSURE,EG-01,alert:ALT-CSE-TELC-03-0034836,subtle
CSE-TELC-03,FAST_CRITICAL_CLOSURE,EG-01,alert:ALT-CSE-TELC-03-0034840,subtle
CSE-TELC-03,TEMPLATE_INVESTIGATION,EG-04,case:CAS-CSE-TELC-03-0034454,subtle
CSE-TELC-03,FAST_CRITICAL_CLOSURE,EG-01,alert:ALT-CSE-TELC-03-0034853,subtle
CSE-TELC-03,FAST_CRITICAL_CLOSURE,EG-01,alert:ALT-CSE-TELC-03-0034858,subtle
CSE-TELC-03,TEMPLATE_INVESTIGATION,EG-04,case:CAS-CSE-TELC-03-0034474,subtle
CSE-TELC-03,FAST_CRITICAL_CLOSURE,EG-01,alert:ALT-CSE-TELC-03-0034866,subtle
CSE-TELC-03,FAST_CRITICAL_CLOSURE,EG-01,alert:ALT-CSE-TELC-03-0034870,subtle
CSE-TELC-03,FAST_CRITICAL_CLOSURE,EG-01,alert:ALT-CSE-TELC-03-0034873,subtle
CSE-TELC-03,FAST_CRITICAL_CLOSURE,EG-01,alert:ALT-CSE-TELC-03-0034874,subtle
CSE-TELC-03,FAST_CRITICAL_CLOSURE,EG-01,alert:ALT-CSE-TELC-03-0034876,subtle
CSE-TELC-03,FAST_CRITICAL_CLOSURE,EG-01,alert:ALT-CSE-TELC-03-0034878,subtle
CSE-TELC-03,FAST_CRITICAL_CLOSURE,EG-01,alert:ALT-CSE-TELC-03-0034880,subtle
CSE-TELC-03,FAST_CRITICAL_CLOSURE,EG-01,alert:ALT-CSE-TELC-03-0034890,subtle
CSE-TELC-03,FAST_CRITICAL_CLOSURE,EG-01,alert:ALT-CSE-TELC-03-0034892,subtle
CSE-TELC-03,TEMPLATE_INVESTIGATION,EG-04,case:CAS-CSE-TELC-03-0034504,subtle
CSE-TELC-03,FAST_CRITICAL_CLOSURE,EG-01,alert:ALT-CSE-TELC-03-0034903,subtle
CSE-TELC-03,FAST_CRITICAL_CLOSURE,EG-01,alert:ALT-CSE-TELC-03-0034906,subtle
CSE-TELC-03,FAST_CRITICAL_CLOSURE,EG-01,alert:ALT-CSE-TELC-03-0034908,subtle
CSE-TELC-03,FAST_CRITICAL_CLOSURE,EG-01,alert:ALT-CSE-TELC-03-0034909,subtle
CSE-TELC-03,FAST_CRITICAL_CLOSURE,EG-01,alert:ALT-CSE-TELC-03-0034911,subtle
CSE-TELC-03,TEMPLATE_INVESTIGATION,EG-04,case:CAS-CSE-TELC-03-0034524,subtle
CSE-TELC-03,FAST_CRITICAL_CLOSURE,EG-01,alert:ALT-CSE-TELC-03-0034916,subtle
CSE-TELC-03,FAST_CRITICAL_CLOSURE,EG-01,alert:ALT-CSE-TELC-03-0034917,subtle
CSE-TELC-03,TEMPLATE_INVESTIGATION,EG-04,case:CAS-CSE-TELC-03-0034534,subtle
CSE-TELC-03,FAST_CRITICAL_CLOSURE,EG-01,alert:ALT-CSE-TELC-03-0034926,subtle
CSE-TELC-03,FAST_CRITICAL_CLOSURE,EG-01,alert:ALT-CSE-TELC-03-0034927,subtle
CSE-TELC-03,FAST_CRITICAL_CLOSURE,EG-01,alert:ALT-CSE-TELC-03-0034933,subtle
CSE-TELC-03,TEMPLATE_INVESTIGATION,EG-04,case:CAS-CSE-TELC-03-0034544,subtle
CSE-TELC-03,FAST_CRITICAL_CLOSURE,EG-01,alert:ALT-CSE-TELC-03-0034934,subtle
CSE-TELC-03,FAST_CRITICAL_CLOSURE,EG-01,alert:ALT-CSE-TELC-03-0034936,subtle
CSE-TELC-03,FAST_CRITICAL_CLOSURE,EG-01,alert:ALT-CSE-TELC-03-0034942,subtle
CSE-TELC-03,TEMPLATE_INVESTIGATION,EG-04,case:CAS-CSE-TELC-03-0034554,subtle
CSE-TELC-03,FAST_CRITICAL_CLOSURE,EG-01,alert:ALT-CSE-TELC-03-0034944,subtle
CSE-TELC-03,FAST_CRITICAL_CLOSURE,EG-01,alert:ALT-CSE-TELC-03-0034945,subtle
CSE-TELC-03,TEMPLATE_INVESTIGATION,EG-04,case:CAS-CSE-TELC-03-0034564,subtle
CSE-TELC-03,FAST_CRITICAL_CLOSURE,EG-01,alert:ALT-CSE-TELC-03-0034959,subtle
CSE-TELC-03,TEMPLATE_INVESTIGATION,EG-04,case:CAS-CSE-TELC-03-0034584,subtle
CSE-TELC-03,FAST_CRITICAL_CLOSURE,EG-01,alert:ALT-CSE-TELC-03-0034974,subtle
CSE-TELC-03,TEMPLATE_INVESTIGATION,EG-04,case:CAS-CSE-TELC-03-0034594,subtle
CSE-TELC-03,TEMPLATE_INVESTIGATION,EG-04,case:CAS-CSE-TELC-03-0034604,subtle
CSE-TELC-03,TEMPLATE_INVESTIGATION,EG-04,case:CAS-CSE-TELC-03-0034624,subtle
CSE-TELC-03,FAST_CRITICAL_CLOSURE,EG-01,alert:ALT-CSE-TELC-03-0035019,subtle
CSE-TELC-03,TEMPLATE_INVESTIGATION,EG-04,case:CAS-CSE-TELC-03-0034634,subtle
CSE-TELC-03,TEMPLATE_INVESTIGATION,EG-04,case:CAS-CSE-TELC-03-0034644,subtle
CSE-TELC-03,FAST_CRITICAL_CLOSURE,EG-01,alert:ALT-CSE-TELC-03-0035039,subtle
CSE-TELC-03,TEMPLATE_INVESTIGATION,EG-04,case:CAS-CSE-TELC-03-0034654,subtle
CSE-TELC-03,FAST_CRITICAL_CLOSURE,EG-01,alert:ALT-CSE-TELC-03-0035045,subtle
CSE-TELC-03,FAST_CRITICAL_CLOSURE,EG-01,alert:ALT-CSE-TELC-03-0035048,subtle
CSE-TELC-03,FAST_CRITICAL_CLOSURE,EG-01,alert:ALT-CSE-TELC-03-0035050,subtle
CSE-TELC-03,FAST_CRITICAL_CLOSURE,EG-01,alert:ALT-CSE-TELC-03-0035063,subtle
CSE-TELC-03,TEMPLATE_INVESTIGATION,EG-04,case:CAS-CSE-TELC-03-0034674,subtle
CSE-TELC-03,FAST_CRITICAL_CLOSURE,EG-01,alert:ALT-CSE-TELC-03-0035070,subtle
CSE-TELC-03,FAST_CRITICAL_CLOSURE,EG-01,alert:ALT-CSE-TELC-03-0035071,subtle
CSE-TELC-03,FAST_CRITICAL_CLOSURE,EG-01,alert:ALT-CSE-TELC-03-0035073,subtle
CSE-TELC-03,TEMPLATE_INVESTIGATION,EG-04,case:CAS-CSE-TELC-03-0034684,subtle
CSE-TELC-03,FAST_CRITICAL_CLOSURE,EG-01,alert:ALT-CSE-TELC-03-0035075,subtle
CSE-TELC-03,FAST_CRITICAL_CLOSURE,EG-01,alert:ALT-CSE-TELC-03-0035079,subtle
CSE-TELC-03,FAST_CRITICAL_CLOSURE,EG-01,alert:ALT-CSE-TELC-03-0035080,subtle
CSE-TELC-03,TEMPLATE_INVESTIGATION,EG-04,case:CAS-CSE-TELC-03-0034694,subtle
CSE-TELC-03,FAST_CRITICAL_CLOSURE,EG-01,alert:ALT-CSE-TELC-03-0035084,subtle
CSE-TELC-03,TEMPLATE_INVESTIGATION,EG-04,case:CAS-CSE-TELC-03-0034704,subtle
CSE-TELC-03,FAST_CRITICAL_CLOSURE,EG-01,alert:ALT-CSE-TELC-03-0035095,subtle
CSE-TELC-03,TEMPLATE_INVESTIGATION,EG-04,case:CAS-CSE-TELC-03-0034714,subtle
CSE-TELC-03,FAST_CRITICAL_CLOSURE,EG-01,alert:ALT-CSE-TELC-03-0035105,subtle
CSE-TELC-03,FAST_CRITICAL_CLOSURE,EG-01,alert:ALT-CSE-TELC-03-0035108,subtle
CSE-TELC-03,FAST_CRITICAL_CLOSURE,EG-01,alert:ALT-CSE-TELC-03-0035119,subtle
CSE-TELC-03,FAST_CRITICAL_CLOSURE,EG-01,alert:ALT-CSE-TELC-03-0035120,subtle
CSE-TELC-03,FAST_CRITICAL_CLOSURE,EG-01,alert:ALT-CSE-TELC-03-0035123,subtle
CSE-TELC-03,TEMPLATE_INVESTIGATION,EG-04,case:CAS-CSE-TELC-03-0034734,subtle
CSE-TELC-03,FAST_CRITICAL_CLOSURE,EG-01,alert:ALT-CSE-TELC-03-0035127,subtle
CSE-TELC-03,FAST_CRITICAL_CLOSURE,EG-01,alert:ALT-CSE-TELC-03-0035131,subtle
CSE-TELC-03,FAST_CRITICAL_CLOSURE,EG-01,alert:ALT-CSE-TELC-03-0035133,subtle
CSE-TELC-03,TEMPLATE_INVESTIGATION,EG-04,case:CAS-CSE-TELC-03-0034744,subtle
CSE-TELC-03,FAST_CRITICAL_CLOSURE,EG-01,alert:ALT-CSE-TELC-03-0035137,subtle
CSE-TELC-03,TEMPLATE_INVESTIGATION,EG-04,case:CAS-CSE-TELC-03-0034754,subtle
CSE-TELC-03,FAST_CRITICAL_CLOSURE,EG-01,alert:ALT-CSE-TELC-03-0035145,subtle
CSE-TELC-03,FAST_CRITICAL_CLOSURE,EG-01,alert:ALT-CSE-TELC-03-0035146,subtle
CSE-TELC-03,FAST_CRITICAL_CLOSURE,EG-01,alert:ALT-CSE-TELC-03-0035150,subtle
CSE-TELC-03,FAST_CRITICAL_CLOSURE,EG-01,alert:ALT-CSE-TELC-03-0035153,subtle
CSE-TELC-03,FAST_CRITICAL_CLOSURE,EG-01,alert:ALT-CSE-TELC-03-0035161,subtle
CSE-TELC-03,TEMPLATE_INVESTIGATION,EG-04,case:CAS-CSE-TELC-03-0034774,subtle
CSE-TELC-03,FAST_CRITICAL_CLOSURE,EG-01,alert:ALT-CSE-TELC-03-0035173,subtle
CSE-TELC-03,TEMPLATE_INVESTIGATION,EG-04,case:CAS-CSE-TELC-03-0034784,subtle
CSE-TELC-03,FAST_CRITICAL_CLOSURE,EG-01,alert:ALT-CSE-TELC-03-0035174,subtle
CSE-TELC-03,FAST_CRITICAL_CLOSURE,EG-01,alert:ALT-CSE-TELC-03-0035180,subtle
CSE-TELC-03,FAST_CRITICAL_CLOSURE,EG-01,alert:ALT-CSE-TELC-03-0035181,subtle
CSE-TELC-03,TEMPLATE_INVESTIGATION,EG-04,case:CAS-CSE-TELC-03-0034794,subtle
CSE-TELC-03,FAST_CRITICAL_CLOSURE,EG-01,alert:ALT-CSE-TELC-03-0035185,subtle
CSE-TELC-03,TEMPLATE_INVESTIGATION,EG-04,case:CAS-CSE-TELC-03-0034804,subtle
CSE-TELC-03,FAST_CRITICAL_CLOSURE,EG-01,alert:ALT-CSE-TELC-03-0035199,subtle
CSE-TELC-03,TEMPLATE_INVESTIGATION,EG-04,case:CAS-CSE-TELC-03-0034814,subtle
CSE-TELC-03,FAST_CRITICAL_CLOSURE,EG-01,alert:ALT-CSE-TELC-03-0035208,subtle
CSE-TELC-03,FAST_CRITICAL_CLOSURE,EG-01,alert:ALT-CSE-TELC-03-0035213,subtle
CSE-TELC-03,TEMPLATE_INVESTIGATION,EG-04,case:CAS-CSE-TELC-03-0034824,subtle
CSE-TELC-03,FAST_CRITICAL_CLOSURE,EG-01,alert:ALT-CSE-TELC-03-0035217,subtle
CSE-TELC-03,FAST_CRITICAL_CLOSURE,EG-01,alert:ALT-CSE-TELC-03-0035219,subtle
CSE-TELC-03,FAST_CRITICAL_CLOSURE,EG-01,alert:ALT-CSE-TELC-03-0035220,subtle
CSE-TELC-03,TEMPLATE_INVESTIGATION,EG-04,case:CAS-CSE-TELC-03-0034834,subtle
CSE-TELC-03,FAST_CRITICAL_CLOSURE,EG-01,alert:ALT-CSE-TELC-03-0035230,subtle
CSE-TELC-03,FAST_CRITICAL_CLOSURE,EG-01,alert:ALT-CSE-TELC-03-0035233,subtle
CSE-TELC-03,TEMPLATE_INVESTIGATION,EG-04,case:CAS-CSE-TELC-03-0034844,subtle
CSE-TELC-03,TEMPLATE_INVESTIGATION,EG-04,case:CAS-CSE-TELC-03-0034854,subtle
CSE-TELC-03,FAST_CRITICAL_CLOSURE,EG-01,alert:ALT-CSE-TELC-03-0035252,subtle
CSE-TELC-03,FAST_CRITICAL_CLOSURE,EG-01,alert:ALT-CSE-TELC-03-0035253,subtle
CSE-TELC-03,TEMPLATE_INVESTIGATION,EG-04,case:CAS-CSE-TELC-03-0034864,subtle
CSE-TELC-03,FAST_CRITICAL_CLOSURE,EG-01,alert:ALT-CSE-TELC-03-0035259,subtle
CSE-TELC-03,TEMPLATE_INVESTIGATION,EG-04,case:CAS-CSE-TELC-03-0034874,subtle
CSE-TELC-03,FAST_CRITICAL_CLOSURE,EG-01,alert:ALT-CSE-TELC-03-0035278,subtle
CSE-TELC-03,FAST_CRITICAL_CLOSURE,EG-01,alert:ALT-CSE-TELC-03-0035282,subtle
CSE-TELC-03,TEMPLATE_INVESTIGATION,EG-04,case:CAS-CSE-TELC-03-0034894,subtle
CSE-TELC-03,FAST_CRITICAL_CLOSURE,EG-01,alert:ALT-CSE-TELC-03-0035288,subtle
CSE-TELC-03,TEMPLATE_INVESTIGATION,EG-04,case:CAS-CSE-TELC-03-0034904,subtle
CSE-TELC-03,FAST_CRITICAL_CLOSURE,EG-01,alert:ALT-CSE-TELC-03-0035300,subtle
CSE-TELC-03,FAST_CRITICAL_CLOSURE,EG-01,alert:ALT-CSE-TELC-03-0035301,subtle
CSE-TELC-03,FAST_CRITICAL_CLOSURE,EG-01,alert:ALT-CSE-TELC-03-0035303,subtle
CSE-TELC-03,TEMPLATE_INVESTIGATION,EG-04,case:CAS-CSE-TELC-03-0034914,subtle
CSE-TELC-03,TEMPLATE_INVESTIGATION,EG-04,case:CAS-CSE-TELC-03-0034924,subtle
CSE-TELC-03,FAST_CRITICAL_CLOSURE,EG-01,alert:ALT-CSE-TELC-03-0035315,subtle
CSE-TELC-03,FAST_CRITICAL_CLOSURE,EG-01,alert:ALT-CSE-TELC-03-0035320,subtle
CSE-TELC-03,TEMPLATE_INVESTIGATION,EG-04,case:CAS-CSE-TELC-03-0034934,subtle
CSE-TELC-03,TEMPLATE_INVESTIGATION,EG-04,case:CAS-CSE-TELC-03-0034944,subtle
CSE-TELC-03,TEMPLATE_INVESTIGATION,EG-04,case:CAS-CSE-TELC-03-0034954,subtle
CSE-TELC-03,FAST_CRITICAL_CLOSURE,EG-01,alert:ALT-CSE-TELC-03-0035351,subtle
CSE-TELC-03,FAST_CRITICAL_CLOSURE,EG-01,alert:ALT-CSE-TELC-03-0035353,subtle
CSE-TELC-03,TEMPLATE_INVESTIGATION,EG-04,case:CAS-CSE-TELC-03-0034964,subtle
CSE-TELC-03,TEMPLATE_INVESTIGATION,EG-04,case:CAS-CSE-TELC-03-0034974,subtle
CSE-TELC-03,FAST_CRITICAL_CLOSURE,EG-01,alert:ALT-CSE-TELC-03-0035370,subtle
CSE-TELC-03,TEMPLATE_INVESTIGATION,EG-04,case:CAS-CSE-TELC-03-0034984,subtle
CSE-TELC-03,FAST_CRITICAL_CLOSURE,EG-01,alert:ALT-CSE-TELC-03-0035382,subtle
CSE-TELC-03,TEMPLATE_INVESTIGATION,EG-04,case:CAS-CSE-TELC-03-0034994,subtle
CSE-TELC-03,FAST_CRITICAL_CLOSURE,EG-01,alert:ALT-CSE-TELC-03-0035392,subtle
CSE-TELC-03,FAST_CRITICAL_CLOSURE,EG-01,alert:ALT-CSE-TELC-03-0035393,subtle
CSE-TELC-03,TEMPLATE_INVESTIGATION,EG-04,case:CAS-CSE-TELC-03-0035004,subtle
CSE-TELC-03,FAST_CRITICAL_CLOSURE,EG-01,alert:ALT-CSE-TELC-03-0035402,subtle
CSE-TELC-03,TEMPLATE_INVESTIGATION,EG-04,case:CAS-CSE-TELC-03-0035014,subtle
CSE-TELC-03,TEMPLATE_INVESTIGATION,EG-04,case:CAS-CSE-TELC-03-0035024,subtle
CSE-TELC-03,TEMPLATE_INVESTIGATION,EG-04,case:CAS-CSE-TELC-03-0035034,subtle
CSE-TELC-03,FAST_CRITICAL_CLOSURE,EG-01,alert:ALT-CSE-TELC-03-0035427,subtle
CSE-TELC-03,FAST_CRITICAL_CLOSURE,EG-01,alert:ALT-CSE-TELC-03-0035428,subtle
CSE-TELC-03,FAST_CRITICAL_CLOSURE,EG-01,alert:ALT-CSE-TELC-03-0035430,subtle
CSE-TELC-03,FAST_CRITICAL_CLOSURE,EG-01,alert:ALT-CSE-TELC-03-0035433,subtle
CSE-TELC-03,TEMPLATE_INVESTIGATION,EG-04,case:CAS-CSE-TELC-03-0035044,subtle
CSE-TELC-03,FAST_CRITICAL_CLOSURE,EG-01,alert:ALT-CSE-TELC-03-0035435,subtle
CSE-TELC-03,FAST_CRITICAL_CLOSURE,EG-01,alert:ALT-CSE-TELC-03-0035439,subtle
CSE-TELC-03,FAST_CRITICAL_CLOSURE,EG-01,alert:ALT-CSE-TELC-03-0035440,subtle
CSE-TELC-03,FAST_CRITICAL_CLOSURE,EG-01,alert:ALT-CSE-TELC-03-0035443,subtle
CSE-TELC-03,TEMPLATE_INVESTIGATION,EG-04,case:CAS-CSE-TELC-03-0035054,subtle
CSE-TELC-03,FAST_CRITICAL_CLOSURE,EG-01,alert:ALT-CSE-TELC-03-0035444,subtle
CSE-TELC-03,FAST_CRITICAL_CLOSURE,EG-01,alert:ALT-CSE-TELC-03-0035445,subtle
CSE-TELC-03,FAST_CRITICAL_CLOSURE,EG-01,alert:ALT-CSE-TELC-03-0035449,subtle
CSE-TELC-03,FAST_CRITICAL_CLOSURE,EG-01,alert:ALT-CSE-TELC-03-0035451,subtle
CSE-TELC-03,FAST_CRITICAL_CLOSURE,EG-01,alert:ALT-CSE-TELC-03-0035455,subtle
CSE-TELC-03,TEMPLATE_INVESTIGATION,EG-04,case:CAS-CSE-TELC-03-0035074,subtle
CSE-TELC-03,TEMPLATE_INVESTIGATION,EG-04,case:CAS-CSE-TELC-03-0035084,subtle
CSE-TELC-03,FAST_CRITICAL_CLOSURE,EG-01,alert:ALT-CSE-TELC-03-0035478,subtle
CSE-TELC-03,FAST_CRITICAL_CLOSURE,EG-01,alert:ALT-CSE-TELC-03-0035482,subtle
CSE-TELC-03,TEMPLATE_INVESTIGATION,EG-04,case:CAS-CSE-TELC-03-0035104,subtle
CSE-TELC-03,FAST_CRITICAL_CLOSURE,EG-01,alert:ALT-CSE-TELC-03-0035494,subtle
CSE-TELC-03,TEMPLATE_INVESTIGATION,EG-04,case:CAS-CSE-TELC-03-0035114,subtle
CSE-TELC-03,FAST_CRITICAL_CLOSURE,EG-01,alert:ALT-CSE-TELC-03-0035508,subtle
CSE-TELC-03,FAST_CRITICAL_CLOSURE,EG-01,alert:ALT-CSE-TELC-03-0035511,subtle
CSE-TELC-03,TEMPLATE_INVESTIGATION,EG-04,case:CAS-CSE-TELC-03-0035124,subtle
CSE-TELC-03,FAST_CRITICAL_CLOSURE,EG-01,alert:ALT-CSE-TELC-03-0035518,subtle
CSE-TELC-03,FAST_CRITICAL_CLOSURE,EG-01,alert:ALT-CSE-TELC-03-0035520,subtle
CSE-TELC-03,TEMPLATE_INVESTIGATION,EG-04,case:CAS-CSE-TELC-03-0035134,subtle
CSE-TELC-03,TEMPLATE_INVESTIGATION,EG-04,case:CAS-CSE-TELC-03-0035144,subtle
CSE-TELC-03,FAST_CRITICAL_CLOSURE,EG-01,alert:ALT-CSE-TELC-03-0035537,subtle
CSE-TELC-03,FAST_CRITICAL_CLOSURE,EG-01,alert:ALT-CSE-TELC-03-0035538,subtle
CSE-TELC-03,FAST_CRITICAL_CLOSURE,EG-01,alert:ALT-CSE-TELC-03-0035542,subtle
CSE-TELC-03,TEMPLATE_INVESTIGATION,EG-04,case:CAS-CSE-TELC-03-0035154,subtle
CSE-TELC-03,FAST_CRITICAL_CLOSURE,EG-01,alert:ALT-CSE-TELC-03-0035547,subtle
CSE-TELC-03,FAST_CRITICAL_CLOSURE,EG-01,alert:ALT-CSE-TELC-03-0035548,subtle
CSE-TELC-03,FAST_CRITICAL_CLOSURE,EG-01,alert:ALT-CSE-TELC-03-0035556,subtle
CSE-TELC-03,TEMPLATE_INVESTIGATION,EG-04,case:CAS-CSE-TELC-03-0035174,subtle
CSE-TELC-03,FAST_CRITICAL_CLOSURE,EG-01,alert:ALT-CSE-TELC-03-0035573,subtle
CSE-TELC-03,TEMPLATE_INVESTIGATION,EG-04,case:CAS-CSE-TELC-03-0035184,subtle
CSE-TELC-03,FAST_CRITICAL_CLOSURE,EG-01,alert:ALT-CSE-TELC-03-0035580,subtle
CSE-TELC-03,FAST_CRITICAL_CLOSURE,EG-01,alert:ALT-CSE-TELC-03-0035583,subtle
CSE-TELC-03,TEMPLATE_INVESTIGATION,EG-04,case:CAS-CSE-TELC-03-0035194,subtle
CSE-TELC-03,FAST_CRITICAL_CLOSURE,EG-01,alert:ALT-CSE-TELC-03-0035585,subtle
CSE-TELC-03,FAST_CRITICAL_CLOSURE,EG-01,alert:ALT-CSE-TELC-03-0035588,subtle
CSE-TELC-03,FAST_CRITICAL_CLOSURE,EG-01,alert:ALT-CSE-TELC-03-0035590,subtle
CSE-TELC-03,FAST_CRITICAL_CLOSURE,EG-01,alert:ALT-CSE-TELC-03-0035593,subtle
CSE-TELC-03,TEMPLATE_INVESTIGATION,EG-04,case:CAS-CSE-TELC-03-0035204,subtle
CSE-TELC-03,TEMPLATE_INVESTIGATION,EG-04,case:CAS-CSE-TELC-03-0035214,subtle
CSE-TELC-03,FAST_CRITICAL_CLOSURE,EG-01,alert:ALT-CSE-TELC-03-0035613,subtle
CSE-TELC-03,TEMPLATE_INVESTIGATION,EG-04,case:CAS-CSE-TELC-03-0035224,subtle
CSE-TELC-03,FAST_CRITICAL_CLOSURE,EG-01,alert:ALT-CSE-TELC-03-0035615,subtle
CSE-TELC-03,FAST_CRITICAL_CLOSURE,EG-01,alert:ALT-CSE-TELC-03-0035618,subtle
CSE-TELC-03,FAST_CRITICAL_CLOSURE,EG-01,alert:ALT-CSE-TELC-03-0035620,subtle
CSE-TELC-03,FAST_CRITICAL_CLOSURE,EG-01,alert:ALT-CSE-TELC-03-0035622,subtle
CSE-TELC-03,TEMPLATE_INVESTIGATION,EG-04,case:CAS-CSE-TELC-03-0035234,subtle
CSE-TELC-03,FAST_CRITICAL_CLOSURE,EG-01,alert:ALT-CSE-TELC-03-0035630,subtle
CSE-TELC-03,FAST_CRITICAL_CLOSURE,EG-01,alert:ALT-CSE-TELC-03-0035633,subtle
CSE-TELC-03,FAST_CRITICAL_CLOSURE,EG-01,alert:ALT-CSE-TELC-03-0035640,subtle
CSE-TELC-03,TEMPLATE_INVESTIGATION,EG-04,case:CAS-CSE-TELC-03-0035254,subtle
CSE-TELC-03,FAST_CRITICAL_CLOSURE,EG-01,alert:ALT-CSE-TELC-03-0035649,subtle
CSE-TELC-03,TEMPLATE_INVESTIGATION,EG-04,case:CAS-CSE-TELC-03-0035274,subtle
CSE-TELC-03,FAST_CRITICAL_CLOSURE,EG-01,alert:ALT-CSE-TELC-03-0035664,subtle
CSE-TELC-03,FAST_CRITICAL_CLOSURE,EG-01,alert:ALT-CSE-TELC-03-0035670,subtle
CSE-TELC-03,FAST_CRITICAL_CLOSURE,EG-01,alert:ALT-CSE-TELC-03-0035671,subtle
CSE-TELC-03,FAST_CRITICAL_CLOSURE,EG-01,alert:ALT-CSE-TELC-03-0035672,subtle
CSE-TELC-03,TEMPLATE_INVESTIGATION,EG-04,case:CAS-CSE-TELC-03-0035284,subtle
CSE-TELC-03,FAST_CRITICAL_CLOSURE,EG-01,alert:ALT-CSE-TELC-03-0035676,subtle
CSE-TELC-03,FAST_CRITICAL_CLOSURE,EG-01,alert:ALT-CSE-TELC-03-0035681,subtle
CSE-TELC-03,TEMPLATE_INVESTIGATION,EG-04,case:CAS-CSE-TELC-03-0035294,subtle
CSE-TELC-03,FAST_CRITICAL_CLOSURE,EG-01,alert:ALT-CSE-TELC-03-0035685,subtle
CSE-TELC-03,TEMPLATE_INVESTIGATION,EG-04,case:CAS-CSE-TELC-03-0035304,subtle
CSE-TELC-03,FAST_CRITICAL_CLOSURE,EG-01,alert:ALT-CSE-TELC-03-0035700,subtle
CSE-TELC-03,FAST_CRITICAL_CLOSURE,EG-01,alert:ALT-CSE-TELC-03-0035702,subtle
CSE-TELC-03,TEMPLATE_INVESTIGATION,EG-04,case:CAS-CSE-TELC-03-0035314,subtle
CSE-TELC-03,FAST_CRITICAL_CLOSURE,EG-01,alert:ALT-CSE-TELC-03-0035705,subtle
CSE-TELC-03,FAST_CRITICAL_CLOSURE,EG-01,alert:ALT-CSE-TELC-03-0035713,subtle
CSE-TELC-03,TEMPLATE_INVESTIGATION,EG-04,case:CAS-CSE-TELC-03-0035324,subtle
CSE-TELC-03,FAST_CRITICAL_CLOSURE,EG-01,alert:ALT-CSE-TELC-03-0035723,subtle
CSE-TELC-03,TEMPLATE_INVESTIGATION,EG-04,case:CAS-CSE-TELC-03-0035334,subtle
CSE-TELC-03,FAST_CRITICAL_CLOSURE,EG-01,alert:ALT-CSE-TELC-03-0035727,subtle
CSE-TELC-03,FAST_CRITICAL_CLOSURE,EG-01,alert:ALT-CSE-TELC-03-0035730,subtle
CSE-TELC-03,TEMPLATE_INVESTIGATION,EG-04,case:CAS-CSE-TELC-03-0035344,subtle
CSE-TELC-03,FAST_CRITICAL_CLOSURE,EG-01,alert:ALT-CSE-TELC-03-0035739,subtle
CSE-TELC-03,FAST_CRITICAL_CLOSURE,EG-01,alert:ALT-CSE-TELC-03-0035741,subtle
CSE-TELC-03,TEMPLATE_INVESTIGATION,EG-04,case:CAS-CSE-TELC-03-0035354,subtle
CSE-TELC-03,FAST_CRITICAL_CLOSURE,EG-01,alert:ALT-CSE-TELC-03-0035747,subtle
CSE-TELC-03,FAST_CRITICAL_CLOSURE,EG-01,alert:ALT-CSE-TELC-03-0035751,subtle
CSE-TELC-03,FAST_CRITICAL_CLOSURE,EG-01,alert:ALT-CSE-TELC-03-0035753,subtle
CSE-TELC-03,TEMPLATE_INVESTIGATION,EG-04,case:CAS-CSE-TELC-03-0035364,subtle
CSE-TELC-03,FAST_CRITICAL_CLOSURE,EG-01,alert:ALT-CSE-TELC-03-0035761,subtle
CSE-TELC-03,FAST_CRITICAL_CLOSURE,EG-01,alert:ALT-CSE-TELC-03-0035770,subtle
CSE-TELC-03,TEMPLATE_INVESTIGATION,EG-04,case:CAS-CSE-TELC-03-0035384,subtle
CSE-TELC-03,FAST_CRITICAL_CLOSURE,EG-01,alert:ALT-CSE-TELC-03-0035778,subtle
CSE-TELC-03,FAST_CRITICAL_CLOSURE,EG-01,alert:ALT-CSE-TELC-03-0035782,subtle
CSE-TELC-03,TEMPLATE_INVESTIGATION,EG-04,case:CAS-CSE-TELC-03-0035394,subtle
CSE-TELC-03,TEMPLATE_INVESTIGATION,EG-04,case:CAS-CSE-TELC-03-0035404,subtle
CSE-TELC-03,FAST_CRITICAL_CLOSURE,EG-01,alert:ALT-CSE-TELC-03-0035795,subtle
CSE-TELC-03,FAST_CRITICAL_CLOSURE,EG-01,alert:ALT-CSE-TELC-03-0035801,subtle
CSE-TELC-03,TEMPLATE_INVESTIGATION,EG-04,case:CAS-CSE-TELC-03-0035414,subtle
CSE-TELC-03,TEMPLATE_INVESTIGATION,EG-04,case:CAS-CSE-TELC-03-0035424,subtle
CSE-TELC-03,TEMPLATE_INVESTIGATION,EG-04,case:CAS-CSE-TELC-03-0035434,subtle
CSE-TELC-03,FAST_CRITICAL_CLOSURE,EG-01,alert:ALT-CSE-TELC-03-0035827,subtle
CSE-TELC-03,FAST_CRITICAL_CLOSURE,EG-01,alert:ALT-CSE-TELC-03-0035831,subtle
CSE-TELC-03,TEMPLATE_INVESTIGATION,EG-04,case:CAS-CSE-TELC-03-0035444,subtle
CSE-TELC-03,FAST_CRITICAL_CLOSURE,EG-01,alert:ALT-CSE-TELC-03-0035837,subtle
CSE-TELC-03,FAST_CRITICAL_CLOSURE,EG-01,alert:ALT-CSE-TELC-03-0035840,subtle
CSE-TELC-03,TEMPLATE_INVESTIGATION,EG-04,case:CAS-CSE-TELC-03-0035454,subtle
CSE-TELC-03,FAST_CRITICAL_CLOSURE,EG-01,alert:ALT-CSE-TELC-03-0035847,subtle
CSE-TELC-03,FAST_CRITICAL_CLOSURE,EG-01,alert:ALT-CSE-TELC-03-0035851,subtle
CSE-TELC-03,TEMPLATE_INVESTIGATION,EG-04,case:CAS-CSE-TELC-03-0035464,subtle
CSE-TELC-03,FAST_CRITICAL_CLOSURE,EG-01,alert:ALT-CSE-TELC-03-0035854,subtle
CSE-TELC-03,FAST_CRITICAL_CLOSURE,EG-01,alert:ALT-CSE-TELC-03-0035856,subtle
CSE-TELC-03,TEMPLATE_INVESTIGATION,EG-04,case:CAS-CSE-TELC-03-0035474,subtle
CSE-TELC-03,TEMPLATE_INVESTIGATION,EG-04,case:CAS-CSE-TELC-03-0035484,subtle
CSE-TELC-03,FAST_CRITICAL_CLOSURE,EG-01,alert:ALT-CSE-TELC-03-0035878,subtle
CSE-TELC-03,FAST_CRITICAL_CLOSURE,EG-01,alert:ALT-CSE-TELC-03-0035883,subtle
CSE-TELC-03,TEMPLATE_INVESTIGATION,EG-04,case:CAS-CSE-TELC-03-0035494,subtle
CSE-TELC-03,FAST_CRITICAL_CLOSURE,EG-01,alert:ALT-CSE-TELC-03-0035890,subtle
CSE-TELC-03,TEMPLATE_INVESTIGATION,EG-04,case:CAS-CSE-TELC-03-0035504,subtle
CSE-TELC-03,FAST_CRITICAL_CLOSURE,EG-01,alert:ALT-CSE-TELC-03-0035894,subtle
CSE-TELC-03,TEMPLATE_INVESTIGATION,EG-04,case:CAS-CSE-TELC-03-0035514,subtle
CSE-TELC-03,FAST_CRITICAL_CLOSURE,EG-01,alert:ALT-CSE-TELC-03-0035905,subtle
CSE-TELC-03,FAST_CRITICAL_CLOSURE,EG-01,alert:ALT-CSE-TELC-03-0035910,subtle
CSE-TELC-03,TEMPLATE_INVESTIGATION,EG-04,case:CAS-CSE-TELC-03-0035524,subtle
CSE-TELC-03,TEMPLATE_INVESTIGATION,EG-04,case:CAS-CSE-TELC-03-0035534,subtle
CSE-TELC-03,FAST_CRITICAL_CLOSURE,EG-01,alert:ALT-CSE-TELC-03-0035930,subtle
CSE-TELC-03,FAST_CRITICAL_CLOSURE,EG-01,alert:ALT-CSE-TELC-03-0035932,subtle
CSE-TELC-03,TEMPLATE_INVESTIGATION,EG-04,case:CAS-CSE-TELC-03-0035544,subtle
CSE-TELC-03,FAST_CRITICAL_CLOSURE,EG-01,alert:ALT-CSE-TELC-03-0035939,subtle
CSE-TELC-03,TEMPLATE_INVESTIGATION,EG-04,case:CAS-CSE-TELC-03-0035554,subtle
CSE-TELC-03,FAST_CRITICAL_CLOSURE,EG-01,alert:ALT-CSE-TELC-03-0035944,subtle
CSE-TELC-03,FAST_CRITICAL_CLOSURE,EG-01,alert:ALT-CSE-TELC-03-0035949,subtle
CSE-TELC-03,TEMPLATE_INVESTIGATION,EG-04,case:CAS-CSE-TELC-03-0035564,subtle
CSE-TELC-03,FAST_CRITICAL_CLOSURE,EG-01,alert:ALT-CSE-TELC-03-0035954,subtle
CSE-TELC-03,FAST_CRITICAL_CLOSURE,EG-01,alert:ALT-CSE-TELC-03-0035959,subtle
CSE-TELC-03,FAST_CRITICAL_CLOSURE,EG-01,alert:ALT-CSE-TELC-03-0035960,subtle
CSE-TELC-03,FAST_CRITICAL_CLOSURE,EG-01,alert:ALT-CSE-TELC-03-0035961,subtle
CSE-TELC-03,FAST_CRITICAL_CLOSURE,EG-01,alert:ALT-CSE-TELC-03-0035963,subtle
CSE-TELC-03,TEMPLATE_INVESTIGATION,EG-04,case:CAS-CSE-TELC-03-0035574,subtle
CSE-TELC-03,FAST_CRITICAL_CLOSURE,EG-01,alert:ALT-CSE-TELC-03-0035967,subtle
CSE-TELC-03,TEMPLATE_INVESTIGATION,EG-04,case:CAS-CSE-TELC-03-0035584,subtle
CSE-TELC-03,FAST_CRITICAL_CLOSURE,EG-01,alert:ALT-CSE-TELC-03-0035977,subtle
CSE-TELC-03,FAST_CRITICAL_CLOSURE,EG-01,alert:ALT-CSE-TELC-03-0035990,subtle
CSE-TELC-03,FAST_CRITICAL_CLOSURE,EG-01,alert:ALT-CSE-TELC-03-0035992,subtle
CSE-TELC-03,TEMPLATE_INVESTIGATION,EG-04,case:CAS-CSE-TELC-03-0035604,subtle
CSE-TELC-03,FAST_CRITICAL_CLOSURE,EG-01,alert:ALT-CSE-TELC-03-0035994,subtle
CSE-TELC-03,FAST_CRITICAL_CLOSURE,EG-01,alert:ALT-CSE-TELC-03-0035995,subtle
CSE-TELC-03,FAST_CRITICAL_CLOSURE,EG-01,alert:ALT-CSE-TELC-03-0035999,subtle
CSE-TELC-03,FAST_CRITICAL_CLOSURE,EG-01,alert:ALT-CSE-TELC-03-0036000,subtle
CSE-TELC-03,FAST_CRITICAL_CLOSURE,EG-01,alert:ALT-CSE-TELC-03-0036003,subtle
CSE-TELC-03,TEMPLATE_INVESTIGATION,EG-04,case:CAS-CSE-TELC-03-0035614,subtle
CSE-TELC-03,FAST_CRITICAL_CLOSURE,EG-01,alert:ALT-CSE-TELC-03-0036007,subtle
CSE-TELC-03,FAST_CRITICAL_CLOSURE,EG-01,alert:ALT-CSE-TELC-03-0036013,subtle
CSE-TELC-03,TEMPLATE_INVESTIGATION,EG-04,case:CAS-CSE-TELC-03-0035634,subtle
CSE-TELC-03,FAST_CRITICAL_CLOSURE,EG-01,alert:ALT-CSE-TELC-03-0036028,subtle
CSE-TELC-03,TEMPLATE_INVESTIGATION,EG-04,case:CAS-CSE-TELC-03-0035644,subtle
CSE-TELC-03,FAST_CRITICAL_CLOSURE,EG-01,alert:ALT-CSE-TELC-03-0036042,subtle
CSE-TELC-03,TEMPLATE_INVESTIGATION,EG-04,case:CAS-CSE-TELC-03-0035654,subtle
CSE-TELC-03,TEMPLATE_INVESTIGATION,EG-04,case:CAS-CSE-TELC-03-0035664,subtle
CSE-TELC-03,FAST_CRITICAL_CLOSURE,EG-01,alert:ALT-CSE-TELC-03-0036061,subtle
CSE-TELC-03,TEMPLATE_INVESTIGATION,EG-04,case:CAS-CSE-TELC-03-0035674,subtle
CSE-TELC-03,FAST_CRITICAL_CLOSURE,EG-01,alert:ALT-CSE-TELC-03-0036076,subtle
CSE-TELC-03,TEMPLATE_INVESTIGATION,EG-04,case:CAS-CSE-TELC-03-0035694,subtle
CSE-TELC-03,FAST_CRITICAL_CLOSURE,EG-01,alert:ALT-CSE-TELC-03-0036084,subtle
CSE-TELC-03,FAST_CRITICAL_CLOSURE,EG-01,alert:ALT-CSE-TELC-03-0036088,subtle
CSE-TELC-03,FAST_CRITICAL_CLOSURE,EG-01,alert:ALT-CSE-TELC-03-0036090,subtle
CSE-TELC-03,TEMPLATE_INVESTIGATION,EG-04,case:CAS-CSE-TELC-03-0035704,subtle
CSE-TELC-03,FAST_CRITICAL_CLOSURE,EG-01,alert:ALT-CSE-TELC-03-0036103,subtle
CSE-TELC-03,TEMPLATE_INVESTIGATION,EG-04,case:CAS-CSE-TELC-03-0035714,subtle
CSE-TELC-03,FAST_CRITICAL_CLOSURE,EG-01,alert:ALT-CSE-TELC-03-0036104,subtle
CSE-TELC-03,FAST_CRITICAL_CLOSURE,EG-01,alert:ALT-CSE-TELC-03-0036105,subtle
CSE-TELC-03,FAST_CRITICAL_CLOSURE,EG-01,alert:ALT-CSE-TELC-03-0036107,subtle
CSE-TELC-03,FAST_CRITICAL_CLOSURE,EG-01,alert:ALT-CSE-TELC-03-0036108,subtle
CSE-TELC-03,FAST_CRITICAL_CLOSURE,EG-01,alert:ALT-CSE-TELC-03-0036110,subtle
CSE-TELC-03,TEMPLATE_INVESTIGATION,EG-04,case:CAS-CSE-TELC-03-0035724,subtle
CSE-TELC-03,TEMPLATE_INVESTIGATION,EG-04,case:CAS-CSE-TELC-03-0035734,subtle
CSE-TELC-03,FAST_CRITICAL_CLOSURE,EG-01,alert:ALT-CSE-TELC-03-0036128,subtle
CSE-TELC-03,TEMPLATE_INVESTIGATION,EG-04,case:CAS-CSE-TELC-03-0035744,subtle
CSE-TELC-03,TEMPLATE_INVESTIGATION,EG-04,case:CAS-CSE-TELC-03-0035754,subtle
CSE-TELC-03,TEMPLATE_INVESTIGATION,EG-04,case:CAS-CSE-TELC-03-0035764,subtle
CSE-TELC-03,FAST_CRITICAL_CLOSURE,EG-01,alert:ALT-CSE-TELC-03-0036154,subtle
CSE-TELC-03,FAST_CRITICAL_CLOSURE,EG-01,alert:ALT-CSE-TELC-03-0036159,subtle
CSE-TELC-03,TEMPLATE_INVESTIGATION,EG-04,case:CAS-CSE-TELC-03-0035774,subtle
CSE-TELC-03,FAST_CRITICAL_CLOSURE,EG-01,alert:ALT-CSE-TELC-03-0036172,subtle
CSE-TELC-03,TEMPLATE_INVESTIGATION,EG-04,case:CAS-CSE-TELC-03-0035784,subtle
CSE-TELC-03,FAST_CRITICAL_CLOSURE,EG-01,alert:ALT-CSE-TELC-03-0036182,subtle
CSE-TELC-03,TEMPLATE_INVESTIGATION,EG-04,case:CAS-CSE-TELC-03-0035794,subtle
CSE-TELC-03,FAST_CRITICAL_CLOSURE,EG-01,alert:ALT-CSE-TELC-03-0036184,subtle
CSE-TELC-03,FAST_CRITICAL_CLOSURE,EG-01,alert:ALT-CSE-TELC-03-0036187,subtle
CSE-TELC-03,FAST_CRITICAL_CLOSURE,EG-01,alert:ALT-CSE-TELC-03-0036189,subtle
CSE-TELC-03,TEMPLATE_INVESTIGATION,EG-04,case:CAS-CSE-TELC-03-0035804,subtle
CSE-TELC-03,TEMPLATE_INVESTIGATION,EG-04,case:CAS-CSE-TELC-03-0035814,subtle
CSE-TELC-03,FAST_CRITICAL_CLOSURE,EG-01,alert:ALT-CSE-TELC-03-0036209,subtle
CSE-TELC-03,FAST_CRITICAL_CLOSURE,EG-01,alert:ALT-CSE-TELC-03-0036212,subtle
CSE-TELC-03,TEMPLATE_INVESTIGATION,EG-04,case:CAS-CSE-TELC-03-0035834,subtle
CSE-TELC-03,FAST_CRITICAL_CLOSURE,EG-01,alert:ALT-CSE-TELC-03-0036231,subtle
CSE-TELC-03,FAST_CRITICAL_CLOSURE,EG-01,alert:ALT-CSE-TELC-03-0036233,subtle
CSE-TELC-03,TEMPLATE_INVESTIGATION,EG-04,case:CAS-CSE-TELC-03-0035844,subtle
CSE-TELC-03,TEMPLATE_INVESTIGATION,EG-04,case:CAS-CSE-TELC-03-0035854,subtle
CSE-TELC-03,FAST_CRITICAL_CLOSURE,EG-01,alert:ALT-CSE-TELC-03-0036249,subtle
CSE-TELC-03,FAST_CRITICAL_CLOSURE,EG-01,alert:ALT-CSE-TELC-03-0036252,subtle
CSE-TELC-03,TEMPLATE_INVESTIGATION,EG-04,case:CAS-CSE-TELC-03-0035864,subtle
CSE-TELC-03,FAST_CRITICAL_CLOSURE,EG-01,alert:ALT-CSE-TELC-03-0036256,subtle
CSE-TELC-03,FAST_CRITICAL_CLOSURE,EG-01,alert:ALT-CSE-TELC-03-0036260,subtle
CSE-TELC-03,TEMPLATE_INVESTIGATION,EG-04,case:CAS-CSE-TELC-03-0035874,subtle
CSE-TELC-03,TEMPLATE_INVESTIGATION,EG-04,case:CAS-CSE-TELC-03-0035884,subtle
CSE-TELC-03,TEMPLATE_INVESTIGATION,EG-04,case:CAS-CSE-TELC-03-0035894,subtle
CSE-TELC-03,TEMPLATE_INVESTIGATION,EG-04,case:CAS-CSE-TELC-03-0035904,subtle
CSE-TELC-03,FAST_CRITICAL_CLOSURE,EG-01,alert:ALT-CSE-TELC-03-0036297,subtle
CSE-TELC-03,FAST_CRITICAL_CLOSURE,EG-01,alert:ALT-CSE-TELC-03-0036298,subtle
CSE-TELC-03,FAST_CRITICAL_CLOSURE,EG-01,alert:ALT-CSE-TELC-03-0036301,subtle
CSE-TELC-03,TEMPLATE_INVESTIGATION,EG-04,case:CAS-CSE-TELC-03-0035914,subtle
CSE-TELC-03,FAST_CRITICAL_CLOSURE,EG-01,alert:ALT-CSE-TELC-03-0036308,subtle
CSE-TELC-03,FAST_CRITICAL_CLOSURE,EG-01,alert:ALT-CSE-TELC-03-0036312,subtle
CSE-TELC-03,TEMPLATE_INVESTIGATION,EG-04,case:CAS-CSE-TELC-03-0035924,subtle
CSE-TELC-03,FAST_CRITICAL_CLOSURE,EG-01,alert:ALT-CSE-TELC-03-0036316,subtle
CSE-TELC-03,FAST_CRITICAL_CLOSURE,EG-01,alert:ALT-CSE-TELC-03-0036322,subtle
CSE-TELC-03,TEMPLATE_INVESTIGATION,EG-04,case:CAS-CSE-TELC-03-0035934,subtle
CSE-TELC-03,FAST_CRITICAL_CLOSURE,EG-01,alert:ALT-CSE-TELC-03-0036325,subtle
CSE-TELC-03,FAST_CRITICAL_CLOSURE,EG-01,alert:ALT-CSE-TELC-03-0036326,subtle
CSE-TELC-03,TEMPLATE_INVESTIGATION,EG-04,case:CAS-CSE-TELC-03-0035944,subtle
CSE-TELC-03,FAST_CRITICAL_CLOSURE,EG-01,alert:ALT-CSE-TELC-03-0036341,subtle
CSE-TELC-03,TEMPLATE_INVESTIGATION,EG-04,case:CAS-CSE-TELC-03-0035954,subtle
CSE-TELC-03,FAST_CRITICAL_CLOSURE,EG-01,alert:ALT-CSE-TELC-03-0036349,subtle
CSE-TELC-03,TEMPLATE_INVESTIGATION,EG-04,case:CAS-CSE-TELC-03-0035974,subtle
CSE-TELC-03,TEMPLATE_INVESTIGATION,EG-04,case:CAS-CSE-TELC-03-0035984,subtle
CSE-TELC-03,FAST_CRITICAL_CLOSURE,EG-01,alert:ALT-CSE-TELC-03-0036375,subtle
CSE-TELC-03,TEMPLATE_INVESTIGATION,EG-04,case:CAS-CSE-TELC-03-0035994,subtle
CSE-TELC-03,FAST_CRITICAL_CLOSURE,EG-01,alert:ALT-CSE-TELC-03-0036386,subtle
CSE-TELC-03,FAST_CRITICAL_CLOSURE,EG-01,alert:ALT-CSE-TELC-03-0036394,subtle
CSE-TELC-03,FAST_CRITICAL_CLOSURE,EG-01,alert:ALT-CSE-TELC-03-0036395,subtle
CSE-TELC-03,FAST_CRITICAL_CLOSURE,EG-01,alert:ALT-CSE-TELC-03-0036399,subtle
CSE-TELC-03,TEMPLATE_INVESTIGATION,EG-04,case:CAS-CSE-TELC-03-0036014,subtle
CSE-TELC-03,FAST_CRITICAL_CLOSURE,EG-01,alert:ALT-CSE-TELC-03-0036413,subtle
CSE-TELC-03,TEMPLATE_INVESTIGATION,EG-04,case:CAS-CSE-TELC-03-0036024,subtle
CSE-TELC-03,FAST_CRITICAL_CLOSURE,EG-01,alert:ALT-CSE-TELC-03-0036421,subtle
CSE-TELC-03,TEMPLATE_INVESTIGATION,EG-04,case:CAS-CSE-TELC-03-0036034,subtle
CSE-TELC-03,FAST_CRITICAL_CLOSURE,EG-01,alert:ALT-CSE-TELC-03-0036426,subtle
CSE-TELC-03,TEMPLATE_INVESTIGATION,EG-04,case:CAS-CSE-TELC-03-0036044,subtle
CSE-TELC-03,FAST_CRITICAL_CLOSURE,EG-01,alert:ALT-CSE-TELC-03-0036441,subtle
CSE-TELC-03,TEMPLATE_INVESTIGATION,EG-04,case:CAS-CSE-TELC-03-0036054,subtle
CSE-TELC-03,FAST_CRITICAL_CLOSURE,EG-01,alert:ALT-CSE-TELC-03-0036444,subtle
CSE-TELC-03,FAST_CRITICAL_CLOSURE,EG-01,alert:ALT-CSE-TELC-03-0036446,subtle
CSE-TELC-03,FAST_CRITICAL_CLOSURE,EG-01,alert:ALT-CSE-TELC-03-0036452,subtle
CSE-TELC-03,TEMPLATE_INVESTIGATION,EG-04,case:CAS-CSE-TELC-03-0036064,subtle
CSE-TELC-03,FAST_CRITICAL_CLOSURE,EG-01,alert:ALT-CSE-TELC-03-0036454,subtle
CSE-TELC-03,FAST_CRITICAL_CLOSURE,EG-01,alert:ALT-CSE-TELC-03-0036455,subtle
CSE-TELC-03,FAST_CRITICAL_CLOSURE,EG-01,alert:ALT-CSE-TELC-03-0036456,subtle
CSE-TELC-03,FAST_CRITICAL_CLOSURE,EG-01,alert:ALT-CSE-TELC-03-0036462,subtle
CSE-TELC-03,TEMPLATE_INVESTIGATION,EG-04,case:CAS-CSE-TELC-03-0036074,subtle
CSE-TELC-03,TEMPLATE_INVESTIGATION,EG-04,case:CAS-CSE-TELC-03-0036084,subtle
CSE-TELC-03,TEMPLATE_INVESTIGATION,EG-04,case:CAS-CSE-TELC-03-0036094,subtle
CSE-TELC-03,FAST_CRITICAL_CLOSURE,EG-01,alert:ALT-CSE-TELC-03-0036484,subtle
CSE-TELC-03,FAST_CRITICAL_CLOSURE,EG-01,alert:ALT-CSE-TELC-03-0036485,subtle
CSE-TELC-03,FAST_CRITICAL_CLOSURE,EG-01,alert:ALT-CSE-TELC-03-0036487,subtle
CSE-TELC-03,FAST_CRITICAL_CLOSURE,EG-01,alert:ALT-CSE-TELC-03-0036493,subtle
CSE-TELC-03,TEMPLATE_INVESTIGATION,EG-04,case:CAS-CSE-TELC-03-0036104,subtle
CSE-TELC-03,FAST_CRITICAL_CLOSURE,EG-01,alert:ALT-CSE-TELC-03-0036496,subtle
CSE-TELC-03,FAST_CRITICAL_CLOSURE,EG-01,alert:ALT-CSE-TELC-03-0036497,subtle
CSE-TELC-03,FAST_CRITICAL_CLOSURE,EG-01,alert:ALT-CSE-TELC-03-0036501,subtle
CSE-TELC-03,FAST_CRITICAL_CLOSURE,EG-01,alert:ALT-CSE-TELC-03-0036503,subtle
CSE-TELC-03,TEMPLATE_INVESTIGATION,EG-04,case:CAS-CSE-TELC-03-0036114,subtle
CSE-TELC-03,TEMPLATE_INVESTIGATION,EG-04,case:CAS-CSE-TELC-03-0036124,subtle
CSE-TELC-03,FAST_CRITICAL_CLOSURE,EG-01,alert:ALT-CSE-TELC-03-0036515,subtle
CSE-TELC-03,TEMPLATE_INVESTIGATION,EG-04,case:CAS-CSE-TELC-03-0036134,subtle
CSE-TELC-03,FAST_CRITICAL_CLOSURE,EG-01,alert:ALT-CSE-TELC-03-0036531,subtle
CSE-TELC-03,TEMPLATE_INVESTIGATION,EG-04,case:CAS-CSE-TELC-03-0036144,subtle
CSE-TELC-03,FAST_CRITICAL_CLOSURE,EG-01,alert:ALT-CSE-TELC-03-0036536,subtle
CSE-TELC-03,FAST_CRITICAL_CLOSURE,EG-01,alert:ALT-CSE-TELC-03-0036544,subtle
CSE-TELC-03,TEMPLATE_INVESTIGATION,EG-04,case:CAS-CSE-TELC-03-0036164,subtle
CSE-TELC-03,FAST_CRITICAL_CLOSURE,EG-01,alert:ALT-CSE-TELC-03-0036558,subtle
CSE-TELC-03,TEMPLATE_INVESTIGATION,EG-04,case:CAS-CSE-TELC-03-0036174,subtle
CSE-TELC-03,FAST_CRITICAL_CLOSURE,EG-01,alert:ALT-CSE-TELC-03-0036564,subtle
CSE-TELC-03,FAST_CRITICAL_CLOSURE,EG-01,alert:ALT-CSE-TELC-03-0036568,subtle
CSE-TELC-03,TEMPLATE_INVESTIGATION,EG-04,case:CAS-CSE-TELC-03-0036184,subtle
CSE-TELC-03,TEMPLATE_INVESTIGATION,EG-04,case:CAS-CSE-TELC-03-0036194,subtle
CSE-TELC-03,TEMPLATE_INVESTIGATION,EG-04,case:CAS-CSE-TELC-03-0036204,subtle
CSE-TELC-03,TEMPLATE_INVESTIGATION,EG-04,case:CAS-CSE-TELC-03-0036214,subtle
CSE-TELC-03,FAST_CRITICAL_CLOSURE,EG-01,alert:ALT-CSE-TELC-03-0036604,subtle
CSE-TELC-03,TEMPLATE_INVESTIGATION,EG-04,case:CAS-CSE-TELC-03-0036224,subtle
CSE-TELC-03,FAST_CRITICAL_CLOSURE,EG-01,alert:ALT-CSE-TELC-03-0036616,subtle
CSE-TELC-03,FAST_CRITICAL_CLOSURE,EG-01,alert:ALT-CSE-TELC-03-0036620,subtle
CSE-TELC-03,TEMPLATE_INVESTIGATION,EG-04,case:CAS-CSE-TELC-03-0036234,subtle
CSE-TELC-03,FAST_CRITICAL_CLOSURE,EG-01,alert:ALT-CSE-TELC-03-0036624,subtle
CSE-TELC-03,FAST_CRITICAL_CLOSURE,EG-01,alert:ALT-CSE-TELC-03-0036631,subtle
CSE-TELC-03,TEMPLATE_INVESTIGATION,EG-04,case:CAS-CSE-TELC-03-0036244,subtle
CSE-TELC-03,FAST_CRITICAL_CLOSURE,EG-01,alert:ALT-CSE-TELC-03-0036640,subtle
CSE-TELC-03,FAST_CRITICAL_CLOSURE,EG-01,alert:ALT-CSE-TELC-03-0036641,subtle
CSE-TELC-03,TEMPLATE_INVESTIGATION,EG-04,case:CAS-CSE-TELC-03-0036254,subtle
CSE-TELC-03,FAST_CRITICAL_CLOSURE,EG-01,alert:ALT-CSE-TELC-03-0036646,subtle
CSE-TELC-03,TEMPLATE_INVESTIGATION,EG-04,case:CAS-CSE-TELC-03-0036264,subtle
CSE-TELC-03,FAST_CRITICAL_CLOSURE,EG-01,alert:ALT-CSE-TELC-03-0036655,subtle
CSE-TELC-03,TEMPLATE_INVESTIGATION,EG-04,case:CAS-CSE-TELC-03-0036274,subtle
CSE-TELC-03,FAST_CRITICAL_CLOSURE,EG-01,alert:ALT-CSE-TELC-03-0036665,subtle
CSE-TELC-03,FAST_CRITICAL_CLOSURE,EG-01,alert:ALT-CSE-TELC-03-0036673,subtle
CSE-TELC-03,TEMPLATE_INVESTIGATION,EG-04,case:CAS-CSE-TELC-03-0036284,subtle
CSE-TELC-03,FAST_CRITICAL_CLOSURE,EG-01,alert:ALT-CSE-TELC-03-0036683,subtle
CSE-TELC-03,TEMPLATE_INVESTIGATION,EG-04,case:CAS-CSE-TELC-03-0036294,subtle
CSE-TELC-03,FAST_CRITICAL_CLOSURE,EG-01,alert:ALT-CSE-TELC-03-0036691,subtle
CSE-TELC-03,TEMPLATE_INVESTIGATION,EG-04,case:CAS-CSE-TELC-03-0036304,subtle
CSE-TELC-03,FAST_CRITICAL_CLOSURE,EG-01,alert:ALT-CSE-TELC-03-0036698,subtle
CSE-TELC-03,FAST_CRITICAL_CLOSURE,EG-01,alert:ALT-CSE-TELC-03-0036700,subtle
CSE-TELC-03,TEMPLATE_INVESTIGATION,EG-04,case:CAS-CSE-TELC-03-0036314,subtle
CSE-TELC-03,FAST_CRITICAL_CLOSURE,EG-01,alert:ALT-CSE-TELC-03-0036705,subtle
CSE-TELC-03,FAST_CRITICAL_CLOSURE,EG-01,alert:ALT-CSE-TELC-03-0036712,subtle
CSE-TELC-03,TEMPLATE_INVESTIGATION,EG-04,case:CAS-CSE-TELC-03-0036324,subtle
CSE-TELC-03,FAST_CRITICAL_CLOSURE,EG-01,alert:ALT-CSE-TELC-03-0036715,subtle
CSE-TELC-03,FAST_CRITICAL_CLOSURE,EG-01,alert:ALT-CSE-TELC-03-0036719,subtle
CSE-TELC-03,FAST_CRITICAL_CLOSURE,EG-01,alert:ALT-CSE-TELC-03-0036722,subtle
CSE-TELC-03,TEMPLATE_INVESTIGATION,EG-04,case:CAS-CSE-TELC-03-0036334,subtle
CSE-TELC-03,FAST_CRITICAL_CLOSURE,EG-01,alert:ALT-CSE-TELC-03-0036724,subtle
CSE-TELC-03,FAST_CRITICAL_CLOSURE,EG-01,alert:ALT-CSE-TELC-03-0036730,subtle
CSE-TELC-03,FAST_CRITICAL_CLOSURE,EG-01,alert:ALT-CSE-TELC-03-0036735,subtle
CSE-TELC-03,FAST_CRITICAL_CLOSURE,EG-01,alert:ALT-CSE-TELC-03-0036743,subtle
CSE-TELC-03,TEMPLATE_INVESTIGATION,EG-04,case:CAS-CSE-TELC-03-0036354,subtle
CSE-TELC-03,FAST_CRITICAL_CLOSURE,EG-01,alert:ALT-CSE-TELC-03-0036747,subtle
CSE-TELC-03,FAST_CRITICAL_CLOSURE,EG-01,alert:ALT-CSE-TELC-03-0036753,subtle
CSE-TELC-03,TEMPLATE_INVESTIGATION,EG-04,case:CAS-CSE-TELC-03-0036364,subtle
CSE-TELC-03,FAST_CRITICAL_CLOSURE,EG-01,alert:ALT-CSE-TELC-03-0036755,subtle
CSE-TELC-03,FAST_CRITICAL_CLOSURE,EG-01,alert:ALT-CSE-TELC-03-0036760,subtle
CSE-TELC-03,FAST_CRITICAL_CLOSURE,EG-01,alert:ALT-CSE-TELC-03-0036765,subtle
CSE-TELC-03,FAST_CRITICAL_CLOSURE,EG-01,alert:ALT-CSE-TELC-03-0036770,subtle
CSE-TELC-03,TEMPLATE_INVESTIGATION,EG-04,case:CAS-CSE-TELC-03-0036384,subtle
CSE-TELC-03,FAST_CRITICAL_CLOSURE,EG-01,alert:ALT-CSE-TELC-03-0036781,subtle
CSE-TELC-03,FAST_CRITICAL_CLOSURE,EG-01,alert:ALT-CSE-TELC-03-0036782,subtle
CSE-TELC-03,FAST_CRITICAL_CLOSURE,EG-01,alert:ALT-CSE-TELC-03-0036785,subtle
CSE-TELC-03,FAST_CRITICAL_CLOSURE,EG-01,alert:ALT-CSE-TELC-03-0036786,subtle
CSE-TELC-03,TEMPLATE_INVESTIGATION,EG-04,case:CAS-CSE-TELC-03-0036404,subtle
CSE-TELC-03,FAST_CRITICAL_CLOSURE,EG-01,alert:ALT-CSE-TELC-03-0036796,subtle
CSE-TELC-03,FAST_CRITICAL_CLOSURE,EG-01,alert:ALT-CSE-TELC-03-0036802,subtle
CSE-TELC-03,TEMPLATE_INVESTIGATION,EG-04,case:CAS-CSE-TELC-03-0036414,subtle
CSE-TELC-03,FAST_CRITICAL_CLOSURE,EG-01,alert:ALT-CSE-TELC-03-0036811,subtle
CSE-TELC-03,TEMPLATE_INVESTIGATION,EG-04,case:CAS-CSE-TELC-03-0036424,subtle
CSE-TELC-03,FAST_CRITICAL_CLOSURE,EG-01,alert:ALT-CSE-TELC-03-0036818,subtle
CSE-TELC-03,FAST_CRITICAL_CLOSURE,EG-01,alert:ALT-CSE-TELC-03-0036821,subtle
CSE-TELC-03,TEMPLATE_INVESTIGATION,EG-04,case:CAS-CSE-TELC-03-0036434,subtle
CSE-TELC-03,FAST_CRITICAL_CLOSURE,EG-01,alert:ALT-CSE-TELC-03-0036825,subtle
CSE-TELC-03,FAST_CRITICAL_CLOSURE,EG-01,alert:ALT-CSE-TELC-03-0036832,subtle
CSE-TELC-03,TEMPLATE_INVESTIGATION,EG-04,case:CAS-CSE-TELC-03-0036444,subtle
CSE-TELC-03,FAST_CRITICAL_CLOSURE,EG-01,alert:ALT-CSE-TELC-03-0036837,subtle
CSE-TELC-03,FAST_CRITICAL_CLOSURE,EG-01,alert:ALT-CSE-TELC-03-0036843,subtle
CSE-TELC-03,FAST_CRITICAL_CLOSURE,EG-01,alert:ALT-CSE-TELC-03-0036855,subtle
CSE-TELC-03,FAST_CRITICAL_CLOSURE,EG-01,alert:ALT-CSE-TELC-03-0036857,subtle
CSE-TELC-03,TEMPLATE_INVESTIGATION,EG-04,case:CAS-CSE-TELC-03-0036474,subtle
CSE-TELC-03,FAST_CRITICAL_CLOSURE,EG-01,alert:ALT-CSE-TELC-03-0036874,subtle
CSE-TELC-03,FAST_CRITICAL_CLOSURE,EG-01,alert:ALT-CSE-TELC-03-0036876,subtle
CSE-TELC-03,TEMPLATE_INVESTIGATION,EG-04,case:CAS-CSE-TELC-03-0036494,subtle
CSE-TELC-03,FAST_CRITICAL_CLOSURE,EG-01,alert:ALT-CSE-TELC-03-0036890,subtle
CSE-TELC-03,TEMPLATE_INVESTIGATION,EG-04,case:CAS-CSE-TELC-03-0036504,subtle
CSE-TELC-03,FAST_CRITICAL_CLOSURE,EG-01,alert:ALT-CSE-TELC-03-0036895,subtle
CSE-TELC-03,FAST_CRITICAL_CLOSURE,EG-01,alert:ALT-CSE-TELC-03-0036903,subtle
CSE-TELC-03,TEMPLATE_INVESTIGATION,EG-04,case:CAS-CSE-TELC-03-0036514,subtle
CSE-TELC-03,FAST_CRITICAL_CLOSURE,EG-01,alert:ALT-CSE-TELC-03-0036912,subtle
CSE-TELC-03,TEMPLATE_INVESTIGATION,EG-04,case:CAS-CSE-TELC-03-0036524,subtle
CSE-TELC-03,FAST_CRITICAL_CLOSURE,EG-01,alert:ALT-CSE-TELC-03-0036915,subtle
CSE-TELC-03,FAST_CRITICAL_CLOSURE,EG-01,alert:ALT-CSE-TELC-03-0036919,subtle
CSE-TELC-03,FAST_CRITICAL_CLOSURE,EG-01,alert:ALT-CSE-TELC-03-0036920,subtle
CSE-TELC-03,TEMPLATE_INVESTIGATION,EG-04,case:CAS-CSE-TELC-03-0036534,subtle
CSE-TELC-03,FAST_CRITICAL_CLOSURE,EG-01,alert:ALT-CSE-TELC-03-0036926,subtle
CSE-TELC-03,FAST_CRITICAL_CLOSURE,EG-01,alert:ALT-CSE-TELC-03-0036933,subtle
CSE-TELC-03,TEMPLATE_INVESTIGATION,EG-04,case:CAS-CSE-TELC-03-0036544,subtle
CSE-TELC-03,FAST_CRITICAL_CLOSURE,EG-01,alert:ALT-CSE-TELC-03-0036942,subtle
CSE-TELC-03,TEMPLATE_INVESTIGATION,EG-04,case:CAS-CSE-TELC-03-0036554,subtle
CSE-TELC-03,FAST_CRITICAL_CLOSURE,EG-01,alert:ALT-CSE-TELC-03-0036947,subtle
CSE-TELC-03,TEMPLATE_INVESTIGATION,EG-04,case:CAS-CSE-TELC-03-0036564,subtle
CSE-TELC-03,TEMPLATE_INVESTIGATION,EG-04,case:CAS-CSE-TELC-03-0036574,subtle
CSE-TELC-03,TEMPLATE_INVESTIGATION,EG-04,case:CAS-CSE-TELC-03-0036584,subtle
CSE-TELC-03,FAST_CRITICAL_CLOSURE,EG-01,alert:ALT-CSE-TELC-03-0036979,subtle
CSE-TELC-03,TEMPLATE_INVESTIGATION,EG-04,case:CAS-CSE-TELC-03-0036594,subtle
CSE-TELC-03,FAST_CRITICAL_CLOSURE,EG-01,alert:ALT-CSE-TELC-03-0036986,subtle
CSE-TELC-03,FAST_CRITICAL_CLOSURE,EG-01,alert:ALT-CSE-TELC-03-0036988,subtle
CSE-TELC-03,FAST_CRITICAL_CLOSURE,EG-01,alert:ALT-CSE-TELC-03-0036992,subtle
CSE-TELC-03,TEMPLATE_INVESTIGATION,EG-04,case:CAS-CSE-TELC-03-0036604,subtle
CSE-TELC-03,FAST_CRITICAL_CLOSURE,EG-01,alert:ALT-CSE-TELC-03-0036998,subtle
CSE-TELC-03,FAST_CRITICAL_CLOSURE,EG-01,alert:ALT-CSE-TELC-03-0037001,subtle
CSE-TELC-03,TEMPLATE_INVESTIGATION,EG-04,case:CAS-CSE-TELC-03-0036614,subtle
CSE-TELC-03,FAST_CRITICAL_CLOSURE,EG-01,alert:ALT-CSE-TELC-03-0037010,subtle
CSE-TELC-03,TEMPLATE_INVESTIGATION,EG-04,case:CAS-CSE-TELC-03-0036624,subtle
CSE-TELC-03,FAST_CRITICAL_CLOSURE,EG-01,alert:ALT-CSE-TELC-03-0037015,subtle
CSE-TELC-03,FAST_CRITICAL_CLOSURE,EG-01,alert:ALT-CSE-TELC-03-0037017,subtle
CSE-TELC-03,FAST_CRITICAL_CLOSURE,EG-01,alert:ALT-CSE-TELC-03-0037019,subtle
CSE-TELC-03,TEMPLATE_INVESTIGATION,EG-04,case:CAS-CSE-TELC-03-0036634,subtle
CSE-TELC-03,FAST_CRITICAL_CLOSURE,EG-01,alert:ALT-CSE-TELC-03-0037027,subtle
CSE-TELC-03,TEMPLATE_INVESTIGATION,EG-04,case:CAS-CSE-TELC-03-0036644,subtle
